{
    "com.microsoft.applicationinsights.TelemetryClient": 3,
    "com.microsoft.applicationinsights.telemetry.Duration": 4,
    "com.microsoft.applicationinsights.telemetry.ExceptionTelemetry": 4,
    "com.microsoft.applicationinsights.telemetry.RequestTelemetry": 4,
    "com.mongodb.MongoClient": 0,
    "com.mongodb.ServerAddress": 0,
    "org.springframework.boot.SpringApplication": 0,
    "org.springframework.boot.loader.ExecutableArchiveLauncher": 1,
    "org.springframework.boot.loader.ExecutableArchiveLauncher$1": 0,
    "org.springframework.boot.loader.ExecutableArchiveLauncher$1.<init>": 3,
    "org.springframework.boot.loader.ExecutableArchiveLauncher$1.matches": 0,
    "org.springframework.boot.loader.ExecutableArchiveLauncher.<init>": 3,
    "org.springframework.boot.loader.ExecutableArchiveLauncher.addDefaultClassloaderUrl": 1,
    "org.springframework.boot.loader.ExecutableArchiveLauncher.createClassLoader": 1,
    "org.springframework.boot.loader.ExecutableArchiveLauncher.getArchive": 3,
    "org.springframework.boot.loader.ExecutableArchiveLauncher.getClassPathArchives": 0,
    "org.springframework.boot.loader.ExecutableArchiveLauncher.getDefaultClassLoader": 1,
    "org.springframework.boot.loader.ExecutableArchiveLauncher.getMainClass": 0,
    "org.springframework.boot.loader.InputArgumentsJavaAgentDetector": 3,
    "org.springframework.boot.loader.InputArgumentsJavaAgentDetector$1": 3,
    "org.springframework.boot.loader.InputArgumentsJavaAgentDetector.<init>": 3,
    "org.springframework.boot.loader.InputArgumentsJavaAgentDetector.getInputArguments": 3,
    "org.springframework.boot.loader.InputArgumentsJavaAgentDetector.getJavaAgentJarPath": 3,
    "org.springframework.boot.loader.InputArgumentsJavaAgentDetector.getJavaAgentJars": 3,
    "org.springframework.boot.loader.InputArgumentsJavaAgentDetector.isJavaAgentJar": 1,
    "org.springframework.boot.loader.JarLauncher": 3,
    "org.springframework.boot.loader.JarLauncher.<clinit>": 0,
    "org.springframework.boot.loader.JarLauncher.<init>": 1,
    "org.springframework.boot.loader.JarLauncher.isNestedArchive": 3,
    "org.springframework.boot.loader.JarLauncher.main": 3,
    "org.springframework.boot.loader.JarLauncher.postProcessClassPathArchives": 1,
    "org.springframework.boot.loader.LaunchedURLClassLoader": 1,
    "org.springframework.boot.loader.LaunchedURLClassLoader$Java7LockProvider": 0,
    "org.springframework.boot.loader.LaunchedURLClassLoader$Java7LockProvider.<init>": 0,
    "org.springframework.boot.loader.LaunchedURLClassLoader$LockProvider": 0,
    "org.springframework.boot.loader.LaunchedURLClassLoader$LockProvider.<init>": 0,
    "org.springframework.boot.loader.LaunchedURLClassLoader.<clinit>": 1,
    "org.springframework.boot.loader.LaunchedURLClassLoader.<init>": 1,
    "org.springframework.boot.loader.LaunchedURLClassLoader.findRootClassLoader": 1,
    "org.springframework.boot.loader.LaunchedURLClassLoader.setupLockProvider": 0,
    "org.springframework.boot.loader.Launcher": 3,
    "org.springframework.boot.loader.Launcher.createArchive": 0,
    "org.springframework.boot.loader.Launcher.createClassLoader": 1,
    "org.springframework.boot.loader.Launcher.createMainMethodRunner": 3,
    "org.springframework.boot.loader.Launcher.launch": 3,
    "org.springframework.boot.loader.archive.Archive": 0,
    "org.springframework.boot.loader.archive.Archive.getMainClass": 0,
    "org.springframework.boot.loader.archive.ExplodedArchive": 0,
    "org.springframework.boot.loader.archive.ExplodedArchive$FileEntry": 2,
    "org.springframework.boot.loader.archive.ExplodedArchive$FileEntry.<init>": 3,
    "org.springframework.boot.loader.archive.ExplodedArchive$FileEntry.getName": 0,
    "org.springframework.boot.loader.archive.ExplodedArchive.<clinit>": 0,
    "org.springframework.boot.loader.archive.ExplodedArchive.<init>": 0,
    "org.springframework.boot.loader.archive.ExplodedArchive.buildEntries": 0,
    "org.springframework.boot.loader.archive.ExplodedArchive.getEntries": 0,
    "org.springframework.boot.loader.archive.ExplodedArchive.getManifest": 0,
    "org.springframework.boot.loader.archive.ExplodedArchive.getNestedArchive": 0,
    "org.springframework.boot.loader.archive.ExplodedArchive.getNestedArchives": 0,
    "org.springframework.boot.loader.archive.JarFileArchive": 0,
    "org.springframework.boot.loader.archive.JarFileArchive$JarFileEntry": 0,
    "org.springframework.boot.loader.archive.JarFileArchive.<clinit>": 0,
    "org.springframework.boot.loader.archive.JarFileArchive.<init>": 0,
    "org.springframework.boot.loader.archive.JarFileArchive.getEntries": 3,
    "org.springframework.boot.loader.archive.JarFileArchive.getManifest": 0,
    "org.springframework.boot.loader.archive.JarFileArchive.getNestedArchive": 3,
    "org.springframework.boot.loader.archive.JarFileArchive.getNestedArchives": 3,
    "org.springframework.boot.loader.archive.JarFileArchive.getTempUnpackFolder": 3,
    "org.springframework.boot.loader.archive.JarFileArchive.getUnpackedNestedArchive": 0,
    "org.springframework.boot.loader.data.RandomAccessDataFile": 0,
    "org.springframework.boot.loader.data.RandomAccessDataFile$DataInputStream": 0,
    "org.springframework.boot.loader.data.RandomAccessDataFile$DataInputStream.<init>": 1,
    "org.springframework.boot.loader.data.RandomAccessDataFile$FilePool": 0,
    "org.springframework.boot.loader.data.RandomAccessDataFile.<init>": 0,
    "org.springframework.boot.loader.data.RandomAccessDataFile.access$000": 3,
    "org.springframework.boot.loader.data.RandomAccessDataFile.access$100": 3,
    "org.springframework.boot.loader.data.RandomAccessDataFile.getFile": 0,
    "org.springframework.boot.loader.data.RandomAccessDataFile.getInputStream": 0,
    "org.springframework.boot.loader.data.RandomAccessDataFile.getSize": 0,
    "org.springframework.boot.loader.data.RandomAccessDataFile.getSubsection": 0,
    "org.springframework.boot.loader.jar.Bytes": 0,
    "org.springframework.boot.loader.jar.Bytes.fill": 0,
    "org.springframework.boot.loader.jar.Bytes.get": 0,
    "org.springframework.boot.loader.jar.Bytes.littleEndianValue": 0,
    "org.springframework.boot.loader.jar.CentralDirectoryEndRecord": 0,
    "org.springframework.boot.loader.jar.CentralDirectoryEndRecord.<init>": 0,
    "org.springframework.boot.loader.jar.CentralDirectoryEndRecord.createBlockFromEndOfData": 0,
    "org.springframework.boot.loader.jar.CentralDirectoryEndRecord.getCentralDirectory": 0,
    "org.springframework.boot.loader.jar.CentralDirectoryEndRecord.getNumberOfRecords": 0,
    "org.springframework.boot.loader.jar.CentralDirectoryEndRecord.getStartOfArchive": 0,
    "org.springframework.boot.loader.jar.CentralDirectoryEndRecord.isValid": 0,
    "org.springframework.boot.loader.jar.JarEntryData": 0,
    "org.springframework.boot.loader.jar.JarEntryData.<clinit>": 0,
    "org.springframework.boot.loader.jar.JarEntryData.<init>": 0,
    "org.springframework.boot.loader.jar.JarEntryData.fromInputStream": 0,
    "org.springframework.boot.loader.jar.JarEntryData.getCompressedSize": 0,
    "org.springframework.boot.loader.jar.JarEntryData.getData": 0,
    "org.springframework.boot.loader.jar.JarEntryData.getInputStream": 0,
    "org.springframework.boot.loader.jar.JarEntryData.getMethod": 0,
    "org.springframework.boot.loader.jar.JarEntryData.getName": 0,
    "org.springframework.boot.loader.jar.JarEntryData.getSize": 0,
    "org.springframework.boot.loader.jar.JarFile": 0,
    "org.springframework.boot.loader.jar.JarFile$2": 0,
    "org.springframework.boot.loader.jar.JarFile$2.<init>": 1,
    "org.springframework.boot.loader.jar.JarFile$2.apply": 0,
    "org.springframework.boot.loader.jar.JarFile.<clinit>": 0,
    "org.springframework.boot.loader.jar.JarFile.<init>": 0,
    "org.springframework.boot.loader.jar.JarFile.createJarFileFromDirectoryEntry": 0,
    "org.springframework.boot.loader.jar.JarFile.createJarFileFromEntry": 0,
    "org.springframework.boot.loader.jar.JarFile.createJarFileFromFileEntry": 0,
    "org.springframework.boot.loader.jar.JarFile.filterEntries": 0,
    "org.springframework.boot.loader.jar.JarFile.getArchiveData": 0,
    "org.springframework.boot.loader.jar.JarFile.getData": 0,
    "org.springframework.boot.loader.jar.JarFile.getManifest": 3,
    "org.springframework.boot.loader.jar.JarFile.getNestedJarFile": 3,
    "org.springframework.boot.loader.jar.JarFile.iterator": 0,
    "org.springframework.boot.loader.jar.JarFile.loadJarEntries": 0,
    "org.springframework.boot.loader.jar.JarFile.processEntry": 0,
    "org.springframework.boot.loader.jar.JarFile.processMetaInfEntry": 0,
    "org.springframework.boot.loader.jar.ZipInflaterInputStream": 0,
    "org.springframework.boot.loader.jar.ZipInflaterInputStream.<init>": 0,
    "org.springframework.boot.loader.jar.ZipInflaterInputStream.getInflaterBufferSize": 0,
    "org.springframework.boot.loader.util.AsciiBytes": 0,
    "org.springframework.boot.loader.util.AsciiBytes.<init>": 0,
    "org.springframework.boot.loader.util.AsciiBytes.endsWith": 0,
    "org.springframework.boot.loader.util.AsciiBytes.equals": 0,
    "org.springframework.boot.loader.util.AsciiBytes.length": 3,
    "org.springframework.boot.loader.util.AsciiBytes.startsWith": 0,
    "org.springframework.data.mongodb.core.MongoTemplate": 0,
    "org.springframework.data.mongodb.core.query.Query": 3,
    "org.springframework.http.HttpHeaders": 3,
    "org.springframework.http.ResponseEntity": 3,
    "smpl.ordering.AppInsightsFilter": 1,
    "smpl.ordering.AppInsightsFilter.doFilter": 4,
    "smpl.ordering.BadRequestException": 3,
    "smpl.ordering.ConflictingRequestException": 3,
    "smpl.ordering.ConflictingRequestException.<init>": 3,
    "smpl.ordering.OrderingConfiguration": 4,
    "smpl.ordering.OrderingConfiguration.getApplicationContext": 3,
    "smpl.ordering.OrderingConfiguration.getTelemetryClient": 3,
    "smpl.ordering.OrderingConfiguration.main": 0,
    "smpl.ordering.OrderingConfiguration.mongoTemplate": 0,
    "smpl.ordering.OrderingConfiguration.repositoryFactory": 3,
    "smpl.ordering.OrderingInitializer": 3,
    "smpl.ordering.OrderingInitializer.getApplicationPath": 3,
    "smpl.ordering.PropertyHelper": 4,
    "smpl.ordering.PropertyHelper.<clinit>": 4,
    "smpl.ordering.PropertyHelper.getPropValues": 4,
    "smpl.ordering.Utility": 3,
    "smpl.ordering.Utility.getTelemetryClient": 4,
    "smpl.ordering.Utility.isNullOrEmpty": 1,
    "smpl.ordering.Utility.validateStringField": 3,
    "smpl.ordering.controllers.CatalogController": 4,
    "smpl.ordering.controllers.CatalogController.addCatalogItem": 3,
    "smpl.ordering.controllers.CatalogController.getCatalogItem": 3,
    "smpl.ordering.controllers.CatalogController.getCatalogItems": 3,
    "smpl.ordering.controllers.CatalogController.getRepository": 3,
    "smpl.ordering.controllers.CatalogController.removeCatalogItem": 3,
    "smpl.ordering.controllers.CatalogController.upsertCatalogItem": 3,
    "smpl.ordering.controllers.DealerController": 3,
    "smpl.ordering.controllers.DealerController.addDealer": 3,
    "smpl.ordering.controllers.DealerController.getDealer": 3,
    "smpl.ordering.controllers.DealerController.getDealers": 3,
    "smpl.ordering.controllers.DealerController.getRepository": 3,
    "smpl.ordering.controllers.DealerController.removeDealer": 3,
    "smpl.ordering.controllers.DealerController.updateDealer": 3,
    "smpl.ordering.controllers.OrderController": 2,
    "smpl.ordering.controllers.OrderController.addEvent": 3,
    "smpl.ordering.controllers.OrderController.createOrder": 3,
    "smpl.ordering.controllers.OrderController.deleteOrder": 3,
    "smpl.ordering.controllers.OrderController.getOrderById": 3,
    "smpl.ordering.controllers.OrderController.getOrders": 3,
    "smpl.ordering.controllers.OrderController.getOrdersByDealerName": 3,
    "smpl.ordering.controllers.OrderController.getQuotes": 3,
    "smpl.ordering.controllers.OrderController.updateOrder": 3,
    "smpl.ordering.controllers.OrderController.updateStatus": 3,
    "smpl.ordering.controllers.PingController": 4,
    "smpl.ordering.controllers.PingController.getStatus": 4,
    "smpl.ordering.controllers.PingController.ping": 3,
    "smpl.ordering.controllers.QuoteController": 3,
    "smpl.ordering.controllers.QuoteController.createQuote": 3,
    "smpl.ordering.controllers.QuoteController.deleteQuote": 3,
    "smpl.ordering.controllers.QuoteController.getQuoteById": 3,
    "smpl.ordering.controllers.QuoteController.getQuotesByCustomerName": 3,
    "smpl.ordering.controllers.QuoteController.getRepository": 3,
    "smpl.ordering.controllers.QuoteController.updateQuote": 3,
    "smpl.ordering.controllers.ShipmentController": 3,
    "smpl.ordering.controllers.ShipmentController.addEvent": 3,
    "smpl.ordering.controllers.ShipmentController.createShipmentRecord": 3,
    "smpl.ordering.controllers.ShipmentController.deleteShipment": 3,
    "smpl.ordering.controllers.ShipmentController.getDeliveries": 3,
    "smpl.ordering.controllers.ShipmentController.getOrderRepository": 3,
    "smpl.ordering.controllers.ShipmentController.getQuoteRepository": 3,
    "smpl.ordering.controllers.ShipmentController.getShipment": 3,
    "smpl.ordering.controllers.ShipmentController.getShipmentRepository": 3,
    "smpl.ordering.controllers.ShipmentController.getShipments": 3,
    "smpl.ordering.controllers.ShipmentController.updateShipment": 3,
    "smpl.ordering.models.CatalogItem": 2,
    "smpl.ordering.models.CatalogItem.getDescription": 2,
    "smpl.ordering.models.CatalogItem.getInventory": 2,
    "smpl.ordering.models.CatalogItem.getLeadTime": 2,
    "smpl.ordering.models.CatalogItem.getPrice": 2,
    "smpl.ordering.models.CatalogItem.getSkuNumber": 2,
    "smpl.ordering.models.CatalogItem.validate": 4,
    "smpl.ordering.models.DealerInfo": 3,
    "smpl.ordering.models.DealerInfo.<init>": 3,
    "smpl.ordering.models.DealerInfo.getAddress": 1,
    "smpl.ordering.models.DealerInfo.getContact": 1,
    "smpl.ordering.models.DealerInfo.getEmail": 1,
    "smpl.ordering.models.DealerInfo.getName": 3,
    "smpl.ordering.models.DealerInfo.getPhone": 1,
    "smpl.ordering.models.DealerInfo.validate": 3,
    "smpl.ordering.models.Delivery": 3,
    "smpl.ordering.models.Order": 3,
    "smpl.ordering.models.Order.<init>": 3,
    "smpl.ordering.models.Order.getEvents": 3,
    "smpl.ordering.models.Order.getOrderDate": 3,
    "smpl.ordering.models.Order.getOrderId": 2,
    "smpl.ordering.models.Order.getQuoteId": 3,
    "smpl.ordering.models.Order.getStatus": 3,
    "smpl.ordering.models.Order.setOrderDate": 3,
    "smpl.ordering.models.Order.setOrderId": 3,
    "smpl.ordering.models.Order.setQuoteId": 3,
    "smpl.ordering.models.Order.setStatus": 3,
    "smpl.ordering.models.Order.validate": 2,
    "smpl.ordering.models.OrderEventInfo": 3,
    "smpl.ordering.models.OrderEventInfo.<init>": 0,
    "smpl.ordering.models.OrderUpdateInfo": 3,
    "smpl.ordering.models.OrderUpdateInfo.<init>": 3,
    "smpl.ordering.models.OrderUpdateInfo.getEventInfo": 2,
    "smpl.ordering.models.OrderUpdateInfo.getStatus": 3,
    "smpl.ordering.models.Quote": 1,
    "smpl.ordering.models.Quote.<init>": 1,
    "smpl.ordering.models.Quote.getCity": 1,
    "smpl.ordering.models.Quote.getCustomerName": 1,
    "smpl.ordering.models.Quote.getDealerName": 1,
    "smpl.ordering.models.Quote.getDiscount": 1,
    "smpl.ordering.models.Quote.getPostalCode": 1,
    "smpl.ordering.models.Quote.getQuoteId": 3,
    "smpl.ordering.models.Quote.getQuoteItems": 1,
    "smpl.ordering.models.Quote.getState": 1,
    "smpl.ordering.models.Quote.getTotalCost": 1,
    "smpl.ordering.models.Quote.getValidUntil": 1,
    "smpl.ordering.models.Quote.setQuoteId": 1,
    "smpl.ordering.models.Quote.validate": 3,
    "smpl.ordering.models.ShipmentEventInfo": 0,
    "smpl.ordering.models.ShipmentEventInfo.getComments": 4,
    "smpl.ordering.models.ShipmentEventInfo.getDate": 4,
    "smpl.ordering.models.ShipmentEventInfo.setDate": 0,
    "smpl.ordering.models.ShipmentEventInfo.validate": 3,
    "smpl.ordering.models.ShipmentRecord": 0,
    "smpl.ordering.models.ShipmentRecord.<init>": 0,
    "smpl.ordering.models.ShipmentRecord.getAlternateContactPhone": 3,
    "smpl.ordering.models.ShipmentRecord.getContactName": 3,
    "smpl.ordering.models.ShipmentRecord.getDeliveryAddress": 3,
    "smpl.ordering.models.ShipmentRecord.getEvents": 3,
    "smpl.ordering.models.ShipmentRecord.getOrderId": 3,
    "smpl.ordering.models.ShipmentRecord.getPrimaryContactPhone": 3,
    "smpl.ordering.models.ShipmentRecord.validate": 3,
    "smpl.ordering.repositories.RepositoryFactory": 3,
    "smpl.ordering.repositories.RepositoryFactory$Repositories": 3,
    "smpl.ordering.repositories.RepositoryFactory$Repositories.<init>": 3,
    "smpl.ordering.repositories.RepositoryFactory.<init>": 3,
    "smpl.ordering.repositories.RepositoryFactory.getCatalogItemsRepository": 4,
    "smpl.ordering.repositories.RepositoryFactory.getDealersRepository": 3,
    "smpl.ordering.repositories.RepositoryFactory.getFactory": 4,
    "smpl.ordering.repositories.RepositoryFactory.getOrderRepository": 2,
    "smpl.ordering.repositories.RepositoryFactory.getQuoteRepository": 3,
    "smpl.ordering.repositories.RepositoryFactory.getShipmentRepository": 3,
    "smpl.ordering.repositories.RepositoryFactory.init": 3,
    "smpl.ordering.repositories.mock.MockCatalogItemsRepository": 3,
    "smpl.ordering.repositories.mock.MockCatalogItemsRepository.<init>": 4,
    "smpl.ordering.repositories.mock.MockCatalogItemsRepository.compareSkuNumbers": 4,
    "smpl.ordering.repositories.mock.MockCatalogItemsRepository.getCatalogItem": 4,
    "smpl.ordering.repositories.mock.MockCatalogItemsRepository.getCatalogItems": 4,
    "smpl.ordering.repositories.mock.MockCatalogItemsRepository.removeCatalogItem": 4,
    "smpl.ordering.repositories.mock.MockCatalogItemsRepository.upsertCatalogItem": 4,
    "smpl.ordering.repositories.mock.MockDealersRepository": 3,
    "smpl.ordering.repositories.mock.MockDealersRepository.<init>": 3,
    "smpl.ordering.repositories.mock.MockDealersRepository.compareDealerNames": 3,
    "smpl.ordering.repositories.mock.MockDealersRepository.getDealer": 3,
    "smpl.ordering.repositories.mock.MockDealersRepository.getDealers": 3,
    "smpl.ordering.repositories.mock.MockDealersRepository.removeDealer": 3,
    "smpl.ordering.repositories.mock.MockDealersRepository.upsertDealer": 3,
    "smpl.ordering.repositories.mock.MockOrderRepository": 3,
    "smpl.ordering.repositories.mock.MockOrderRepository.<init>": 0,
    "smpl.ordering.repositories.mock.MockOrderRepository.createOrder": 2,
    "smpl.ordering.repositories.mock.MockOrderRepository.getOrder": 3,
    "smpl.ordering.repositories.mock.MockOrderRepository.getOrderByQuoteId": 0,
    "smpl.ordering.repositories.mock.MockOrderRepository.getOrdersByDealerName": 2,
    "smpl.ordering.repositories.mock.MockOrderRepository.getOrdersByStatus": 2,
    "smpl.ordering.repositories.mock.MockOrderRepository.hasOrder": 2,
    "smpl.ordering.repositories.mock.MockOrderRepository.removeOrder": 2,
    "smpl.ordering.repositories.mock.MockOrderRepository.updateOrder": 2,
    "smpl.ordering.repositories.mock.MockQuoteRepository": 3,
    "smpl.ordering.repositories.mock.MockQuoteRepository.<init>": 3,
    "smpl.ordering.repositories.mock.MockQuoteRepository.createQuote": 3,
    "smpl.ordering.repositories.mock.MockQuoteRepository.getQuote": 3,
    "smpl.ordering.repositories.mock.MockQuoteRepository.getQuotesByCustomerName": 3,
    "smpl.ordering.repositories.mock.MockQuoteRepository.removeQuote": 3,
    "smpl.ordering.repositories.mock.MockQuoteRepository.updateQuote": 3,
    "smpl.ordering.repositories.mock.MockShipmentRepository": 3,
    "smpl.ordering.repositories.mock.MockShipmentRepository.<init>": 4,
    "smpl.ordering.repositories.mock.MockShipmentRepository.addEvent": 3,
    "smpl.ordering.repositories.mock.MockShipmentRepository.createShipment": 3,
    "smpl.ordering.repositories.mock.MockShipmentRepository.getShipmentById": 3,
    "smpl.ordering.repositories.mock.MockShipmentRepository.getShipments": 3,
    "smpl.ordering.repositories.mock.MockShipmentRepository.removeShipment": 3,
    "smpl.ordering.repositories.mock.MockShipmentRepository.updateShipment": 3,
    "smpl.ordering.repositories.mongodb.MongoCatalogItemsRepository": 3,
    "smpl.ordering.repositories.mongodb.MongoCatalogItemsRepository.<init>": 3,
    "smpl.ordering.repositories.mongodb.MongoCatalogItemsRepository.findExistingCatalogItem": 3,
    "smpl.ordering.repositories.mongodb.MongoCatalogItemsRepository.getCatalogItem": 4,
    "smpl.ordering.repositories.mongodb.MongoCatalogItemsRepository.getCatalogItems": 4,
    "smpl.ordering.repositories.mongodb.MongoCatalogItemsRepository.removeCatalogItem": 4,
    "smpl.ordering.repositories.mongodb.MongoCatalogItemsRepository.upsertCatalogItem": 4,
    "smpl.ordering.repositories.mongodb.MongoDealersRepository": 3,
    "smpl.ordering.repositories.mongodb.MongoDealersRepository.<init>": 3,
    "smpl.ordering.repositories.mongodb.MongoDealersRepository.getDealer": 3,
    "smpl.ordering.repositories.mongodb.MongoDealersRepository.getDealers": 3,
    "smpl.ordering.repositories.mongodb.MongoDealersRepository.removeDealer": 3,
    "smpl.ordering.repositories.mongodb.MongoDealersRepository.upsertDealer": 3,
    "smpl.ordering.repositories.mongodb.MongoOperationsWithRetry": 3,
    "smpl.ordering.repositories.mongodb.MongoOrderRepository": 3,
    "smpl.ordering.repositories.mongodb.MongoOrderRepository.<init>": 3,
    "smpl.ordering.repositories.mongodb.MongoOrderRepository.createOrder": 2,
    "smpl.ordering.repositories.mongodb.MongoOrderRepository.findExistingOrder": 3,
    "smpl.ordering.repositories.mongodb.MongoOrderRepository.getOrder": 3,
    "smpl.ordering.repositories.mongodb.MongoOrderRepository.getOrderByQuoteId": 3,
    "smpl.ordering.repositories.mongodb.MongoOrderRepository.getOrdersByDealerName": 2,
    "smpl.ordering.repositories.mongodb.MongoOrderRepository.getOrdersByStatus": 2,
    "smpl.ordering.repositories.mongodb.MongoOrderRepository.hasOrder": 1,
    "smpl.ordering.repositories.mongodb.MongoOrderRepository.removeOrder": 2,
    "smpl.ordering.repositories.mongodb.MongoOrderRepository.saveOrder": 3,
    "smpl.ordering.repositories.mongodb.MongoOrderRepository.updateOrder": 2,
    "smpl.ordering.repositories.mongodb.MongoQuoteRepository": 3,
    "smpl.ordering.repositories.mongodb.MongoQuoteRepository.<init>": 3,
    "smpl.ordering.repositories.mongodb.MongoQuoteRepository.createQuote": 3,
    "smpl.ordering.repositories.mongodb.MongoQuoteRepository.findExistingQuote": 1,
    "smpl.ordering.repositories.mongodb.MongoQuoteRepository.getQuote": 3,
    "smpl.ordering.repositories.mongodb.MongoQuoteRepository.getQuoteIdsByDealerName": 3,
    "smpl.ordering.repositories.mongodb.MongoQuoteRepository.getQuotesByCustomerName": 3,
    "smpl.ordering.repositories.mongodb.MongoQuoteRepository.removeQuote": 3,
    "smpl.ordering.repositories.mongodb.MongoQuoteRepository.updateQuote": 3,
    "smpl.ordering.repositories.mongodb.MongoShipmentRepository": 3,
    "smpl.ordering.repositories.mongodb.MongoShipmentRepository.<init>": 3,
    "smpl.ordering.repositories.mongodb.MongoShipmentRepository.addEvent": 3,
    "smpl.ordering.repositories.mongodb.MongoShipmentRepository.createShipment": 3,
    "smpl.ordering.repositories.mongodb.MongoShipmentRepository.findExistingShipmentDetails": 3,
    "smpl.ordering.repositories.mongodb.MongoShipmentRepository.getShipmentById": 3,
    "smpl.ordering.repositories.mongodb.MongoShipmentRepository.getShipments": 3,
    "smpl.ordering.repositories.mongodb.MongoShipmentRepository.removeShipment": 3,
    "smpl.ordering.repositories.mongodb.MongoShipmentRepository.saveUpdates": 3,
    "smpl.ordering.repositories.mongodb.MongoShipmentRepository.updateShipment": 3,
    "smpl.ordering.repositories.mongodb.models.CatalogItem": 3,
    "smpl.ordering.repositories.mongodb.models.CatalogItem.<init>": 4,
    "smpl.ordering.repositories.mongodb.models.Dealer": 3,
    "smpl.ordering.repositories.mongodb.models.Dealer.<init>": 1,
    "smpl.ordering.repositories.mongodb.models.OrderDetails": 3,
    "smpl.ordering.repositories.mongodb.models.OrderDetails.<init>": 3,
    "smpl.ordering.repositories.mongodb.models.QuoteDetails": 1,
    "smpl.ordering.repositories.mongodb.models.QuoteDetails.<init>": 1,
    "smpl.ordering.repositories.mongodb.models.ShipmentDetails": 3,
    "smpl.ordering.repositories.mongodb.models.ShipmentDetails.<init>": 0
}