{"<init>(Ljava\/lang\/String;)V":{"1":"    invoke-direct {p0}, Ljava\/lang\/Object;-><init>()V","2":"    iput-object p1, p0, Lde\/ecspride\/NoDataLeak;->data:Ljava\/lang\/String;","3":"    return-void"},"logData()V":{"1":"    iget-object v0, p0, Lde\/ecspride\/NoDataLeak;->data:Ljava\/lang\/String;","2":"    const-string v1, \"LOG\"","3":"    invoke-static {v1, v0}, Landroid\/util\/Log;->i(Ljava\/lang\/String;Ljava\/lang\/String;)I","4":"    return-void"},"getData()Ljava\/lang\/String;":{"1":"    iget-object v0, p0, Lde\/ecspride\/NoDataLeak;->data:Ljava\/lang\/String;","2":"    return-object v0"}}