{"onClick(Landroid\/view\/View;)V":{"1":"    iget-object p1, p0, Lde\/ecspride\/VirtualDispatch1$1;->this$0:Lde\/ecspride\/VirtualDispatch1;","2":"    const-string v0, \"phone\"","3":"    invoke-virtual {p1, v0}, Lde\/ecspride\/VirtualDispatch1;->getSystemService(Ljava\/lang\/String;)Ljava\/lang\/Object;","4":"    move-result-object p1","5":"    check-cast p1, Landroid\/telephony\/TelephonyManager;","6":"    iget-object v0, p0, Lde\/ecspride\/VirtualDispatch1$1;->this$0:Lde\/ecspride\/VirtualDispatch1;","7":"    invoke-virtual {p1}, Landroid\/telephony\/TelephonyManager;->getDeviceId()Ljava\/lang\/String;","8":"    move-result-object p1","9":"    invoke-static {v0, p1}, Lde\/ecspride\/VirtualDispatch1;->access$002(Lde\/ecspride\/VirtualDispatch1;Ljava\/lang\/String;)Ljava\/lang\/String;","10":"    return-void"},"<init>(Lde\/ecspride\/VirtualDispatch1;)V":{"1":"    iput-object p1, p0, Lde\/ecspride\/VirtualDispatch1$1;->this$0:Lde\/ecspride\/VirtualDispatch1;","2":"    invoke-direct {p0}, Ljava\/lang\/Object;-><init>()V","3":"    return-void"}}