,method,stmtLineNumber,stmt
0,<de.ecspride.VirtualDispatch1: void onCreate(android.os.Bundle)>,-1,$r4 = virtualinvoke r3.<android.telephony.TelephonyManager: java.lang.String getDeviceId()>()
1,<de.ecspride.VirtualDispatch1: void onCreate(android.os.Bundle)>,-1,r0.<de.ecspride.VirtualDispatch1: java.lang.String imei> = $r4
2,<de.ecspride.VirtualDispatch1: void onCreate(android.os.Bundle)>,-1,return
3,<dummyMainClass: de.ecspride.VirtualDispatch1 dummyMainMethod_de_ecspride_VirtualDispatch1(android.content.Intent)>,-1,virtualinvoke $r0.<de.ecspride.VirtualDispatch1: void clickButton(android.view.View)>(null)
4,<de.ecspride.VirtualDispatch1: void clickButton(android.view.View)>,-1,$r3 = r0.<de.ecspride.VirtualDispatch1: java.lang.String imei>
5,<de.ecspride.VirtualDispatch1: void clickButton(android.view.View)>,-1,specialinvoke $r5.<de.ecspride.DataLeak: void <init>(java.lang.String)>($r3)
6,<de.ecspride.DataLeak: void <init>(java.lang.String)>,-1,specialinvoke r0.<de.ecspride.NoDataLeak: void <init>(java.lang.String)>($r1)
7,<de.ecspride.NoDataLeak: void <init>(java.lang.String)>,-1,r0.<de.ecspride.NoDataLeak: java.lang.String data> = $r1
8,<de.ecspride.NoDataLeak: void <init>(java.lang.String)>,-1,r0 := @this: de.ecspride.NoDataLeak
9,<de.ecspride.DataLeak: void <init>(java.lang.String)>,-1,r0 := @this: de.ecspride.DataLeak
10,<de.ecspride.VirtualDispatch1: void clickButton(android.view.View)>,-1,r2 = $r5
11,<de.ecspride.VirtualDispatch1: void clickButton(android.view.View)>,-1,virtualinvoke r2.<de.ecspride.NoDataLeak: void logData()>()
12,<de.ecspride.NoDataLeak: void logData()>,-1,$r1 = r0.<de.ecspride.NoDataLeak: java.lang.String data>
13,<de.ecspride.NoDataLeak: void logData()>,-1,"staticinvoke <android.util.Log: int i(java.lang.String,java.lang.String)>(""LOG"", $r1)"
