<com.coveros.training.expenses.AlcoholCalculator: com.coveros.training.expenses.AlcoholResult calculate(com.coveros.training.expenses.DinnerPrices)>	calculate	com.coveros.training.expenses.DinnerPrices	com.coveros.training.expenses.AlcoholCalculator	com.coveros.training.expenses.AlcoholResult	(Lcom/coveros/training/expenses/DinnerPrices;)Lcom/coveros/training/expenses/AlcoholResult;	1
<com.coveros.training.library.domainobjects.Loan: void <init>(com.coveros.training.library.domainobjects.Book,com.coveros.training.library.domainobjects.Borrower,long,java.sql.Date)>	<init>	com.coveros.training.library.domainobjects.Book,com.coveros.training.library.domainobjects.Borrower,long,java.sql.Date	com.coveros.training.library.domainobjects.Loan	void	(Lcom/coveros/training/library/domainobjects/Book;Lcom/coveros/training/library/domainobjects/Borrower;JLjava/sql/Date;)V	4
<com.coveros.training.library.domainobjects.Loan: boolean equals(java.lang.Object)>	equals	java.lang.Object	com.coveros.training.library.domainobjects.Loan	boolean	(Ljava/lang/Object;)Z	1
<com.coveros.training.persistence.PersistenceLayer$ThrowingFunction: java.lang.Object apply(java.sql.ResultSet)>	apply	java.sql.ResultSet	com.coveros.training.persistence.PersistenceLayer$ThrowingFunction	java.lang.Object	(Ljava/sql/ResultSet;)Ljava/lang/Object;	1
<com.coveros.training.mathematics.TailRecursive: java.util.function.BiFunction tailie(java.util.function.BiFunction,java.util.function.UnaryOperator,java.util.function.Predicate,java.util.function.Function)>	tailie	java.util.function.BiFunction,java.util.function.UnaryOperator,java.util.function.Predicate,java.util.function.Function	com.coveros.training.mathematics.TailRecursive	java.util.function.BiFunction	(Ljava/util/function/BiFunction;Ljava/util/function/UnaryOperator;Ljava/util/function/Predicate;Ljava/util/function/Function;)Ljava/util/function/BiFunction;	4
<com.coveros.training.mathematics.TailRecursive: java.lang.Object lambda$tailie$0(java.util.function.BiFunction,java.util.function.UnaryOperator,java.util.function.Predicate,java.util.function.Function,java.lang.Object,java.lang.Object)>	lambda$tailie$0	java.util.function.BiFunction,java.util.function.UnaryOperator,java.util.function.Predicate,java.util.function.Function,java.lang.Object,java.lang.Object	com.coveros.training.mathematics.TailRecursive	java.lang.Object	(Ljava/util/function/BiFunction;Ljava/util/function/UnaryOperator;Ljava/util/function/Predicate;Ljava/util/function/Function;Ljava/lang/Object;Ljava/lang/Object;)Ljava/lang/Object;	6
<com.coveros.training.authentication.domainobjects.PasswordResult: void <init>(com.coveros.training.authentication.domainobjects.PasswordResultEnums,java.lang.Double,java.lang.String,java.lang.String,java.lang.String)>	<init>	com.coveros.training.authentication.domainobjects.PasswordResultEnums,java.lang.Double,java.lang.String,java.lang.String,java.lang.String	com.coveros.training.authentication.domainobjects.PasswordResult	void	(Lcom/coveros/training/authentication/domainobjects/PasswordResultEnums;Ljava/lang/Double;Ljava/lang/String;Ljava/lang/String;Ljava/lang/String;)V	5
<com.coveros.training.authentication.domainobjects.PasswordResult: com.coveros.training.authentication.domainobjects.PasswordResult createDefault(com.coveros.training.authentication.domainobjects.PasswordResultEnums)>	createDefault	com.coveros.training.authentication.domainobjects.PasswordResultEnums	com.coveros.training.authentication.domainobjects.PasswordResult	com.coveros.training.authentication.domainobjects.PasswordResult	(Lcom/coveros/training/authentication/domainobjects/PasswordResultEnums;)Lcom/coveros/training/authentication/domainobjects/PasswordResult;	1
<com.coveros.training.authentication.domainobjects.PasswordResult: boolean equals(java.lang.Object)>	equals	java.lang.Object	com.coveros.training.authentication.domainobjects.PasswordResult	boolean	(Ljava/lang/Object;)Z	1
<com.coveros.training.library.LibraryLendServlet: void doPost(javax.servlet.http.HttpServletRequest,javax.servlet.http.HttpServletResponse)>	doPost	javax.servlet.http.HttpServletRequest,javax.servlet.http.HttpServletResponse	com.coveros.training.library.LibraryLendServlet	void	(Ljavax/servlet/http/HttpServletRequest;Ljavax/servlet/http/HttpServletResponse;)V	2
<com.coveros.training.mathematics.TailRecursive$$: com.coveros.training.mathematics.TailRecursive$$ valueOf(java.lang.String)>	valueOf	java.lang.String	com.coveros.training.mathematics.TailRecursive$$	com.coveros.training.mathematics.TailRecursive$$	(Ljava/lang/String;)Lcom/coveros/training/mathematics/TailRecursive$$;	1
<com.coveros.training.mathematics.TailRecursive$$: void <init>(java.lang.String,int)>	<init>	java.lang.String,int	com.coveros.training.mathematics.TailRecursive$$	void	(Ljava/lang/String;I)V	2
<com.coveros.training.mathematics.TailRecursive$$: java.lang.Object epsilon(java.util.stream.Stream,java.util.function.Predicate,java.util.function.Function)>	epsilon	java.util.stream.Stream,java.util.function.Predicate,java.util.function.Function	com.coveros.training.mathematics.TailRecursive$$	java.lang.Object	(Ljava/util/stream/Stream;Ljava/util/function/Predicate;Ljava/util/function/Function;)Ljava/lang/Object;	3
<com.coveros.training.tomcat.WebAppListener: void <init>(com.coveros.training.persistence.IPersistenceLayer)>	<init>	com.coveros.training.persistence.IPersistenceLayer	com.coveros.training.tomcat.WebAppListener	void	(Lcom/coveros/training/persistence/IPersistenceLayer;)V	1
<com.coveros.training.tomcat.WebAppListener: void contextInitialized(javax.servlet.ServletContextEvent)>	contextInitialized	javax.servlet.ServletContextEvent	com.coveros.training.tomcat.WebAppListener	void	(Ljavax/servlet/ServletContextEvent;)V	1
<com.coveros.training.tomcat.WebAppListener: void contextDestroyed(javax.servlet.ServletContextEvent)>	contextDestroyed	javax.servlet.ServletContextEvent	com.coveros.training.tomcat.WebAppListener	void	(Ljavax/servlet/ServletContextEvent;)V	1
<com.coveros.training.library.LibraryRegisterBookServlet: void doPost(javax.servlet.http.HttpServletRequest,javax.servlet.http.HttpServletResponse)>	doPost	javax.servlet.http.HttpServletRequest,javax.servlet.http.HttpServletResponse	com.coveros.training.library.LibraryRegisterBookServlet	void	(Ljavax/servlet/http/HttpServletRequest;Ljavax/servlet/http/HttpServletResponse;)V	2
<com.coveros.training.mathematics.Calculator: void <init>(com.coveros.training.mathematics.Calculator$Baz)>	<init>	com.coveros.training.mathematics.Calculator$Baz	com.coveros.training.mathematics.Calculator	void	(Lcom/coveros/training/mathematics/Calculator$Baz;)V	1
<com.coveros.training.mathematics.Calculator: int add(int,int)>	add	int,int	com.coveros.training.mathematics.Calculator	int	(II)I	2
<com.coveros.training.mathematics.Calculator: double add(double,double)>	add	double,double	com.coveros.training.mathematics.Calculator	double	(DD)D	2
<com.coveros.training.mathematics.Calculator: java.lang.String toStringZeroToTen(int)>	toStringZeroToTen	int	com.coveros.training.mathematics.Calculator	java.lang.String	(I)Ljava/lang/String;	1
<com.coveros.training.mathematics.Calculator: org.apache.commons.lang3.tuple.Pair add(org.apache.commons.lang3.tuple.Pair,org.apache.commons.lang3.tuple.Pair)>	add	org.apache.commons.lang3.tuple.Pair,org.apache.commons.lang3.tuple.Pair	com.coveros.training.mathematics.Calculator	org.apache.commons.lang3.tuple.Pair	(Lorg/apache/commons/lang3/tuple/Pair;Lorg/apache/commons/lang3/tuple/Pair;)Lorg/apache/commons/lang3/tuple/Pair;	2
<com.coveros.training.mathematics.Calculator: int calculateAndMore(int,int,com.coveros.training.mathematics.Calculator$iFoo,com.coveros.training.mathematics.Calculator$iBar)>	calculateAndMore	int,int,com.coveros.training.mathematics.Calculator$iFoo,com.coveros.training.mathematics.Calculator$iBar	com.coveros.training.mathematics.Calculator	int	(IILcom/coveros/training/mathematics/Calculator$iFoo;Lcom/coveros/training/mathematics/Calculator$iBar;)I	4
<com.coveros.training.mathematics.Calculator: int calculateAndMorePart2(int)>	calculateAndMorePart2	int	com.coveros.training.mathematics.Calculator	int	(I)I	1
<com.coveros.training.mathematics.Calculator: void calculateAndMorePart3(int)>	calculateAndMorePart3	int	com.coveros.training.mathematics.Calculator	void	(I)V	1
<com.coveros.training.persistence.PersistenceLayer: void <init>(javax.sql.DataSource)>	<init>	javax.sql.DataSource	com.coveros.training.persistence.PersistenceLayer	void	(Ljavax/sql/DataSource;)V	1
<com.coveros.training.persistence.PersistenceLayer: void executeUpdateTemplate(java.lang.String,java.lang.String,java.lang.Object[])>	executeUpdateTemplate	java.lang.String,java.lang.String,java.lang.Object[]	com.coveros.training.persistence.PersistenceLayer	void	(Ljava/lang/String;Ljava/lang/String;[Ljava/lang/Object;)V	3
<com.coveros.training.persistence.PersistenceLayer: long executeInsertTemplate(java.lang.String,java.lang.String,java.lang.Object[])>	executeInsertTemplate	java.lang.String,java.lang.String,java.lang.Object[]	com.coveros.training.persistence.PersistenceLayer	long	(Ljava/lang/String;Ljava/lang/String;[Ljava/lang/Object;)J	3
<com.coveros.training.persistence.PersistenceLayer: long executeInsertOnPreparedStatement(com.coveros.training.persistence.SqlData,java.sql.PreparedStatement)>	executeInsertOnPreparedStatement	com.coveros.training.persistence.SqlData,java.sql.PreparedStatement	com.coveros.training.persistence.PersistenceLayer	long	(Lcom/coveros/training/persistence/SqlData;Ljava/sql/PreparedStatement;)J	2
<com.coveros.training.persistence.PersistenceLayer: void executeUpdateOnPreparedStatement(com.coveros.training.persistence.SqlData,java.sql.PreparedStatement)>	executeUpdateOnPreparedStatement	com.coveros.training.persistence.SqlData,java.sql.PreparedStatement	com.coveros.training.persistence.PersistenceLayer	void	(Lcom/coveros/training/persistence/SqlData;Ljava/sql/PreparedStatement;)V	2
<com.coveros.training.persistence.PersistenceLayer: java.sql.PreparedStatement prepareStatementWithKeys(com.coveros.training.persistence.SqlData,java.sql.Connection)>	prepareStatementWithKeys	com.coveros.training.persistence.SqlData,java.sql.Connection	com.coveros.training.persistence.PersistenceLayer	java.sql.PreparedStatement	(Lcom/coveros/training/persistence/SqlData;Ljava/sql/Connection;)Ljava/sql/PreparedStatement;	2
<com.coveros.training.persistence.PersistenceLayer: java.util.Optional runQuery(com.coveros.training.persistence.SqlData)>	runQuery	com.coveros.training.persistence.SqlData	com.coveros.training.persistence.PersistenceLayer	java.util.Optional	(Lcom/coveros/training/persistence/SqlData;)Ljava/util/Optional;	1
<com.coveros.training.persistence.PersistenceLayer: java.util.function.Function throwingFunctionWrapper(com.coveros.training.persistence.PersistenceLayer$ThrowingFunction)>	throwingFunctionWrapper	com.coveros.training.persistence.PersistenceLayer$ThrowingFunction	com.coveros.training.persistence.PersistenceLayer	java.util.function.Function	(Lcom/coveros/training/persistence/PersistenceLayer$ThrowingFunction;)Ljava/util/function/Function;	1
<com.coveros.training.persistence.PersistenceLayer: java.util.function.Function createExtractor(com.coveros.training.persistence.PersistenceLayer$ThrowingFunction)>	createExtractor	com.coveros.training.persistence.PersistenceLayer$ThrowingFunction	com.coveros.training.persistence.PersistenceLayer	java.util.function.Function	(Lcom/coveros/training/persistence/PersistenceLayer$ThrowingFunction;)Ljava/util/function/Function;	1
<com.coveros.training.persistence.PersistenceLayer: long saveNewBorrower(java.lang.String)>	saveNewBorrower	java.lang.String	com.coveros.training.persistence.PersistenceLayer	long	(Ljava/lang/String;)J	1
<com.coveros.training.persistence.PersistenceLayer: long createLoan(com.coveros.training.library.domainobjects.Book,com.coveros.training.library.domainobjects.Borrower,java.sql.Date)>	createLoan	com.coveros.training.library.domainobjects.Book,com.coveros.training.library.domainobjects.Borrower,java.sql.Date	com.coveros.training.persistence.PersistenceLayer	long	(Lcom/coveros/training/library/domainobjects/Book;Lcom/coveros/training/library/domainobjects/Borrower;Ljava/sql/Date;)J	3
<com.coveros.training.persistence.PersistenceLayer: long saveNewBook(java.lang.String)>	saveNewBook	java.lang.String	com.coveros.training.persistence.PersistenceLayer	long	(Ljava/lang/String;)J	1
<com.coveros.training.persistence.PersistenceLayer: void updateBorrower(long,java.lang.String)>	updateBorrower	long,java.lang.String	com.coveros.training.persistence.PersistenceLayer	void	(JLjava/lang/String;)V	2
<com.coveros.training.persistence.PersistenceLayer: void deleteBook(long)>	deleteBook	long	com.coveros.training.persistence.PersistenceLayer	void	(J)V	1
<com.coveros.training.persistence.PersistenceLayer: void deleteBorrower(long)>	deleteBorrower	long	com.coveros.training.persistence.PersistenceLayer	void	(J)V	1
<com.coveros.training.persistence.PersistenceLayer: java.util.Optional getBorrowerName(long)>	getBorrowerName	long	com.coveros.training.persistence.PersistenceLayer	java.util.Optional	(J)Ljava/util/Optional;	1
<com.coveros.training.persistence.PersistenceLayer: java.util.Optional searchBorrowerDataByName(java.lang.String)>	searchBorrowerDataByName	java.lang.String	com.coveros.training.persistence.PersistenceLayer	java.util.Optional	(Ljava/lang/String;)Ljava/util/Optional;	1
<com.coveros.training.persistence.PersistenceLayer: java.util.Optional searchBooksByTitle(java.lang.String)>	searchBooksByTitle	java.lang.String	com.coveros.training.persistence.PersistenceLayer	java.util.Optional	(Ljava/lang/String;)Ljava/util/Optional;	1
<com.coveros.training.persistence.PersistenceLayer: java.util.Optional searchBooksById(long)>	searchBooksById	long	com.coveros.training.persistence.PersistenceLayer	java.util.Optional	(J)Ljava/util/Optional;	1
<com.coveros.training.persistence.PersistenceLayer: java.util.Optional searchBorrowersById(long)>	searchBorrowersById	long	com.coveros.training.persistence.PersistenceLayer	java.util.Optional	(J)Ljava/util/Optional;	1
<com.coveros.training.persistence.PersistenceLayer: java.util.Optional listBooks(java.lang.String,java.lang.String)>	listBooks	java.lang.String,java.lang.String	com.coveros.training.persistence.PersistenceLayer	java.util.Optional	(Ljava/lang/String;Ljava/lang/String;)Ljava/util/Optional;	2
<com.coveros.training.persistence.PersistenceLayer: java.util.Optional searchForLoanByBorrower(com.coveros.training.library.domainobjects.Borrower)>	searchForLoanByBorrower	com.coveros.training.library.domainobjects.Borrower	com.coveros.training.persistence.PersistenceLayer	java.util.Optional	(Lcom/coveros/training/library/domainobjects/Borrower;)Ljava/util/Optional;	1
<com.coveros.training.persistence.PersistenceLayer: java.util.Optional searchForLoanByBook(com.coveros.training.library.domainobjects.Book)>	searchForLoanByBook	com.coveros.training.library.domainobjects.Book	com.coveros.training.persistence.PersistenceLayer	java.util.Optional	(Lcom/coveros/training/library/domainobjects/Book;)Ljava/util/Optional;	1
<com.coveros.training.persistence.PersistenceLayer: long saveNewUser(java.lang.String)>	saveNewUser	java.lang.String	com.coveros.training.persistence.PersistenceLayer	long	(Ljava/lang/String;)J	1
<com.coveros.training.persistence.PersistenceLayer: java.util.Optional searchForUserByName(java.lang.String)>	searchForUserByName	java.lang.String	com.coveros.training.persistence.PersistenceLayer	java.util.Optional	(Ljava/lang/String;)Ljava/util/Optional;	1
<com.coveros.training.persistence.PersistenceLayer: java.util.Optional areCredentialsValid(java.lang.String,java.lang.String)>	areCredentialsValid	java.lang.String,java.lang.String	com.coveros.training.persistence.PersistenceLayer	java.util.Optional	(Ljava/lang/String;Ljava/lang/String;)Ljava/util/Optional;	2
<com.coveros.training.persistence.PersistenceLayer: void updateUserWithPassword(long,java.lang.String)>	updateUserWithPassword	long,java.lang.String	com.coveros.training.persistence.PersistenceLayer	void	(JLjava/lang/String;)V	2
<com.coveros.training.persistence.PersistenceLayer: java.lang.String createHashedValueFromPassword(java.lang.String)>	createHashedValueFromPassword	java.lang.String	com.coveros.training.persistence.PersistenceLayer	java.lang.String	(Ljava/lang/String;)Ljava/lang/String;	1
<com.coveros.training.persistence.PersistenceLayer: java.lang.String bytesToHex(byte[])>	bytesToHex	byte[]	com.coveros.training.persistence.PersistenceLayer	java.lang.String	([B)Ljava/lang/String;	1
<com.coveros.training.persistence.PersistenceLayer: void runBackup(java.lang.String)>	runBackup	java.lang.String	com.coveros.training.persistence.PersistenceLayer	void	(Ljava/lang/String;)V	1
<com.coveros.training.persistence.PersistenceLayer: void runRestore(java.lang.String)>	runRestore	java.lang.String	com.coveros.training.persistence.PersistenceLayer	void	(Ljava/lang/String;)V	1
<com.coveros.training.persistence.PersistenceLayer: java.util.Optional lambda$areCredentialsValid$12(java.sql.ResultSet)>	lambda$areCredentialsValid$12	java.sql.ResultSet	com.coveros.training.persistence.PersistenceLayer	java.util.Optional	(Ljava/sql/ResultSet;)Ljava/util/Optional;	1
<com.coveros.training.persistence.PersistenceLayer: java.util.Optional lambda$searchForUserByName$11(java.lang.String,java.sql.ResultSet)>	lambda$searchForUserByName$11	java.lang.String,java.sql.ResultSet	com.coveros.training.persistence.PersistenceLayer	java.util.Optional	(Ljava/lang/String;Ljava/sql/ResultSet;)Ljava/util/Optional;	2
<com.coveros.training.persistence.PersistenceLayer: java.util.Optional lambda$searchForLoanByBook$10(com.coveros.training.library.domainobjects.Book,java.sql.ResultSet)>	lambda$searchForLoanByBook$10	com.coveros.training.library.domainobjects.Book,java.sql.ResultSet	com.coveros.training.persistence.PersistenceLayer	java.util.Optional	(Lcom/coveros/training/library/domainobjects/Book;Ljava/sql/ResultSet;)Ljava/util/Optional;	2
<com.coveros.training.persistence.PersistenceLayer: java.util.Optional lambda$searchForLoanByBorrower$9(com.coveros.training.library.domainobjects.Borrower,java.sql.ResultSet)>	lambda$searchForLoanByBorrower$9	com.coveros.training.library.domainobjects.Borrower,java.sql.ResultSet	com.coveros.training.persistence.PersistenceLayer	java.util.Optional	(Lcom/coveros/training/library/domainobjects/Borrower;Ljava/sql/ResultSet;)Ljava/util/Optional;	2
<com.coveros.training.persistence.PersistenceLayer: java.util.Optional lambda$listAllBorrowers$8(java.sql.ResultSet)>	lambda$listAllBorrowers$8	java.sql.ResultSet	com.coveros.training.persistence.PersistenceLayer	java.util.Optional	(Ljava/sql/ResultSet;)Ljava/util/Optional;	1
<com.coveros.training.persistence.PersistenceLayer: java.util.Optional lambda$listBooks$7(java.sql.ResultSet)>	lambda$listBooks$7	java.sql.ResultSet	com.coveros.training.persistence.PersistenceLayer	java.util.Optional	(Ljava/sql/ResultSet;)Ljava/util/Optional;	1
<com.coveros.training.persistence.PersistenceLayer: java.util.Optional lambda$searchBorrowersById$6(java.sql.ResultSet)>	lambda$searchBorrowersById$6	java.sql.ResultSet	com.coveros.training.persistence.PersistenceLayer	java.util.Optional	(Ljava/sql/ResultSet;)Ljava/util/Optional;	1
<com.coveros.training.persistence.PersistenceLayer: java.util.Optional lambda$searchBooksById$5(java.sql.ResultSet)>	lambda$searchBooksById$5	java.sql.ResultSet	com.coveros.training.persistence.PersistenceLayer	java.util.Optional	(Ljava/sql/ResultSet;)Ljava/util/Optional;	1
<com.coveros.training.persistence.PersistenceLayer: java.util.Optional lambda$searchBooksByTitle$4(java.lang.String,java.sql.ResultSet)>	lambda$searchBooksByTitle$4	java.lang.String,java.sql.ResultSet	com.coveros.training.persistence.PersistenceLayer	java.util.Optional	(Ljava/lang/String;Ljava/sql/ResultSet;)Ljava/util/Optional;	2
<com.coveros.training.persistence.PersistenceLayer: java.util.Optional lambda$searchBorrowerDataByName$3(java.sql.ResultSet)>	lambda$searchBorrowerDataByName$3	java.sql.ResultSet	com.coveros.training.persistence.PersistenceLayer	java.util.Optional	(Ljava/sql/ResultSet;)Ljava/util/Optional;	1
<com.coveros.training.persistence.PersistenceLayer: java.util.Optional lambda$getBorrowerName$2(java.sql.ResultSet)>	lambda$getBorrowerName$2	java.sql.ResultSet	com.coveros.training.persistence.PersistenceLayer	java.util.Optional	(Ljava/sql/ResultSet;)Ljava/util/Optional;	1
<com.coveros.training.persistence.PersistenceLayer: java.util.Optional lambda$createExtractor$1(com.coveros.training.persistence.PersistenceLayer$ThrowingFunction,java.sql.ResultSet)>	lambda$createExtractor$1	com.coveros.training.persistence.PersistenceLayer$ThrowingFunction,java.sql.ResultSet	com.coveros.training.persistence.PersistenceLayer	java.util.Optional	(Lcom/coveros/training/persistence/PersistenceLayer$ThrowingFunction;Ljava/sql/ResultSet;)Ljava/util/Optional;	2
<com.coveros.training.persistence.PersistenceLayer: java.lang.Object lambda$throwingFunctionWrapper$0(com.coveros.training.persistence.PersistenceLayer$ThrowingFunction,java.sql.ResultSet)>	lambda$throwingFunctionWrapper$0	com.coveros.training.persistence.PersistenceLayer$ThrowingFunction,java.sql.ResultSet	com.coveros.training.persistence.PersistenceLayer	java.lang.Object	(Lcom/coveros/training/persistence/PersistenceLayer$ThrowingFunction;Ljava/sql/ResultSet;)Ljava/lang/Object;	2
<com.coveros.training.mathematics.FibonacciIterative: java.math.BigInteger fibAlgo1(long)>	fibAlgo1	long	com.coveros.training.mathematics.FibonacciIterative	java.math.BigInteger	(J)Ljava/math/BigInteger;	1
<com.coveros.training.mathematics.FibonacciIterative: java.math.BigInteger fibAlgo2(int)>	fibAlgo2	int	com.coveros.training.mathematics.FibonacciIterative	java.math.BigInteger	(I)Ljava/math/BigInteger;	1
<com.coveros.training.authentication.domainobjects.RegistrationStatusEnums: com.coveros.training.authentication.domainobjects.RegistrationStatusEnums valueOf(java.lang.String)>	valueOf	java.lang.String	com.coveros.training.authentication.domainobjects.RegistrationStatusEnums	com.coveros.training.authentication.domainobjects.RegistrationStatusEnums	(Ljava/lang/String;)Lcom/coveros/training/authentication/domainobjects/RegistrationStatusEnums;	1
<com.coveros.training.authentication.domainobjects.RegistrationStatusEnums: void <init>(java.lang.String,int)>	<init>	java.lang.String,int	com.coveros.training.authentication.domainobjects.RegistrationStatusEnums	void	(Ljava/lang/String;I)V	2
<com.coveros.training.authentication.domainobjects.PasswordResultEnums: com.coveros.training.authentication.domainobjects.PasswordResultEnums valueOf(java.lang.String)>	valueOf	java.lang.String	com.coveros.training.authentication.domainobjects.PasswordResultEnums	com.coveros.training.authentication.domainobjects.PasswordResultEnums	(Ljava/lang/String;)Lcom/coveros/training/authentication/domainobjects/PasswordResultEnums;	1
<com.coveros.training.authentication.domainobjects.PasswordResultEnums: void <init>(java.lang.String,int)>	<init>	java.lang.String,int	com.coveros.training.authentication.domainobjects.PasswordResultEnums	void	(Ljava/lang/String;I)V	2
<com.coveros.training.mathematics.MathServlet: int putNumberInRequest(java.lang.String,javax.servlet.http.HttpServletRequest)>	putNumberInRequest	java.lang.String,javax.servlet.http.HttpServletRequest	com.coveros.training.mathematics.MathServlet	int	(Ljava/lang/String;Ljavax/servlet/http/HttpServletRequest;)I	2
<com.coveros.training.mathematics.MathServlet: void doPost(javax.servlet.http.HttpServletRequest,javax.servlet.http.HttpServletResponse)>	doPost	javax.servlet.http.HttpServletRequest,javax.servlet.http.HttpServletResponse	com.coveros.training.mathematics.MathServlet	void	(Ljavax/servlet/http/HttpServletRequest;Ljavax/servlet/http/HttpServletResponse;)V	2
<com.coveros.training.mathematics.MathServlet: void forwardToResult(javax.servlet.http.HttpServletRequest,javax.servlet.http.HttpServletResponse,org.slf4j.Logger)>	forwardToResult	javax.servlet.http.HttpServletRequest,javax.servlet.http.HttpServletResponse,org.slf4j.Logger	com.coveros.training.mathematics.MathServlet	void	(Ljavax/servlet/http/HttpServletRequest;Ljavax/servlet/http/HttpServletResponse;Lorg/slf4j/Logger;)V	3
<com.coveros.training.mathematics.MathServlet: void setResultToSum(javax.servlet.http.HttpServletRequest,int,int)>	setResultToSum	javax.servlet.http.HttpServletRequest,int,int	com.coveros.training.mathematics.MathServlet	void	(Ljavax/servlet/http/HttpServletRequest;II)V	3
<com.coveros.training.persistence.IPersistenceLayer: long saveNewBorrower(java.lang.String)>	saveNewBorrower	java.lang.String	com.coveros.training.persistence.IPersistenceLayer	long	(Ljava/lang/String;)J	1
<com.coveros.training.persistence.IPersistenceLayer: long createLoan(com.coveros.training.library.domainobjects.Book,com.coveros.training.library.domainobjects.Borrower,java.sql.Date)>	createLoan	com.coveros.training.library.domainobjects.Book,com.coveros.training.library.domainobjects.Borrower,java.sql.Date	com.coveros.training.persistence.IPersistenceLayer	long	(Lcom/coveros/training/library/domainobjects/Book;Lcom/coveros/training/library/domainobjects/Borrower;Ljava/sql/Date;)J	3
<com.coveros.training.persistence.IPersistenceLayer: long saveNewBook(java.lang.String)>	saveNewBook	java.lang.String	com.coveros.training.persistence.IPersistenceLayer	long	(Ljava/lang/String;)J	1
<com.coveros.training.persistence.IPersistenceLayer: void updateBorrower(long,java.lang.String)>	updateBorrower	long,java.lang.String	com.coveros.training.persistence.IPersistenceLayer	void	(JLjava/lang/String;)V	2
<com.coveros.training.persistence.IPersistenceLayer: void deleteBook(long)>	deleteBook	long	com.coveros.training.persistence.IPersistenceLayer	void	(J)V	1
<com.coveros.training.persistence.IPersistenceLayer: void deleteBorrower(long)>	deleteBorrower	long	com.coveros.training.persistence.IPersistenceLayer	void	(J)V	1
<com.coveros.training.persistence.IPersistenceLayer: java.util.Optional getBorrowerName(long)>	getBorrowerName	long	com.coveros.training.persistence.IPersistenceLayer	java.util.Optional	(J)Ljava/util/Optional;	1
<com.coveros.training.persistence.IPersistenceLayer: java.util.Optional searchBorrowerDataByName(java.lang.String)>	searchBorrowerDataByName	java.lang.String	com.coveros.training.persistence.IPersistenceLayer	java.util.Optional	(Ljava/lang/String;)Ljava/util/Optional;	1
<com.coveros.training.persistence.IPersistenceLayer: java.util.Optional searchBooksByTitle(java.lang.String)>	searchBooksByTitle	java.lang.String	com.coveros.training.persistence.IPersistenceLayer	java.util.Optional	(Ljava/lang/String;)Ljava/util/Optional;	1
<com.coveros.training.persistence.IPersistenceLayer: java.util.Optional searchBooksById(long)>	searchBooksById	long	com.coveros.training.persistence.IPersistenceLayer	java.util.Optional	(J)Ljava/util/Optional;	1
<com.coveros.training.persistence.IPersistenceLayer: java.util.Optional searchBorrowersById(long)>	searchBorrowersById	long	com.coveros.training.persistence.IPersistenceLayer	java.util.Optional	(J)Ljava/util/Optional;	1
<com.coveros.training.persistence.IPersistenceLayer: java.util.Optional searchForLoanByBorrower(com.coveros.training.library.domainobjects.Borrower)>	searchForLoanByBorrower	com.coveros.training.library.domainobjects.Borrower	com.coveros.training.persistence.IPersistenceLayer	java.util.Optional	(Lcom/coveros/training/library/domainobjects/Borrower;)Ljava/util/Optional;	1
<com.coveros.training.persistence.IPersistenceLayer: java.util.Optional searchForLoanByBook(com.coveros.training.library.domainobjects.Book)>	searchForLoanByBook	com.coveros.training.library.domainobjects.Book	com.coveros.training.persistence.IPersistenceLayer	java.util.Optional	(Lcom/coveros/training/library/domainobjects/Book;)Ljava/util/Optional;	1
<com.coveros.training.persistence.IPersistenceLayer: long saveNewUser(java.lang.String)>	saveNewUser	java.lang.String	com.coveros.training.persistence.IPersistenceLayer	long	(Ljava/lang/String;)J	1
<com.coveros.training.persistence.IPersistenceLayer: void updateUserWithPassword(long,java.lang.String)>	updateUserWithPassword	long,java.lang.String	com.coveros.training.persistence.IPersistenceLayer	void	(JLjava/lang/String;)V	2
<com.coveros.training.persistence.IPersistenceLayer: java.util.Optional searchForUserByName(java.lang.String)>	searchForUserByName	java.lang.String	com.coveros.training.persistence.IPersistenceLayer	java.util.Optional	(Ljava/lang/String;)Ljava/util/Optional;	1
<com.coveros.training.persistence.IPersistenceLayer: java.util.Optional areCredentialsValid(java.lang.String,java.lang.String)>	areCredentialsValid	java.lang.String,java.lang.String	com.coveros.training.persistence.IPersistenceLayer	java.util.Optional	(Ljava/lang/String;Ljava/lang/String;)Ljava/util/Optional;	2
<com.coveros.training.persistence.IPersistenceLayer: void runBackup(java.lang.String)>	runBackup	java.lang.String	com.coveros.training.persistence.IPersistenceLayer	void	(Ljava/lang/String;)V	1
<com.coveros.training.persistence.IPersistenceLayer: void runRestore(java.lang.String)>	runRestore	java.lang.String	com.coveros.training.persistence.IPersistenceLayer	void	(Ljava/lang/String;)V	1
<com.coveros.training.helpers.ServletUtils: void forwardToResult(javax.servlet.http.HttpServletRequest,javax.servlet.http.HttpServletResponse,org.slf4j.Logger)>	forwardToResult	javax.servlet.http.HttpServletRequest,javax.servlet.http.HttpServletResponse,org.slf4j.Logger	com.coveros.training.helpers.ServletUtils	void	(Ljavax/servlet/http/HttpServletRequest;Ljavax/servlet/http/HttpServletResponse;Lorg/slf4j/Logger;)V	3
<com.coveros.training.helpers.ServletUtils: void forwardToRestfulResult(javax.servlet.http.HttpServletRequest,javax.servlet.http.HttpServletResponse,org.slf4j.Logger)>	forwardToRestfulResult	javax.servlet.http.HttpServletRequest,javax.servlet.http.HttpServletResponse,org.slf4j.Logger	com.coveros.training.helpers.ServletUtils	void	(Ljavax/servlet/http/HttpServletRequest;Ljavax/servlet/http/HttpServletResponse;Lorg/slf4j/Logger;)V	3
<com.coveros.training.persistence.EmptyDataSource: java.sql.Connection getConnection(java.lang.String,java.lang.String)>	getConnection	java.lang.String,java.lang.String	com.coveros.training.persistence.EmptyDataSource	java.sql.Connection	(Ljava/lang/String;Ljava/lang/String;)Ljava/sql/Connection;	2
<com.coveros.training.persistence.EmptyDataSource: java.lang.Object unwrap(java.lang.Class)>	unwrap	java.lang.Class	com.coveros.training.persistence.EmptyDataSource	java.lang.Object	(Ljava/lang/Class;)Ljava/lang/Object;	1
<com.coveros.training.persistence.EmptyDataSource: boolean isWrapperFor(java.lang.Class)>	isWrapperFor	java.lang.Class	com.coveros.training.persistence.EmptyDataSource	boolean	(Ljava/lang/Class;)Z	1
<com.coveros.training.persistence.EmptyDataSource: void setLogWriter(java.io.PrintWriter)>	setLogWriter	java.io.PrintWriter	com.coveros.training.persistence.EmptyDataSource	void	(Ljava/io/PrintWriter;)V	1
<com.coveros.training.persistence.EmptyDataSource: void setLoginTimeout(int)>	setLoginTimeout	int	com.coveros.training.persistence.EmptyDataSource	void	(I)V	1
<com.coveros.training.expenses.DinnerPrices: void <init>(double,double,double,double)>	<init>	double,double,double,double	com.coveros.training.expenses.DinnerPrices	void	(DDDD)V	4
<com.coveros.training.helpers.AssertionException: void <init>(java.lang.String)>	<init>	java.lang.String	com.coveros.training.helpers.AssertionException	void	(Ljava/lang/String;)V	1
<com.coveros.training.mathematics.Calculator$iFoo: int doComplexThing(int)>	doComplexThing	int	com.coveros.training.mathematics.Calculator$iFoo	int	(I)I	1
<com.coveros.training.helpers.CheckUtils: void IntParameterMustBePositive(long)>	IntParameterMustBePositive	long	com.coveros.training.helpers.CheckUtils	void	(J)V	1
<com.coveros.training.helpers.CheckUtils: void StringMustNotBeNullOrEmpty(java.lang.String[])>	StringMustNotBeNullOrEmpty	java.lang.String[]	com.coveros.training.helpers.CheckUtils	void	([Ljava/lang/String;)V	1
<com.coveros.training.helpers.CheckUtils: void mustBeTrueAtThisPoint(boolean,java.lang.String)>	mustBeTrueAtThisPoint	boolean,java.lang.String	com.coveros.training.helpers.CheckUtils	void	(ZLjava/lang/String;)V	2
<com.coveros.training.library.LibraryBorrowerListSearchServlet: void doGet(javax.servlet.http.HttpServletRequest,javax.servlet.http.HttpServletResponse)>	doGet	javax.servlet.http.HttpServletRequest,javax.servlet.http.HttpServletResponse	com.coveros.training.library.LibraryBorrowerListSearchServlet	void	(Ljavax/servlet/http/HttpServletRequest;Ljavax/servlet/http/HttpServletResponse;)V	2
<com.coveros.training.library.LibraryBorrowerListSearchServlet: java.lang.String searchByName(java.lang.String)>	searchByName	java.lang.String	com.coveros.training.library.LibraryBorrowerListSearchServlet	java.lang.String	(Ljava/lang/String;)Ljava/lang/String;	1
<com.coveros.training.library.LibraryBorrowerListSearchServlet: java.lang.String searchById(java.lang.String)>	searchById	java.lang.String	com.coveros.training.library.LibraryBorrowerListSearchServlet	java.lang.String	(Ljava/lang/String;)Ljava/lang/String;	1
<com.coveros.training.mathematics.AckermannIterative$$: com.coveros.training.mathematics.AckermannIterative$$ valueOf(java.lang.String)>	valueOf	java.lang.String	com.coveros.training.mathematics.AckermannIterative$$	com.coveros.training.mathematics.AckermannIterative$$	(Ljava/lang/String;)Lcom/coveros/training/mathematics/AckermannIterative$$;	1
<com.coveros.training.mathematics.AckermannIterative$$: void <init>(java.lang.String,int)>	<init>	java.lang.String,int	com.coveros.training.mathematics.AckermannIterative$$	void	(Ljava/lang/String;I)V	2
<com.coveros.training.mathematics.AckermannIterative$$: com.coveros.training.mathematics.AckermannIterative tail(java.math.BigInteger,java.math.BigInteger,java.util.Deque,boolean)>	tail	java.math.BigInteger,java.math.BigInteger,java.util.Deque,boolean	com.coveros.training.mathematics.AckermannIterative$$	com.coveros.training.mathematics.AckermannIterative	(Ljava/math/BigInteger;Ljava/math/BigInteger;Ljava/util/Deque;Z)Lcom/coveros/training/mathematics/AckermannIterative;	4
<com.coveros.training.mathematics.AckermannIterative$$: java.math.BigInteger main(java.math.BigInteger,java.math.BigInteger)>	main	java.math.BigInteger,java.math.BigInteger	com.coveros.training.mathematics.AckermannIterative$$	java.math.BigInteger	(Ljava/math/BigInteger;Ljava/math/BigInteger;)Ljava/math/BigInteger;	2
<com.coveros.training.mathematics.AckermannIterative$$: boolean lambda$static$3(com.coveros.training.mathematics.AckermannIterative)>	lambda$static$3	com.coveros.training.mathematics.AckermannIterative	com.coveros.training.mathematics.AckermannIterative$$	boolean	(Lcom/coveros/training/mathematics/AckermannIterative;)Z	1
<com.coveros.training.mathematics.AckermannIterative$$: com.coveros.training.mathematics.AckermannIterative lambda$static$2(com.coveros.training.mathematics.AckermannIterative)>	lambda$static$2	com.coveros.training.mathematics.AckermannIterative	com.coveros.training.mathematics.AckermannIterative$$	com.coveros.training.mathematics.AckermannIterative	(Lcom/coveros/training/mathematics/AckermannIterative;)Lcom/coveros/training/mathematics/AckermannIterative;	1
<com.coveros.training.mathematics.AckermannIterative$$: com.coveros.training.mathematics.AckermannIterative lambda$static$1(java.math.BigInteger,java.math.BigInteger)>	lambda$static$1	java.math.BigInteger,java.math.BigInteger	com.coveros.training.mathematics.AckermannIterative$$	com.coveros.training.mathematics.AckermannIterative	(Ljava/math/BigInteger;Ljava/math/BigInteger;)Lcom/coveros/training/mathematics/AckermannIterative;	2
<com.coveros.training.mathematics.AckermannIterative$$: java.lang.Object lambda$tail$0(java.math.BigInteger,java.math.BigInteger,java.util.Deque,boolean,com.coveros.training.mathematics.AckermannIterative$$$Field)>	lambda$tail$0	java.math.BigInteger,java.math.BigInteger,java.util.Deque,boolean,com.coveros.training.mathematics.AckermannIterative$$$Field	com.coveros.training.mathematics.AckermannIterative$$	java.lang.Object	(Ljava/math/BigInteger;Ljava/math/BigInteger;Ljava/util/Deque;ZLcom/coveros/training/mathematics/AckermannIterative$$$Field;)Ljava/lang/Object;	5
<com.coveros.training.mathematics.AckServlet: int putNumberInRequest(java.lang.String,javax.servlet.http.HttpServletRequest)>	putNumberInRequest	java.lang.String,javax.servlet.http.HttpServletRequest	com.coveros.training.mathematics.AckServlet	int	(Ljava/lang/String;Ljavax/servlet/http/HttpServletRequest;)I	2
<com.coveros.training.mathematics.AckServlet: void doPost(javax.servlet.http.HttpServletRequest,javax.servlet.http.HttpServletResponse)>	doPost	javax.servlet.http.HttpServletRequest,javax.servlet.http.HttpServletResponse	com.coveros.training.mathematics.AckServlet	void	(Ljavax/servlet/http/HttpServletRequest;Ljavax/servlet/http/HttpServletResponse;)V	2
<com.coveros.training.mathematics.AckServlet: void forwardToResult(javax.servlet.http.HttpServletRequest,javax.servlet.http.HttpServletResponse,org.slf4j.Logger)>	forwardToResult	javax.servlet.http.HttpServletRequest,javax.servlet.http.HttpServletResponse,org.slf4j.Logger	com.coveros.training.mathematics.AckServlet	void	(Ljavax/servlet/http/HttpServletRequest;Ljavax/servlet/http/HttpServletResponse;Lorg/slf4j/Logger;)V	3
<com.coveros.training.mathematics.AckServlet: void regularRecursive(javax.servlet.http.HttpServletRequest,int,int)>	regularRecursive	javax.servlet.http.HttpServletRequest,int,int	com.coveros.training.mathematics.AckServlet	void	(Ljavax/servlet/http/HttpServletRequest;II)V	3
<com.coveros.training.mathematics.AckServlet: void tailRecursive(javax.servlet.http.HttpServletRequest,int,int)>	tailRecursive	javax.servlet.http.HttpServletRequest,int,int	com.coveros.training.mathematics.AckServlet	void	(Ljavax/servlet/http/HttpServletRequest;II)V	3
<com.coveros.training.library.LibraryRegisterBorrowerServlet: void doPost(javax.servlet.http.HttpServletRequest,javax.servlet.http.HttpServletResponse)>	doPost	javax.servlet.http.HttpServletRequest,javax.servlet.http.HttpServletResponse	com.coveros.training.library.LibraryRegisterBorrowerServlet	void	(Ljavax/servlet/http/HttpServletRequest;Ljavax/servlet/http/HttpServletResponse;)V	2
<com.coveros.training.mathematics.Ackermann: java.math.BigInteger ack(java.math.BigInteger,java.math.BigInteger)>	ack	java.math.BigInteger,java.math.BigInteger	com.coveros.training.mathematics.Ackermann	java.math.BigInteger	(Ljava/math/BigInteger;Ljava/math/BigInteger;)Ljava/math/BigInteger;	2
<com.coveros.training.mathematics.Ackermann: java.math.BigInteger calculate(int,int)>	calculate	int,int	com.coveros.training.mathematics.Ackermann	java.math.BigInteger	(II)Ljava/math/BigInteger;	2
<com.coveros.training.library.LibraryBookListAvailableServlet: void doGet(javax.servlet.http.HttpServletRequest,javax.servlet.http.HttpServletResponse)>	doGet	javax.servlet.http.HttpServletRequest,javax.servlet.http.HttpServletResponse	com.coveros.training.library.LibraryBookListAvailableServlet	void	(Ljavax/servlet/http/HttpServletRequest;Ljavax/servlet/http/HttpServletResponse;)V	2
<com.coveros.training.mathematics.FibServlet: int putNumberInRequest(java.lang.String,javax.servlet.http.HttpServletRequest)>	putNumberInRequest	java.lang.String,javax.servlet.http.HttpServletRequest	com.coveros.training.mathematics.FibServlet	int	(Ljava/lang/String;Ljavax/servlet/http/HttpServletRequest;)I	2
<com.coveros.training.mathematics.FibServlet: void doPost(javax.servlet.http.HttpServletRequest,javax.servlet.http.HttpServletResponse)>	doPost	javax.servlet.http.HttpServletRequest,javax.servlet.http.HttpServletResponse	com.coveros.training.mathematics.FibServlet	void	(Ljavax/servlet/http/HttpServletRequest;Ljavax/servlet/http/HttpServletResponse;)V	2
<com.coveros.training.mathematics.FibServlet: void tailRecursiveAlgo2Calc(javax.servlet.http.HttpServletRequest,int)>	tailRecursiveAlgo2Calc	javax.servlet.http.HttpServletRequest,int	com.coveros.training.mathematics.FibServlet	void	(Ljavax/servlet/http/HttpServletRequest;I)V	2
<com.coveros.training.mathematics.FibServlet: void tailRecursiveAlgo1Calc(javax.servlet.http.HttpServletRequest,int)>	tailRecursiveAlgo1Calc	javax.servlet.http.HttpServletRequest,int	com.coveros.training.mathematics.FibServlet	void	(Ljavax/servlet/http/HttpServletRequest;I)V	2
<com.coveros.training.mathematics.FibServlet: void forwardToResult(javax.servlet.http.HttpServletRequest,javax.servlet.http.HttpServletResponse,org.slf4j.Logger)>	forwardToResult	javax.servlet.http.HttpServletRequest,javax.servlet.http.HttpServletResponse,org.slf4j.Logger	com.coveros.training.mathematics.FibServlet	void	(Ljavax/servlet/http/HttpServletRequest;Ljavax/servlet/http/HttpServletResponse;Lorg/slf4j/Logger;)V	3
<com.coveros.training.mathematics.FibServlet: void defaultRecursiveCalculation(javax.servlet.http.HttpServletRequest,int)>	defaultRecursiveCalculation	javax.servlet.http.HttpServletRequest,int	com.coveros.training.mathematics.FibServlet	void	(Ljavax/servlet/http/HttpServletRequest;I)V	2
<com.coveros.training.authentication.RegistrationUtils: void <init>(com.coveros.training.persistence.IPersistenceLayer)>	<init>	com.coveros.training.persistence.IPersistenceLayer	com.coveros.training.authentication.RegistrationUtils	void	(Lcom/coveros/training/persistence/IPersistenceLayer;)V	1
<com.coveros.training.authentication.RegistrationUtils: com.coveros.training.authentication.domainobjects.RegistrationResult processRegistration(java.lang.String,java.lang.String)>	processRegistration	java.lang.String,java.lang.String	com.coveros.training.authentication.RegistrationUtils	com.coveros.training.authentication.domainobjects.RegistrationResult	(Ljava/lang/String;Ljava/lang/String;)Lcom/coveros/training/authentication/domainobjects/RegistrationResult;	2
<com.coveros.training.authentication.RegistrationUtils: com.coveros.training.authentication.domainobjects.PasswordResult isPasswordGood(java.lang.String)>	isPasswordGood	java.lang.String	com.coveros.training.authentication.RegistrationUtils	com.coveros.training.authentication.domainobjects.PasswordResult	(Ljava/lang/String;)Lcom/coveros/training/authentication/domainobjects/PasswordResult;	1
<com.coveros.training.authentication.RegistrationUtils: boolean isUserInDatabase(java.lang.String)>	isUserInDatabase	java.lang.String	com.coveros.training.authentication.RegistrationUtils	boolean	(Ljava/lang/String;)Z	1
<com.coveros.training.authentication.RegistrationUtils: void saveToDatabase(java.lang.String,java.lang.String)>	saveToDatabase	java.lang.String,java.lang.String	com.coveros.training.authentication.RegistrationUtils	void	(Ljava/lang/String;Ljava/lang/String;)V	2
<com.coveros.training.authentication.domainobjects.User: void <init>(java.lang.String,long)>	<init>	java.lang.String,long	com.coveros.training.authentication.domainobjects.User	void	(Ljava/lang/String;J)V	2
<com.coveros.training.authentication.domainobjects.User: boolean equals(java.lang.Object)>	equals	java.lang.Object	com.coveros.training.authentication.domainobjects.User	boolean	(Ljava/lang/Object;)Z	1
<com.coveros.training.persistence.SqlData: void <init>(java.lang.String,java.lang.String,java.lang.Object[])>	<init>	java.lang.String,java.lang.String,java.lang.Object[]	com.coveros.training.persistence.SqlData	void	(Ljava/lang/String;Ljava/lang/String;[Ljava/lang/Object;)V	3
<com.coveros.training.persistence.SqlData: void <init>(java.lang.String,java.lang.String,java.util.function.Function,java.lang.Object[])>	<init>	java.lang.String,java.lang.String,java.util.function.Function,java.lang.Object[]	com.coveros.training.persistence.SqlData	void	(Ljava/lang/String;Ljava/lang/String;Ljava/util/function/Function;[Ljava/lang/Object;)V	4
<com.coveros.training.persistence.SqlData: void generateParams(java.lang.Object[])>	generateParams	java.lang.Object[]	com.coveros.training.persistence.SqlData	void	([Ljava/lang/Object;)V	1
<com.coveros.training.persistence.SqlData: void addParameter(java.lang.Object,java.lang.Class)>	addParameter	java.lang.Object,java.lang.Class	com.coveros.training.persistence.SqlData	void	(Ljava/lang/Object;Ljava/lang/Class;)V	2
<com.coveros.training.persistence.SqlData: void applyParametersToPreparedStatement(java.sql.PreparedStatement)>	applyParametersToPreparedStatement	java.sql.PreparedStatement	com.coveros.training.persistence.SqlData	void	(Ljava/sql/PreparedStatement;)V	1
<com.coveros.training.persistence.SqlData: boolean equals(java.lang.Object)>	equals	java.lang.Object	com.coveros.training.persistence.SqlData	boolean	(Ljava/lang/Object;)Z	1
<com.coveros.training.persistence.SqlData: java.util.Optional lambda$new$0(java.sql.ResultSet)>	lambda$new$0	java.sql.ResultSet	com.coveros.training.persistence.SqlData	java.util.Optional	(Ljava/sql/ResultSet;)Ljava/util/Optional;	1
<com.coveros.training.mathematics.Calculator$Bar: int doOtherComplexThing(int)>	doOtherComplexThing	int	com.coveros.training.mathematics.Calculator$Bar	int	(I)I	1
<com.coveros.training.mathematics.AckermannIterative$$$Field: com.coveros.training.mathematics.AckermannIterative$$$Field valueOf(java.lang.String)>	valueOf	java.lang.String	com.coveros.training.mathematics.AckermannIterative$$$Field	com.coveros.training.mathematics.AckermannIterative$$$Field	(Ljava/lang/String;)Lcom/coveros/training/mathematics/AckermannIterative$$$Field;	1
<com.coveros.training.mathematics.AckermannIterative$$$Field: void <init>(java.lang.String,int)>	<init>	java.lang.String,int	com.coveros.training.mathematics.AckermannIterative$$$Field	void	(Ljava/lang/String;I)V	2
<com.coveros.training.mathematics.Calculator$iBar: int doOtherComplexThing(int)>	doOtherComplexThing	int	com.coveros.training.mathematics.Calculator$iBar	int	(I)I	1
<com.coveros.training.authentication.LoginUtils: void <init>(com.coveros.training.persistence.IPersistenceLayer)>	<init>	com.coveros.training.persistence.IPersistenceLayer	com.coveros.training.authentication.LoginUtils	void	(Lcom/coveros/training/persistence/IPersistenceLayer;)V	1
<com.coveros.training.authentication.LoginUtils: boolean isUserRegistered(java.lang.String,java.lang.String)>	isUserRegistered	java.lang.String,java.lang.String	com.coveros.training.authentication.LoginUtils	boolean	(Ljava/lang/String;Ljava/lang/String;)Z	2
<com.coveros.training.authentication.LoginServlet: void doPost(javax.servlet.http.HttpServletRequest,javax.servlet.http.HttpServletResponse)>	doPost	javax.servlet.http.HttpServletRequest,javax.servlet.http.HttpServletResponse	com.coveros.training.authentication.LoginServlet	void	(Ljavax/servlet/http/HttpServletRequest;Ljavax/servlet/http/HttpServletResponse;)V	2
<com.coveros.training.authentication.RegisterServlet: void doPost(javax.servlet.http.HttpServletRequest,javax.servlet.http.HttpServletResponse)>	doPost	javax.servlet.http.HttpServletRequest,javax.servlet.http.HttpServletResponse	com.coveros.training.authentication.RegisterServlet	void	(Ljavax/servlet/http/HttpServletRequest;Ljavax/servlet/http/HttpServletResponse;)V	2
<com.coveros.training.authentication.RegisterServlet: void forwardToResult(javax.servlet.http.HttpServletRequest,javax.servlet.http.HttpServletResponse,org.slf4j.Logger)>	forwardToResult	javax.servlet.http.HttpServletRequest,javax.servlet.http.HttpServletResponse,org.slf4j.Logger	com.coveros.training.authentication.RegisterServlet	void	(Ljavax/servlet/http/HttpServletRequest;Ljavax/servlet/http/HttpServletResponse;Lorg/slf4j/Logger;)V	3
<com.coveros.training.library.domainobjects.Book: void <init>(long,java.lang.String)>	<init>	long,java.lang.String	com.coveros.training.library.domainobjects.Book	void	(JLjava/lang/String;)V	2
<com.coveros.training.library.domainobjects.Book: boolean equals(java.lang.Object)>	equals	java.lang.Object	com.coveros.training.library.domainobjects.Book	boolean	(Ljava/lang/Object;)Z	1
<com.coveros.training.cartesianproduct.CartesianProduct: java.lang.String calculate(java.util.Set)>	calculate	java.util.Set	com.coveros.training.cartesianproduct.CartesianProduct	java.lang.String	(Ljava/util/Set;)Ljava/lang/String;	1
<com.coveros.training.library.LibraryUtils: void <init>(com.coveros.training.persistence.IPersistenceLayer)>	<init>	com.coveros.training.persistence.IPersistenceLayer	com.coveros.training.library.LibraryUtils	void	(Lcom/coveros/training/persistence/IPersistenceLayer;)V	1
<com.coveros.training.library.LibraryUtils: com.coveros.training.library.domainobjects.LibraryActionResults lendBook(java.lang.String,java.lang.String,java.sql.Date)>	lendBook	java.lang.String,java.lang.String,java.sql.Date	com.coveros.training.library.LibraryUtils	com.coveros.training.library.domainobjects.LibraryActionResults	(Ljava/lang/String;Ljava/lang/String;Ljava/sql/Date;)Lcom/coveros/training/library/domainobjects/LibraryActionResults;	3
<com.coveros.training.library.LibraryUtils: com.coveros.training.library.domainobjects.LibraryActionResults lendBook(com.coveros.training.library.domainobjects.Book,com.coveros.training.library.domainobjects.Borrower,java.sql.Date)>	lendBook	com.coveros.training.library.domainobjects.Book,com.coveros.training.library.domainobjects.Borrower,java.sql.Date	com.coveros.training.library.LibraryUtils	com.coveros.training.library.domainobjects.LibraryActionResults	(Lcom/coveros/training/library/domainobjects/Book;Lcom/coveros/training/library/domainobjects/Borrower;Ljava/sql/Date;)Lcom/coveros/training/library/domainobjects/LibraryActionResults;	3
<com.coveros.training.library.LibraryUtils: void createLoan(com.coveros.training.library.domainobjects.Book,com.coveros.training.library.domainobjects.Borrower,java.sql.Date)>	createLoan	com.coveros.training.library.domainobjects.Book,com.coveros.training.library.domainobjects.Borrower,java.sql.Date	com.coveros.training.library.LibraryUtils	void	(Lcom/coveros/training/library/domainobjects/Book;Lcom/coveros/training/library/domainobjects/Borrower;Ljava/sql/Date;)V	3
<com.coveros.training.library.LibraryUtils: com.coveros.training.library.domainobjects.LibraryActionResults registerBorrower(java.lang.String)>	registerBorrower	java.lang.String	com.coveros.training.library.LibraryUtils	com.coveros.training.library.domainobjects.LibraryActionResults	(Ljava/lang/String;)Lcom/coveros/training/library/domainobjects/LibraryActionResults;	1
<com.coveros.training.library.LibraryUtils: void saveNewBorrower(java.lang.String)>	saveNewBorrower	java.lang.String	com.coveros.training.library.LibraryUtils	void	(Ljava/lang/String;)V	1
<com.coveros.training.library.LibraryUtils: com.coveros.training.library.domainobjects.LibraryActionResults registerBook(java.lang.String)>	registerBook	java.lang.String	com.coveros.training.library.LibraryUtils	com.coveros.training.library.domainobjects.LibraryActionResults	(Ljava/lang/String;)Lcom/coveros/training/library/domainobjects/LibraryActionResults;	1
<com.coveros.training.library.LibraryUtils: void saveNewBook(java.lang.String)>	saveNewBook	java.lang.String	com.coveros.training.library.LibraryUtils	void	(Ljava/lang/String;)V	1
<com.coveros.training.library.LibraryUtils: com.coveros.training.library.domainobjects.Loan searchForLoanByBook(com.coveros.training.library.domainobjects.Book)>	searchForLoanByBook	com.coveros.training.library.domainobjects.Book	com.coveros.training.library.LibraryUtils	com.coveros.training.library.domainobjects.Loan	(Lcom/coveros/training/library/domainobjects/Book;)Lcom/coveros/training/library/domainobjects/Loan;	1
<com.coveros.training.library.LibraryUtils: java.util.List searchForLoanByBorrower(com.coveros.training.library.domainobjects.Borrower)>	searchForLoanByBorrower	com.coveros.training.library.domainobjects.Borrower	com.coveros.training.library.LibraryUtils	java.util.List	(Lcom/coveros/training/library/domainobjects/Borrower;)Ljava/util/List;	1
<com.coveros.training.library.LibraryUtils: com.coveros.training.library.domainobjects.Borrower searchForBorrowerByName(java.lang.String)>	searchForBorrowerByName	java.lang.String	com.coveros.training.library.LibraryUtils	com.coveros.training.library.domainobjects.Borrower	(Ljava/lang/String;)Lcom/coveros/training/library/domainobjects/Borrower;	1
<com.coveros.training.library.LibraryUtils: com.coveros.training.library.domainobjects.Book searchForBookByTitle(java.lang.String)>	searchForBookByTitle	java.lang.String	com.coveros.training.library.LibraryUtils	com.coveros.training.library.domainobjects.Book	(Ljava/lang/String;)Lcom/coveros/training/library/domainobjects/Book;	1
<com.coveros.training.library.LibraryUtils: com.coveros.training.library.domainobjects.Book searchForBookById(long)>	searchForBookById	long	com.coveros.training.library.LibraryUtils	com.coveros.training.library.domainobjects.Book	(J)Lcom/coveros/training/library/domainobjects/Book;	1
<com.coveros.training.library.LibraryUtils: com.coveros.training.library.domainobjects.Borrower searchForBorrowerById(long)>	searchForBorrowerById	long	com.coveros.training.library.LibraryUtils	com.coveros.training.library.domainobjects.Borrower	(J)Lcom/coveros/training/library/domainobjects/Borrower;	1
<com.coveros.training.library.LibraryUtils: com.coveros.training.library.domainobjects.LibraryActionResults deleteBook(com.coveros.training.library.domainobjects.Book)>	deleteBook	com.coveros.training.library.domainobjects.Book	com.coveros.training.library.LibraryUtils	com.coveros.training.library.domainobjects.LibraryActionResults	(Lcom/coveros/training/library/domainobjects/Book;)Lcom/coveros/training/library/domainobjects/LibraryActionResults;	1
<com.coveros.training.library.LibraryUtils: com.coveros.training.library.domainobjects.LibraryActionResults deleteBorrower(com.coveros.training.library.domainobjects.Borrower)>	deleteBorrower	com.coveros.training.library.domainobjects.Borrower	com.coveros.training.library.LibraryUtils	com.coveros.training.library.domainobjects.LibraryActionResults	(Lcom/coveros/training/library/domainobjects/Borrower;)Lcom/coveros/training/library/domainobjects/LibraryActionResults;	1
<com.coveros.training.persistence.DbServlet: void <init>(com.coveros.training.persistence.IPersistenceLayer)>	<init>	com.coveros.training.persistence.IPersistenceLayer	com.coveros.training.persistence.DbServlet	void	(Lcom/coveros/training/persistence/IPersistenceLayer;)V	1
<com.coveros.training.persistence.DbServlet: void doGet(javax.servlet.http.HttpServletRequest,javax.servlet.http.HttpServletResponse)>	doGet	javax.servlet.http.HttpServletRequest,javax.servlet.http.HttpServletResponse	com.coveros.training.persistence.DbServlet	void	(Ljavax/servlet/http/HttpServletRequest;Ljavax/servlet/http/HttpServletResponse;)V	2
<com.coveros.training.library.LibraryBookListSearchServlet: void doGet(javax.servlet.http.HttpServletRequest,javax.servlet.http.HttpServletResponse)>	doGet	javax.servlet.http.HttpServletRequest,javax.servlet.http.HttpServletResponse	com.coveros.training.library.LibraryBookListSearchServlet	void	(Ljavax/servlet/http/HttpServletRequest;Ljavax/servlet/http/HttpServletResponse;)V	2
<com.coveros.training.library.LibraryBookListSearchServlet: java.lang.String searchByTitle(java.lang.String)>	searchByTitle	java.lang.String	com.coveros.training.library.LibraryBookListSearchServlet	java.lang.String	(Ljava/lang/String;)Ljava/lang/String;	1
<com.coveros.training.library.LibraryBookListSearchServlet: java.lang.String searchById(java.lang.String)>	searchById	java.lang.String	com.coveros.training.library.LibraryBookListSearchServlet	java.lang.String	(Ljava/lang/String;)Ljava/lang/String;	1
<com.coveros.training.mathematics.Fibonacci: long calculate(long)>	calculate	long	com.coveros.training.mathematics.Fibonacci	long	(J)J	1
<com.coveros.training.library.domainobjects.LibraryActionResults: com.coveros.training.library.domainobjects.LibraryActionResults valueOf(java.lang.String)>	valueOf	java.lang.String	com.coveros.training.library.domainobjects.LibraryActionResults	com.coveros.training.library.domainobjects.LibraryActionResults	(Ljava/lang/String;)Lcom/coveros/training/library/domainobjects/LibraryActionResults;	1
<com.coveros.training.library.domainobjects.LibraryActionResults: void <init>(java.lang.String,int)>	<init>	java.lang.String,int	com.coveros.training.library.domainobjects.LibraryActionResults	void	(Ljava/lang/String;I)V	2
<com.coveros.training.expenses.AlcoholResult: void <init>(java.lang.Double,java.lang.Double,java.lang.Double)>	<init>	java.lang.Double,java.lang.Double,java.lang.Double	com.coveros.training.expenses.AlcoholResult	void	(Ljava/lang/Double;Ljava/lang/Double;Ljava/lang/Double;)V	3
<com.coveros.training.library.domainobjects.Borrower: void <init>(long,java.lang.String)>	<init>	long,java.lang.String	com.coveros.training.library.domainobjects.Borrower	void	(JLjava/lang/String;)V	2
<com.coveros.training.library.domainobjects.Borrower: boolean equals(java.lang.Object)>	equals	java.lang.Object	com.coveros.training.library.domainobjects.Borrower	boolean	(Ljava/lang/Object;)Z	1
<com.coveros.training.persistence.SqlRuntimeException: void <init>(java.lang.Exception)>	<init>	java.lang.Exception	com.coveros.training.persistence.SqlRuntimeException	void	(Ljava/lang/Exception;)V	1
<com.coveros.training.persistence.SqlRuntimeException: void <init>(java.lang.String)>	<init>	java.lang.String	com.coveros.training.persistence.SqlRuntimeException	void	(Ljava/lang/String;)V	1
<com.coveros.training.mathematics.Calculator$Foo: int doComplexThing(int)>	doComplexThing	int	com.coveros.training.mathematics.Calculator$Foo	int	(I)I	1
<com.coveros.training.mathematics.Calculator$Baz: void <init>(com.coveros.training.mathematics.Calculator)>	<init>	com.coveros.training.mathematics.Calculator	com.coveros.training.mathematics.Calculator$Baz	void	(Lcom/coveros/training/mathematics/Calculator;)V	1
<com.coveros.training.mathematics.Calculator$Baz: int doThirdPartyThing(int)>	doThirdPartyThing	int	com.coveros.training.mathematics.Calculator$Baz	int	(I)I	1
<com.coveros.training.mathematics.FunctionalField: java.lang.Object untypedField(java.lang.Enum)>	untypedField	java.lang.Enum	com.coveros.training.mathematics.FunctionalField	java.lang.Object	(Ljava/lang/Enum;)Ljava/lang/Object;	1
<com.coveros.training.mathematics.FunctionalField: java.lang.Object field(java.lang.Enum)>	field	java.lang.Enum	com.coveros.training.mathematics.FunctionalField	java.lang.Object	(Ljava/lang/Enum;)Ljava/lang/Object;	1
<com.coveros.training.mathematics.AckermannIterative: java.math.BigInteger calculate(int,int)>	calculate	int,int	com.coveros.training.mathematics.AckermannIterative	java.math.BigInteger	(II)Ljava/math/BigInteger;	2
<com.coveros.training.helpers.StringUtils: java.lang.String makeNotNullable(java.lang.String)>	makeNotNullable	java.lang.String	com.coveros.training.helpers.StringUtils	java.lang.String	(Ljava/lang/String;)Ljava/lang/String;	1
<com.coveros.training.helpers.StringUtils: java.lang.String escapeForJson(java.lang.String)>	escapeForJson	java.lang.String	com.coveros.training.helpers.StringUtils	java.lang.String	(Ljava/lang/String;)Ljava/lang/String;	1
<com.coveros.training.authentication.domainobjects.RegistrationResult: void <init>(boolean,com.coveros.training.authentication.domainobjects.RegistrationStatusEnums,java.lang.String)>	<init>	boolean,com.coveros.training.authentication.domainobjects.RegistrationStatusEnums,java.lang.String	com.coveros.training.authentication.domainobjects.RegistrationResult	void	(ZLcom/coveros/training/authentication/domainobjects/RegistrationStatusEnums;Ljava/lang/String;)V	3
<com.coveros.training.authentication.domainobjects.RegistrationResult: void <init>(boolean,com.coveros.training.authentication.domainobjects.RegistrationStatusEnums)>	<init>	boolean,com.coveros.training.authentication.domainobjects.RegistrationStatusEnums	com.coveros.training.authentication.domainobjects.RegistrationResult	void	(ZLcom/coveros/training/authentication/domainobjects/RegistrationStatusEnums;)V	2
<com.coveros.training.authentication.domainobjects.RegistrationResult: boolean equals(java.lang.Object)>	equals	java.lang.Object	com.coveros.training.authentication.domainobjects.RegistrationResult	boolean	(Ljava/lang/Object;)Z	1
<com.coveros.training.persistence.ParameterObject: void <init>(java.lang.Object,java.lang.Class)>	<init>	java.lang.Object,java.lang.Class	com.coveros.training.persistence.ParameterObject	void	(Ljava/lang/Object;Ljava/lang/Class;)V	2
<com.coveros.training.persistence.ParameterObject: boolean equals(java.lang.Object)>	equals	java.lang.Object	com.coveros.training.persistence.ParameterObject	boolean	(Ljava/lang/Object;)Z	1
<com.coveros.training.expenses.AlcoholCalculator: void <init>()>	<init>		com.coveros.training.expenses.AlcoholCalculator	void	()V	0
<com.coveros.training.mathematics.AckermannIterative$$$FunctionalAckermann: java.math.BigInteger number1()>	number1		com.coveros.training.mathematics.AckermannIterative$$$FunctionalAckermann	java.math.BigInteger	()Ljava/math/BigInteger;	0
<com.coveros.training.mathematics.AckermannIterative$$$FunctionalAckermann: java.math.BigInteger number2()>	number2		com.coveros.training.mathematics.AckermannIterative$$$FunctionalAckermann	java.math.BigInteger	()Ljava/math/BigInteger;	0
<com.coveros.training.mathematics.AckermannIterative$$$FunctionalAckermann: java.util.Deque stack()>	stack		com.coveros.training.mathematics.AckermannIterative$$$FunctionalAckermann	java.util.Deque	()Ljava/util/Deque;	0
<com.coveros.training.mathematics.AckermannIterative$$$FunctionalAckermann: boolean flag()>	flag		com.coveros.training.mathematics.AckermannIterative$$$FunctionalAckermann	boolean	()Z	0
<com.coveros.training.library.domainobjects.Loan: int hashCode()>	hashCode		com.coveros.training.library.domainobjects.Loan	int	()I	0
<com.coveros.training.library.domainobjects.Loan: java.lang.String toString()>	toString		com.coveros.training.library.domainobjects.Loan	java.lang.String	()Ljava/lang/String;	0
<com.coveros.training.library.domainobjects.Loan: com.coveros.training.library.domainobjects.Loan createEmpty()>	createEmpty		com.coveros.training.library.domainobjects.Loan	com.coveros.training.library.domainobjects.Loan	()Lcom/coveros/training/library/domainobjects/Loan;	0
<com.coveros.training.library.domainobjects.Loan: boolean isEmpty()>	isEmpty		com.coveros.training.library.domainobjects.Loan	boolean	()Z	0
<com.coveros.training.authentication.domainobjects.PasswordResult: int hashCode()>	hashCode		com.coveros.training.authentication.domainobjects.PasswordResult	int	()I	0
<com.coveros.training.authentication.domainobjects.PasswordResult: java.lang.String toString()>	toString		com.coveros.training.authentication.domainobjects.PasswordResult	java.lang.String	()Ljava/lang/String;	0
<com.coveros.training.authentication.domainobjects.PasswordResult: java.lang.String toPrettyString()>	toPrettyString		com.coveros.training.authentication.domainobjects.PasswordResult	java.lang.String	()Ljava/lang/String;	0
<com.coveros.training.authentication.domainobjects.PasswordResult: com.coveros.training.authentication.domainobjects.PasswordResult createEmpty()>	createEmpty		com.coveros.training.authentication.domainobjects.PasswordResult	com.coveros.training.authentication.domainobjects.PasswordResult	()Lcom/coveros/training/authentication/domainobjects/PasswordResult;	0
<com.coveros.training.authentication.domainobjects.PasswordResult: boolean isEmpty()>	isEmpty		com.coveros.training.authentication.domainobjects.PasswordResult	boolean	()Z	0
<com.coveros.training.library.LibraryLendServlet: void <init>()>	<init>		com.coveros.training.library.LibraryLendServlet	void	()V	0
<com.coveros.training.library.LibraryLendServlet: java.sql.Date getDateNow()>	getDateNow		com.coveros.training.library.LibraryLendServlet	java.sql.Date	()Ljava/sql/Date;	0
<com.coveros.training.library.LibraryLendServlet: void <clinit>()>	<clinit>		com.coveros.training.library.LibraryLendServlet	void	()V	0
<com.coveros.training.mathematics.TailRecursive$$: com.coveros.training.mathematics.TailRecursive$$[] values()>	values		com.coveros.training.mathematics.TailRecursive$$	com.coveros.training.mathematics.TailRecursive$$[]	()[Lcom/coveros/training/mathematics/TailRecursive$$;	0
<com.coveros.training.mathematics.TailRecursive$$: void <clinit>()>	<clinit>		com.coveros.training.mathematics.TailRecursive$$	void	()V	0
<com.coveros.training.tomcat.WebAppListener: void <init>()>	<init>		com.coveros.training.tomcat.WebAppListener	void	()V	0
<com.coveros.training.library.LibraryRegisterBookServlet: void <init>()>	<init>		com.coveros.training.library.LibraryRegisterBookServlet	void	()V	0
<com.coveros.training.library.LibraryRegisterBookServlet: void <clinit>()>	<clinit>		com.coveros.training.library.LibraryRegisterBookServlet	void	()V	0
<com.coveros.training.mathematics.Calculator: void <init>()>	<init>		com.coveros.training.mathematics.Calculator	void	()V	0
<com.coveros.training.persistence.PersistenceLayer: void <init>()>	<init>		com.coveros.training.persistence.PersistenceLayer	void	()V	0
<com.coveros.training.persistence.PersistenceLayer: org.h2.jdbcx.JdbcConnectionPool obtainConnectionPool()>	obtainConnectionPool		com.coveros.training.persistence.PersistenceLayer	org.h2.jdbcx.JdbcConnectionPool	()Lorg/h2/jdbcx/JdbcConnectionPool;	0
<com.coveros.training.persistence.PersistenceLayer: java.util.Optional listAllBooks()>	listAllBooks		com.coveros.training.persistence.PersistenceLayer	java.util.Optional	()Ljava/util/Optional;	0
<com.coveros.training.persistence.PersistenceLayer: java.util.Optional listAvailableBooks()>	listAvailableBooks		com.coveros.training.persistence.PersistenceLayer	java.util.Optional	()Ljava/util/Optional;	0
<com.coveros.training.persistence.PersistenceLayer: java.util.Optional listAllBorrowers()>	listAllBorrowers		com.coveros.training.persistence.PersistenceLayer	java.util.Optional	()Ljava/util/Optional;	0
<com.coveros.training.persistence.PersistenceLayer: com.coveros.training.persistence.IPersistenceLayer createEmpty()>	createEmpty		com.coveros.training.persistence.PersistenceLayer	com.coveros.training.persistence.IPersistenceLayer	()Lcom/coveros/training/persistence/IPersistenceLayer;	0
<com.coveros.training.persistence.PersistenceLayer: boolean isEmpty()>	isEmpty		com.coveros.training.persistence.PersistenceLayer	boolean	()Z	0
<com.coveros.training.persistence.PersistenceLayer: void cleanAndMigrateDatabase()>	cleanAndMigrateDatabase		com.coveros.training.persistence.PersistenceLayer	void	()V	0
<com.coveros.training.persistence.PersistenceLayer: void cleanDatabase()>	cleanDatabase		com.coveros.training.persistence.PersistenceLayer	void	()V	0
<com.coveros.training.persistence.PersistenceLayer: void migrateDatabase()>	migrateDatabase		com.coveros.training.persistence.PersistenceLayer	void	()V	0
<com.coveros.training.persistence.PersistenceLayer: org.flywaydb.core.Flyway configureFlyway()>	configureFlyway		com.coveros.training.persistence.PersistenceLayer	org.flywaydb.core.Flyway	()Lorg/flywaydb/core/Flyway;	0
<com.coveros.training.persistence.PersistenceLayer: void <clinit>()>	<clinit>		com.coveros.training.persistence.PersistenceLayer	void	()V	0
<com.coveros.training.mathematics.FibonacciIterative: void <init>()>	<init>		com.coveros.training.mathematics.FibonacciIterative	void	()V	0
<com.coveros.training.authentication.domainobjects.RegistrationStatusEnums: com.coveros.training.authentication.domainobjects.RegistrationStatusEnums[] values()>	values		com.coveros.training.authentication.domainobjects.RegistrationStatusEnums	com.coveros.training.authentication.domainobjects.RegistrationStatusEnums[]	()[Lcom/coveros/training/authentication/domainobjects/RegistrationStatusEnums;	0
<com.coveros.training.authentication.domainobjects.RegistrationStatusEnums: void <clinit>()>	<clinit>		com.coveros.training.authentication.domainobjects.RegistrationStatusEnums	void	()V	0
<com.coveros.training.authentication.domainobjects.PasswordResultEnums: com.coveros.training.authentication.domainobjects.PasswordResultEnums[] values()>	values		com.coveros.training.authentication.domainobjects.PasswordResultEnums	com.coveros.training.authentication.domainobjects.PasswordResultEnums[]	()[Lcom/coveros/training/authentication/domainobjects/PasswordResultEnums;	0
<com.coveros.training.authentication.domainobjects.PasswordResultEnums: void <clinit>()>	<clinit>		com.coveros.training.authentication.domainobjects.PasswordResultEnums	void	()V	0
<com.coveros.training.mathematics.MathServlet: void <init>()>	<init>		com.coveros.training.mathematics.MathServlet	void	()V	0
<com.coveros.training.mathematics.MathServlet: void <clinit>()>	<clinit>		com.coveros.training.mathematics.MathServlet	void	()V	0
<com.coveros.training.persistence.IPersistenceLayer: java.util.Optional listAllBooks()>	listAllBooks		com.coveros.training.persistence.IPersistenceLayer	java.util.Optional	()Ljava/util/Optional;	0
<com.coveros.training.persistence.IPersistenceLayer: java.util.Optional listAvailableBooks()>	listAvailableBooks		com.coveros.training.persistence.IPersistenceLayer	java.util.Optional	()Ljava/util/Optional;	0
<com.coveros.training.persistence.IPersistenceLayer: java.util.Optional listAllBorrowers()>	listAllBorrowers		com.coveros.training.persistence.IPersistenceLayer	java.util.Optional	()Ljava/util/Optional;	0
<com.coveros.training.persistence.IPersistenceLayer: void cleanAndMigrateDatabase()>	cleanAndMigrateDatabase		com.coveros.training.persistence.IPersistenceLayer	void	()V	0
<com.coveros.training.persistence.IPersistenceLayer: void cleanDatabase()>	cleanDatabase		com.coveros.training.persistence.IPersistenceLayer	void	()V	0
<com.coveros.training.persistence.IPersistenceLayer: void migrateDatabase()>	migrateDatabase		com.coveros.training.persistence.IPersistenceLayer	void	()V	0
<com.coveros.training.persistence.IPersistenceLayer: boolean isEmpty()>	isEmpty		com.coveros.training.persistence.IPersistenceLayer	boolean	()Z	0
<com.coveros.training.helpers.ServletUtils: void <init>()>	<init>		com.coveros.training.helpers.ServletUtils	void	()V	0
<com.coveros.training.persistence.EmptyDataSource: void <init>()>	<init>		com.coveros.training.persistence.EmptyDataSource	void	()V	0
<com.coveros.training.persistence.EmptyDataSource: java.sql.Connection getConnection()>	getConnection		com.coveros.training.persistence.EmptyDataSource	java.sql.Connection	()Ljava/sql/Connection;	0
<com.coveros.training.persistence.EmptyDataSource: java.io.PrintWriter getLogWriter()>	getLogWriter		com.coveros.training.persistence.EmptyDataSource	java.io.PrintWriter	()Ljava/io/PrintWriter;	0
<com.coveros.training.persistence.EmptyDataSource: int getLoginTimeout()>	getLoginTimeout		com.coveros.training.persistence.EmptyDataSource	int	()I	0
<com.coveros.training.persistence.EmptyDataSource: java.util.logging.Logger getParentLogger()>	getParentLogger		com.coveros.training.persistence.EmptyDataSource	java.util.logging.Logger	()Ljava/util/logging/Logger;	0
<com.coveros.training.helpers.CheckUtils: void <init>()>	<init>		com.coveros.training.helpers.CheckUtils	void	()V	0
<com.coveros.training.library.LibraryBorrowerListSearchServlet: void <init>()>	<init>		com.coveros.training.library.LibraryBorrowerListSearchServlet	void	()V	0
<com.coveros.training.library.LibraryBorrowerListSearchServlet: java.lang.String listAllBorrowers()>	listAllBorrowers		com.coveros.training.library.LibraryBorrowerListSearchServlet	java.lang.String	()Ljava/lang/String;	0
<com.coveros.training.library.LibraryBorrowerListSearchServlet: void <clinit>()>	<clinit>		com.coveros.training.library.LibraryBorrowerListSearchServlet	void	()V	0
<com.coveros.training.mathematics.AckermannIterative$$: com.coveros.training.mathematics.AckermannIterative$$[] values()>	values		com.coveros.training.mathematics.AckermannIterative$$	com.coveros.training.mathematics.AckermannIterative$$[]	()[Lcom/coveros/training/mathematics/AckermannIterative$$;	0
<com.coveros.training.mathematics.AckermannIterative$$: void <clinit>()>	<clinit>		com.coveros.training.mathematics.AckermannIterative$$	void	()V	0
<com.coveros.training.mathematics.AckServlet: void <init>()>	<init>		com.coveros.training.mathematics.AckServlet	void	()V	0
<com.coveros.training.mathematics.AckServlet: void <clinit>()>	<clinit>		com.coveros.training.mathematics.AckServlet	void	()V	0
<com.coveros.training.library.LibraryRegisterBorrowerServlet: void <init>()>	<init>		com.coveros.training.library.LibraryRegisterBorrowerServlet	void	()V	0
<com.coveros.training.library.LibraryRegisterBorrowerServlet: void <clinit>()>	<clinit>		com.coveros.training.library.LibraryRegisterBorrowerServlet	void	()V	0
<com.coveros.training.mathematics.Ackermann: void <init>()>	<init>		com.coveros.training.mathematics.Ackermann	void	()V	0
<com.coveros.training.library.LibraryBookListAvailableServlet: void <init>()>	<init>		com.coveros.training.library.LibraryBookListAvailableServlet	void	()V	0
<com.coveros.training.library.LibraryBookListAvailableServlet: void <clinit>()>	<clinit>		com.coveros.training.library.LibraryBookListAvailableServlet	void	()V	0
<com.coveros.training.mathematics.FibServlet: void <init>()>	<init>		com.coveros.training.mathematics.FibServlet	void	()V	0
<com.coveros.training.mathematics.FibServlet: void <clinit>()>	<clinit>		com.coveros.training.mathematics.FibServlet	void	()V	0
<com.coveros.training.authentication.RegistrationUtils: void <init>()>	<init>		com.coveros.training.authentication.RegistrationUtils	void	()V	0
<com.coveros.training.authentication.RegistrationUtils: com.coveros.training.authentication.RegistrationUtils createEmpty()>	createEmpty		com.coveros.training.authentication.RegistrationUtils	com.coveros.training.authentication.RegistrationUtils	()Lcom/coveros/training/authentication/RegistrationUtils;	0
<com.coveros.training.authentication.RegistrationUtils: boolean isEmpty()>	isEmpty		com.coveros.training.authentication.RegistrationUtils	boolean	()Z	0
<com.coveros.training.authentication.RegistrationUtils: void <clinit>()>	<clinit>		com.coveros.training.authentication.RegistrationUtils	void	()V	0
<com.coveros.training.authentication.domainobjects.User: int hashCode()>	hashCode		com.coveros.training.authentication.domainobjects.User	int	()I	0
<com.coveros.training.authentication.domainobjects.User: java.lang.String toString()>	toString		com.coveros.training.authentication.domainobjects.User	java.lang.String	()Ljava/lang/String;	0
<com.coveros.training.authentication.domainobjects.User: com.coveros.training.authentication.domainobjects.User createEmpty()>	createEmpty		com.coveros.training.authentication.domainobjects.User	com.coveros.training.authentication.domainobjects.User	()Lcom/coveros/training/authentication/domainobjects/User;	0
<com.coveros.training.authentication.domainobjects.User: boolean isEmpty()>	isEmpty		com.coveros.training.authentication.domainobjects.User	boolean	()Z	0
<com.coveros.training.persistence.SqlData: int hashCode()>	hashCode		com.coveros.training.persistence.SqlData	int	()I	0
<com.coveros.training.persistence.SqlData: java.lang.String toString()>	toString		com.coveros.training.persistence.SqlData	java.lang.String	()Ljava/lang/String;	0
<com.coveros.training.persistence.SqlData: com.coveros.training.persistence.SqlData createEmpty()>	createEmpty		com.coveros.training.persistence.SqlData	com.coveros.training.persistence.SqlData	()Lcom/coveros/training/persistence/SqlData;	0
<com.coveros.training.persistence.SqlData: boolean isEmpty()>	isEmpty		com.coveros.training.persistence.SqlData	boolean	()Z	0
<com.coveros.training.mathematics.Calculator$Bar: void <init>()>	<init>		com.coveros.training.mathematics.Calculator$Bar	void	()V	0
<com.coveros.training.persistence.NotImplementedException: void <init>()>	<init>		com.coveros.training.persistence.NotImplementedException	void	()V	0
<com.coveros.training.mathematics.AckermannIterative$$$Field: com.coveros.training.mathematics.AckermannIterative$$$Field[] values()>	values		com.coveros.training.mathematics.AckermannIterative$$$Field	com.coveros.training.mathematics.AckermannIterative$$$Field[]	()[Lcom/coveros/training/mathematics/AckermannIterative$$$Field;	0
<com.coveros.training.mathematics.AckermannIterative$$$Field: void <clinit>()>	<clinit>		com.coveros.training.mathematics.AckermannIterative$$$Field	void	()V	0
<com.coveros.training.authentication.LoginUtils: void <init>()>	<init>		com.coveros.training.authentication.LoginUtils	void	()V	0
<com.coveros.training.authentication.LoginUtils: com.coveros.training.authentication.LoginUtils createEmpty()>	createEmpty		com.coveros.training.authentication.LoginUtils	com.coveros.training.authentication.LoginUtils	()Lcom/coveros/training/authentication/LoginUtils;	0
<com.coveros.training.authentication.LoginUtils: boolean isEmpty()>	isEmpty		com.coveros.training.authentication.LoginUtils	boolean	()Z	0
<com.coveros.training.authentication.LoginUtils: void <clinit>()>	<clinit>		com.coveros.training.authentication.LoginUtils	void	()V	0
<com.coveros.training.authentication.LoginServlet: void <init>()>	<init>		com.coveros.training.authentication.LoginServlet	void	()V	0
<com.coveros.training.authentication.LoginServlet: void <clinit>()>	<clinit>		com.coveros.training.authentication.LoginServlet	void	()V	0
<com.coveros.training.authentication.RegisterServlet: void <init>()>	<init>		com.coveros.training.authentication.RegisterServlet	void	()V	0
<com.coveros.training.authentication.RegisterServlet: void <clinit>()>	<clinit>		com.coveros.training.authentication.RegisterServlet	void	()V	0
<com.coveros.training.library.domainobjects.Book: int hashCode()>	hashCode		com.coveros.training.library.domainobjects.Book	int	()I	0
<com.coveros.training.library.domainobjects.Book: java.lang.String toOutputString()>	toOutputString		com.coveros.training.library.domainobjects.Book	java.lang.String	()Ljava/lang/String;	0
<com.coveros.training.library.domainobjects.Book: java.lang.String toString()>	toString		com.coveros.training.library.domainobjects.Book	java.lang.String	()Ljava/lang/String;	0
<com.coveros.training.library.domainobjects.Book: com.coveros.training.library.domainobjects.Book createEmpty()>	createEmpty		com.coveros.training.library.domainobjects.Book	com.coveros.training.library.domainobjects.Book	()Lcom/coveros/training/library/domainobjects/Book;	0
<com.coveros.training.library.domainobjects.Book: boolean isEmpty()>	isEmpty		com.coveros.training.library.domainobjects.Book	boolean	()Z	0
<com.coveros.training.cartesianproduct.CartesianProduct: void <init>()>	<init>		com.coveros.training.cartesianproduct.CartesianProduct	void	()V	0
<com.coveros.training.library.LibraryUtils: void <init>()>	<init>		com.coveros.training.library.LibraryUtils	void	()V	0
<com.coveros.training.library.LibraryUtils: com.coveros.training.library.LibraryUtils createEmpty()>	createEmpty		com.coveros.training.library.LibraryUtils	com.coveros.training.library.LibraryUtils	()Lcom/coveros/training/library/LibraryUtils;	0
<com.coveros.training.library.LibraryUtils: boolean isEmpty()>	isEmpty		com.coveros.training.library.LibraryUtils	boolean	()Z	0
<com.coveros.training.library.LibraryUtils: java.util.List listAllBooks()>	listAllBooks		com.coveros.training.library.LibraryUtils	java.util.List	()Ljava/util/List;	0
<com.coveros.training.library.LibraryUtils: java.util.List listAllBorrowers()>	listAllBorrowers		com.coveros.training.library.LibraryUtils	java.util.List	()Ljava/util/List;	0
<com.coveros.training.library.LibraryUtils: java.util.List listAvailableBooks()>	listAvailableBooks		com.coveros.training.library.LibraryUtils	java.util.List	()Ljava/util/List;	0
<com.coveros.training.library.LibraryUtils: void <clinit>()>	<clinit>		com.coveros.training.library.LibraryUtils	void	()V	0
<com.coveros.training.mathematics.AckermannIterative$1: void <clinit>()>	<clinit>		com.coveros.training.mathematics.AckermannIterative$1	void	()V	0
<com.coveros.training.persistence.DbServlet: void <init>()>	<init>		com.coveros.training.persistence.DbServlet	void	()V	0
<com.coveros.training.persistence.DbServlet: void <clinit>()>	<clinit>		com.coveros.training.persistence.DbServlet	void	()V	0
<com.coveros.training.library.LibraryBookListSearchServlet: void <init>()>	<init>		com.coveros.training.library.LibraryBookListSearchServlet	void	()V	0
<com.coveros.training.library.LibraryBookListSearchServlet: java.lang.String listAllBooks()>	listAllBooks		com.coveros.training.library.LibraryBookListSearchServlet	java.lang.String	()Ljava/lang/String;	0
<com.coveros.training.library.LibraryBookListSearchServlet: void <clinit>()>	<clinit>		com.coveros.training.library.LibraryBookListSearchServlet	void	()V	0
<com.coveros.training.mathematics.Fibonacci: void <init>()>	<init>		com.coveros.training.mathematics.Fibonacci	void	()V	0
<com.coveros.training.library.domainobjects.LibraryActionResults: com.coveros.training.library.domainobjects.LibraryActionResults[] values()>	values		com.coveros.training.library.domainobjects.LibraryActionResults	com.coveros.training.library.domainobjects.LibraryActionResults[]	()[Lcom/coveros/training/library/domainobjects/LibraryActionResults;	0
<com.coveros.training.library.domainobjects.LibraryActionResults: void <clinit>()>	<clinit>		com.coveros.training.library.domainobjects.LibraryActionResults	void	()V	0
<com.coveros.training.expenses.AlcoholResult: com.coveros.training.expenses.AlcoholResult returnEmpty()>	returnEmpty		com.coveros.training.expenses.AlcoholResult	com.coveros.training.expenses.AlcoholResult	()Lcom/coveros/training/expenses/AlcoholResult;	0
<com.coveros.training.library.domainobjects.Borrower: int hashCode()>	hashCode		com.coveros.training.library.domainobjects.Borrower	int	()I	0
<com.coveros.training.library.domainobjects.Borrower: java.lang.String toOutputString()>	toOutputString		com.coveros.training.library.domainobjects.Borrower	java.lang.String	()Ljava/lang/String;	0
<com.coveros.training.library.domainobjects.Borrower: java.lang.String toString()>	toString		com.coveros.training.library.domainobjects.Borrower	java.lang.String	()Ljava/lang/String;	0
<com.coveros.training.library.domainobjects.Borrower: com.coveros.training.library.domainobjects.Borrower createEmpty()>	createEmpty		com.coveros.training.library.domainobjects.Borrower	com.coveros.training.library.domainobjects.Borrower	()Lcom/coveros/training/library/domainobjects/Borrower;	0
<com.coveros.training.library.domainobjects.Borrower: boolean isEmpty()>	isEmpty		com.coveros.training.library.domainobjects.Borrower	boolean	()Z	0
<com.coveros.training.mathematics.Calculator$Foo: void <init>()>	<init>		com.coveros.training.mathematics.Calculator$Foo	void	()V	0
<com.coveros.training.mathematics.AckermannIterative: java.math.BigInteger number1()>	number1		com.coveros.training.mathematics.AckermannIterative	java.math.BigInteger	()Ljava/math/BigInteger;	0
<com.coveros.training.mathematics.AckermannIterative: java.math.BigInteger number2()>	number2		com.coveros.training.mathematics.AckermannIterative	java.math.BigInteger	()Ljava/math/BigInteger;	0
<com.coveros.training.mathematics.AckermannIterative: java.util.Deque stack()>	stack		com.coveros.training.mathematics.AckermannIterative	java.util.Deque	()Ljava/util/Deque;	0
<com.coveros.training.mathematics.AckermannIterative: boolean flag()>	flag		com.coveros.training.mathematics.AckermannIterative	boolean	()Z	0
<com.coveros.training.helpers.StringUtils: void <init>()>	<init>		com.coveros.training.helpers.StringUtils	void	()V	0
<com.coveros.training.authentication.domainobjects.RegistrationResult: int hashCode()>	hashCode		com.coveros.training.authentication.domainobjects.RegistrationResult	int	()I	0
<com.coveros.training.authentication.domainobjects.RegistrationResult: java.lang.String toString()>	toString		com.coveros.training.authentication.domainobjects.RegistrationResult	java.lang.String	()Ljava/lang/String;	0
<com.coveros.training.authentication.domainobjects.RegistrationResult: java.lang.String toPrettyString()>	toPrettyString		com.coveros.training.authentication.domainobjects.RegistrationResult	java.lang.String	()Ljava/lang/String;	0
<com.coveros.training.authentication.domainobjects.RegistrationResult: com.coveros.training.authentication.domainobjects.RegistrationResult createEmpty()>	createEmpty		com.coveros.training.authentication.domainobjects.RegistrationResult	com.coveros.training.authentication.domainobjects.RegistrationResult	()Lcom/coveros/training/authentication/domainobjects/RegistrationResult;	0
<com.coveros.training.authentication.domainobjects.RegistrationResult: boolean isEmpty()>	isEmpty		com.coveros.training.authentication.domainobjects.RegistrationResult	boolean	()Z	0
<com.coveros.training.persistence.ParameterObject: int hashCode()>	hashCode		com.coveros.training.persistence.ParameterObject	int	()I	0
<com.coveros.training.persistence.ParameterObject: com.coveros.training.persistence.ParameterObject createEmpty()>	createEmpty		com.coveros.training.persistence.ParameterObject	com.coveros.training.persistence.ParameterObject	()Lcom/coveros/training/persistence/ParameterObject;	0
<com.coveros.training.persistence.ParameterObject: boolean isEmpty()>	isEmpty		com.coveros.training.persistence.ParameterObject	boolean	()Z	0
<com.coveros.training.persistence.ParameterObject: java.lang.String toString()>	toString		com.coveros.training.persistence.ParameterObject	java.lang.String	()Ljava/lang/String;	0
