[<<immutable-context>>, <<immutable-context>>]	<com.coveros.training.tomcat.WebAppListener: void <init>()>/assign/instruction5	<com.coveros.training.tomcat.WebAppListener: void contextInitialized(javax.servlet.ServletContextEvent)>/assign/instruction3
[<<immutable-context>>, <<immutable-context>>]	<com.coveros.training.tomcat.WebAppListener: void <init>(com.coveros.training.persistence.IPersistenceLayer)>/assign/instruction4	<com.coveros.training.tomcat.WebAppListener: void contextInitialized(javax.servlet.ServletContextEvent)>/assign/instruction3
[<<immutable-context>>, <<immutable-context>>]	<com.coveros.training.persistence.DbServlet: void <init>()>/assign/instruction5	<com.coveros.training.persistence.DbServlet: void doGet(javax.servlet.http.HttpServletRequest,javax.servlet.http.HttpServletResponse)>/assign/instruction28
[<<immutable-context>>, <<immutable-context>>]	<com.coveros.training.persistence.DbServlet: void <init>()>/assign/instruction5	<com.coveros.training.persistence.DbServlet: void doGet(javax.servlet.http.HttpServletRequest,javax.servlet.http.HttpServletResponse)>/assign/instruction37
[<<immutable-context>>, <<immutable-context>>]	<com.coveros.training.persistence.DbServlet: void <init>()>/assign/instruction5	<com.coveros.training.persistence.DbServlet: void doGet(javax.servlet.http.HttpServletRequest,javax.servlet.http.HttpServletResponse)>/assign/instruction46
[<<immutable-context>>, <<immutable-context>>]	<com.coveros.training.persistence.DbServlet: void <init>(com.coveros.training.persistence.IPersistenceLayer)>/assign/instruction4	<com.coveros.training.persistence.DbServlet: void doGet(javax.servlet.http.HttpServletRequest,javax.servlet.http.HttpServletResponse)>/assign/instruction28
[<<immutable-context>>, <<immutable-context>>]	<com.coveros.training.persistence.DbServlet: void <init>(com.coveros.training.persistence.IPersistenceLayer)>/assign/instruction4	<com.coveros.training.persistence.DbServlet: void doGet(javax.servlet.http.HttpServletRequest,javax.servlet.http.HttpServletResponse)>/assign/instruction37
[<<immutable-context>>, <<immutable-context>>]	<com.coveros.training.persistence.DbServlet: void <init>(com.coveros.training.persistence.IPersistenceLayer)>/assign/instruction4	<com.coveros.training.persistence.DbServlet: void doGet(javax.servlet.http.HttpServletRequest,javax.servlet.http.HttpServletResponse)>/assign/instruction46
[<<immutable-hcontext>>, com.coveros.training.persistence.PersistenceLayer::MockObject]	<com.coveros.training.persistence.PersistenceLayer: void <init>(javax.sql.DataSource)>/assign/instruction4	<com.coveros.training.persistence.PersistenceLayer: org.flywaydb.core.Flyway configureFlyway()>/assign/instruction11
[<com.coveros.training.library.LibraryRegisterBookServlet: void <clinit>()>/new com.coveros.training.library.LibraryUtils/0, <com.coveros.training.library.LibraryUtils: void <init>()>/new com.coveros.training.persistence.PersistenceLayer/0]	<com.coveros.training.persistence.PersistenceLayer: long saveNewBook(java.lang.String)>/assign/instruction4	<com.coveros.training.helpers.CheckUtils: void StringMustNotBeNullOrEmpty(java.lang.String[])>/assign/instruction8
[<com.coveros.training.library.LibraryRegisterBookServlet: void <clinit>()>/new com.coveros.training.library.LibraryUtils/0, <com.coveros.training.library.LibraryUtils: void <init>()>/new com.coveros.training.persistence.PersistenceLayer/0]	<com.coveros.training.persistence.PersistenceLayer: java.util.Optional searchBooksByTitle(java.lang.String)>/assign/instruction4	<com.coveros.training.helpers.CheckUtils: void StringMustNotBeNullOrEmpty(java.lang.String[])>/assign/instruction8
[<com.coveros.training.library.LibraryRegisterBookServlet: void <clinit>()>/new com.coveros.training.library.LibraryUtils/0, <com.coveros.training.library.LibraryUtils: void <init>()>/new com.coveros.training.persistence.PersistenceLayer/0]	<com.coveros.training.persistence.PersistenceLayer: void <init>(javax.sql.DataSource)>/assign/instruction4	<com.coveros.training.persistence.PersistenceLayer: long executeInsertTemplate(java.lang.String,java.lang.String,java.lang.Object[])>/assign/instruction8
[<com.coveros.training.library.LibraryRegisterBookServlet: void <clinit>()>/new com.coveros.training.library.LibraryUtils/0, <com.coveros.training.library.LibraryUtils: void <init>()>/new com.coveros.training.persistence.PersistenceLayer/0]	<com.coveros.training.persistence.PersistenceLayer: void <init>(javax.sql.DataSource)>/assign/instruction4	<com.coveros.training.persistence.PersistenceLayer: java.util.Optional runQuery(com.coveros.training.persistence.SqlData)>/assign/instruction3
[<<immutable-context>>, <com.coveros.training.library.LibraryLendServlet: void <clinit>()>/new com.coveros.training.library.LibraryUtils/0]	<com.coveros.training.library.LibraryUtils: void <init>(com.coveros.training.persistence.IPersistenceLayer)>/assign/instruction4	<com.coveros.training.library.LibraryUtils: void createLoan(com.coveros.training.library.domainobjects.Book,com.coveros.training.library.domainobjects.Borrower,java.sql.Date)>/assign/instruction10
[<<immutable-context>>, <com.coveros.training.library.LibraryLendServlet: void <clinit>()>/new com.coveros.training.library.LibraryUtils/0]	<com.coveros.training.library.LibraryUtils: void <init>(com.coveros.training.persistence.IPersistenceLayer)>/assign/instruction4	<com.coveros.training.library.LibraryUtils: com.coveros.training.library.domainobjects.Loan searchForLoanByBook(com.coveros.training.library.domainobjects.Book)>/assign/instruction7
[<<immutable-context>>, <com.coveros.training.library.LibraryLendServlet: void <clinit>()>/new com.coveros.training.library.LibraryUtils/0]	<com.coveros.training.library.LibraryUtils: void <init>(com.coveros.training.persistence.IPersistenceLayer)>/assign/instruction4	<com.coveros.training.library.LibraryUtils: com.coveros.training.library.domainobjects.Borrower searchForBorrowerByName(java.lang.String)>/assign/instruction6
[<<immutable-context>>, <com.coveros.training.library.LibraryLendServlet: void <clinit>()>/new com.coveros.training.library.LibraryUtils/0]	<com.coveros.training.library.LibraryUtils: void <init>(com.coveros.training.persistence.IPersistenceLayer)>/assign/instruction4	<com.coveros.training.library.LibraryUtils: com.coveros.training.library.domainobjects.Book searchForBookByTitle(java.lang.String)>/assign/instruction12
[<<immutable-context>>, <com.coveros.training.tomcat.WebAppListener: void <init>()>/new com.coveros.training.persistence.PersistenceLayer/0]	<com.coveros.training.persistence.PersistenceLayer: void <init>(javax.sql.DataSource)>/assign/instruction4	<com.coveros.training.persistence.PersistenceLayer: org.flywaydb.core.Flyway configureFlyway()>/assign/instruction11
[<<immutable-context>>, <com.coveros.training.library.LibraryRegisterBookServlet: void <clinit>()>/new com.coveros.training.library.LibraryUtils/0]	<com.coveros.training.library.LibraryUtils: void <init>(com.coveros.training.persistence.IPersistenceLayer)>/assign/instruction4	<com.coveros.training.library.LibraryUtils: void saveNewBook(java.lang.String)>/assign/instruction6
[<<immutable-context>>, <com.coveros.training.library.LibraryRegisterBookServlet: void <clinit>()>/new com.coveros.training.library.LibraryUtils/0]	<com.coveros.training.library.LibraryUtils: void <init>(com.coveros.training.persistence.IPersistenceLayer)>/assign/instruction4	<com.coveros.training.library.LibraryUtils: com.coveros.training.library.domainobjects.Book searchForBookByTitle(java.lang.String)>/assign/instruction12
[<<immutable-context>>, <com.coveros.training.library.LibraryBorrowerListSearchServlet: void <clinit>()>/new com.coveros.training.library.LibraryUtils/0]	<com.coveros.training.library.LibraryUtils: void <init>(com.coveros.training.persistence.IPersistenceLayer)>/assign/instruction4	<com.coveros.training.library.LibraryUtils: com.coveros.training.library.domainobjects.Borrower searchForBorrowerByName(java.lang.String)>/assign/instruction6
[<<immutable-context>>, <com.coveros.training.library.LibraryBorrowerListSearchServlet: void <clinit>()>/new com.coveros.training.library.LibraryUtils/0]	<com.coveros.training.library.LibraryUtils: void <init>(com.coveros.training.persistence.IPersistenceLayer)>/assign/instruction4	<com.coveros.training.library.LibraryUtils: com.coveros.training.library.domainobjects.Borrower searchForBorrowerById(long)>/assign/instruction13
[<<immutable-context>>, <com.coveros.training.library.LibraryBorrowerListSearchServlet: void <clinit>()>/new com.coveros.training.library.LibraryUtils/0]	<com.coveros.training.library.LibraryUtils: void <init>(com.coveros.training.persistence.IPersistenceLayer)>/assign/instruction4	<com.coveros.training.library.LibraryUtils: java.util.List listAllBorrowers()>/assign/instruction5
[<<immutable-context>>, <com.coveros.training.library.LibraryRegisterBorrowerServlet: void <clinit>()>/new com.coveros.training.library.LibraryUtils/0]	<com.coveros.training.library.LibraryUtils: void <init>(com.coveros.training.persistence.IPersistenceLayer)>/assign/instruction4	<com.coveros.training.library.LibraryUtils: void saveNewBorrower(java.lang.String)>/assign/instruction6
[<<immutable-context>>, <com.coveros.training.library.LibraryRegisterBorrowerServlet: void <clinit>()>/new com.coveros.training.library.LibraryUtils/0]	<com.coveros.training.library.LibraryUtils: void <init>(com.coveros.training.persistence.IPersistenceLayer)>/assign/instruction4	<com.coveros.training.library.LibraryUtils: com.coveros.training.library.domainobjects.Borrower searchForBorrowerByName(java.lang.String)>/assign/instruction6
[<<immutable-context>>, <com.coveros.training.library.LibraryBookListAvailableServlet: void <clinit>()>/new com.coveros.training.library.LibraryUtils/0]	<com.coveros.training.library.LibraryUtils: void <init>(com.coveros.training.persistence.IPersistenceLayer)>/assign/instruction4	<com.coveros.training.library.LibraryUtils: java.util.List listAvailableBooks()>/assign/instruction5
[<<immutable-context>>, <com.coveros.training.authentication.LoginServlet: void <clinit>()>/new com.coveros.training.authentication.LoginUtils/0]	<com.coveros.training.authentication.LoginUtils: boolean isUserRegistered(java.lang.String,java.lang.String)>/assign/instruction5	<com.coveros.training.helpers.CheckUtils: void StringMustNotBeNullOrEmpty(java.lang.String[])>/assign/instruction8
[<<immutable-context>>, <com.coveros.training.authentication.LoginServlet: void <clinit>()>/new com.coveros.training.authentication.LoginUtils/0]	<com.coveros.training.authentication.LoginUtils: boolean isUserRegistered(java.lang.String,java.lang.String)>/assign/instruction6	<com.coveros.training.helpers.CheckUtils: void StringMustNotBeNullOrEmpty(java.lang.String[])>/assign/instruction8
[<<immutable-context>>, <com.coveros.training.authentication.LoginServlet: void <clinit>()>/new com.coveros.training.authentication.LoginUtils/0]	<com.coveros.training.authentication.LoginUtils: void <init>(com.coveros.training.persistence.IPersistenceLayer)>/assign/instruction4	<com.coveros.training.authentication.LoginUtils: boolean isUserRegistered(java.lang.String,java.lang.String)>/assign/instruction11
[<<immutable-context>>, <com.coveros.training.authentication.RegisterServlet: void <clinit>()>/new com.coveros.training.authentication.RegistrationUtils/0]	<com.coveros.training.authentication.RegistrationUtils: com.coveros.training.authentication.domainobjects.RegistrationResult processRegistration(java.lang.String,java.lang.String)>/assign/instruction8	<com.coveros.training.helpers.CheckUtils: void StringMustNotBeNullOrEmpty(java.lang.String[])>/assign/instruction8
[<<immutable-context>>, <com.coveros.training.authentication.RegisterServlet: void <clinit>()>/new com.coveros.training.authentication.RegistrationUtils/0]	<com.coveros.training.authentication.RegistrationUtils: com.coveros.training.authentication.domainobjects.RegistrationResult processRegistration(java.lang.String,java.lang.String)>/assign/instruction11	<com.coveros.training.helpers.CheckUtils: void StringMustNotBeNullOrEmpty(java.lang.String[])>/assign/instruction8
[<<immutable-context>>, <com.coveros.training.authentication.RegisterServlet: void <clinit>()>/new com.coveros.training.authentication.RegistrationUtils/0]	<com.coveros.training.authentication.RegistrationUtils: com.coveros.training.authentication.domainobjects.PasswordResult isPasswordGood(java.lang.String)>/assign/instruction11	<com.coveros.training.helpers.CheckUtils: void StringMustNotBeNullOrEmpty(java.lang.String[])>/assign/instruction8
[<<immutable-context>>, <com.coveros.training.authentication.RegisterServlet: void <clinit>()>/new com.coveros.training.authentication.RegistrationUtils/0]	<com.coveros.training.authentication.RegistrationUtils: void <init>(com.coveros.training.persistence.IPersistenceLayer)>/assign/instruction4	<com.coveros.training.authentication.RegistrationUtils: boolean isUserInDatabase(java.lang.String)>/assign/instruction3
[<<immutable-context>>, <com.coveros.training.authentication.RegisterServlet: void <clinit>()>/new com.coveros.training.authentication.RegistrationUtils/0]	<com.coveros.training.authentication.RegistrationUtils: void <init>(com.coveros.training.persistence.IPersistenceLayer)>/assign/instruction4	<com.coveros.training.authentication.RegistrationUtils: void saveToDatabase(java.lang.String,java.lang.String)>/assign/instruction4
[<<immutable-context>>, <com.coveros.training.authentication.RegisterServlet: void <clinit>()>/new com.coveros.training.authentication.RegistrationUtils/0]	<com.coveros.training.authentication.RegistrationUtils: void <init>(com.coveros.training.persistence.IPersistenceLayer)>/assign/instruction4	<com.coveros.training.authentication.RegistrationUtils: void saveToDatabase(java.lang.String,java.lang.String)>/assign/instruction6
[<<immutable-context>>, <com.coveros.training.persistence.DbServlet: void <init>()>/new com.coveros.training.persistence.PersistenceLayer/0]	<com.coveros.training.persistence.PersistenceLayer: void <init>(javax.sql.DataSource)>/assign/instruction4	<com.coveros.training.persistence.PersistenceLayer: org.flywaydb.core.Flyway configureFlyway()>/assign/instruction11
[<<immutable-context>>, <com.coveros.training.library.LibraryBookListSearchServlet: void <clinit>()>/new com.coveros.training.library.LibraryUtils/0]	<com.coveros.training.library.LibraryUtils: void <init>(com.coveros.training.persistence.IPersistenceLayer)>/assign/instruction4	<com.coveros.training.library.LibraryUtils: com.coveros.training.library.domainobjects.Book searchForBookByTitle(java.lang.String)>/assign/instruction12
[<<immutable-context>>, <com.coveros.training.library.LibraryBookListSearchServlet: void <clinit>()>/new com.coveros.training.library.LibraryUtils/0]	<com.coveros.training.library.LibraryUtils: void <init>(com.coveros.training.persistence.IPersistenceLayer)>/assign/instruction4	<com.coveros.training.library.LibraryUtils: com.coveros.training.library.domainobjects.Book searchForBookById(long)>/assign/instruction13
[<<immutable-context>>, <com.coveros.training.library.LibraryBookListSearchServlet: void <clinit>()>/new com.coveros.training.library.LibraryUtils/0]	<com.coveros.training.library.LibraryUtils: void <init>(com.coveros.training.persistence.IPersistenceLayer)>/assign/instruction4	<com.coveros.training.library.LibraryUtils: java.util.List listAllBooks()>/assign/instruction5
[<com.coveros.training.authentication.RegisterServlet: void <clinit>()>/new com.coveros.training.authentication.RegistrationUtils/0, <com.coveros.training.authentication.domainobjects.PasswordResult: com.coveros.training.authentication.domainobjects.PasswordResult createDefault(com.coveros.training.authentication.domainobjects.PasswordResultEnums)>/new com.coveros.training.authentication.domainobjects.PasswordResult/0]	<com.coveros.training.authentication.domainobjects.PasswordResult: void <init>(com.coveros.training.authentication.domainobjects.PasswordResultEnums,java.lang.Double,java.lang.String,java.lang.String,java.lang.String)>/assign/instruction8	<com.coveros.training.authentication.domainobjects.PasswordResult: java.lang.String toPrettyString()>/assign/instruction3
[<com.coveros.training.authentication.RegisterServlet: void <clinit>()>/new com.coveros.training.authentication.RegistrationUtils/0, <com.coveros.training.authentication.domainobjects.PasswordResult: com.coveros.training.authentication.domainobjects.PasswordResult createDefault(com.coveros.training.authentication.domainobjects.PasswordResultEnums)>/new com.coveros.training.authentication.domainobjects.PasswordResult/0]	<com.coveros.training.authentication.domainobjects.PasswordResult: void <init>(com.coveros.training.authentication.domainobjects.PasswordResultEnums,java.lang.Double,java.lang.String,java.lang.String,java.lang.String)>/assign/instruction9	<com.coveros.training.authentication.domainobjects.PasswordResult: java.lang.String toPrettyString()>/assign/instruction8
[<com.coveros.training.authentication.RegisterServlet: void <clinit>()>/new com.coveros.training.authentication.RegistrationUtils/0, <com.coveros.training.authentication.domainobjects.PasswordResult: com.coveros.training.authentication.domainobjects.PasswordResult createDefault(com.coveros.training.authentication.domainobjects.PasswordResultEnums)>/new com.coveros.training.authentication.domainobjects.PasswordResult/0]	<com.coveros.training.authentication.domainobjects.PasswordResult: void <init>(com.coveros.training.authentication.domainobjects.PasswordResultEnums,java.lang.Double,java.lang.String,java.lang.String,java.lang.String)>/assign/instruction10	<com.coveros.training.authentication.domainobjects.PasswordResult: java.lang.String toPrettyString()>/assign/instruction13
[<com.coveros.training.authentication.RegisterServlet: void <clinit>()>/new com.coveros.training.authentication.RegistrationUtils/0, <com.coveros.training.authentication.domainobjects.PasswordResult: com.coveros.training.authentication.domainobjects.PasswordResult createDefault(com.coveros.training.authentication.domainobjects.PasswordResultEnums)>/new com.coveros.training.authentication.domainobjects.PasswordResult/0]	<com.coveros.training.authentication.domainobjects.PasswordResult: void <init>(com.coveros.training.authentication.domainobjects.PasswordResultEnums,java.lang.Double,java.lang.String,java.lang.String,java.lang.String)>/assign/instruction11	<com.coveros.training.authentication.domainobjects.PasswordResult: java.lang.String toPrettyString()>/assign/instruction18
[<com.coveros.training.authentication.RegisterServlet: void <clinit>()>/new com.coveros.training.authentication.RegistrationUtils/0, <com.coveros.training.authentication.domainobjects.PasswordResult: com.coveros.training.authentication.domainobjects.PasswordResult createDefault(com.coveros.training.authentication.domainobjects.PasswordResultEnums)>/new com.coveros.training.authentication.domainobjects.PasswordResult/0]	<com.coveros.training.authentication.domainobjects.PasswordResult: void <init>(com.coveros.training.authentication.domainobjects.PasswordResultEnums,java.lang.Double,java.lang.String,java.lang.String,java.lang.String)>/assign/instruction12	<com.coveros.training.authentication.domainobjects.PasswordResult: java.lang.String toPrettyString()>/assign/instruction23
[<com.coveros.training.library.LibraryLendServlet: void <clinit>()>/new com.coveros.training.library.LibraryUtils/0, <com.coveros.training.library.LibraryUtils: void <init>()>/new com.coveros.training.persistence.PersistenceLayer/0]	<com.coveros.training.persistence.PersistenceLayer: java.util.Optional searchBorrowerDataByName(java.lang.String)>/assign/instruction4	<com.coveros.training.helpers.CheckUtils: void StringMustNotBeNullOrEmpty(java.lang.String[])>/assign/instruction8
[<com.coveros.training.library.LibraryLendServlet: void <clinit>()>/new com.coveros.training.library.LibraryUtils/0, <com.coveros.training.library.LibraryUtils: void <init>()>/new com.coveros.training.persistence.PersistenceLayer/0]	<com.coveros.training.persistence.PersistenceLayer: java.util.Optional searchBooksByTitle(java.lang.String)>/assign/instruction4	<com.coveros.training.helpers.CheckUtils: void StringMustNotBeNullOrEmpty(java.lang.String[])>/assign/instruction8
[<com.coveros.training.library.LibraryLendServlet: void <clinit>()>/new com.coveros.training.library.LibraryUtils/0, <com.coveros.training.library.LibraryUtils: void <init>()>/new com.coveros.training.persistence.PersistenceLayer/0]	<com.coveros.training.persistence.PersistenceLayer: void <init>(javax.sql.DataSource)>/assign/instruction4	<com.coveros.training.persistence.PersistenceLayer: long executeInsertTemplate(java.lang.String,java.lang.String,java.lang.Object[])>/assign/instruction8
[<com.coveros.training.library.LibraryLendServlet: void <clinit>()>/new com.coveros.training.library.LibraryUtils/0, <com.coveros.training.library.LibraryUtils: void <init>()>/new com.coveros.training.persistence.PersistenceLayer/0]	<com.coveros.training.persistence.PersistenceLayer: void <init>(javax.sql.DataSource)>/assign/instruction4	<com.coveros.training.persistence.PersistenceLayer: java.util.Optional runQuery(com.coveros.training.persistence.SqlData)>/assign/instruction3
[<com.coveros.training.library.LibraryBorrowerListSearchServlet: void <clinit>()>/new com.coveros.training.library.LibraryUtils/0, <com.coveros.training.library.LibraryUtils: void <init>()>/new com.coveros.training.persistence.PersistenceLayer/0]	<com.coveros.training.persistence.PersistenceLayer: java.util.Optional searchBorrowerDataByName(java.lang.String)>/assign/instruction4	<com.coveros.training.helpers.CheckUtils: void StringMustNotBeNullOrEmpty(java.lang.String[])>/assign/instruction8
[<com.coveros.training.library.LibraryBorrowerListSearchServlet: void <clinit>()>/new com.coveros.training.library.LibraryUtils/0, <com.coveros.training.library.LibraryUtils: void <init>()>/new com.coveros.training.persistence.PersistenceLayer/0]	<com.coveros.training.persistence.PersistenceLayer: void <init>(javax.sql.DataSource)>/assign/instruction4	<com.coveros.training.persistence.PersistenceLayer: java.util.Optional runQuery(com.coveros.training.persistence.SqlData)>/assign/instruction3
[<com.coveros.training.library.LibraryRegisterBorrowerServlet: void <clinit>()>/new com.coveros.training.library.LibraryUtils/0, <com.coveros.training.library.LibraryUtils: void <init>()>/new com.coveros.training.persistence.PersistenceLayer/0]	<com.coveros.training.persistence.PersistenceLayer: long saveNewBorrower(java.lang.String)>/assign/instruction4	<com.coveros.training.helpers.CheckUtils: void StringMustNotBeNullOrEmpty(java.lang.String[])>/assign/instruction8
[<com.coveros.training.library.LibraryRegisterBorrowerServlet: void <clinit>()>/new com.coveros.training.library.LibraryUtils/0, <com.coveros.training.library.LibraryUtils: void <init>()>/new com.coveros.training.persistence.PersistenceLayer/0]	<com.coveros.training.persistence.PersistenceLayer: java.util.Optional searchBorrowerDataByName(java.lang.String)>/assign/instruction4	<com.coveros.training.helpers.CheckUtils: void StringMustNotBeNullOrEmpty(java.lang.String[])>/assign/instruction8
[<com.coveros.training.library.LibraryRegisterBorrowerServlet: void <clinit>()>/new com.coveros.training.library.LibraryUtils/0, <com.coveros.training.library.LibraryUtils: void <init>()>/new com.coveros.training.persistence.PersistenceLayer/0]	<com.coveros.training.persistence.PersistenceLayer: void <init>(javax.sql.DataSource)>/assign/instruction4	<com.coveros.training.persistence.PersistenceLayer: long executeInsertTemplate(java.lang.String,java.lang.String,java.lang.Object[])>/assign/instruction8
[<com.coveros.training.library.LibraryRegisterBorrowerServlet: void <clinit>()>/new com.coveros.training.library.LibraryUtils/0, <com.coveros.training.library.LibraryUtils: void <init>()>/new com.coveros.training.persistence.PersistenceLayer/0]	<com.coveros.training.persistence.PersistenceLayer: void <init>(javax.sql.DataSource)>/assign/instruction4	<com.coveros.training.persistence.PersistenceLayer: java.util.Optional runQuery(com.coveros.training.persistence.SqlData)>/assign/instruction3
[<com.coveros.training.library.LibraryBookListAvailableServlet: void <clinit>()>/new com.coveros.training.library.LibraryUtils/0, <com.coveros.training.library.LibraryUtils: void <init>()>/new com.coveros.training.persistence.PersistenceLayer/0]	<com.coveros.training.persistence.PersistenceLayer: void <init>(javax.sql.DataSource)>/assign/instruction4	<com.coveros.training.persistence.PersistenceLayer: java.util.Optional runQuery(com.coveros.training.persistence.SqlData)>/assign/instruction3
[<com.coveros.training.authentication.LoginServlet: void <clinit>()>/new com.coveros.training.authentication.LoginUtils/0, <com.coveros.training.authentication.LoginUtils: void <init>()>/new com.coveros.training.persistence.PersistenceLayer/0]	<com.coveros.training.persistence.PersistenceLayer: java.lang.String createHashedValueFromPassword(java.lang.String)>/assign/instruction4	<com.coveros.training.helpers.CheckUtils: void StringMustNotBeNullOrEmpty(java.lang.String[])>/assign/instruction8
[<com.coveros.training.authentication.LoginServlet: void <clinit>()>/new com.coveros.training.authentication.LoginUtils/0, <com.coveros.training.authentication.LoginUtils: void <init>()>/new com.coveros.training.persistence.PersistenceLayer/0]	<com.coveros.training.persistence.PersistenceLayer: void <init>(javax.sql.DataSource)>/assign/instruction4	<com.coveros.training.persistence.PersistenceLayer: java.util.Optional runQuery(com.coveros.training.persistence.SqlData)>/assign/instruction3
[<com.coveros.training.authentication.RegisterServlet: void <clinit>()>/new com.coveros.training.authentication.RegistrationUtils/0, <com.coveros.training.authentication.RegistrationUtils: void <init>()>/new com.coveros.training.persistence.PersistenceLayer/0]	<com.coveros.training.persistence.PersistenceLayer: long saveNewUser(java.lang.String)>/assign/instruction4	<com.coveros.training.helpers.CheckUtils: void StringMustNotBeNullOrEmpty(java.lang.String[])>/assign/instruction8
[<com.coveros.training.authentication.RegisterServlet: void <clinit>()>/new com.coveros.training.authentication.RegistrationUtils/0, <com.coveros.training.authentication.RegistrationUtils: void <init>()>/new com.coveros.training.persistence.PersistenceLayer/0]	<com.coveros.training.persistence.PersistenceLayer: java.util.Optional searchForUserByName(java.lang.String)>/assign/instruction4	<com.coveros.training.helpers.CheckUtils: void StringMustNotBeNullOrEmpty(java.lang.String[])>/assign/instruction8
[<com.coveros.training.authentication.RegisterServlet: void <clinit>()>/new com.coveros.training.authentication.RegistrationUtils/0, <com.coveros.training.authentication.RegistrationUtils: void <init>()>/new com.coveros.training.persistence.PersistenceLayer/0]	<com.coveros.training.persistence.PersistenceLayer: java.lang.String createHashedValueFromPassword(java.lang.String)>/assign/instruction4	<com.coveros.training.helpers.CheckUtils: void StringMustNotBeNullOrEmpty(java.lang.String[])>/assign/instruction8
[<com.coveros.training.authentication.RegisterServlet: void <clinit>()>/new com.coveros.training.authentication.RegistrationUtils/0, <com.coveros.training.authentication.RegistrationUtils: void <init>()>/new com.coveros.training.persistence.PersistenceLayer/0]	<com.coveros.training.persistence.PersistenceLayer: void <init>(javax.sql.DataSource)>/assign/instruction4	<com.coveros.training.persistence.PersistenceLayer: void executeUpdateTemplate(java.lang.String,java.lang.String,java.lang.Object[])>/assign/instruction8
[<com.coveros.training.authentication.RegisterServlet: void <clinit>()>/new com.coveros.training.authentication.RegistrationUtils/0, <com.coveros.training.authentication.RegistrationUtils: void <init>()>/new com.coveros.training.persistence.PersistenceLayer/0]	<com.coveros.training.persistence.PersistenceLayer: void <init>(javax.sql.DataSource)>/assign/instruction4	<com.coveros.training.persistence.PersistenceLayer: long executeInsertTemplate(java.lang.String,java.lang.String,java.lang.Object[])>/assign/instruction8
[<com.coveros.training.authentication.RegisterServlet: void <clinit>()>/new com.coveros.training.authentication.RegistrationUtils/0, <com.coveros.training.authentication.RegistrationUtils: void <init>()>/new com.coveros.training.persistence.PersistenceLayer/0]	<com.coveros.training.persistence.PersistenceLayer: void <init>(javax.sql.DataSource)>/assign/instruction4	<com.coveros.training.persistence.PersistenceLayer: java.util.Optional runQuery(com.coveros.training.persistence.SqlData)>/assign/instruction3
[<com.coveros.training.library.LibraryBookListSearchServlet: void <clinit>()>/new com.coveros.training.library.LibraryUtils/0, <com.coveros.training.library.LibraryUtils: void <init>()>/new com.coveros.training.persistence.PersistenceLayer/0]	<com.coveros.training.persistence.PersistenceLayer: java.util.Optional searchBooksByTitle(java.lang.String)>/assign/instruction4	<com.coveros.training.helpers.CheckUtils: void StringMustNotBeNullOrEmpty(java.lang.String[])>/assign/instruction8
[<com.coveros.training.library.LibraryBookListSearchServlet: void <clinit>()>/new com.coveros.training.library.LibraryUtils/0, <com.coveros.training.library.LibraryUtils: void <init>()>/new com.coveros.training.persistence.PersistenceLayer/0]	<com.coveros.training.persistence.PersistenceLayer: void <init>(javax.sql.DataSource)>/assign/instruction4	<com.coveros.training.persistence.PersistenceLayer: java.util.Optional runQuery(com.coveros.training.persistence.SqlData)>/assign/instruction3
[<com.coveros.training.authentication.RegisterServlet: void <clinit>()>/new com.coveros.training.authentication.RegistrationUtils/0, <com.coveros.training.authentication.RegistrationUtils: com.coveros.training.authentication.domainobjects.RegistrationResult processRegistration(java.lang.String,java.lang.String)>/new com.coveros.training.authentication.domainobjects.RegistrationResult/0]	<com.coveros.training.authentication.domainobjects.RegistrationResult: void <init>(boolean,com.coveros.training.authentication.domainobjects.RegistrationStatusEnums,java.lang.String)>/assign/instruction6	<com.coveros.training.authentication.domainobjects.RegistrationResult: java.lang.String toPrettyString()>/assign/instruction3
[<com.coveros.training.authentication.RegisterServlet: void <clinit>()>/new com.coveros.training.authentication.RegistrationUtils/0, <com.coveros.training.authentication.RegistrationUtils: com.coveros.training.authentication.domainobjects.RegistrationResult processRegistration(java.lang.String,java.lang.String)>/new com.coveros.training.authentication.domainobjects.RegistrationResult/0]	<com.coveros.training.authentication.domainobjects.RegistrationResult: void <init>(boolean,com.coveros.training.authentication.domainobjects.RegistrationStatusEnums,java.lang.String)>/assign/instruction7	<com.coveros.training.authentication.domainobjects.RegistrationResult: java.lang.String toPrettyString()>/assign/instruction9
[<com.coveros.training.authentication.RegisterServlet: void <clinit>()>/new com.coveros.training.authentication.RegistrationUtils/0, <com.coveros.training.authentication.RegistrationUtils: com.coveros.training.authentication.domainobjects.RegistrationResult processRegistration(java.lang.String,java.lang.String)>/new com.coveros.training.authentication.domainobjects.RegistrationResult/0]	<com.coveros.training.authentication.domainobjects.RegistrationResult: void <init>(boolean,com.coveros.training.authentication.domainobjects.RegistrationStatusEnums,java.lang.String)>/assign/instruction8	<com.coveros.training.authentication.domainobjects.RegistrationResult: java.lang.String toPrettyString()>/assign/instruction14
[<com.coveros.training.authentication.RegisterServlet: void <clinit>()>/new com.coveros.training.authentication.RegistrationUtils/0, <com.coveros.training.authentication.RegistrationUtils: com.coveros.training.authentication.domainobjects.RegistrationResult processRegistration(java.lang.String,java.lang.String)>/new com.coveros.training.authentication.domainobjects.RegistrationResult/1]	<com.coveros.training.authentication.domainobjects.RegistrationResult: void <init>(boolean,com.coveros.training.authentication.domainobjects.RegistrationStatusEnums,java.lang.String)>/assign/instruction6	<com.coveros.training.authentication.domainobjects.RegistrationResult: java.lang.String toPrettyString()>/assign/instruction3
[<com.coveros.training.authentication.RegisterServlet: void <clinit>()>/new com.coveros.training.authentication.RegistrationUtils/0, <com.coveros.training.authentication.RegistrationUtils: com.coveros.training.authentication.domainobjects.RegistrationResult processRegistration(java.lang.String,java.lang.String)>/new com.coveros.training.authentication.domainobjects.RegistrationResult/1]	<com.coveros.training.authentication.domainobjects.RegistrationResult: void <init>(boolean,com.coveros.training.authentication.domainobjects.RegistrationStatusEnums,java.lang.String)>/assign/instruction7	<com.coveros.training.authentication.domainobjects.RegistrationResult: java.lang.String toPrettyString()>/assign/instruction9
[<com.coveros.training.authentication.RegisterServlet: void <clinit>()>/new com.coveros.training.authentication.RegistrationUtils/0, <com.coveros.training.authentication.RegistrationUtils: com.coveros.training.authentication.domainobjects.RegistrationResult processRegistration(java.lang.String,java.lang.String)>/new com.coveros.training.authentication.domainobjects.RegistrationResult/1]	<com.coveros.training.authentication.domainobjects.RegistrationResult: void <init>(boolean,com.coveros.training.authentication.domainobjects.RegistrationStatusEnums,java.lang.String)>/assign/instruction8	<com.coveros.training.authentication.domainobjects.RegistrationResult: java.lang.String toPrettyString()>/assign/instruction14
[<com.coveros.training.authentication.RegisterServlet: void <clinit>()>/new com.coveros.training.authentication.RegistrationUtils/0, <com.coveros.training.authentication.RegistrationUtils: com.coveros.training.authentication.domainobjects.RegistrationResult processRegistration(java.lang.String,java.lang.String)>/new com.coveros.training.authentication.domainobjects.RegistrationResult/2]	<com.coveros.training.authentication.domainobjects.RegistrationResult: void <init>(boolean,com.coveros.training.authentication.domainobjects.RegistrationStatusEnums,java.lang.String)>/assign/instruction6	<com.coveros.training.authentication.domainobjects.RegistrationResult: java.lang.String toPrettyString()>/assign/instruction3
[<com.coveros.training.authentication.RegisterServlet: void <clinit>()>/new com.coveros.training.authentication.RegistrationUtils/0, <com.coveros.training.authentication.RegistrationUtils: com.coveros.training.authentication.domainobjects.RegistrationResult processRegistration(java.lang.String,java.lang.String)>/new com.coveros.training.authentication.domainobjects.RegistrationResult/2]	<com.coveros.training.authentication.domainobjects.RegistrationResult: void <init>(boolean,com.coveros.training.authentication.domainobjects.RegistrationStatusEnums,java.lang.String)>/assign/instruction7	<com.coveros.training.authentication.domainobjects.RegistrationResult: java.lang.String toPrettyString()>/assign/instruction9
[<com.coveros.training.authentication.RegisterServlet: void <clinit>()>/new com.coveros.training.authentication.RegistrationUtils/0, <com.coveros.training.authentication.RegistrationUtils: com.coveros.training.authentication.domainobjects.RegistrationResult processRegistration(java.lang.String,java.lang.String)>/new com.coveros.training.authentication.domainobjects.RegistrationResult/2]	<com.coveros.training.authentication.domainobjects.RegistrationResult: void <init>(boolean,com.coveros.training.authentication.domainobjects.RegistrationStatusEnums,java.lang.String)>/assign/instruction8	<com.coveros.training.authentication.domainobjects.RegistrationResult: java.lang.String toPrettyString()>/assign/instruction14
[<com.coveros.training.authentication.RegisterServlet: void <clinit>()>/new com.coveros.training.authentication.RegistrationUtils/0, <com.coveros.training.authentication.RegistrationUtils: com.coveros.training.authentication.domainobjects.PasswordResult isPasswordGood(java.lang.String)>/new com.coveros.training.authentication.domainobjects.PasswordResult/0]	<com.coveros.training.authentication.domainobjects.PasswordResult: void <init>(com.coveros.training.authentication.domainobjects.PasswordResultEnums,java.lang.Double,java.lang.String,java.lang.String,java.lang.String)>/assign/instruction8	<com.coveros.training.authentication.domainobjects.PasswordResult: java.lang.String toPrettyString()>/assign/instruction3
[<com.coveros.training.authentication.RegisterServlet: void <clinit>()>/new com.coveros.training.authentication.RegistrationUtils/0, <com.coveros.training.authentication.RegistrationUtils: com.coveros.training.authentication.domainobjects.PasswordResult isPasswordGood(java.lang.String)>/new com.coveros.training.authentication.domainobjects.PasswordResult/0]	<com.coveros.training.authentication.domainobjects.PasswordResult: void <init>(com.coveros.training.authentication.domainobjects.PasswordResultEnums,java.lang.Double,java.lang.String,java.lang.String,java.lang.String)>/assign/instruction9	<com.coveros.training.authentication.domainobjects.PasswordResult: java.lang.String toPrettyString()>/assign/instruction8
[<com.coveros.training.authentication.RegisterServlet: void <clinit>()>/new com.coveros.training.authentication.RegistrationUtils/0, <com.coveros.training.authentication.RegistrationUtils: com.coveros.training.authentication.domainobjects.PasswordResult isPasswordGood(java.lang.String)>/new com.coveros.training.authentication.domainobjects.PasswordResult/0]	<com.coveros.training.authentication.domainobjects.PasswordResult: void <init>(com.coveros.training.authentication.domainobjects.PasswordResultEnums,java.lang.Double,java.lang.String,java.lang.String,java.lang.String)>/assign/instruction10	<com.coveros.training.authentication.domainobjects.PasswordResult: java.lang.String toPrettyString()>/assign/instruction13
[<com.coveros.training.authentication.RegisterServlet: void <clinit>()>/new com.coveros.training.authentication.RegistrationUtils/0, <com.coveros.training.authentication.RegistrationUtils: com.coveros.training.authentication.domainobjects.PasswordResult isPasswordGood(java.lang.String)>/new com.coveros.training.authentication.domainobjects.PasswordResult/0]	<com.coveros.training.authentication.domainobjects.PasswordResult: void <init>(com.coveros.training.authentication.domainobjects.PasswordResultEnums,java.lang.Double,java.lang.String,java.lang.String,java.lang.String)>/assign/instruction11	<com.coveros.training.authentication.domainobjects.PasswordResult: java.lang.String toPrettyString()>/assign/instruction18
[<com.coveros.training.authentication.RegisterServlet: void <clinit>()>/new com.coveros.training.authentication.RegistrationUtils/0, <com.coveros.training.authentication.RegistrationUtils: com.coveros.training.authentication.domainobjects.PasswordResult isPasswordGood(java.lang.String)>/new com.coveros.training.authentication.domainobjects.PasswordResult/0]	<com.coveros.training.authentication.domainobjects.PasswordResult: void <init>(com.coveros.training.authentication.domainobjects.PasswordResultEnums,java.lang.Double,java.lang.String,java.lang.String,java.lang.String)>/assign/instruction12	<com.coveros.training.authentication.domainobjects.PasswordResult: java.lang.String toPrettyString()>/assign/instruction23
[<com.coveros.training.authentication.RegisterServlet: void <clinit>()>/new com.coveros.training.authentication.RegistrationUtils/0, <com.coveros.training.authentication.RegistrationUtils: com.coveros.training.authentication.domainobjects.PasswordResult isPasswordGood(java.lang.String)>/new com.coveros.training.authentication.domainobjects.PasswordResult/1]	<com.coveros.training.authentication.domainobjects.PasswordResult: void <init>(com.coveros.training.authentication.domainobjects.PasswordResultEnums,java.lang.Double,java.lang.String,java.lang.String,java.lang.String)>/assign/instruction8	<com.coveros.training.authentication.domainobjects.PasswordResult: java.lang.String toPrettyString()>/assign/instruction3
[<com.coveros.training.authentication.RegisterServlet: void <clinit>()>/new com.coveros.training.authentication.RegistrationUtils/0, <com.coveros.training.authentication.RegistrationUtils: com.coveros.training.authentication.domainobjects.PasswordResult isPasswordGood(java.lang.String)>/new com.coveros.training.authentication.domainobjects.PasswordResult/1]	<com.coveros.training.authentication.domainobjects.PasswordResult: void <init>(com.coveros.training.authentication.domainobjects.PasswordResultEnums,java.lang.Double,java.lang.String,java.lang.String,java.lang.String)>/assign/instruction9	<com.coveros.training.authentication.domainobjects.PasswordResult: java.lang.String toPrettyString()>/assign/instruction8
[<com.coveros.training.authentication.RegisterServlet: void <clinit>()>/new com.coveros.training.authentication.RegistrationUtils/0, <com.coveros.training.authentication.RegistrationUtils: com.coveros.training.authentication.domainobjects.PasswordResult isPasswordGood(java.lang.String)>/new com.coveros.training.authentication.domainobjects.PasswordResult/1]	<com.coveros.training.authentication.domainobjects.PasswordResult: void <init>(com.coveros.training.authentication.domainobjects.PasswordResultEnums,java.lang.Double,java.lang.String,java.lang.String,java.lang.String)>/assign/instruction10	<com.coveros.training.authentication.domainobjects.PasswordResult: java.lang.String toPrettyString()>/assign/instruction13
[<com.coveros.training.authentication.RegisterServlet: void <clinit>()>/new com.coveros.training.authentication.RegistrationUtils/0, <com.coveros.training.authentication.RegistrationUtils: com.coveros.training.authentication.domainobjects.PasswordResult isPasswordGood(java.lang.String)>/new com.coveros.training.authentication.domainobjects.PasswordResult/1]	<com.coveros.training.authentication.domainobjects.PasswordResult: void <init>(com.coveros.training.authentication.domainobjects.PasswordResultEnums,java.lang.Double,java.lang.String,java.lang.String,java.lang.String)>/assign/instruction11	<com.coveros.training.authentication.domainobjects.PasswordResult: java.lang.String toPrettyString()>/assign/instruction18
[<com.coveros.training.authentication.RegisterServlet: void <clinit>()>/new com.coveros.training.authentication.RegistrationUtils/0, <com.coveros.training.authentication.RegistrationUtils: com.coveros.training.authentication.domainobjects.PasswordResult isPasswordGood(java.lang.String)>/new com.coveros.training.authentication.domainobjects.PasswordResult/1]	<com.coveros.training.authentication.domainobjects.PasswordResult: void <init>(com.coveros.training.authentication.domainobjects.PasswordResultEnums,java.lang.Double,java.lang.String,java.lang.String,java.lang.String)>/assign/instruction12	<com.coveros.training.authentication.domainobjects.PasswordResult: java.lang.String toPrettyString()>/assign/instruction23
[<com.coveros.training.library.LibraryUtils: void <init>()>/new com.coveros.training.persistence.PersistenceLayer/0, <com.coveros.training.persistence.PersistenceLayer: java.util.Optional searchBooksByTitle(java.lang.String)>/new com.coveros.training.persistence.SqlData/0]	<com.coveros.training.persistence.SqlData: void <init>(java.lang.String,java.lang.String,java.util.function.Function,java.lang.Object[])>/assign/instruction11	<com.coveros.training.persistence.SqlData: void addParameter(java.lang.Object,java.lang.Class)>/assign/instruction4
[<com.coveros.training.library.LibraryUtils: void <init>()>/new com.coveros.training.persistence.PersistenceLayer/0, <com.coveros.training.persistence.PersistenceLayer: java.util.Optional searchBooksByTitle(java.lang.String)>/new com.coveros.training.persistence.SqlData/0]	<com.coveros.training.persistence.SqlData: void <init>(java.lang.String,java.lang.String,java.util.function.Function,java.lang.Object[])>/assign/instruction11	<com.coveros.training.persistence.SqlData: void applyParametersToPreparedStatement(java.sql.PreparedStatement)>/assign/instruction6
[<com.coveros.training.library.LibraryUtils: void <init>()>/new com.coveros.training.persistence.PersistenceLayer/0, <com.coveros.training.persistence.PersistenceLayer: java.util.Optional searchBooksByTitle(java.lang.String)>/new com.coveros.training.persistence.SqlData/0]	<com.coveros.training.persistence.SqlData: void <init>(java.lang.String,java.lang.String,java.util.function.Function,java.lang.Object[])>/assign/instruction11	<com.coveros.training.persistence.SqlData: void applyParametersToPreparedStatement(java.sql.PreparedStatement)>/assign/instruction9
[<com.coveros.training.authentication.RegistrationUtils: void <init>()>/new com.coveros.training.persistence.PersistenceLayer/0, <com.coveros.training.persistence.PersistenceLayer: java.util.Optional searchForUserByName(java.lang.String)>/new com.coveros.training.persistence.SqlData/0]	<com.coveros.training.persistence.SqlData: void <init>(java.lang.String,java.lang.String,java.util.function.Function,java.lang.Object[])>/assign/instruction11	<com.coveros.training.persistence.SqlData: void addParameter(java.lang.Object,java.lang.Class)>/assign/instruction4
[<com.coveros.training.authentication.RegistrationUtils: void <init>()>/new com.coveros.training.persistence.PersistenceLayer/0, <com.coveros.training.persistence.PersistenceLayer: java.util.Optional searchForUserByName(java.lang.String)>/new com.coveros.training.persistence.SqlData/0]	<com.coveros.training.persistence.SqlData: void <init>(java.lang.String,java.lang.String,java.util.function.Function,java.lang.Object[])>/assign/instruction11	<com.coveros.training.persistence.SqlData: void applyParametersToPreparedStatement(java.sql.PreparedStatement)>/assign/instruction6
[<com.coveros.training.authentication.RegistrationUtils: void <init>()>/new com.coveros.training.persistence.PersistenceLayer/0, <com.coveros.training.persistence.PersistenceLayer: java.util.Optional searchForUserByName(java.lang.String)>/new com.coveros.training.persistence.SqlData/0]	<com.coveros.training.persistence.SqlData: void <init>(java.lang.String,java.lang.String,java.util.function.Function,java.lang.Object[])>/assign/instruction11	<com.coveros.training.persistence.SqlData: void applyParametersToPreparedStatement(java.sql.PreparedStatement)>/assign/instruction9
[<com.coveros.training.library.LibraryUtils: void <init>()>/new com.coveros.training.persistence.PersistenceLayer/0, <com.coveros.training.persistence.PersistenceLayer: java.util.Optional searchBorrowerDataByName(java.lang.String)>/new com.coveros.training.persistence.SqlData/0]	<com.coveros.training.persistence.SqlData: void <init>(java.lang.String,java.lang.String,java.util.function.Function,java.lang.Object[])>/assign/instruction11	<com.coveros.training.persistence.SqlData: void addParameter(java.lang.Object,java.lang.Class)>/assign/instruction4
[<com.coveros.training.library.LibraryUtils: void <init>()>/new com.coveros.training.persistence.PersistenceLayer/0, <com.coveros.training.persistence.PersistenceLayer: java.util.Optional searchBorrowerDataByName(java.lang.String)>/new com.coveros.training.persistence.SqlData/0]	<com.coveros.training.persistence.SqlData: void <init>(java.lang.String,java.lang.String,java.util.function.Function,java.lang.Object[])>/assign/instruction11	<com.coveros.training.persistence.SqlData: void applyParametersToPreparedStatement(java.sql.PreparedStatement)>/assign/instruction6
[<com.coveros.training.library.LibraryUtils: void <init>()>/new com.coveros.training.persistence.PersistenceLayer/0, <com.coveros.training.persistence.PersistenceLayer: java.util.Optional searchBorrowerDataByName(java.lang.String)>/new com.coveros.training.persistence.SqlData/0]	<com.coveros.training.persistence.SqlData: void <init>(java.lang.String,java.lang.String,java.util.function.Function,java.lang.Object[])>/assign/instruction11	<com.coveros.training.persistence.SqlData: void applyParametersToPreparedStatement(java.sql.PreparedStatement)>/assign/instruction9
[<com.coveros.training.library.LibraryUtils: void <init>()>/new com.coveros.training.persistence.PersistenceLayer/0, <com.coveros.training.persistence.PersistenceLayer: java.util.Optional searchBorrowersById(long)>/new com.coveros.training.persistence.SqlData/0]	<com.coveros.training.persistence.SqlData: void <init>(java.lang.String,java.lang.String,java.util.function.Function,java.lang.Object[])>/assign/instruction11	<com.coveros.training.persistence.SqlData: void addParameter(java.lang.Object,java.lang.Class)>/assign/instruction4
[<com.coveros.training.library.LibraryUtils: void <init>()>/new com.coveros.training.persistence.PersistenceLayer/0, <com.coveros.training.persistence.PersistenceLayer: java.util.Optional searchBorrowersById(long)>/new com.coveros.training.persistence.SqlData/0]	<com.coveros.training.persistence.SqlData: void <init>(java.lang.String,java.lang.String,java.util.function.Function,java.lang.Object[])>/assign/instruction11	<com.coveros.training.persistence.SqlData: void applyParametersToPreparedStatement(java.sql.PreparedStatement)>/assign/instruction6
[<com.coveros.training.library.LibraryUtils: void <init>()>/new com.coveros.training.persistence.PersistenceLayer/0, <com.coveros.training.persistence.PersistenceLayer: java.util.Optional searchBorrowersById(long)>/new com.coveros.training.persistence.SqlData/0]	<com.coveros.training.persistence.SqlData: void <init>(java.lang.String,java.lang.String,java.util.function.Function,java.lang.Object[])>/assign/instruction11	<com.coveros.training.persistence.SqlData: void applyParametersToPreparedStatement(java.sql.PreparedStatement)>/assign/instruction9
[<com.coveros.training.library.LibraryUtils: void <init>()>/new com.coveros.training.persistence.PersistenceLayer/0, <com.coveros.training.persistence.PersistenceLayer: java.util.Optional listAllBorrowers()>/new com.coveros.training.persistence.SqlData/0]	<com.coveros.training.persistence.SqlData: void <init>(java.lang.String,java.lang.String,java.util.function.Function,java.lang.Object[])>/assign/instruction11	<com.coveros.training.persistence.SqlData: void addParameter(java.lang.Object,java.lang.Class)>/assign/instruction4
[<com.coveros.training.library.LibraryUtils: void <init>()>/new com.coveros.training.persistence.PersistenceLayer/0, <com.coveros.training.persistence.PersistenceLayer: java.util.Optional listAllBorrowers()>/new com.coveros.training.persistence.SqlData/0]	<com.coveros.training.persistence.SqlData: void <init>(java.lang.String,java.lang.String,java.util.function.Function,java.lang.Object[])>/assign/instruction11	<com.coveros.training.persistence.SqlData: void applyParametersToPreparedStatement(java.sql.PreparedStatement)>/assign/instruction6
[<com.coveros.training.library.LibraryUtils: void <init>()>/new com.coveros.training.persistence.PersistenceLayer/0, <com.coveros.training.persistence.PersistenceLayer: java.util.Optional listAllBorrowers()>/new com.coveros.training.persistence.SqlData/0]	<com.coveros.training.persistence.SqlData: void <init>(java.lang.String,java.lang.String,java.util.function.Function,java.lang.Object[])>/assign/instruction11	<com.coveros.training.persistence.SqlData: void applyParametersToPreparedStatement(java.sql.PreparedStatement)>/assign/instruction9
[<com.coveros.training.authentication.LoginUtils: void <init>()>/new com.coveros.training.persistence.PersistenceLayer/0, <com.coveros.training.persistence.PersistenceLayer: java.util.Optional areCredentialsValid(java.lang.String,java.lang.String)>/new com.coveros.training.persistence.SqlData/0]	<com.coveros.training.persistence.SqlData: void <init>(java.lang.String,java.lang.String,java.util.function.Function,java.lang.Object[])>/assign/instruction11	<com.coveros.training.persistence.SqlData: void addParameter(java.lang.Object,java.lang.Class)>/assign/instruction4
[<com.coveros.training.authentication.LoginUtils: void <init>()>/new com.coveros.training.persistence.PersistenceLayer/0, <com.coveros.training.persistence.PersistenceLayer: java.util.Optional areCredentialsValid(java.lang.String,java.lang.String)>/new com.coveros.training.persistence.SqlData/0]	<com.coveros.training.persistence.SqlData: void <init>(java.lang.String,java.lang.String,java.util.function.Function,java.lang.Object[])>/assign/instruction11	<com.coveros.training.persistence.SqlData: void applyParametersToPreparedStatement(java.sql.PreparedStatement)>/assign/instruction6
[<com.coveros.training.authentication.LoginUtils: void <init>()>/new com.coveros.training.persistence.PersistenceLayer/0, <com.coveros.training.persistence.PersistenceLayer: java.util.Optional areCredentialsValid(java.lang.String,java.lang.String)>/new com.coveros.training.persistence.SqlData/0]	<com.coveros.training.persistence.SqlData: void <init>(java.lang.String,java.lang.String,java.util.function.Function,java.lang.Object[])>/assign/instruction11	<com.coveros.training.persistence.SqlData: void applyParametersToPreparedStatement(java.sql.PreparedStatement)>/assign/instruction9
[<com.coveros.training.library.LibraryUtils: void <init>()>/new com.coveros.training.persistence.PersistenceLayer/0, <com.coveros.training.persistence.PersistenceLayer: java.util.Optional searchBooksById(long)>/new com.coveros.training.persistence.SqlData/0]	<com.coveros.training.persistence.SqlData: void <init>(java.lang.String,java.lang.String,java.util.function.Function,java.lang.Object[])>/assign/instruction11	<com.coveros.training.persistence.SqlData: void addParameter(java.lang.Object,java.lang.Class)>/assign/instruction4
[<com.coveros.training.library.LibraryUtils: void <init>()>/new com.coveros.training.persistence.PersistenceLayer/0, <com.coveros.training.persistence.PersistenceLayer: java.util.Optional searchBooksById(long)>/new com.coveros.training.persistence.SqlData/0]	<com.coveros.training.persistence.SqlData: void <init>(java.lang.String,java.lang.String,java.util.function.Function,java.lang.Object[])>/assign/instruction11	<com.coveros.training.persistence.SqlData: void applyParametersToPreparedStatement(java.sql.PreparedStatement)>/assign/instruction6
[<com.coveros.training.library.LibraryUtils: void <init>()>/new com.coveros.training.persistence.PersistenceLayer/0, <com.coveros.training.persistence.PersistenceLayer: java.util.Optional searchBooksById(long)>/new com.coveros.training.persistence.SqlData/0]	<com.coveros.training.persistence.SqlData: void <init>(java.lang.String,java.lang.String,java.util.function.Function,java.lang.Object[])>/assign/instruction11	<com.coveros.training.persistence.SqlData: void applyParametersToPreparedStatement(java.sql.PreparedStatement)>/assign/instruction9
[<com.coveros.training.library.LibraryUtils: void <init>()>/new com.coveros.training.persistence.PersistenceLayer/0, <com.coveros.training.persistence.PersistenceLayer: java.util.Optional listBooks(java.lang.String,java.lang.String)>/new com.coveros.training.persistence.SqlData/0]	<com.coveros.training.persistence.SqlData: void <init>(java.lang.String,java.lang.String,java.util.function.Function,java.lang.Object[])>/assign/instruction11	<com.coveros.training.persistence.SqlData: void addParameter(java.lang.Object,java.lang.Class)>/assign/instruction4
[<com.coveros.training.library.LibraryUtils: void <init>()>/new com.coveros.training.persistence.PersistenceLayer/0, <com.coveros.training.persistence.PersistenceLayer: java.util.Optional listBooks(java.lang.String,java.lang.String)>/new com.coveros.training.persistence.SqlData/0]	<com.coveros.training.persistence.SqlData: void <init>(java.lang.String,java.lang.String,java.util.function.Function,java.lang.Object[])>/assign/instruction11	<com.coveros.training.persistence.SqlData: void applyParametersToPreparedStatement(java.sql.PreparedStatement)>/assign/instruction6
[<com.coveros.training.library.LibraryUtils: void <init>()>/new com.coveros.training.persistence.PersistenceLayer/0, <com.coveros.training.persistence.PersistenceLayer: java.util.Optional listBooks(java.lang.String,java.lang.String)>/new com.coveros.training.persistence.SqlData/0]	<com.coveros.training.persistence.SqlData: void <init>(java.lang.String,java.lang.String,java.util.function.Function,java.lang.Object[])>/assign/instruction11	<com.coveros.training.persistence.SqlData: void applyParametersToPreparedStatement(java.sql.PreparedStatement)>/assign/instruction9
[<com.coveros.training.library.LibraryUtils: void <init>()>/new com.coveros.training.persistence.PersistenceLayer/0, <com.coveros.training.persistence.PersistenceLayer: long executeInsertTemplate(java.lang.String,java.lang.String,java.lang.Object[])>/new com.coveros.training.persistence.SqlData/0]	<com.coveros.training.persistence.SqlData: void <init>(java.lang.String,java.lang.String,java.util.function.Function,java.lang.Object[])>/assign/instruction11	<com.coveros.training.persistence.SqlData: void addParameter(java.lang.Object,java.lang.Class)>/assign/instruction4
[<com.coveros.training.library.LibraryUtils: void <init>()>/new com.coveros.training.persistence.PersistenceLayer/0, <com.coveros.training.persistence.PersistenceLayer: long executeInsertTemplate(java.lang.String,java.lang.String,java.lang.Object[])>/new com.coveros.training.persistence.SqlData/0]	<com.coveros.training.persistence.SqlData: void <init>(java.lang.String,java.lang.String,java.util.function.Function,java.lang.Object[])>/assign/instruction11	<com.coveros.training.persistence.SqlData: void applyParametersToPreparedStatement(java.sql.PreparedStatement)>/assign/instruction6
[<com.coveros.training.library.LibraryUtils: void <init>()>/new com.coveros.training.persistence.PersistenceLayer/0, <com.coveros.training.persistence.PersistenceLayer: long executeInsertTemplate(java.lang.String,java.lang.String,java.lang.Object[])>/new com.coveros.training.persistence.SqlData/0]	<com.coveros.training.persistence.SqlData: void <init>(java.lang.String,java.lang.String,java.util.function.Function,java.lang.Object[])>/assign/instruction11	<com.coveros.training.persistence.SqlData: void applyParametersToPreparedStatement(java.sql.PreparedStatement)>/assign/instruction9
[<com.coveros.training.library.LibraryUtils: void <init>()>/new com.coveros.training.persistence.PersistenceLayer/0, <com.coveros.training.persistence.PersistenceLayer: java.util.Optional searchForLoanByBook(com.coveros.training.library.domainobjects.Book)>/new com.coveros.training.persistence.SqlData/0]	<com.coveros.training.persistence.SqlData: void <init>(java.lang.String,java.lang.String,java.util.function.Function,java.lang.Object[])>/assign/instruction11	<com.coveros.training.persistence.SqlData: void addParameter(java.lang.Object,java.lang.Class)>/assign/instruction4
[<com.coveros.training.library.LibraryUtils: void <init>()>/new com.coveros.training.persistence.PersistenceLayer/0, <com.coveros.training.persistence.PersistenceLayer: java.util.Optional searchForLoanByBook(com.coveros.training.library.domainobjects.Book)>/new com.coveros.training.persistence.SqlData/0]	<com.coveros.training.persistence.SqlData: void <init>(java.lang.String,java.lang.String,java.util.function.Function,java.lang.Object[])>/assign/instruction11	<com.coveros.training.persistence.SqlData: void applyParametersToPreparedStatement(java.sql.PreparedStatement)>/assign/instruction6
[<com.coveros.training.library.LibraryUtils: void <init>()>/new com.coveros.training.persistence.PersistenceLayer/0, <com.coveros.training.persistence.PersistenceLayer: java.util.Optional searchForLoanByBook(com.coveros.training.library.domainobjects.Book)>/new com.coveros.training.persistence.SqlData/0]	<com.coveros.training.persistence.SqlData: void <init>(java.lang.String,java.lang.String,java.util.function.Function,java.lang.Object[])>/assign/instruction11	<com.coveros.training.persistence.SqlData: void applyParametersToPreparedStatement(java.sql.PreparedStatement)>/assign/instruction9
[<com.coveros.training.authentication.RegistrationUtils: void <init>()>/new com.coveros.training.persistence.PersistenceLayer/0, <com.coveros.training.persistence.PersistenceLayer: void executeUpdateTemplate(java.lang.String,java.lang.String,java.lang.Object[])>/new com.coveros.training.persistence.SqlData/0]	<com.coveros.training.persistence.SqlData: void <init>(java.lang.String,java.lang.String,java.util.function.Function,java.lang.Object[])>/assign/instruction11	<com.coveros.training.persistence.SqlData: void addParameter(java.lang.Object,java.lang.Class)>/assign/instruction4
[<com.coveros.training.authentication.RegistrationUtils: void <init>()>/new com.coveros.training.persistence.PersistenceLayer/0, <com.coveros.training.persistence.PersistenceLayer: void executeUpdateTemplate(java.lang.String,java.lang.String,java.lang.Object[])>/new com.coveros.training.persistence.SqlData/0]	<com.coveros.training.persistence.SqlData: void <init>(java.lang.String,java.lang.String,java.util.function.Function,java.lang.Object[])>/assign/instruction11	<com.coveros.training.persistence.SqlData: void applyParametersToPreparedStatement(java.sql.PreparedStatement)>/assign/instruction6
[<com.coveros.training.authentication.RegistrationUtils: void <init>()>/new com.coveros.training.persistence.PersistenceLayer/0, <com.coveros.training.persistence.PersistenceLayer: void executeUpdateTemplate(java.lang.String,java.lang.String,java.lang.Object[])>/new com.coveros.training.persistence.SqlData/0]	<com.coveros.training.persistence.SqlData: void <init>(java.lang.String,java.lang.String,java.util.function.Function,java.lang.Object[])>/assign/instruction11	<com.coveros.training.persistence.SqlData: void applyParametersToPreparedStatement(java.sql.PreparedStatement)>/assign/instruction9
[<com.coveros.training.authentication.RegistrationUtils: void <init>()>/new com.coveros.training.persistence.PersistenceLayer/0, <com.coveros.training.persistence.PersistenceLayer: long executeInsertTemplate(java.lang.String,java.lang.String,java.lang.Object[])>/new com.coveros.training.persistence.SqlData/0]	<com.coveros.training.persistence.SqlData: void <init>(java.lang.String,java.lang.String,java.util.function.Function,java.lang.Object[])>/assign/instruction11	<com.coveros.training.persistence.SqlData: void addParameter(java.lang.Object,java.lang.Class)>/assign/instruction4
[<com.coveros.training.authentication.RegistrationUtils: void <init>()>/new com.coveros.training.persistence.PersistenceLayer/0, <com.coveros.training.persistence.PersistenceLayer: long executeInsertTemplate(java.lang.String,java.lang.String,java.lang.Object[])>/new com.coveros.training.persistence.SqlData/0]	<com.coveros.training.persistence.SqlData: void <init>(java.lang.String,java.lang.String,java.util.function.Function,java.lang.Object[])>/assign/instruction11	<com.coveros.training.persistence.SqlData: void applyParametersToPreparedStatement(java.sql.PreparedStatement)>/assign/instruction6
[<com.coveros.training.authentication.RegistrationUtils: void <init>()>/new com.coveros.training.persistence.PersistenceLayer/0, <com.coveros.training.persistence.PersistenceLayer: long executeInsertTemplate(java.lang.String,java.lang.String,java.lang.Object[])>/new com.coveros.training.persistence.SqlData/0]	<com.coveros.training.persistence.SqlData: void <init>(java.lang.String,java.lang.String,java.util.function.Function,java.lang.Object[])>/assign/instruction11	<com.coveros.training.persistence.SqlData: void applyParametersToPreparedStatement(java.sql.PreparedStatement)>/assign/instruction9
