,method,stmtLineNumber,stmt
0,<edu.mit.string_to_char.MainActivity: void onCreate(android.os.Bundle)>,-1,$r5 = virtualinvoke r4.<android.telephony.TelephonyManager: java.lang.String getDeviceId()>()
1,<edu.mit.string_to_char.MainActivity: void onCreate(android.os.Bundle)>,-1,"virtualinvoke $r5.<java.lang.String: void getChars(int,int,char[],int)>(0, $i0, r2, 0)"
2,<edu.mit.string_to_char.MainActivity: void onCreate(android.os.Bundle)>,-1,$c2 = r2[$i0]
3,<edu.mit.string_to_char.MainActivity: void onCreate(android.os.Bundle)>,-1,$r6 = virtualinvoke $r6.<java.lang.StringBuilder: java.lang.StringBuilder append(char)>($c2)
4,<edu.mit.string_to_char.MainActivity: void onCreate(android.os.Bundle)>,-1,$r5 = virtualinvoke $r6.<java.lang.StringBuilder: java.lang.String toString()>()
5,<edu.mit.string_to_char.MainActivity: void onCreate(android.os.Bundle)>,-1,"staticinvoke <android.util.Log: int i(java.lang.String,java.lang.String)>(""DroidBench"", $r5)"
