partitionID,className,classID
0,PasswordResultEnums.java,src/main/java/com/coveros/training/authentication/domainobjects/PasswordResultEnums.java
0,FibServlet.java,src/main/java/com/coveros/training/mathematics/FibServlet.java
0,LendingTests.java,src/test/java/com/coveros/training/library/LendingTests.java
0,UserTests.java,src/test/java/com/coveros/training/authentication/domainobjects/UserTests.java
0,BookTests.java,src/test/java/com/coveros/training/library/domainobjects/BookTests.java
0,CartesianProductStepDefs.java,src/bdd_test/java/com/coveros/training/cartesianproduct/CartesianProductStepDefs.java
0,CartesianProduct.java,src/main/java/com/coveros/training/cartesianproduct/CartesianProduct.java
0,AlcoholStepDefs.java,src/bdd_test/java/com/coveros/training/expenses/AlcoholStepDefs.java
0,AlcoholResult.java,src/main/java/com/coveros/training/expenses/AlcoholResult.java
0,LibraryBookListAvailableServletTests.java,src/test/java/com/coveros/training/library/LibraryBookListAvailableServletTests.java
0,DinnerPrices.java,src/main/java/com/coveros/training/expenses/DinnerPrices.java
0,AlcoholCalculator.java,src/main/java/com/coveros/training/expenses/AlcoholCalculator.java
0,package-info.java,src/main/java/com/coveros/training/library/domainobjects/package-info.java
0,LoanTests.java,src/test/java/com/coveros/training/library/domainobjects/LoanTests.java
0,LibraryBookListAvailableServlet.java,src/main/java/com/coveros/training/library/LibraryBookListAvailableServlet.java
0,DateUtils.java,src/test/java/com/coveros/training/helpers/DateUtils.java
0,BorrowerTests.java,src/test/java/com/coveros/training/library/domainobjects/BorrowerTests.java
0,RegisterServlet.java,src/main/java/com/coveros/training/authentication/RegisterServlet.java
0,WebAppListenerTests.java,src/test/java/com/coveros/training/tomcat/WebAppListenerTests.java
0,package-info.java,src/main/java/com/coveros/training/tomcat/package-info.java
0,LibraryUtils.java,src/main/java/com/coveros/training/library/LibraryUtils.java
0,RegistrationUtilsTests.java,src/test/java/com/coveros/training/authentication/RegistrationUtilsTests.java
0,LoginServlet.java,src/main/java/com/coveros/training/authentication/LoginServlet.java
0,AckServletTests.java,src/test/java/com/coveros/training/mathematics/AckServletTests.java
0,IPersistenceLayer.java,src/main/java/com/coveros/training/persistence/IPersistenceLayer.java
0,LoginServletTests.java,src/test/java/com/coveros/training/authentication/LoginServletTests.java
0,AckermannIterative.java,src/main/java/com/coveros/training/mathematics/AckermannIterative.java
0,LoginUtils.java,src/main/java/com/coveros/training/authentication/LoginUtils.java
0,Calculator.java,src/main/java/com/coveros/training/mathematics/Calculator.java
0,CheckUtilsTests.java,src/test/java/com/coveros/training/helpers/CheckUtilsTests.java
0,test_api.py,src/api_tests/test_api.py
0,CheckUtils.java,src/main/java/com/coveros/training/helpers/CheckUtils.java
0,LibraryRegisterBorrowerServlet.java,src/main/java/com/coveros/training/library/LibraryRegisterBorrowerServlet.java
0,Ackermann.java,src/main/java/com/coveros/training/mathematics/Ackermann.java
0,AutoInsuranceProcessorTests.java,desktop_app/src/test/java/com/coveros/training/autoinsurance/AutoInsuranceProcessorTests.java
0,DesktopTester.java,desktop_app/src/test/java/com/coveros/training/autoinsurance/DesktopTester.java
0,AutoInsuranceUI.java,desktop_app/src/main/java/com/coveros/training/autoinsurance/AutoInsuranceUI.java
0,AutoInsuranceProcessor.java,desktop_app/src/main/java/com/coveros/training/autoinsurance/AutoInsuranceProcessor.java
0,FibonacciTests.java,src/test/java/com/coveros/training/mathematics/FibonacciTests.java
0,AutoInsuranceScriptClient.java,desktop_app/src/test/java/com/coveros/training/autoinsurance/AutoInsuranceScriptClient.java
0,FibServletTests.java,src/test/java/com/coveros/training/mathematics/FibServletTests.java
0,TailRecursive.java,src/main/java/com/coveros/training/mathematics/TailRecursive.java
0,AutoInsuranceAction.java,desktop_app/src/main/java/com/coveros/training/autoinsurance/AutoInsuranceAction.java
0,AutoInsuranceScriptServer.java,desktop_app/src/main/java/com/coveros/training/autoinsurance/AutoInsuranceScriptServer.java
0,AutoInsuranceActionTests.java,desktop_app/src/test/java/com/coveros/training/autoinsurance/AutoInsuranceActionTests.java
0,InvalidClaimsException.java,desktop_app/src/main/java/com/coveros/training/autoinsurance/InvalidClaimsException.java
0,ExecutionDataClient.java,desktop_app/src/test/java/com/coveros/training/autoinsurance/ExecutionDataClient.java
0,WarningLetterEnum.java,desktop_app/src/main/java/com/coveros/training/autoinsurance/WarningLetterEnum.java
0,DesktopUiTests.java,desktop_app/src/test/java/com/coveros/training/autoinsurance/DesktopUiTests.java
0,MathServlet.java,src/main/java/com/coveros/training/mathematics/MathServlet.java
0,RegistrationResult.java,src/main/java/com/coveros/training/authentication/domainobjects/RegistrationResult.java
0,RegistrationStatusEnums.java,src/main/java/com/coveros/training/authentication/domainobjects/RegistrationStatusEnums.java
0,ServletUtils.java,src/main/java/com/coveros/training/helpers/ServletUtils.java
0,Loan.java,src/main/java/com/coveros/training/library/domainobjects/Loan.java
1,Fibonacci.java,src/main/java/com/coveros/training/mathematics/Fibonacci.java
1,package-info.java,src/main/java/com/coveros/training/helpers/package-info.java
1,StringUtils.java,src/main/java/com/coveros/training/helpers/StringUtils.java
1,package-info.java,src/main/java/com/coveros/training/library/package-info.java
1,LibraryUtilsTests.java,src/test/java/com/coveros/training/library/LibraryUtilsTests.java
1,FibonacciParameterizedTests.java,src/test/java/com/coveros/training/mathematics/FibonacciParameterizedTests.java
1,LoginUtilsTests.java,src/test/java/com/coveros/training/authentication/LoginUtilsTests.java
2,DbServletTests.java,src/test/java/com/coveros/training/persistence/DbServletTests.java
2,DateUtilsTests.java,src/test/java/com/coveros/training/helpers/DateUtilsTests.java
2,AckServlet.java,src/main/java/com/coveros/training/mathematics/AckServlet.java
3,BookCheckOutStepDefs.java,src/bdd_test/java/com/coveros/training/library/BookCheckOutStepDefs.java
3,LibraryRegisterBorrowerServletTests.java,src/test/java/com/coveros/training/library/LibraryRegisterBorrowerServletTests.java
3,MathStepDefs.java,src/bdd_test/java/com/coveros/training/math/MathStepDefs.java
3,package-info.java,src/main/java/com/coveros/training/expenses/package-info.java
3,LibraryLendServletTests.java,src/test/java/com/coveros/training/library/LibraryLendServletTests.java
3,FibonacciStepDefs.java,src/bdd_test/java/com/coveros/training/math/FibonacciStepDefs.java
3,RegistrationResultTests.java,src/test/java/com/coveros/training/authentication/domainobjects/RegistrationResultTests.java
3,PasswordResultTests.java,src/test/java/com/coveros/training/authentication/domainobjects/PasswordResultTests.java
3,LoginStepDefs.java,src/bdd_test/java/com/coveros/training/authentication/LoginStepDefs.java
3,AckermannParameterizedTests.java,src/test/java/com/coveros/training/mathematics/AckermannParameterizedTests.java
3,RegistrationStepDefs.java,src/bdd_test/java/com/coveros/training/authentication/RegistrationStepDefs.java
3,LibraryBookListSearchServletTests.java,src/test/java/com/coveros/training/library/LibraryBookListSearchServletTests.java
3,AckermannStepDefs.java,src/bdd_test/java/com/coveros/training/math/AckermannStepDefs.java
3,MathServletTests.java,src/test/java/com/coveros/training/mathematics/MathServletTests.java
3,StringUtilsTests.java,src/test/java/com/coveros/training/helpers/StringUtilsTests.java
3,AddDeleteListSearchBooksAndBorrowersStepDefs.java,src/bdd_test/java/com/coveros/training/library/AddDeleteListSearchBooksAndBorrowersStepDefs.java
3,environment.py,src/ui_tests/behave/features/environment.py
3,FunctionalField.java,src/main/java/com/coveros/training/mathematics/FunctionalField.java
3,librarianStepDefs.py,src/ui_tests/behave/features/steps/librarianStepDefs.py
3,basic_test.py,src/ui_tests/python/basic_test.py
3,Borrower.java,src/main/java/com/coveros/training/library/domainobjects/Borrower.java
3,authenticationStepDefs.py,src/ui_tests/behave/features/steps/authenticationStepDefs.py
3,fibonacciStepDefs.py,src/ui_tests/behave/features/steps/fibonacciStepDefs.py
3,ackermannStepDefs.py,src/ui_tests/behave/features/steps/ackermannStepDefs.py
3,package-info.java,src/main/java/com/coveros/training/authentication/package-info.java
4,AckermannIterativeParameterizedTests.java,src/test/java/com/coveros/training/mathematics/AckermannIterativeParameterizedTests.java
4,AssertionException.java,src/main/java/com/coveros/training/helpers/AssertionException.java
5,LibraryRegisterBookServlet.java,src/main/java/com/coveros/training/library/LibraryRegisterBookServlet.java
5,LibraryBorrowerListSearchServlet.java,src/main/java/com/coveros/training/library/LibraryBorrowerListSearchServlet.java
6,SeleniumTests.java,src/ui_tests/java/src/test/java/com/coveros/training/SeleniumTests.java
6,CalculatorTests.java,src/test/java/com/coveros/training/mathematics/CalculatorTests.java
6,ApiCalls.java,src/ui_tests/java/src/test/java/com/coveros/training/ApiCalls.java
6,HtmlUnitTests.java,src/ui_tests/java/src/test/java/com/coveros/training/HtmlUnitTests.java
7,LibraryRegisterBookServletTests.java,src/test/java/com/coveros/training/library/LibraryRegisterBookServletTests.java
7,DbServlet.java,src/main/java/com/coveros/training/persistence/DbServlet.java
7,User.java,src/main/java/com/coveros/training/authentication/domainobjects/User.java
7,Book.java,src/main/java/com/coveros/training/library/domainobjects/Book.java
7,WebAppListener.java,src/main/java/com/coveros/training/tomcat/WebAppListener.java
7,LibraryBorrowerListSearchServletTests.java,src/test/java/com/coveros/training/library/LibraryBorrowerListSearchServletTests.java
8,package-info.java,src/main/java/com/coveros/training/persistence/package-info.java
8,LibraryLendServlet.java,src/main/java/com/coveros/training/library/LibraryLendServlet.java
8,LibraryActionResults.java,src/main/java/com/coveros/training/library/domainobjects/LibraryActionResults.java
