<org.springframework.boot.loader.jar.JarFileEntries: void visitEnd()>/assign/instruction16	<org.springframework.boot.loader.jar.JarFileEntries: void visitEnd()>/$stack8	<org.springframework.boot.loader.jar.JarFileEntries: void visitEnd()>/positions#_117	<org.springframework.boot.loader.jar.JarFileEntries: void visitEnd()>/i_$$A_1#_120
<org.springframework.boot.loader.jar.JarFileEntries: void sort(int,int)>/assign/instruction9	<org.springframework.boot.loader.jar.JarFileEntries: void sort(int,int)>/pivot#_127	<org.springframework.boot.loader.jar.JarFileEntries: void sort(int,int)>/$stack9	<org.springframework.boot.loader.jar.JarFileEntries: void sort(int,int)>/$stack8
<org.springframework.boot.loader.jar.JarFileEntries: void sort(int,int)>/assign/instruction22	<org.springframework.boot.loader.jar.JarFileEntries: void sort(int,int)>/$stack13	<org.springframework.boot.loader.jar.JarFileEntries: void sort(int,int)>/$stack12	<org.springframework.boot.loader.jar.JarFileEntries: void sort(int,int)>/i_$$A_2#_131
<org.springframework.boot.loader.jar.JarFileEntries: void sort(int,int)>/assign/instruction29	<org.springframework.boot.loader.jar.JarFileEntries: void sort(int,int)>/$stack15	<org.springframework.boot.loader.jar.JarFileEntries: void sort(int,int)>/$stack14	<org.springframework.boot.loader.jar.JarFileEntries: void sort(int,int)>/j_$$A_2#_133
<org.springframework.boot.loader.jar.JarFileEntries: void swap(int[],int,int)>/assign/instruction5	<org.springframework.boot.loader.jar.JarFileEntries: void swap(int[],int,int)>/temp#_159	<org.springframework.boot.loader.jar.JarFileEntries: void swap(int[],int,int)>/array#_0	<org.springframework.boot.loader.jar.JarFileEntries: void swap(int[],int,int)>/i#_0
<org.springframework.boot.loader.jar.JarFileEntries: void swap(int[],int,int)>/assign/instruction6	<org.springframework.boot.loader.jar.JarFileEntries: void swap(int[],int,int)>/$stack5	<org.springframework.boot.loader.jar.JarFileEntries: void swap(int[],int,int)>/array#_0	<org.springframework.boot.loader.jar.JarFileEntries: void swap(int[],int,int)>/j#_0
<org.springframework.boot.loader.jar.JarFileEntries: org.springframework.boot.loader.jar.FileHeader getEntry(int,java.lang.String,java.lang.String,java.lang.Class,boolean)>/assign/instruction14	<org.springframework.boot.loader.jar.JarFileEntries: org.springframework.boot.loader.jar.FileHeader getEntry(int,java.lang.String,java.lang.String,java.lang.Class,boolean)>/$stack12	<org.springframework.boot.loader.jar.JarFileEntries: org.springframework.boot.loader.jar.FileHeader getEntry(int,java.lang.String,java.lang.String,java.lang.Class,boolean)>/$stack11	<org.springframework.boot.loader.jar.JarFileEntries: org.springframework.boot.loader.jar.FileHeader getEntry(int,java.lang.String,java.lang.String,java.lang.Class,boolean)>/index_$$A_1#_230
<org.springframework.boot.loader.jar.JarFileEntries: org.springframework.boot.loader.jar.FileHeader getEntry(int,java.lang.Class,boolean)>/assign/instruction14	<org.springframework.boot.loader.jar.JarFileEntries: org.springframework.boot.loader.jar.FileHeader getEntry(int,java.lang.Class,boolean)>/$stack11	<org.springframework.boot.loader.jar.JarFileEntries: org.springframework.boot.loader.jar.FileHeader getEntry(int,java.lang.Class,boolean)>/$stack9	<org.springframework.boot.loader.jar.JarFileEntries: org.springframework.boot.loader.jar.FileHeader getEntry(int,java.lang.Class,boolean)>/index#_0
<org.springframework.boot.loader.jar.JarFileEntries: int getFirstIndex(int)>/assign/instruction15	<org.springframework.boot.loader.jar.JarFileEntries: int getFirstIndex(int)>/$stack8	<org.springframework.boot.loader.jar.JarFileEntries: int getFirstIndex(int)>/$stack7	<org.springframework.boot.loader.jar.JarFileEntries: int getFirstIndex(int)>/$stack6
<org.springframework.boot.loader.jar.Handler: java.net.URLStreamHandler getFallbackHandler()>/assign/instruction12	<org.springframework.boot.loader.jar.Handler: java.net.URLStreamHandler getFallbackHandler()>/handlerClassName#_123	<org.springframework.boot.loader.jar.Handler: java.net.URLStreamHandler getFallbackHandler()>/l1#_123	<org.springframework.boot.loader.jar.Handler: java.net.URLStreamHandler getFallbackHandler()>/l3_$$A_1#_124
<org.springframework.boot.loader.PropertiesLauncher: void initializeProperties()>/assign/instruction23	<org.springframework.boot.loader.PropertiesLauncher: void initializeProperties()>/name#_161	<org.springframework.boot.loader.PropertiesLauncher: void initializeProperties()>/config#_161	<org.springframework.boot.loader.PropertiesLauncher: void initializeProperties()>/l5_$$A_1#_162
<org.springframework.boot.loader.PropertiesLauncher: java.util.List parsePathsProperty(java.lang.String)>/assign/instruction17	<org.springframework.boot.loader.PropertiesLauncher: java.util.List parsePathsProperty(java.lang.String)>/path_$$A_1#_302	<org.springframework.boot.loader.PropertiesLauncher: java.util.List parsePathsProperty(java.lang.String)>/l3#_302	<org.springframework.boot.loader.PropertiesLauncher: java.util.List parsePathsProperty(java.lang.String)>/l5_$$A_1#_303
<org.springframework.boot.loader.jar.Bytes: long littleEndianValue(byte[],int,int)>/assign/instruction13	<org.springframework.boot.loader.jar.Bytes: long littleEndianValue(byte[],int,int)>/$stack7	<org.springframework.boot.loader.jar.Bytes: long littleEndianValue(byte[],int,int)>/bytes#_0	<org.springframework.boot.loader.jar.Bytes: long littleEndianValue(byte[],int,int)>/$stack6
<org.springframework.boot.loader.LaunchedURLClassLoader$1: java.lang.Object run()>/assign/instruction29	<org.springframework.boot.loader.LaunchedURLClassLoader$1: java.lang.Object run()>/url#_137	<org.springframework.boot.loader.LaunchedURLClassLoader$1: java.lang.Object run()>/l3#_137	<org.springframework.boot.loader.LaunchedURLClassLoader$1: java.lang.Object run()>/l5_$$A_1#_138
<org.springframework.boot.loader.jar.JarFileEntries$EntryIterator: org.springframework.boot.loader.jar.JarEntry next()>/assign/instruction10	<org.springframework.boot.loader.jar.JarFileEntries$EntryIterator: org.springframework.boot.loader.jar.JarEntry next()>/entryIndex#_299	<org.springframework.boot.loader.jar.JarFileEntries$EntryIterator: org.springframework.boot.loader.jar.JarEntry next()>/$stack4	<org.springframework.boot.loader.jar.JarFileEntries$EntryIterator: org.springframework.boot.loader.jar.JarEntry next()>/$stack5
<org.springframework.boot.loader.jar.AsciiBytes: boolean startsWith(org.springframework.boot.loader.jar.AsciiBytes)>/assign/instruction19	<org.springframework.boot.loader.jar.AsciiBytes: boolean startsWith(org.springframework.boot.loader.jar.AsciiBytes)>/$stack13	<org.springframework.boot.loader.jar.AsciiBytes: boolean startsWith(org.springframework.boot.loader.jar.AsciiBytes)>/$stack8	<org.springframework.boot.loader.jar.AsciiBytes: boolean startsWith(org.springframework.boot.loader.jar.AsciiBytes)>/$stack7
<org.springframework.boot.loader.jar.AsciiBytes: boolean startsWith(org.springframework.boot.loader.jar.AsciiBytes)>/assign/instruction23	<org.springframework.boot.loader.jar.AsciiBytes: boolean startsWith(org.springframework.boot.loader.jar.AsciiBytes)>/$stack12	<org.springframework.boot.loader.jar.AsciiBytes: boolean startsWith(org.springframework.boot.loader.jar.AsciiBytes)>/$stack11	<org.springframework.boot.loader.jar.AsciiBytes: boolean startsWith(org.springframework.boot.loader.jar.AsciiBytes)>/$stack10
<org.springframework.boot.loader.jar.AsciiBytes: boolean endsWith(org.springframework.boot.loader.jar.AsciiBytes)>/assign/instruction22	<org.springframework.boot.loader.jar.AsciiBytes: boolean endsWith(org.springframework.boot.loader.jar.AsciiBytes)>/$stack19	<org.springframework.boot.loader.jar.AsciiBytes: boolean endsWith(org.springframework.boot.loader.jar.AsciiBytes)>/$stack11	<org.springframework.boot.loader.jar.AsciiBytes: boolean endsWith(org.springframework.boot.loader.jar.AsciiBytes)>/$stack10
<org.springframework.boot.loader.jar.AsciiBytes: boolean endsWith(org.springframework.boot.loader.jar.AsciiBytes)>/assign/instruction29	<org.springframework.boot.loader.jar.AsciiBytes: boolean endsWith(org.springframework.boot.loader.jar.AsciiBytes)>/$stack18	<org.springframework.boot.loader.jar.AsciiBytes: boolean endsWith(org.springframework.boot.loader.jar.AsciiBytes)>/$stack17	<org.springframework.boot.loader.jar.AsciiBytes: boolean endsWith(org.springframework.boot.loader.jar.AsciiBytes)>/$stack16
<org.springframework.boot.loader.jar.AsciiBytes: int hashCode()>/assign/instruction25	<org.springframework.boot.loader.jar.AsciiBytes: int hashCode()>/b_$$A_1#_160	<org.springframework.boot.loader.jar.AsciiBytes: int hashCode()>/$stack13	<org.springframework.boot.loader.jar.AsciiBytes: int hashCode()>/i_$$A_1#_160
<org.springframework.boot.loader.jar.AsciiBytes: int hashCode()>/assign/instruction56	<org.springframework.boot.loader.jar.AsciiBytes: int hashCode()>/$stack27	<org.springframework.boot.loader.jar.AsciiBytes: int hashCode()>/$stack26	<org.springframework.boot.loader.jar.AsciiBytes: int hashCode()>/i_$$A_3#_178
<org.springframework.boot.loader.jar.AsciiBytes: boolean equals(java.lang.Object)>/assign/instruction25	<org.springframework.boot.loader.jar.AsciiBytes: boolean equals(java.lang.Object)>/$stack17	<org.springframework.boot.loader.jar.AsciiBytes: boolean equals(java.lang.Object)>/$stack12	<org.springframework.boot.loader.jar.AsciiBytes: boolean equals(java.lang.Object)>/$stack11
<org.springframework.boot.loader.jar.AsciiBytes: boolean equals(java.lang.Object)>/assign/instruction29	<org.springframework.boot.loader.jar.AsciiBytes: boolean equals(java.lang.Object)>/$stack16	<org.springframework.boot.loader.jar.AsciiBytes: boolean equals(java.lang.Object)>/$stack15	<org.springframework.boot.loader.jar.AsciiBytes: boolean equals(java.lang.Object)>/$stack14
<org.springframework.boot.loader.LaunchedURLClassLoader: void clearCache()>/assign/instruction8	<org.springframework.boot.loader.LaunchedURLClassLoader: void clearCache()>/url#_169	<org.springframework.boot.loader.LaunchedURLClassLoader: void clearCache()>/l1#_169	<org.springframework.boot.loader.LaunchedURLClassLoader: void clearCache()>/l3_$$A_1#_170
