<thread-group-init>/0	<java.lang.ThreadGroup: void <init>()>
<thread-group-init>/0	<java.lang.ThreadGroup: void <init>(java.lang.ThreadGroup,java.lang.String)>
<main-thread-init>/0	<java.lang.Thread: void <init>(java.lang.ThreadGroup,java.lang.String)>
<org.springframework.boot.loader.archive.ExplodedArchive$FileEntryIterator: void <init>(java.io.File,boolean)>/org.springframework.boot.loader.archive.ExplodedArchive$FileEntryIterator.listFiles/0	<org.springframework.boot.loader.archive.ExplodedArchive$FileEntryIterator: java.util.Iterator listFiles(java.io.File)>
<org.springframework.boot.loader.archive.ExplodedArchive$FileEntryIterator: void <init>(java.io.File,boolean)>/org.springframework.boot.loader.archive.ExplodedArchive$FileEntryIterator.poll/0	<org.springframework.boot.loader.archive.ExplodedArchive$FileEntryIterator: java.io.File poll()>
<org.springframework.boot.loader.archive.ExplodedArchive$FileEntryIterator: java.util.Iterator listFiles(java.io.File)>/java.util.Collections.emptyList/0	<java.util.Collections: java.util.List emptyList()>
<org.springframework.boot.loader.archive.ExplodedArchive$FileEntryIterator: java.util.Iterator listFiles(java.io.File)>/java.util.Arrays.asList/0	<java.util.Arrays: java.util.List asList(java.lang.Object[])>
<org.springframework.boot.loader.archive.ExplodedArchive$FileEntryIterator: java.io.File poll()>/org.springframework.boot.loader.archive.ExplodedArchive.access$100/0	<org.springframework.boot.loader.archive.ExplodedArchive: java.util.Set access$100()>
<org.springframework.boot.loader.archive.ExplodedArchive: void <init>(java.io.File,boolean)>/org.springframework.boot.loader.archive.ExplodedArchive.getManifestFile/0	<org.springframework.boot.loader.archive.ExplodedArchive: java.io.File getManifestFile(java.io.File)>
<org.springframework.boot.loader.archive.ExplodedArchive: java.util.List getNestedArchives(org.springframework.boot.loader.archive.Archive$EntryFilter)>/org.springframework.boot.loader.archive.ExplodedArchive.iterator/0	<org.springframework.boot.loader.archive.ExplodedArchive: java.util.Iterator iterator()>
<org.springframework.boot.loader.archive.ExplodedArchive: java.util.List getNestedArchives(org.springframework.boot.loader.archive.Archive$EntryFilter)>/org.springframework.boot.loader.archive.Archive$EntryFilter.matches/0	<org.springframework.boot.loader.ExecutableArchiveLauncher$1: boolean matches(org.springframework.boot.loader.archive.Archive$Entry)>
<org.springframework.boot.loader.archive.ExplodedArchive: java.util.List getNestedArchives(org.springframework.boot.loader.archive.Archive$EntryFilter)>/org.springframework.boot.loader.archive.ExplodedArchive.getNestedArchive/0	<org.springframework.boot.loader.archive.ExplodedArchive: org.springframework.boot.loader.archive.Archive getNestedArchive(org.springframework.boot.loader.archive.Archive$Entry)>
<org.springframework.boot.loader.archive.ExplodedArchive: java.util.List getNestedArchives(org.springframework.boot.loader.archive.Archive$EntryFilter)>/java.util.Collections.unmodifiableList/0	<java.util.Collections: java.util.List unmodifiableList(java.util.List)>
<org.springframework.boot.loader.archive.ExplodedArchive: void <clinit>()>/java.util.Arrays.asList/0	<java.util.Arrays: java.util.List asList(java.lang.Object[])>
<org.springframework.boot.loader.ExecutableArchiveLauncher$1: boolean matches(org.springframework.boot.loader.archive.Archive$Entry)>/org.springframework.boot.loader.ExecutableArchiveLauncher.isNestedArchive/0	<org.springframework.boot.loader.JarLauncher: boolean isNestedArchive(org.springframework.boot.loader.archive.Archive$Entry)>
<org.springframework.boot.loader.jar.JarFileEntries: void <init>(org.springframework.boot.loader.jar.JarFile,org.springframework.boot.loader.jar.JarEntryFilter)>/java.util.Collections.synchronizedMap/0	<java.util.Collections: java.util.Map synchronizedMap(java.util.Map)>
<org.springframework.boot.loader.jar.JarFileEntries: java.io.InputStream getInputStream(java.lang.String,org.springframework.boot.loader.data.RandomAccessData$ResourceAccess)>/org.springframework.boot.loader.jar.JarFileEntries.getEntry/0	<org.springframework.boot.loader.jar.JarFileEntries: org.springframework.boot.loader.jar.FileHeader getEntry(java.lang.String,java.lang.Class,boolean)>
<org.springframework.boot.loader.jar.JarFileEntries: java.io.InputStream getInputStream(java.lang.String,org.springframework.boot.loader.data.RandomAccessData$ResourceAccess)>/org.springframework.boot.loader.jar.JarFileEntries.getInputStream/0	<org.springframework.boot.loader.jar.JarFileEntries: java.io.InputStream getInputStream(org.springframework.boot.loader.jar.FileHeader,org.springframework.boot.loader.data.RandomAccessData$ResourceAccess)>
<org.springframework.boot.loader.jar.JarFileEntries: java.io.InputStream getInputStream(org.springframework.boot.loader.jar.FileHeader,org.springframework.boot.loader.data.RandomAccessData$ResourceAccess)>/org.springframework.boot.loader.jar.JarFileEntries.getEntryData/0	<org.springframework.boot.loader.jar.JarFileEntries: org.springframework.boot.loader.data.RandomAccessData getEntryData(org.springframework.boot.loader.jar.FileHeader)>
<org.springframework.boot.loader.jar.JarFileEntries: java.io.InputStream getInputStream(org.springframework.boot.loader.jar.FileHeader,org.springframework.boot.loader.data.RandomAccessData$ResourceAccess)>/org.springframework.boot.loader.data.RandomAccessData.getInputStream/0	<org.springframework.boot.loader.data.RandomAccessDataFile: java.io.InputStream getInputStream(org.springframework.boot.loader.data.RandomAccessData$ResourceAccess)>
<org.springframework.boot.loader.jar.JarFileEntries: java.io.InputStream getInputStream(org.springframework.boot.loader.jar.FileHeader,org.springframework.boot.loader.data.RandomAccessData$ResourceAccess)>/org.springframework.boot.loader.jar.FileHeader.getMethod/0	<org.springframework.boot.loader.jar.CentralDirectoryFileHeader: int getMethod()>
<org.springframework.boot.loader.jar.JarFileEntries: java.io.InputStream getInputStream(org.springframework.boot.loader.jar.FileHeader,org.springframework.boot.loader.data.RandomAccessData$ResourceAccess)>/org.springframework.boot.loader.jar.FileHeader.getSize/0	<org.springframework.boot.loader.jar.CentralDirectoryFileHeader: long getSize()>
<org.springframework.boot.loader.jar.JarFileEntries: org.springframework.boot.loader.data.RandomAccessData getEntryData(java.lang.String)>/org.springframework.boot.loader.jar.JarFileEntries.getEntry/0	<org.springframework.boot.loader.jar.JarFileEntries: org.springframework.boot.loader.jar.FileHeader getEntry(java.lang.String,java.lang.Class,boolean)>
<org.springframework.boot.loader.jar.JarFileEntries: org.springframework.boot.loader.data.RandomAccessData getEntryData(java.lang.String)>/org.springframework.boot.loader.jar.JarFileEntries.getEntryData/0	<org.springframework.boot.loader.jar.JarFileEntries: org.springframework.boot.loader.data.RandomAccessData getEntryData(org.springframework.boot.loader.jar.FileHeader)>
<org.springframework.boot.loader.jar.JarFileEntries: org.springframework.boot.loader.data.RandomAccessData getEntryData(org.springframework.boot.loader.jar.FileHeader)>/org.springframework.boot.loader.jar.JarFile.getData/0	<org.springframework.boot.loader.jar.JarFile: org.springframework.boot.loader.data.RandomAccessData getData()>
<org.springframework.boot.loader.jar.JarFileEntries: org.springframework.boot.loader.data.RandomAccessData getEntryData(org.springframework.boot.loader.jar.FileHeader)>/org.springframework.boot.loader.jar.FileHeader.getLocalHeaderOffset/0	<org.springframework.boot.loader.jar.JarEntry: long getLocalHeaderOffset()>
<org.springframework.boot.loader.jar.JarFileEntries: org.springframework.boot.loader.data.RandomAccessData getEntryData(org.springframework.boot.loader.jar.FileHeader)>/org.springframework.boot.loader.jar.FileHeader.getLocalHeaderOffset/0	<org.springframework.boot.loader.jar.CentralDirectoryFileHeader: long getLocalHeaderOffset()>
<org.springframework.boot.loader.jar.JarFileEntries: org.springframework.boot.loader.data.RandomAccessData getEntryData(org.springframework.boot.loader.jar.FileHeader)>/org.springframework.boot.loader.data.RandomAccessData.getSubsection/0	<org.springframework.boot.loader.data.RandomAccessDataFile: org.springframework.boot.loader.data.RandomAccessData getSubsection(long,long)>
<org.springframework.boot.loader.jar.JarFileEntries: org.springframework.boot.loader.data.RandomAccessData getEntryData(org.springframework.boot.loader.jar.FileHeader)>/org.springframework.boot.loader.jar.Bytes.get/0	<org.springframework.boot.loader.jar.Bytes: byte[] get(org.springframework.boot.loader.data.RandomAccessData)>
<org.springframework.boot.loader.jar.JarFileEntries: org.springframework.boot.loader.data.RandomAccessData getEntryData(org.springframework.boot.loader.jar.FileHeader)>/org.springframework.boot.loader.jar.Bytes.littleEndianValue/0	<org.springframework.boot.loader.jar.Bytes: long littleEndianValue(byte[],int,int)>
<org.springframework.boot.loader.jar.JarFileEntries: org.springframework.boot.loader.data.RandomAccessData getEntryData(org.springframework.boot.loader.jar.FileHeader)>/org.springframework.boot.loader.jar.Bytes.littleEndianValue/1	<org.springframework.boot.loader.jar.Bytes: long littleEndianValue(byte[],int,int)>
<org.springframework.boot.loader.jar.JarFileEntries: org.springframework.boot.loader.data.RandomAccessData getEntryData(org.springframework.boot.loader.jar.FileHeader)>/org.springframework.boot.loader.jar.FileHeader.getLocalHeaderOffset/1	<org.springframework.boot.loader.jar.JarEntry: long getLocalHeaderOffset()>
<org.springframework.boot.loader.jar.JarFileEntries: org.springframework.boot.loader.data.RandomAccessData getEntryData(org.springframework.boot.loader.jar.FileHeader)>/org.springframework.boot.loader.jar.FileHeader.getLocalHeaderOffset/1	<org.springframework.boot.loader.jar.CentralDirectoryFileHeader: long getLocalHeaderOffset()>
<org.springframework.boot.loader.jar.JarFileEntries: org.springframework.boot.loader.data.RandomAccessData getEntryData(org.springframework.boot.loader.jar.FileHeader)>/org.springframework.boot.loader.jar.FileHeader.getCompressedSize/0	<org.springframework.boot.loader.jar.CentralDirectoryFileHeader: long getCompressedSize()>
<org.springframework.boot.loader.jar.JarFileEntries: org.springframework.boot.loader.data.RandomAccessData getEntryData(org.springframework.boot.loader.jar.FileHeader)>/org.springframework.boot.loader.data.RandomAccessData.getSubsection/1	<org.springframework.boot.loader.data.RandomAccessDataFile: org.springframework.boot.loader.data.RandomAccessData getSubsection(long,long)>
<org.springframework.boot.loader.jar.JarFileEntries: org.springframework.boot.loader.jar.FileHeader getEntry(java.lang.String,java.lang.Class,boolean)>/org.springframework.boot.loader.jar.AsciiBytes.hashCode/0	<org.springframework.boot.loader.jar.AsciiBytes: int hashCode(java.lang.String)>
<org.springframework.boot.loader.jar.JarFileEntries: org.springframework.boot.loader.jar.FileHeader getEntry(java.lang.String,java.lang.Class,boolean)>/org.springframework.boot.loader.jar.JarFileEntries.getEntry/0	<org.springframework.boot.loader.jar.JarFileEntries: org.springframework.boot.loader.jar.FileHeader getEntry(int,java.lang.String,java.lang.String,java.lang.Class,boolean)>
<org.springframework.boot.loader.jar.JarFileEntries: org.springframework.boot.loader.jar.FileHeader getEntry(java.lang.String,java.lang.Class,boolean)>/org.springframework.boot.loader.jar.AsciiBytes.hashCode/1	<org.springframework.boot.loader.jar.AsciiBytes: int hashCode(int,java.lang.String)>
<org.springframework.boot.loader.jar.JarFileEntries: org.springframework.boot.loader.jar.FileHeader getEntry(java.lang.String,java.lang.Class,boolean)>/org.springframework.boot.loader.jar.JarFileEntries.getEntry/1	<org.springframework.boot.loader.jar.JarFileEntries: org.springframework.boot.loader.jar.FileHeader getEntry(int,java.lang.String,java.lang.String,java.lang.Class,boolean)>
<org.springframework.boot.loader.jar.JarFileEntries: org.springframework.boot.loader.jar.FileHeader getEntry(int,java.lang.String,java.lang.String,java.lang.Class,boolean)>/org.springframework.boot.loader.jar.JarFileEntries.getFirstIndex/0	<org.springframework.boot.loader.jar.JarFileEntries: int getFirstIndex(int)>
<org.springframework.boot.loader.jar.JarFileEntries: org.springframework.boot.loader.jar.FileHeader getEntry(int,java.lang.String,java.lang.String,java.lang.Class,boolean)>/org.springframework.boot.loader.jar.JarFileEntries.getEntry/0	<org.springframework.boot.loader.jar.JarFileEntries: org.springframework.boot.loader.jar.FileHeader getEntry(int,java.lang.Class,boolean)>
<org.springframework.boot.loader.jar.JarFileEntries: org.springframework.boot.loader.jar.FileHeader getEntry(int,java.lang.String,java.lang.String,java.lang.Class,boolean)>/org.springframework.boot.loader.jar.FileHeader.hasName/0	<org.springframework.boot.loader.jar.JarEntry: boolean hasName(java.lang.String,java.lang.String)>
<org.springframework.boot.loader.jar.JarFileEntries: org.springframework.boot.loader.jar.FileHeader getEntry(int,java.lang.String,java.lang.String,java.lang.Class,boolean)>/org.springframework.boot.loader.jar.FileHeader.hasName/0	<org.springframework.boot.loader.jar.CentralDirectoryFileHeader: boolean hasName(java.lang.String,java.lang.String)>
<org.springframework.boot.loader.jar.JarFileEntries: org.springframework.boot.loader.jar.FileHeader getEntry(int,java.lang.Class,boolean)>/java.lang.Integer.valueOf/0	<java.lang.Integer: java.lang.Integer valueOf(int)>
<org.springframework.boot.loader.jar.JarFileEntries: org.springframework.boot.loader.jar.FileHeader getEntry(int,java.lang.Class,boolean)>/org.springframework.boot.loader.jar.CentralDirectoryFileHeader.fromRandomAccessData/0	<org.springframework.boot.loader.jar.CentralDirectoryFileHeader: org.springframework.boot.loader.jar.CentralDirectoryFileHeader fromRandomAccessData(org.springframework.boot.loader.data.RandomAccessData,int,org.springframework.boot.loader.jar.JarEntryFilter)>
<org.springframework.boot.loader.jar.JarFileEntries: org.springframework.boot.loader.jar.FileHeader getEntry(int,java.lang.Class,boolean)>/java.lang.Integer.valueOf/1	<java.lang.Integer: java.lang.Integer valueOf(int)>
<org.springframework.boot.loader.jar.JarFileEntries: int getFirstIndex(int)>/java.util.Arrays.binarySearch/0	<java.util.Arrays: int binarySearch(int[],int,int,int)>
<org.springframework.boot.loader.MainMethodRunner: void run()>/java.lang.Thread.currentThread/0	<java.lang.Thread: java.lang.Thread currentThread()>
<org.springframework.boot.loader.data.RandomAccessDataFile$DataInputStream: void <init>(org.springframework.boot.loader.data.RandomAccessDataFile,org.springframework.boot.loader.data.RandomAccessData$ResourceAccess)>/org.springframework.boot.loader.data.RandomAccessDataFile.access$000/0	<org.springframework.boot.loader.data.RandomAccessDataFile: java.io.File access$000(org.springframework.boot.loader.data.RandomAccessDataFile)>
<org.springframework.boot.loader.data.RandomAccessDataFile$DataInputStream: void <init>(org.springframework.boot.loader.data.RandomAccessDataFile,org.springframework.boot.loader.data.RandomAccessData$ResourceAccess)>/org.springframework.boot.loader.data.RandomAccessDataFile.access$100/0	<org.springframework.boot.loader.data.RandomAccessDataFile: long access$100(org.springframework.boot.loader.data.RandomAccessDataFile)>
<org.springframework.boot.loader.archive.JarFileArchive: java.util.jar.Manifest getManifest()>/org.springframework.boot.loader.jar.JarFile.getManifest/0	<org.springframework.boot.loader.jar.JarFile: java.util.jar.Manifest getManifest()>
<org.springframework.boot.loader.archive.JarFileArchive: java.util.List getNestedArchives(org.springframework.boot.loader.archive.Archive$EntryFilter)>/org.springframework.boot.loader.archive.JarFileArchive.iterator/0	<org.springframework.boot.loader.archive.JarFileArchive: java.util.Iterator iterator()>
<org.springframework.boot.loader.archive.JarFileArchive: java.util.List getNestedArchives(org.springframework.boot.loader.archive.Archive$EntryFilter)>/org.springframework.boot.loader.archive.Archive$EntryFilter.matches/0	<org.springframework.boot.loader.ExecutableArchiveLauncher$1: boolean matches(org.springframework.boot.loader.archive.Archive$Entry)>
<org.springframework.boot.loader.archive.JarFileArchive: java.util.List getNestedArchives(org.springframework.boot.loader.archive.Archive$EntryFilter)>/org.springframework.boot.loader.archive.JarFileArchive.getNestedArchive/0	<org.springframework.boot.loader.archive.JarFileArchive: org.springframework.boot.loader.archive.Archive getNestedArchive(org.springframework.boot.loader.archive.Archive$Entry)>
<org.springframework.boot.loader.archive.JarFileArchive: java.util.List getNestedArchives(org.springframework.boot.loader.archive.Archive$EntryFilter)>/java.util.Collections.unmodifiableList/0	<java.util.Collections: java.util.List unmodifiableList(java.util.List)>
<org.springframework.boot.loader.archive.JarFileArchive: java.util.Iterator iterator()>/org.springframework.boot.loader.jar.JarFile.entries/0	<org.springframework.boot.loader.jar.JarFile: java.util.Enumeration entries()>
<org.springframework.boot.loader.archive.JarFileArchive: org.springframework.boot.loader.archive.Archive getNestedArchive(org.springframework.boot.loader.archive.Archive$Entry)>/org.springframework.boot.loader.archive.JarFileArchive.getUnpackedNestedArchive/0	<org.springframework.boot.loader.archive.JarFileArchive: org.springframework.boot.loader.archive.Archive getUnpackedNestedArchive(java.util.jar.JarEntry)>
<org.springframework.boot.loader.archive.JarFileArchive: org.springframework.boot.loader.archive.Archive getNestedArchive(org.springframework.boot.loader.archive.Archive$Entry)>/org.springframework.boot.loader.jar.JarFile.getNestedJarFile/0	<org.springframework.boot.loader.jar.JarFile: org.springframework.boot.loader.jar.JarFile getNestedJarFile(java.util.zip.ZipEntry)>
<org.springframework.boot.loader.archive.JarFileArchive: org.springframework.boot.loader.archive.Archive getUnpackedNestedArchive(java.util.jar.JarEntry)>/org.springframework.boot.loader.archive.JarFileArchive.getTempUnpackFolder/0	<org.springframework.boot.loader.archive.JarFileArchive: java.io.File getTempUnpackFolder()>
<org.springframework.boot.loader.archive.JarFileArchive: java.io.File getTempUnpackFolder()>/java.lang.System.getProperty/0	<java.lang.System: java.lang.String getProperty(java.lang.String)>
<org.springframework.boot.loader.archive.JarFileArchive: java.io.File getTempUnpackFolder()>/org.springframework.boot.loader.archive.JarFileArchive.createUnpackFolder/0	<org.springframework.boot.loader.archive.JarFileArchive: java.io.File createUnpackFolder(java.io.File)>
<org.springframework.boot.loader.archive.JarFileArchive: java.io.File createUnpackFolder(java.io.File)>/org.springframework.boot.loader.jar.JarFile.getName/0	<org.springframework.boot.loader.jar.JarFile: java.lang.String getName()>
<org.springframework.boot.loader.archive.JarFileArchive: java.io.File createUnpackFolder(java.io.File)>/java.util.UUID.randomUUID/0	<java.util.UUID: java.util.UUID randomUUID()>
<org.springframework.boot.loader.archive.JarFileArchive: void unpack(java.util.jar.JarEntry,java.io.File)>/org.springframework.boot.loader.jar.JarFile.getInputStream/0	<org.springframework.boot.loader.jar.JarFile: java.io.InputStream getInputStream(java.util.zip.ZipEntry,org.springframework.boot.loader.data.RandomAccessData$ResourceAccess)>
<org.springframework.boot.loader.jar.Bytes: byte[] get(org.springframework.boot.loader.data.RandomAccessData)>/org.springframework.boot.loader.data.RandomAccessData.getInputStream/0	<org.springframework.boot.loader.data.RandomAccessDataFile: java.io.InputStream getInputStream(org.springframework.boot.loader.data.RandomAccessData$ResourceAccess)>
<org.springframework.boot.loader.jar.Bytes: byte[] get(org.springframework.boot.loader.data.RandomAccessData)>/org.springframework.boot.loader.data.RandomAccessData.getSize/0	<org.springframework.boot.loader.data.RandomAccessDataFile: long getSize()>
<org.springframework.boot.loader.jar.Bytes: byte[] get(org.springframework.boot.loader.data.RandomAccessData)>/org.springframework.boot.loader.jar.Bytes.get/0	<org.springframework.boot.loader.jar.Bytes: byte[] get(java.io.InputStream,long)>
<org.springframework.boot.loader.jar.Bytes: byte[] get(java.io.InputStream,long)>/org.springframework.boot.loader.jar.Bytes.fill/0	<org.springframework.boot.loader.jar.Bytes: boolean fill(java.io.InputStream,byte[])>
<org.springframework.boot.loader.jar.Bytes: boolean fill(java.io.InputStream,byte[])>/org.springframework.boot.loader.jar.Bytes.fill/0	<org.springframework.boot.loader.jar.Bytes: boolean fill(java.io.InputStream,byte[],int,int)>
<org.springframework.boot.loader.jar.ZipInflaterInputStream: void <init>(java.io.InputStream,int)>/org.springframework.boot.loader.jar.ZipInflaterInputStream.getInflaterBufferSize/0	<org.springframework.boot.loader.jar.ZipInflaterInputStream: int getInflaterBufferSize(long)>
<org.springframework.boot.loader.Launcher: void launch(java.lang.String[])>/org.springframework.boot.loader.Launcher.getClassPathArchives/0	<org.springframework.boot.loader.ExecutableArchiveLauncher: java.util.List getClassPathArchives()>
<org.springframework.boot.loader.Launcher: void launch(java.lang.String[])>/org.springframework.boot.loader.Launcher.createClassLoader/0	<org.springframework.boot.loader.Launcher: java.lang.ClassLoader createClassLoader(java.util.List)>
<org.springframework.boot.loader.Launcher: void launch(java.lang.String[])>/org.springframework.boot.loader.Launcher.getMainClass/0	<org.springframework.boot.loader.ExecutableArchiveLauncher: java.lang.String getMainClass()>
<org.springframework.boot.loader.Launcher: java.lang.ClassLoader createClassLoader(java.util.List)>/org.springframework.boot.loader.Launcher.createClassLoader/0	<org.springframework.boot.loader.Launcher: java.lang.ClassLoader createClassLoader(java.net.URL[])>
<org.springframework.boot.loader.Launcher: void launch(java.lang.String[],java.lang.String,java.lang.ClassLoader)>/java.lang.Thread.currentThread/0	<java.lang.Thread: java.lang.Thread currentThread()>
<org.springframework.boot.loader.Launcher: void launch(java.lang.String[],java.lang.String,java.lang.ClassLoader)>/org.springframework.boot.loader.Launcher.createMainMethodRunner/0	<org.springframework.boot.loader.Launcher: org.springframework.boot.loader.MainMethodRunner createMainMethodRunner(java.lang.String,java.lang.String[],java.lang.ClassLoader)>
<org.springframework.boot.loader.jar.AsciiBytes: void <clinit>()>/java.nio.charset.Charset.forName/0	<java.nio.charset.Charset: java.nio.charset.Charset forName(java.lang.String)>
<org.springframework.boot.loader.ExecutableArchiveLauncher: void <init>()>/org.springframework.boot.loader.ExecutableArchiveLauncher.createArchive/0	<org.springframework.boot.loader.Launcher: org.springframework.boot.loader.archive.Archive createArchive()>
<org.springframework.boot.loader.ExecutableArchiveLauncher: java.lang.String getMainClass()>/org.springframework.boot.loader.archive.Archive.getManifest/0	<org.springframework.boot.loader.archive.ExplodedArchive: java.util.jar.Manifest getManifest()>
<org.springframework.boot.loader.ExecutableArchiveLauncher: java.lang.String getMainClass()>/org.springframework.boot.loader.archive.Archive.getManifest/0	<org.springframework.boot.loader.archive.JarFileArchive: java.util.jar.Manifest getManifest()>
<org.springframework.boot.loader.ExecutableArchiveLauncher: java.util.List getClassPathArchives()>/org.springframework.boot.loader.archive.Archive.getNestedArchives/0	<org.springframework.boot.loader.archive.ExplodedArchive: java.util.List getNestedArchives(org.springframework.boot.loader.archive.Archive$EntryFilter)>
<org.springframework.boot.loader.ExecutableArchiveLauncher: java.util.List getClassPathArchives()>/org.springframework.boot.loader.archive.Archive.getNestedArchives/0	<org.springframework.boot.loader.archive.JarFileArchive: java.util.List getNestedArchives(org.springframework.boot.loader.archive.Archive$EntryFilter)>
<org.springframework.boot.loader.jar.CentralDirectoryEndRecord: void <init>(org.springframework.boot.loader.data.RandomAccessData)>/org.springframework.boot.loader.jar.CentralDirectoryEndRecord.createBlockFromEndOfData/0	<org.springframework.boot.loader.jar.CentralDirectoryEndRecord: byte[] createBlockFromEndOfData(org.springframework.boot.loader.data.RandomAccessData,int)>
<org.springframework.boot.loader.jar.CentralDirectoryEndRecord: void <init>(org.springframework.boot.loader.data.RandomAccessData)>/org.springframework.boot.loader.jar.CentralDirectoryEndRecord.isValid/0	<org.springframework.boot.loader.jar.CentralDirectoryEndRecord: boolean isValid()>
<org.springframework.boot.loader.jar.CentralDirectoryEndRecord: void <init>(org.springframework.boot.loader.data.RandomAccessData)>/org.springframework.boot.loader.data.RandomAccessData.getSize/0	<org.springframework.boot.loader.data.RandomAccessDataFile: long getSize()>
<org.springframework.boot.loader.jar.CentralDirectoryEndRecord: void <init>(org.springframework.boot.loader.data.RandomAccessData)>/org.springframework.boot.loader.jar.CentralDirectoryEndRecord.createBlockFromEndOfData/1	<org.springframework.boot.loader.jar.CentralDirectoryEndRecord: byte[] createBlockFromEndOfData(org.springframework.boot.loader.data.RandomAccessData,int)>
<org.springframework.boot.loader.jar.CentralDirectoryEndRecord: byte[] createBlockFromEndOfData(org.springframework.boot.loader.data.RandomAccessData,int)>/org.springframework.boot.loader.data.RandomAccessData.getSize/0	<org.springframework.boot.loader.data.RandomAccessDataFile: long getSize()>
<org.springframework.boot.loader.jar.CentralDirectoryEndRecord: byte[] createBlockFromEndOfData(org.springframework.boot.loader.data.RandomAccessData,int)>/java.lang.Math.min/0	<java.lang.Math: long min(long,long)>
<org.springframework.boot.loader.jar.CentralDirectoryEndRecord: byte[] createBlockFromEndOfData(org.springframework.boot.loader.data.RandomAccessData,int)>/org.springframework.boot.loader.data.RandomAccessData.getSize/1	<org.springframework.boot.loader.data.RandomAccessDataFile: long getSize()>
<org.springframework.boot.loader.jar.CentralDirectoryEndRecord: byte[] createBlockFromEndOfData(org.springframework.boot.loader.data.RandomAccessData,int)>/org.springframework.boot.loader.data.RandomAccessData.getSubsection/0	<org.springframework.boot.loader.data.RandomAccessDataFile: org.springframework.boot.loader.data.RandomAccessData getSubsection(long,long)>
<org.springframework.boot.loader.jar.CentralDirectoryEndRecord: byte[] createBlockFromEndOfData(org.springframework.boot.loader.data.RandomAccessData,int)>/org.springframework.boot.loader.jar.Bytes.get/0	<org.springframework.boot.loader.jar.Bytes: byte[] get(org.springframework.boot.loader.data.RandomAccessData)>
<org.springframework.boot.loader.jar.CentralDirectoryEndRecord: boolean isValid()>/org.springframework.boot.loader.jar.Bytes.littleEndianValue/0	<org.springframework.boot.loader.jar.Bytes: long littleEndianValue(byte[],int,int)>
<org.springframework.boot.loader.jar.CentralDirectoryEndRecord: boolean isValid()>/org.springframework.boot.loader.jar.Bytes.littleEndianValue/1	<org.springframework.boot.loader.jar.Bytes: long littleEndianValue(byte[],int,int)>
<org.springframework.boot.loader.jar.CentralDirectoryEndRecord: long getStartOfArchive(org.springframework.boot.loader.data.RandomAccessData)>/org.springframework.boot.loader.jar.Bytes.littleEndianValue/0	<org.springframework.boot.loader.jar.Bytes: long littleEndianValue(byte[],int,int)>
<org.springframework.boot.loader.jar.CentralDirectoryEndRecord: long getStartOfArchive(org.springframework.boot.loader.data.RandomAccessData)>/org.springframework.boot.loader.jar.Bytes.littleEndianValue/1	<org.springframework.boot.loader.jar.Bytes: long littleEndianValue(byte[],int,int)>
<org.springframework.boot.loader.jar.CentralDirectoryEndRecord: long getStartOfArchive(org.springframework.boot.loader.data.RandomAccessData)>/org.springframework.boot.loader.data.RandomAccessData.getSize/0	<org.springframework.boot.loader.data.RandomAccessDataFile: long getSize()>
<org.springframework.boot.loader.jar.CentralDirectoryEndRecord: org.springframework.boot.loader.data.RandomAccessData getCentralDirectory(org.springframework.boot.loader.data.RandomAccessData)>/org.springframework.boot.loader.jar.Bytes.littleEndianValue/0	<org.springframework.boot.loader.jar.Bytes: long littleEndianValue(byte[],int,int)>
<org.springframework.boot.loader.jar.CentralDirectoryEndRecord: org.springframework.boot.loader.data.RandomAccessData getCentralDirectory(org.springframework.boot.loader.data.RandomAccessData)>/org.springframework.boot.loader.jar.Bytes.littleEndianValue/1	<org.springframework.boot.loader.jar.Bytes: long littleEndianValue(byte[],int,int)>
<org.springframework.boot.loader.jar.CentralDirectoryEndRecord: org.springframework.boot.loader.data.RandomAccessData getCentralDirectory(org.springframework.boot.loader.data.RandomAccessData)>/org.springframework.boot.loader.data.RandomAccessData.getSubsection/0	<org.springframework.boot.loader.data.RandomAccessDataFile: org.springframework.boot.loader.data.RandomAccessData getSubsection(long,long)>
<org.springframework.boot.loader.jar.CentralDirectoryEndRecord: int getNumberOfRecords()>/org.springframework.boot.loader.jar.Bytes.littleEndianValue/0	<org.springframework.boot.loader.jar.Bytes: long littleEndianValue(byte[],int,int)>
<org.springframework.boot.loader.jar.CentralDirectoryParser: org.springframework.boot.loader.data.RandomAccessData parse(org.springframework.boot.loader.data.RandomAccessData,boolean)>/org.springframework.boot.loader.jar.CentralDirectoryParser.getArchiveData/0	<org.springframework.boot.loader.jar.CentralDirectoryParser: org.springframework.boot.loader.data.RandomAccessData getArchiveData(org.springframework.boot.loader.jar.CentralDirectoryEndRecord,org.springframework.boot.loader.data.RandomAccessData)>
<org.springframework.boot.loader.jar.CentralDirectoryParser: org.springframework.boot.loader.data.RandomAccessData parse(org.springframework.boot.loader.data.RandomAccessData,boolean)>/org.springframework.boot.loader.jar.CentralDirectoryEndRecord.getCentralDirectory/0	<org.springframework.boot.loader.jar.CentralDirectoryEndRecord: org.springframework.boot.loader.data.RandomAccessData getCentralDirectory(org.springframework.boot.loader.data.RandomAccessData)>
<org.springframework.boot.loader.jar.CentralDirectoryParser: void parseEntries(org.springframework.boot.loader.jar.CentralDirectoryEndRecord,org.springframework.boot.loader.data.RandomAccessData)>/org.springframework.boot.loader.jar.Bytes.get/0	<org.springframework.boot.loader.jar.Bytes: byte[] get(org.springframework.boot.loader.data.RandomAccessData)>
<org.springframework.boot.loader.jar.CentralDirectoryParser: void parseEntries(org.springframework.boot.loader.jar.CentralDirectoryEndRecord,org.springframework.boot.loader.data.RandomAccessData)>/org.springframework.boot.loader.jar.CentralDirectoryEndRecord.getNumberOfRecords/0	<org.springframework.boot.loader.jar.CentralDirectoryEndRecord: int getNumberOfRecords()>
<org.springframework.boot.loader.jar.CentralDirectoryParser: void parseEntries(org.springframework.boot.loader.jar.CentralDirectoryEndRecord,org.springframework.boot.loader.data.RandomAccessData)>/org.springframework.boot.loader.jar.CentralDirectoryFileHeader.getName/0	<org.springframework.boot.loader.jar.CentralDirectoryFileHeader: org.springframework.boot.loader.jar.AsciiBytes getName()>
<org.springframework.boot.loader.jar.CentralDirectoryParser: void parseEntries(org.springframework.boot.loader.jar.CentralDirectoryEndRecord,org.springframework.boot.loader.data.RandomAccessData)>/org.springframework.boot.loader.jar.AsciiBytes.length/0	<org.springframework.boot.loader.jar.AsciiBytes: int length()>
<org.springframework.boot.loader.jar.CentralDirectoryParser: void parseEntries(org.springframework.boot.loader.jar.CentralDirectoryEndRecord,org.springframework.boot.loader.data.RandomAccessData)>/org.springframework.boot.loader.jar.CentralDirectoryFileHeader.getComment/0	<org.springframework.boot.loader.jar.CentralDirectoryFileHeader: org.springframework.boot.loader.jar.AsciiBytes getComment()>
<org.springframework.boot.loader.jar.CentralDirectoryParser: void parseEntries(org.springframework.boot.loader.jar.CentralDirectoryEndRecord,org.springframework.boot.loader.data.RandomAccessData)>/org.springframework.boot.loader.jar.AsciiBytes.length/1	<org.springframework.boot.loader.jar.AsciiBytes: int length()>
<org.springframework.boot.loader.jar.CentralDirectoryParser: void parseEntries(org.springframework.boot.loader.jar.CentralDirectoryEndRecord,org.springframework.boot.loader.data.RandomAccessData)>/org.springframework.boot.loader.jar.CentralDirectoryFileHeader.getExtra/0	<org.springframework.boot.loader.jar.CentralDirectoryFileHeader: byte[] getExtra()>
<org.springframework.boot.loader.jar.CentralDirectoryParser: org.springframework.boot.loader.data.RandomAccessData getArchiveData(org.springframework.boot.loader.jar.CentralDirectoryEndRecord,org.springframework.boot.loader.data.RandomAccessData)>/org.springframework.boot.loader.jar.CentralDirectoryEndRecord.getStartOfArchive/0	<org.springframework.boot.loader.jar.CentralDirectoryEndRecord: long getStartOfArchive(org.springframework.boot.loader.data.RandomAccessData)>
<org.springframework.boot.loader.jar.CentralDirectoryParser: org.springframework.boot.loader.data.RandomAccessData getArchiveData(org.springframework.boot.loader.jar.CentralDirectoryEndRecord,org.springframework.boot.loader.data.RandomAccessData)>/org.springframework.boot.loader.data.RandomAccessData.getSize/0	<org.springframework.boot.loader.data.RandomAccessDataFile: long getSize()>
<org.springframework.boot.loader.jar.CentralDirectoryParser: org.springframework.boot.loader.data.RandomAccessData getArchiveData(org.springframework.boot.loader.jar.CentralDirectoryEndRecord,org.springframework.boot.loader.data.RandomAccessData)>/org.springframework.boot.loader.data.RandomAccessData.getSubsection/0	<org.springframework.boot.loader.data.RandomAccessDataFile: org.springframework.boot.loader.data.RandomAccessData getSubsection(long,long)>
<org.springframework.boot.loader.jar.JarFile: void <init>(org.springframework.boot.loader.data.RandomAccessDataFile,java.lang.String,org.springframework.boot.loader.data.RandomAccessData,org.springframework.boot.loader.jar.JarEntryFilter,org.springframework.boot.loader.jar.JarFile$JarFileType)>/org.springframework.boot.loader.data.RandomAccessDataFile.getFile/0	<org.springframework.boot.loader.data.RandomAccessDataFile: java.io.File getFile()>
<org.springframework.boot.loader.jar.JarFile: void <init>(org.springframework.boot.loader.data.RandomAccessDataFile,java.lang.String,org.springframework.boot.loader.data.RandomAccessData,org.springframework.boot.loader.jar.JarEntryFilter,org.springframework.boot.loader.jar.JarFile$JarFileType)>/org.springframework.boot.loader.jar.CentralDirectoryParser.addVisitor/0	<org.springframework.boot.loader.jar.CentralDirectoryParser: org.springframework.boot.loader.jar.CentralDirectoryVisitor addVisitor(org.springframework.boot.loader.jar.CentralDirectoryVisitor)>
<org.springframework.boot.loader.jar.JarFile: void <init>(org.springframework.boot.loader.data.RandomAccessDataFile,java.lang.String,org.springframework.boot.loader.data.RandomAccessData,org.springframework.boot.loader.jar.JarEntryFilter,org.springframework.boot.loader.jar.JarFile$JarFileType)>/org.springframework.boot.loader.jar.JarFile.centralDirectoryVisitor/0	<org.springframework.boot.loader.jar.JarFile: org.springframework.boot.loader.jar.CentralDirectoryVisitor centralDirectoryVisitor()>
<org.springframework.boot.loader.jar.JarFile: void <init>(org.springframework.boot.loader.data.RandomAccessDataFile,java.lang.String,org.springframework.boot.loader.data.RandomAccessData,org.springframework.boot.loader.jar.JarEntryFilter,org.springframework.boot.loader.jar.JarFile$JarFileType)>/org.springframework.boot.loader.jar.CentralDirectoryParser.parse/0	<org.springframework.boot.loader.jar.CentralDirectoryParser: org.springframework.boot.loader.data.RandomAccessData parse(org.springframework.boot.loader.data.RandomAccessData,boolean)>
<org.springframework.boot.loader.jar.JarFile: java.util.jar.Manifest getManifest()>/org.springframework.boot.loader.jar.JarFile.getRootJarFile/0	<org.springframework.boot.loader.jar.JarFile: org.springframework.boot.loader.data.RandomAccessDataFile getRootJarFile()>
<org.springframework.boot.loader.jar.JarFile: java.util.jar.Manifest getManifest()>/org.springframework.boot.loader.jar.JarFile.getManifest/0	<org.springframework.boot.loader.jar.JarFile: java.util.jar.Manifest getManifest()>
<org.springframework.boot.loader.jar.JarFile: java.util.jar.Manifest getManifest()>/org.springframework.boot.loader.jar.JarFile.getInputStream/0	<org.springframework.boot.loader.jar.JarFile: java.io.InputStream getInputStream(java.lang.String,org.springframework.boot.loader.data.RandomAccessData$ResourceAccess)>
<org.springframework.boot.loader.jar.JarFile: java.util.Enumeration entries()>/org.springframework.boot.loader.jar.JarFileEntries.iterator/0	<org.springframework.boot.loader.jar.JarFileEntries: java.util.Iterator iterator()>
<org.springframework.boot.loader.jar.JarFile: java.io.InputStream getInputStream(java.util.zip.ZipEntry,org.springframework.boot.loader.data.RandomAccessData$ResourceAccess)>/org.springframework.boot.loader.jar.JarFileEntries.getInputStream/0	<org.springframework.boot.loader.jar.JarFileEntries: java.io.InputStream getInputStream(org.springframework.boot.loader.jar.FileHeader,org.springframework.boot.loader.data.RandomAccessData$ResourceAccess)>
<org.springframework.boot.loader.jar.JarFile: java.io.InputStream getInputStream(java.util.zip.ZipEntry,org.springframework.boot.loader.data.RandomAccessData$ResourceAccess)>/org.springframework.boot.loader.jar.JarFile.getInputStream/0	<org.springframework.boot.loader.jar.JarFile: java.io.InputStream getInputStream(java.lang.String,org.springframework.boot.loader.data.RandomAccessData$ResourceAccess)>
<org.springframework.boot.loader.jar.JarFile: java.io.InputStream getInputStream(java.lang.String,org.springframework.boot.loader.data.RandomAccessData$ResourceAccess)>/org.springframework.boot.loader.jar.JarFileEntries.getInputStream/0	<org.springframework.boot.loader.jar.JarFileEntries: java.io.InputStream getInputStream(java.lang.String,org.springframework.boot.loader.data.RandomAccessData$ResourceAccess)>
<org.springframework.boot.loader.jar.JarFile: org.springframework.boot.loader.jar.JarFile getNestedJarFile(java.util.zip.ZipEntry)>/org.springframework.boot.loader.jar.JarFile.getNestedJarFile/0	<org.springframework.boot.loader.jar.JarFile: org.springframework.boot.loader.jar.JarFile getNestedJarFile(org.springframework.boot.loader.jar.JarEntry)>
<org.springframework.boot.loader.jar.JarFile: org.springframework.boot.loader.jar.JarFile getNestedJarFile(org.springframework.boot.loader.jar.JarEntry)>/org.springframework.boot.loader.jar.JarFile.createJarFileFromEntry/0	<org.springframework.boot.loader.jar.JarFile: org.springframework.boot.loader.jar.JarFile createJarFileFromEntry(org.springframework.boot.loader.jar.JarEntry)>
<org.springframework.boot.loader.jar.JarFile: org.springframework.boot.loader.jar.JarFile createJarFileFromEntry(org.springframework.boot.loader.jar.JarEntry)>/org.springframework.boot.loader.jar.JarFile.createJarFileFromDirectoryEntry/0	<org.springframework.boot.loader.jar.JarFile: org.springframework.boot.loader.jar.JarFile createJarFileFromDirectoryEntry(org.springframework.boot.loader.jar.JarEntry)>
<org.springframework.boot.loader.jar.JarFile: org.springframework.boot.loader.jar.JarFile createJarFileFromEntry(org.springframework.boot.loader.jar.JarEntry)>/org.springframework.boot.loader.jar.JarFile.createJarFileFromFileEntry/0	<org.springframework.boot.loader.jar.JarFile: org.springframework.boot.loader.jar.JarFile createJarFileFromFileEntry(org.springframework.boot.loader.jar.JarEntry)>
<org.springframework.boot.loader.jar.JarFile: org.springframework.boot.loader.jar.JarFile createJarFileFromDirectoryEntry(org.springframework.boot.loader.jar.JarEntry)>/org.springframework.boot.loader.jar.AsciiBytes.length/0	<org.springframework.boot.loader.jar.AsciiBytes: int length()>
<org.springframework.boot.loader.jar.JarFile: org.springframework.boot.loader.jar.JarFile createJarFileFromFileEntry(org.springframework.boot.loader.jar.JarEntry)>/org.springframework.boot.loader.jar.JarFileEntries.getEntryData/0	<org.springframework.boot.loader.jar.JarFileEntries: org.springframework.boot.loader.data.RandomAccessData getEntryData(java.lang.String)>
<org.springframework.boot.loader.jar.JarFile: java.lang.String getName()>/org.springframework.boot.loader.data.RandomAccessDataFile.getFile/0	<org.springframework.boot.loader.data.RandomAccessDataFile: java.io.File getFile()>
<org.springframework.boot.loader.jar.JarFile: void registerUrlProtocolHandler()>/java.lang.System.getProperty/0	<java.lang.System: java.lang.String getProperty(java.lang.String,java.lang.String)>
<org.springframework.boot.loader.jar.JarEntry: void <init>(org.springframework.boot.loader.jar.JarFile,org.springframework.boot.loader.jar.CentralDirectoryFileHeader)>/org.springframework.boot.loader.jar.CentralDirectoryFileHeader.getName/0	<org.springframework.boot.loader.jar.CentralDirectoryFileHeader: org.springframework.boot.loader.jar.AsciiBytes getName()>
<org.springframework.boot.loader.jar.JarEntry: void <init>(org.springframework.boot.loader.jar.JarFile,org.springframework.boot.loader.jar.CentralDirectoryFileHeader)>/org.springframework.boot.loader.jar.AsciiBytes.toString/0	<org.springframework.boot.loader.jar.AsciiBytes: java.lang.String toString()>
<org.springframework.boot.loader.jar.JarEntry: void <init>(org.springframework.boot.loader.jar.JarFile,org.springframework.boot.loader.jar.CentralDirectoryFileHeader)>/org.springframework.boot.loader.jar.CentralDirectoryFileHeader.getLocalHeaderOffset/0	<org.springframework.boot.loader.jar.CentralDirectoryFileHeader: long getLocalHeaderOffset()>
<org.springframework.boot.loader.jar.JarEntry: void <init>(org.springframework.boot.loader.jar.JarFile,org.springframework.boot.loader.jar.CentralDirectoryFileHeader)>/org.springframework.boot.loader.jar.CentralDirectoryFileHeader.getCompressedSize/0	<org.springframework.boot.loader.jar.CentralDirectoryFileHeader: long getCompressedSize()>
<org.springframework.boot.loader.jar.JarEntry: void <init>(org.springframework.boot.loader.jar.JarFile,org.springframework.boot.loader.jar.CentralDirectoryFileHeader)>/org.springframework.boot.loader.jar.CentralDirectoryFileHeader.getMethod/0	<org.springframework.boot.loader.jar.CentralDirectoryFileHeader: int getMethod()>
<org.springframework.boot.loader.jar.JarEntry: void <init>(org.springframework.boot.loader.jar.JarFile,org.springframework.boot.loader.jar.CentralDirectoryFileHeader)>/org.springframework.boot.loader.jar.CentralDirectoryFileHeader.getCrc/0	<org.springframework.boot.loader.jar.CentralDirectoryFileHeader: long getCrc()>
<org.springframework.boot.loader.jar.JarEntry: void <init>(org.springframework.boot.loader.jar.JarFile,org.springframework.boot.loader.jar.CentralDirectoryFileHeader)>/org.springframework.boot.loader.jar.CentralDirectoryFileHeader.getSize/0	<org.springframework.boot.loader.jar.CentralDirectoryFileHeader: long getSize()>
<org.springframework.boot.loader.jar.JarEntry: void <init>(org.springframework.boot.loader.jar.JarFile,org.springframework.boot.loader.jar.CentralDirectoryFileHeader)>/org.springframework.boot.loader.jar.CentralDirectoryFileHeader.getExtra/0	<org.springframework.boot.loader.jar.CentralDirectoryFileHeader: byte[] getExtra()>
<org.springframework.boot.loader.jar.JarEntry: void <init>(org.springframework.boot.loader.jar.JarFile,org.springframework.boot.loader.jar.CentralDirectoryFileHeader)>/org.springframework.boot.loader.jar.CentralDirectoryFileHeader.getComment/0	<org.springframework.boot.loader.jar.CentralDirectoryFileHeader: org.springframework.boot.loader.jar.AsciiBytes getComment()>
<org.springframework.boot.loader.jar.JarEntry: void <init>(org.springframework.boot.loader.jar.JarFile,org.springframework.boot.loader.jar.CentralDirectoryFileHeader)>/org.springframework.boot.loader.jar.AsciiBytes.toString/1	<org.springframework.boot.loader.jar.AsciiBytes: java.lang.String toString()>
<org.springframework.boot.loader.jar.JarEntry: void <init>(org.springframework.boot.loader.jar.JarFile,org.springframework.boot.loader.jar.CentralDirectoryFileHeader)>/org.springframework.boot.loader.jar.CentralDirectoryFileHeader.getSize/1	<org.springframework.boot.loader.jar.CentralDirectoryFileHeader: long getSize()>
<org.springframework.boot.loader.jar.JarEntry: void <init>(org.springframework.boot.loader.jar.JarFile,org.springframework.boot.loader.jar.CentralDirectoryFileHeader)>/org.springframework.boot.loader.jar.CentralDirectoryFileHeader.getTime/0	<org.springframework.boot.loader.jar.CentralDirectoryFileHeader: long getTime()>
<org.springframework.boot.loader.jar.CentralDirectoryFileHeader: void load(byte[],int,org.springframework.boot.loader.data.RandomAccessData,int,org.springframework.boot.loader.jar.JarEntryFilter)>/org.springframework.boot.loader.jar.Bytes.littleEndianValue/0	<org.springframework.boot.loader.jar.Bytes: long littleEndianValue(byte[],int,int)>
<org.springframework.boot.loader.jar.CentralDirectoryFileHeader: void load(byte[],int,org.springframework.boot.loader.data.RandomAccessData,int,org.springframework.boot.loader.jar.JarEntryFilter)>/org.springframework.boot.loader.jar.Bytes.littleEndianValue/1	<org.springframework.boot.loader.jar.Bytes: long littleEndianValue(byte[],int,int)>
<org.springframework.boot.loader.jar.CentralDirectoryFileHeader: void load(byte[],int,org.springframework.boot.loader.data.RandomAccessData,int,org.springframework.boot.loader.jar.JarEntryFilter)>/org.springframework.boot.loader.jar.Bytes.littleEndianValue/2	<org.springframework.boot.loader.jar.Bytes: long littleEndianValue(byte[],int,int)>
<org.springframework.boot.loader.jar.CentralDirectoryFileHeader: void load(byte[],int,org.springframework.boot.loader.data.RandomAccessData,int,org.springframework.boot.loader.jar.JarEntryFilter)>/org.springframework.boot.loader.jar.Bytes.littleEndianValue/3	<org.springframework.boot.loader.jar.Bytes: long littleEndianValue(byte[],int,int)>
<org.springframework.boot.loader.jar.CentralDirectoryFileHeader: void load(byte[],int,org.springframework.boot.loader.data.RandomAccessData,int,org.springframework.boot.loader.jar.JarEntryFilter)>/org.springframework.boot.loader.jar.Bytes.get/0	<org.springframework.boot.loader.jar.Bytes: byte[] get(org.springframework.boot.loader.data.RandomAccessData)>
<org.springframework.boot.loader.jar.CentralDirectoryFileHeader: boolean hasName(java.lang.String,java.lang.String)>/org.springframework.boot.loader.jar.AsciiBytes.equals/0	<org.springframework.boot.loader.jar.AsciiBytes: boolean equals(java.lang.Object)>
<org.springframework.boot.loader.jar.CentralDirectoryFileHeader: int getMethod()>/org.springframework.boot.loader.jar.Bytes.littleEndianValue/0	<org.springframework.boot.loader.jar.Bytes: long littleEndianValue(byte[],int,int)>
<org.springframework.boot.loader.jar.CentralDirectoryFileHeader: long getTime()>/org.springframework.boot.loader.jar.Bytes.littleEndianValue/0	<org.springframework.boot.loader.jar.Bytes: long littleEndianValue(byte[],int,int)>
<org.springframework.boot.loader.jar.CentralDirectoryFileHeader: long getTime()>/org.springframework.boot.loader.jar.Bytes.littleEndianValue/1	<org.springframework.boot.loader.jar.Bytes: long littleEndianValue(byte[],int,int)>
<org.springframework.boot.loader.jar.CentralDirectoryFileHeader: long getTime()>/org.springframework.boot.loader.jar.CentralDirectoryFileHeader.decodeMsDosFormatDateTime/0	<org.springframework.boot.loader.jar.CentralDirectoryFileHeader: java.util.Calendar decodeMsDosFormatDateTime(long,long)>
<org.springframework.boot.loader.jar.CentralDirectoryFileHeader: long getCrc()>/org.springframework.boot.loader.jar.Bytes.littleEndianValue/0	<org.springframework.boot.loader.jar.Bytes: long littleEndianValue(byte[],int,int)>
<org.springframework.boot.loader.jar.CentralDirectoryFileHeader: long getCompressedSize()>/org.springframework.boot.loader.jar.Bytes.littleEndianValue/0	<org.springframework.boot.loader.jar.Bytes: long littleEndianValue(byte[],int,int)>
<org.springframework.boot.loader.jar.CentralDirectoryFileHeader: long getSize()>/org.springframework.boot.loader.jar.Bytes.littleEndianValue/0	<org.springframework.boot.loader.jar.Bytes: long littleEndianValue(byte[],int,int)>
<org.springframework.boot.loader.jar.CentralDirectoryFileHeader: org.springframework.boot.loader.jar.CentralDirectoryFileHeader fromRandomAccessData(org.springframework.boot.loader.data.RandomAccessData,int,org.springframework.boot.loader.jar.JarEntryFilter)>/org.springframework.boot.loader.jar.Bytes.get/0	<org.springframework.boot.loader.jar.Bytes: byte[] get(org.springframework.boot.loader.data.RandomAccessData)>
<org.springframework.boot.loader.archive.ExplodedArchive$FileEntryIterator: void <init>(java.io.File,boolean)>/java.lang.Object.<init>/0	<java.lang.Object: void <init>()>
<org.springframework.boot.loader.archive.ExplodedArchive$FileEntryIterator: void <init>(java.io.File,boolean)>/org.springframework.boot.loader.archive.ExplodedArchive$FileEntryIterator$EntryComparator.<init>/0	<org.springframework.boot.loader.archive.ExplodedArchive$FileEntryIterator$EntryComparator: void <init>(org.springframework.boot.loader.archive.ExplodedArchive$1)>
<org.springframework.boot.loader.archive.ExplodedArchive$FileEntryIterator: void <init>(java.io.File,boolean)>/java.util.LinkedList.<init>/0	<java.util.LinkedList: void <init>()>
<org.springframework.boot.loader.jar.JarFile$3: void <init>(org.springframework.boot.loader.jar.JarFile,org.springframework.boot.loader.jar.AsciiBytes)>/java.lang.Object.<init>/0	<java.lang.Object: void <init>()>
<org.springframework.boot.loader.jar.JarFileEntries$1: void <init>(org.springframework.boot.loader.jar.JarFileEntries,int,float,boolean)>/java.util.LinkedHashMap.<init>/0	<java.util.LinkedHashMap: void <init>(int,float,boolean)>
<org.springframework.boot.loader.jar.JarFile$1: void <init>(org.springframework.boot.loader.jar.JarFile)>/java.lang.Object.<init>/0	<java.lang.Object: void <init>()>
<org.springframework.boot.loader.data.RandomAccessData$ResourceAccess: void <init>(java.lang.String,int)>/java.lang.Enum.<init>/0	<java.lang.Enum: void <init>(java.lang.String,int)>
<org.springframework.boot.loader.data.RandomAccessData$ResourceAccess: void <clinit>()>/org.springframework.boot.loader.data.RandomAccessData$ResourceAccess.<init>/0	<org.springframework.boot.loader.data.RandomAccessData$ResourceAccess: void <init>(java.lang.String,int)>
<org.springframework.boot.loader.data.RandomAccessData$ResourceAccess: void <clinit>()>/org.springframework.boot.loader.data.RandomAccessData$ResourceAccess.<init>/1	<org.springframework.boot.loader.data.RandomAccessData$ResourceAccess: void <init>(java.lang.String,int)>
<org.springframework.boot.loader.archive.ExplodedArchive: void <init>(java.io.File)>/org.springframework.boot.loader.archive.ExplodedArchive.<init>/0	<org.springframework.boot.loader.archive.ExplodedArchive: void <init>(java.io.File,boolean)>
<org.springframework.boot.loader.archive.ExplodedArchive: void <init>(java.io.File,boolean)>/java.lang.Object.<init>/0	<java.lang.Object: void <init>()>
<org.springframework.boot.loader.archive.ExplodedArchive: void <init>(java.io.File,boolean)>/java.lang.StringBuilder.<init>/0	<java.lang.StringBuilder: void <init>()>
<org.springframework.boot.loader.archive.ExplodedArchive: void <init>(java.io.File,boolean)>/java.lang.IllegalArgumentException.<init>/0	<java.lang.IllegalArgumentException: void <init>(java.lang.String)>
<org.springframework.boot.loader.archive.ExplodedArchive: java.io.File getManifestFile(java.io.File)>/java.io.File.<init>/0	<java.io.File: void <init>(java.io.File,java.lang.String)>
<org.springframework.boot.loader.archive.ExplodedArchive: java.io.File getManifestFile(java.io.File)>/java.io.File.<init>/1	<java.io.File: void <init>(java.io.File,java.lang.String)>
<org.springframework.boot.loader.archive.ExplodedArchive: java.util.jar.Manifest getManifest()>/java.io.FileInputStream.<init>/0	<java.io.FileInputStream: void <init>(java.io.File)>
<org.springframework.boot.loader.archive.ExplodedArchive: java.util.jar.Manifest getManifest()>/java.util.jar.Manifest.<init>/0	<java.util.jar.Manifest: void <init>(java.io.InputStream)>
<org.springframework.boot.loader.archive.ExplodedArchive: java.util.List getNestedArchives(org.springframework.boot.loader.archive.Archive$EntryFilter)>/java.util.ArrayList.<init>/0	<java.util.ArrayList: void <init>()>
<org.springframework.boot.loader.archive.ExplodedArchive: java.util.Iterator iterator()>/org.springframework.boot.loader.archive.ExplodedArchive$FileEntryIterator.<init>/0	<org.springframework.boot.loader.archive.ExplodedArchive$FileEntryIterator: void <init>(java.io.File,boolean)>
<org.springframework.boot.loader.archive.ExplodedArchive: org.springframework.boot.loader.archive.Archive getNestedArchive(org.springframework.boot.loader.archive.Archive$Entry)>/org.springframework.boot.loader.archive.ExplodedArchive.<init>/0	<org.springframework.boot.loader.archive.ExplodedArchive: void <init>(java.io.File)>
<org.springframework.boot.loader.archive.ExplodedArchive: org.springframework.boot.loader.archive.Archive getNestedArchive(org.springframework.boot.loader.archive.Archive$Entry)>/org.springframework.boot.loader.archive.JarFileArchive.<init>/0	<org.springframework.boot.loader.archive.JarFileArchive: void <init>(java.io.File)>
<org.springframework.boot.loader.archive.ExplodedArchive: void <clinit>()>/java.util.HashSet.<init>/0	<java.util.HashSet: void <init>(java.util.Collection)>
<org.springframework.boot.loader.jar.JarFile$2: void <init>(org.springframework.boot.loader.jar.JarFile,java.util.Iterator)>/java.lang.Object.<init>/0	<java.lang.Object: void <init>()>
<org.springframework.boot.loader.ExecutableArchiveLauncher$1: void <init>(org.springframework.boot.loader.ExecutableArchiveLauncher)>/java.lang.Object.<init>/0	<java.lang.Object: void <init>()>
<org.springframework.boot.loader.JarLauncher: void <init>()>/org.springframework.boot.loader.ExecutableArchiveLauncher.<init>/0	<org.springframework.boot.loader.ExecutableArchiveLauncher: void <init>()>
<org.springframework.boot.loader.JarLauncher: void main(java.lang.String[])>/org.springframework.boot.loader.JarLauncher.<init>/0	<org.springframework.boot.loader.JarLauncher: void <init>()>
<org.springframework.boot.loader.jar.JarFileEntries: void <init>(org.springframework.boot.loader.jar.JarFile,org.springframework.boot.loader.jar.JarEntryFilter)>/java.lang.Object.<init>/0	<java.lang.Object: void <init>()>
<org.springframework.boot.loader.jar.JarFileEntries: void <init>(org.springframework.boot.loader.jar.JarFile,org.springframework.boot.loader.jar.JarEntryFilter)>/org.springframework.boot.loader.jar.JarFileEntries$1.<init>/0	<org.springframework.boot.loader.jar.JarFileEntries$1: void <init>(org.springframework.boot.loader.jar.JarFileEntries,int,float,boolean)>
<org.springframework.boot.loader.jar.JarFileEntries: java.util.Iterator iterator()>/org.springframework.boot.loader.jar.JarFileEntries$EntryIterator.<init>/0	<org.springframework.boot.loader.jar.JarFileEntries$EntryIterator: void <init>(org.springframework.boot.loader.jar.JarFileEntries,org.springframework.boot.loader.jar.JarFileEntries$1)>
<org.springframework.boot.loader.jar.JarFileEntries: java.io.InputStream getInputStream(org.springframework.boot.loader.jar.FileHeader,org.springframework.boot.loader.data.RandomAccessData$ResourceAccess)>/org.springframework.boot.loader.jar.ZipInflaterInputStream.<init>/0	<org.springframework.boot.loader.jar.ZipInflaterInputStream: void <init>(java.io.InputStream,int)>
<org.springframework.boot.loader.jar.JarFileEntries: org.springframework.boot.loader.jar.FileHeader getEntry(int,java.lang.Class,boolean)>/org.springframework.boot.loader.jar.JarEntry.<init>/0	<org.springframework.boot.loader.jar.JarEntry: void <init>(org.springframework.boot.loader.jar.JarFile,org.springframework.boot.loader.jar.CentralDirectoryFileHeader)>
<org.springframework.boot.loader.jar.JarFileEntries: org.springframework.boot.loader.jar.FileHeader getEntry(int,java.lang.Class,boolean)>/java.lang.IllegalStateException.<init>/0	<java.lang.IllegalStateException: void <init>(java.lang.Throwable)>
<org.springframework.boot.loader.MainMethodRunner: void <init>(java.lang.String,java.lang.String[])>/java.lang.Object.<init>/0	<java.lang.Object: void <init>()>
<org.springframework.boot.loader.data.RandomAccessDataFile$DataInputStream: void <init>(org.springframework.boot.loader.data.RandomAccessDataFile,org.springframework.boot.loader.data.RandomAccessData$ResourceAccess)>/java.io.InputStream.<init>/0	<java.io.InputStream: void <init>()>
<org.springframework.boot.loader.data.RandomAccessDataFile$DataInputStream: void <init>(org.springframework.boot.loader.data.RandomAccessDataFile,org.springframework.boot.loader.data.RandomAccessData$ResourceAccess)>/java.io.RandomAccessFile.<init>/0	<java.io.RandomAccessFile: void <init>(java.io.File,java.lang.String)>
<org.springframework.boot.loader.archive.ExplodedArchive$FileEntryIterator$EntryComparator: void <init>()>/java.lang.Object.<init>/0	<java.lang.Object: void <init>()>
<org.springframework.boot.loader.archive.ExplodedArchive$FileEntryIterator$EntryComparator: void <init>(org.springframework.boot.loader.archive.ExplodedArchive$1)>/org.springframework.boot.loader.archive.ExplodedArchive$FileEntryIterator$EntryComparator.<init>/0	<org.springframework.boot.loader.archive.ExplodedArchive$FileEntryIterator$EntryComparator: void <init>()>
<org.springframework.boot.loader.archive.JarFileArchive: void <init>(java.io.File)>/org.springframework.boot.loader.archive.JarFileArchive.<init>/0	<org.springframework.boot.loader.archive.JarFileArchive: void <init>(java.io.File,java.net.URL)>
<org.springframework.boot.loader.archive.JarFileArchive: void <init>(java.io.File,java.net.URL)>/org.springframework.boot.loader.jar.JarFile.<init>/0	<org.springframework.boot.loader.jar.JarFile: void <init>(java.io.File)>
<org.springframework.boot.loader.archive.JarFileArchive: void <init>(java.io.File,java.net.URL)>/org.springframework.boot.loader.archive.JarFileArchive.<init>/0	<org.springframework.boot.loader.archive.JarFileArchive: void <init>(org.springframework.boot.loader.jar.JarFile)>
<org.springframework.boot.loader.archive.JarFileArchive: void <init>(org.springframework.boot.loader.jar.JarFile)>/java.lang.Object.<init>/0	<java.lang.Object: void <init>()>
<org.springframework.boot.loader.archive.JarFileArchive: java.util.List getNestedArchives(org.springframework.boot.loader.archive.Archive$EntryFilter)>/java.util.ArrayList.<init>/0	<java.util.ArrayList: void <init>()>
<org.springframework.boot.loader.archive.JarFileArchive: java.util.Iterator iterator()>/org.springframework.boot.loader.archive.JarFileArchive$EntryIterator.<init>/0	<org.springframework.boot.loader.archive.JarFileArchive$EntryIterator: void <init>(java.util.Enumeration)>
<org.springframework.boot.loader.archive.JarFileArchive: org.springframework.boot.loader.archive.Archive getNestedArchive(org.springframework.boot.loader.archive.Archive$Entry)>/org.springframework.boot.loader.archive.JarFileArchive.<init>/0	<org.springframework.boot.loader.archive.JarFileArchive: void <init>(org.springframework.boot.loader.jar.JarFile)>
<org.springframework.boot.loader.archive.JarFileArchive: org.springframework.boot.loader.archive.Archive getNestedArchive(org.springframework.boot.loader.archive.Archive$Entry)>/java.lang.StringBuilder.<init>/0	<java.lang.StringBuilder: void <init>()>
<org.springframework.boot.loader.archive.JarFileArchive: org.springframework.boot.loader.archive.Archive getNestedArchive(org.springframework.boot.loader.archive.Archive$Entry)>/java.lang.IllegalStateException.<init>/0	<java.lang.IllegalStateException: void <init>(java.lang.String,java.lang.Throwable)>
<org.springframework.boot.loader.archive.JarFileArchive: org.springframework.boot.loader.archive.Archive getUnpackedNestedArchive(java.util.jar.JarEntry)>/java.io.File.<init>/0	<java.io.File: void <init>(java.io.File,java.lang.String)>
<org.springframework.boot.loader.archive.JarFileArchive: org.springframework.boot.loader.archive.Archive getUnpackedNestedArchive(java.util.jar.JarEntry)>/org.springframework.boot.loader.archive.JarFileArchive.unpack/0	<org.springframework.boot.loader.archive.JarFileArchive: void unpack(java.util.jar.JarEntry,java.io.File)>
<org.springframework.boot.loader.archive.JarFileArchive: org.springframework.boot.loader.archive.Archive getUnpackedNestedArchive(java.util.jar.JarEntry)>/org.springframework.boot.loader.archive.JarFileArchive.<init>/0	<org.springframework.boot.loader.archive.JarFileArchive: void <init>(java.io.File,java.net.URL)>
<org.springframework.boot.loader.archive.JarFileArchive: java.io.File getTempUnpackFolder()>/java.io.File.<init>/0	<java.io.File: void <init>(java.lang.String)>
<org.springframework.boot.loader.archive.JarFileArchive: java.io.File createUnpackFolder(java.io.File)>/java.io.File.<init>/0	<java.io.File: void <init>(java.lang.String)>
<org.springframework.boot.loader.archive.JarFileArchive: java.io.File createUnpackFolder(java.io.File)>/java.lang.StringBuilder.<init>/0	<java.lang.StringBuilder: void <init>()>
<org.springframework.boot.loader.archive.JarFileArchive: java.io.File createUnpackFolder(java.io.File)>/java.io.File.<init>/1	<java.io.File: void <init>(java.io.File,java.lang.String)>
<org.springframework.boot.loader.archive.JarFileArchive: java.io.File createUnpackFolder(java.io.File)>/java.lang.StringBuilder.<init>/1	<java.lang.StringBuilder: void <init>()>
<org.springframework.boot.loader.archive.JarFileArchive: java.io.File createUnpackFolder(java.io.File)>/java.lang.IllegalStateException.<init>/0	<java.lang.IllegalStateException: void <init>(java.lang.String)>
<org.springframework.boot.loader.archive.JarFileArchive: void unpack(java.util.jar.JarEntry,java.io.File)>/java.io.FileOutputStream.<init>/0	<java.io.FileOutputStream: void <init>(java.io.File)>
<org.springframework.boot.loader.data.RandomAccessDataFile: void <init>(java.io.File)>/org.springframework.boot.loader.data.RandomAccessDataFile.<init>/0	<org.springframework.boot.loader.data.RandomAccessDataFile: void <init>(java.io.File,int)>
<org.springframework.boot.loader.data.RandomAccessDataFile: void <init>(java.io.File,int)>/java.lang.Object.<init>/0	<java.lang.Object: void <init>()>
<org.springframework.boot.loader.data.RandomAccessDataFile: void <init>(java.io.File,int)>/java.lang.IllegalArgumentException.<init>/0	<java.lang.IllegalArgumentException: void <init>(java.lang.String)>
<org.springframework.boot.loader.data.RandomAccessDataFile: void <init>(java.io.File,int)>/java.lang.IllegalArgumentException.<init>/1	<java.lang.IllegalArgumentException: void <init>(java.lang.String)>
<org.springframework.boot.loader.data.RandomAccessDataFile: void <init>(java.io.File,int)>/org.springframework.boot.loader.data.RandomAccessDataFile$FilePool.<init>/0	<org.springframework.boot.loader.data.RandomAccessDataFile$FilePool: void <init>(java.io.File,int)>
<org.springframework.boot.loader.data.RandomAccessDataFile: void <init>(java.io.File,org.springframework.boot.loader.data.RandomAccessDataFile$FilePool,long,long)>/java.lang.Object.<init>/0	<java.lang.Object: void <init>()>
<org.springframework.boot.loader.data.RandomAccessDataFile: java.io.InputStream getInputStream(org.springframework.boot.loader.data.RandomAccessData$ResourceAccess)>/org.springframework.boot.loader.data.RandomAccessDataFile$DataInputStream.<init>/0	<org.springframework.boot.loader.data.RandomAccessDataFile$DataInputStream: void <init>(org.springframework.boot.loader.data.RandomAccessDataFile,org.springframework.boot.loader.data.RandomAccessData$ResourceAccess)>
<org.springframework.boot.loader.data.RandomAccessDataFile: org.springframework.boot.loader.data.RandomAccessData getSubsection(long,long)>/java.lang.IndexOutOfBoundsException.<init>/0	<java.lang.IndexOutOfBoundsException: void <init>()>
<org.springframework.boot.loader.data.RandomAccessDataFile: org.springframework.boot.loader.data.RandomAccessData getSubsection(long,long)>/org.springframework.boot.loader.data.RandomAccessDataFile.<init>/0	<org.springframework.boot.loader.data.RandomAccessDataFile: void <init>(java.io.File,org.springframework.boot.loader.data.RandomAccessDataFile$FilePool,long,long)>
<org.springframework.boot.loader.jar.Bytes: byte[] get(java.io.InputStream,long)>/java.io.IOException.<init>/0	<java.io.IOException: void <init>(java.lang.String)>
<org.springframework.boot.loader.jar.ZipInflaterInputStream: void <init>(java.io.InputStream,int)>/java.util.zip.Inflater.<init>/0	<java.util.zip.Inflater: void <init>(boolean)>
<org.springframework.boot.loader.jar.ZipInflaterInputStream: void <init>(java.io.InputStream,int)>/java.util.zip.InflaterInputStream.<init>/0	<java.util.zip.InflaterInputStream: void <init>(java.io.InputStream,java.util.zip.Inflater,int)>
<org.springframework.boot.loader.Launcher: void <init>()>/java.lang.Object.<init>/0	<java.lang.Object: void <init>()>
<org.springframework.boot.loader.Launcher: java.lang.ClassLoader createClassLoader(java.util.List)>/java.util.ArrayList.<init>/0	<java.util.ArrayList: void <init>(int)>
<org.springframework.boot.loader.Launcher: java.lang.ClassLoader createClassLoader(java.net.URL[])>/org.springframework.boot.loader.LaunchedURLClassLoader.<init>/0	<org.springframework.boot.loader.LaunchedURLClassLoader: void <init>(java.net.URL[],java.lang.ClassLoader)>
<org.springframework.boot.loader.Launcher: org.springframework.boot.loader.MainMethodRunner createMainMethodRunner(java.lang.String,java.lang.String[],java.lang.ClassLoader)>/org.springframework.boot.loader.MainMethodRunner.<init>/0	<org.springframework.boot.loader.MainMethodRunner: void <init>(java.lang.String,java.lang.String[])>
<org.springframework.boot.loader.Launcher: org.springframework.boot.loader.archive.Archive createArchive()>/java.lang.IllegalStateException.<init>/0	<java.lang.IllegalStateException: void <init>(java.lang.String)>
<org.springframework.boot.loader.Launcher: org.springframework.boot.loader.archive.Archive createArchive()>/java.io.File.<init>/0	<java.io.File: void <init>(java.lang.String)>
<org.springframework.boot.loader.Launcher: org.springframework.boot.loader.archive.Archive createArchive()>/java.lang.StringBuilder.<init>/0	<java.lang.StringBuilder: void <init>()>
<org.springframework.boot.loader.Launcher: org.springframework.boot.loader.archive.Archive createArchive()>/java.lang.IllegalStateException.<init>/1	<java.lang.IllegalStateException: void <init>(java.lang.String)>
<org.springframework.boot.loader.Launcher: org.springframework.boot.loader.archive.Archive createArchive()>/org.springframework.boot.loader.archive.ExplodedArchive.<init>/0	<org.springframework.boot.loader.archive.ExplodedArchive: void <init>(java.io.File)>
<org.springframework.boot.loader.Launcher: org.springframework.boot.loader.archive.Archive createArchive()>/org.springframework.boot.loader.archive.JarFileArchive.<init>/0	<org.springframework.boot.loader.archive.JarFileArchive: void <init>(java.io.File)>
<org.springframework.boot.loader.data.RandomAccessDataFile$FilePool: void <init>(java.io.File,int)>/java.lang.Object.<init>/0	<java.lang.Object: void <init>()>
<org.springframework.boot.loader.data.RandomAccessDataFile$FilePool: void <init>(java.io.File,int)>/java.util.concurrent.Semaphore.<init>/0	<java.util.concurrent.Semaphore: void <init>(int)>
<org.springframework.boot.loader.data.RandomAccessDataFile$FilePool: void <init>(java.io.File,int)>/java.util.concurrent.ConcurrentLinkedQueue.<init>/0	<java.util.concurrent.ConcurrentLinkedQueue: void <init>()>
<org.springframework.boot.loader.jar.JarFileEntries$EntryIterator: void <init>(org.springframework.boot.loader.jar.JarFileEntries)>/java.lang.Object.<init>/0	<java.lang.Object: void <init>()>
<org.springframework.boot.loader.jar.JarFileEntries$EntryIterator: void <init>(org.springframework.boot.loader.jar.JarFileEntries,org.springframework.boot.loader.jar.JarFileEntries$1)>/org.springframework.boot.loader.jar.JarFileEntries$EntryIterator.<init>/0	<org.springframework.boot.loader.jar.JarFileEntries$EntryIterator: void <init>(org.springframework.boot.loader.jar.JarFileEntries)>
<org.springframework.boot.loader.jar.AsciiBytes: void <init>(java.lang.String)>/org.springframework.boot.loader.jar.AsciiBytes.<init>/0	<org.springframework.boot.loader.jar.AsciiBytes: void <init>(byte[])>
<org.springframework.boot.loader.jar.AsciiBytes: void <init>(byte[])>/org.springframework.boot.loader.jar.AsciiBytes.<init>/0	<org.springframework.boot.loader.jar.AsciiBytes: void <init>(byte[],int,int)>
<org.springframework.boot.loader.jar.AsciiBytes: void <init>(byte[],int,int)>/java.lang.Object.<init>/0	<java.lang.Object: void <init>()>
<org.springframework.boot.loader.jar.AsciiBytes: void <init>(byte[],int,int)>/java.lang.IndexOutOfBoundsException.<init>/0	<java.lang.IndexOutOfBoundsException: void <init>()>
<org.springframework.boot.loader.jar.AsciiBytes: java.lang.String toString()>/java.lang.String.<init>/0	<java.lang.String: void <init>(byte[],int,int,java.nio.charset.Charset)>
<org.springframework.boot.loader.ExecutableArchiveLauncher: void <init>()>/org.springframework.boot.loader.Launcher.<init>/0	<org.springframework.boot.loader.Launcher: void <init>()>
<org.springframework.boot.loader.ExecutableArchiveLauncher: void <init>()>/java.lang.IllegalStateException.<init>/0	<java.lang.IllegalStateException: void <init>(java.lang.Throwable)>
<org.springframework.boot.loader.ExecutableArchiveLauncher: java.lang.String getMainClass()>/java.lang.StringBuilder.<init>/0	<java.lang.StringBuilder: void <init>()>
<org.springframework.boot.loader.ExecutableArchiveLauncher: java.lang.String getMainClass()>/java.lang.IllegalStateException.<init>/0	<java.lang.IllegalStateException: void <init>(java.lang.String)>
<org.springframework.boot.loader.ExecutableArchiveLauncher: java.util.List getClassPathArchives()>/org.springframework.boot.loader.ExecutableArchiveLauncher$1.<init>/0	<org.springframework.boot.loader.ExecutableArchiveLauncher$1: void <init>(org.springframework.boot.loader.ExecutableArchiveLauncher)>
<org.springframework.boot.loader.ExecutableArchiveLauncher: java.util.List getClassPathArchives()>/java.util.ArrayList.<init>/0	<java.util.ArrayList: void <init>(java.util.Collection)>
<org.springframework.boot.loader.jar.CentralDirectoryEndRecord: void <init>(org.springframework.boot.loader.data.RandomAccessData)>/java.lang.Object.<init>/0	<java.lang.Object: void <init>()>
<org.springframework.boot.loader.jar.CentralDirectoryEndRecord: void <init>(org.springframework.boot.loader.data.RandomAccessData)>/java.lang.StringBuilder.<init>/0	<java.lang.StringBuilder: void <init>()>
<org.springframework.boot.loader.jar.CentralDirectoryEndRecord: void <init>(org.springframework.boot.loader.data.RandomAccessData)>/java.io.IOException.<init>/0	<java.io.IOException: void <init>(java.lang.String)>
<org.springframework.boot.loader.jar.CentralDirectoryEndRecord: int getNumberOfRecords()>/java.lang.IllegalStateException.<init>/0	<java.lang.IllegalStateException: void <init>(java.lang.String)>
<org.springframework.boot.loader.archive.JarFileArchive$EntryIterator: void <init>(java.util.Enumeration)>/java.lang.Object.<init>/0	<java.lang.Object: void <init>()>
<org.springframework.boot.loader.jar.CentralDirectoryParser: void <init>()>/java.lang.Object.<init>/0	<java.lang.Object: void <init>()>
<org.springframework.boot.loader.jar.CentralDirectoryParser: void <init>()>/java.util.ArrayList.<init>/0	<java.util.ArrayList: void <init>()>
<org.springframework.boot.loader.jar.CentralDirectoryParser: org.springframework.boot.loader.data.RandomAccessData parse(org.springframework.boot.loader.data.RandomAccessData,boolean)>/org.springframework.boot.loader.jar.CentralDirectoryEndRecord.<init>/0	<org.springframework.boot.loader.jar.CentralDirectoryEndRecord: void <init>(org.springframework.boot.loader.data.RandomAccessData)>
<org.springframework.boot.loader.jar.CentralDirectoryParser: org.springframework.boot.loader.data.RandomAccessData parse(org.springframework.boot.loader.data.RandomAccessData,boolean)>/org.springframework.boot.loader.jar.CentralDirectoryParser.visitStart/0	<org.springframework.boot.loader.jar.CentralDirectoryParser: void visitStart(org.springframework.boot.loader.jar.CentralDirectoryEndRecord,org.springframework.boot.loader.data.RandomAccessData)>
<org.springframework.boot.loader.jar.CentralDirectoryParser: org.springframework.boot.loader.data.RandomAccessData parse(org.springframework.boot.loader.data.RandomAccessData,boolean)>/org.springframework.boot.loader.jar.CentralDirectoryParser.parseEntries/0	<org.springframework.boot.loader.jar.CentralDirectoryParser: void parseEntries(org.springframework.boot.loader.jar.CentralDirectoryEndRecord,org.springframework.boot.loader.data.RandomAccessData)>
<org.springframework.boot.loader.jar.CentralDirectoryParser: org.springframework.boot.loader.data.RandomAccessData parse(org.springframework.boot.loader.data.RandomAccessData,boolean)>/org.springframework.boot.loader.jar.CentralDirectoryParser.visitEnd/0	<org.springframework.boot.loader.jar.CentralDirectoryParser: void visitEnd()>
<org.springframework.boot.loader.jar.CentralDirectoryParser: void parseEntries(org.springframework.boot.loader.jar.CentralDirectoryEndRecord,org.springframework.boot.loader.data.RandomAccessData)>/org.springframework.boot.loader.jar.CentralDirectoryFileHeader.<init>/0	<org.springframework.boot.loader.jar.CentralDirectoryFileHeader: void <init>()>
<org.springframework.boot.loader.jar.CentralDirectoryParser: void parseEntries(org.springframework.boot.loader.jar.CentralDirectoryEndRecord,org.springframework.boot.loader.data.RandomAccessData)>/org.springframework.boot.loader.jar.CentralDirectoryParser.visitFileHeader/0	<org.springframework.boot.loader.jar.CentralDirectoryParser: void visitFileHeader(int,org.springframework.boot.loader.jar.CentralDirectoryFileHeader)>
<org.springframework.boot.loader.LaunchedURLClassLoader: void <init>(java.net.URL[],java.lang.ClassLoader)>/java.net.URLClassLoader.<init>/0	<java.net.URLClassLoader: void <init>(java.net.URL[],java.lang.ClassLoader)>
<org.springframework.boot.loader.jar.JarFile: void <init>(java.io.File)>/org.springframework.boot.loader.data.RandomAccessDataFile.<init>/0	<org.springframework.boot.loader.data.RandomAccessDataFile: void <init>(java.io.File)>
<org.springframework.boot.loader.jar.JarFile: void <init>(java.io.File)>/org.springframework.boot.loader.jar.JarFile.<init>/0	<org.springframework.boot.loader.jar.JarFile: void <init>(org.springframework.boot.loader.data.RandomAccessDataFile)>
<org.springframework.boot.loader.jar.JarFile: void <init>(org.springframework.boot.loader.data.RandomAccessDataFile)>/org.springframework.boot.loader.jar.JarFile.<init>/0	<org.springframework.boot.loader.jar.JarFile: void <init>(org.springframework.boot.loader.data.RandomAccessDataFile,java.lang.String,org.springframework.boot.loader.data.RandomAccessData,org.springframework.boot.loader.jar.JarFile$JarFileType)>
<org.springframework.boot.loader.jar.JarFile: void <init>(org.springframework.boot.loader.data.RandomAccessDataFile,java.lang.String,org.springframework.boot.loader.data.RandomAccessData,org.springframework.boot.loader.jar.JarFile$JarFileType)>/org.springframework.boot.loader.jar.JarFile.<init>/0	<org.springframework.boot.loader.jar.JarFile: void <init>(org.springframework.boot.loader.data.RandomAccessDataFile,java.lang.String,org.springframework.boot.loader.data.RandomAccessData,org.springframework.boot.loader.jar.JarEntryFilter,org.springframework.boot.loader.jar.JarFile$JarFileType)>
<org.springframework.boot.loader.jar.JarFile: void <init>(org.springframework.boot.loader.data.RandomAccessDataFile,java.lang.String,org.springframework.boot.loader.data.RandomAccessData,org.springframework.boot.loader.jar.JarEntryFilter,org.springframework.boot.loader.jar.JarFile$JarFileType)>/java.util.jar.JarFile.<init>/0	<java.util.jar.JarFile: void <init>(java.io.File)>
<org.springframework.boot.loader.jar.JarFile: void <init>(org.springframework.boot.loader.data.RandomAccessDataFile,java.lang.String,org.springframework.boot.loader.data.RandomAccessData,org.springframework.boot.loader.jar.JarEntryFilter,org.springframework.boot.loader.jar.JarFile$JarFileType)>/org.springframework.boot.loader.jar.CentralDirectoryParser.<init>/0	<org.springframework.boot.loader.jar.CentralDirectoryParser: void <init>()>
<org.springframework.boot.loader.jar.JarFile: void <init>(org.springframework.boot.loader.data.RandomAccessDataFile,java.lang.String,org.springframework.boot.loader.data.RandomAccessData,org.springframework.boot.loader.jar.JarEntryFilter,org.springframework.boot.loader.jar.JarFile$JarFileType)>/org.springframework.boot.loader.jar.JarFileEntries.<init>/0	<org.springframework.boot.loader.jar.JarFileEntries: void <init>(org.springframework.boot.loader.jar.JarFile,org.springframework.boot.loader.jar.JarEntryFilter)>
<org.springframework.boot.loader.jar.JarFile: org.springframework.boot.loader.jar.CentralDirectoryVisitor centralDirectoryVisitor()>/org.springframework.boot.loader.jar.JarFile$1.<init>/0	<org.springframework.boot.loader.jar.JarFile$1: void <init>(org.springframework.boot.loader.jar.JarFile)>
<org.springframework.boot.loader.jar.JarFile: java.util.jar.Manifest getManifest()>/org.springframework.boot.loader.jar.JarFile.<init>/0	<org.springframework.boot.loader.jar.JarFile: void <init>(org.springframework.boot.loader.data.RandomAccessDataFile)>
<org.springframework.boot.loader.jar.JarFile: java.util.jar.Manifest getManifest()>/java.util.jar.Manifest.<init>/0	<java.util.jar.Manifest: void <init>(java.io.InputStream)>
<org.springframework.boot.loader.jar.JarFile: java.util.jar.Manifest getManifest()>/java.lang.ref.SoftReference.<init>/0	<java.lang.ref.SoftReference: void <init>(java.lang.Object)>
<org.springframework.boot.loader.jar.JarFile: java.util.Enumeration entries()>/org.springframework.boot.loader.jar.JarFile$2.<init>/0	<org.springframework.boot.loader.jar.JarFile$2: void <init>(org.springframework.boot.loader.jar.JarFile,java.util.Iterator)>
<org.springframework.boot.loader.jar.JarFile: org.springframework.boot.loader.jar.JarFile getNestedJarFile(org.springframework.boot.loader.jar.JarEntry)>/java.lang.StringBuilder.<init>/0	<java.lang.StringBuilder: void <init>()>
<org.springframework.boot.loader.jar.JarFile: org.springframework.boot.loader.jar.JarFile getNestedJarFile(org.springframework.boot.loader.jar.JarEntry)>/java.io.IOException.<init>/0	<java.io.IOException: void <init>(java.lang.String,java.lang.Throwable)>
<org.springframework.boot.loader.jar.JarFile: org.springframework.boot.loader.jar.JarFile createJarFileFromDirectoryEntry(org.springframework.boot.loader.jar.JarEntry)>/org.springframework.boot.loader.jar.AsciiBytes.<init>/0	<org.springframework.boot.loader.jar.AsciiBytes: void <init>(java.lang.String)>
<org.springframework.boot.loader.jar.JarFile: org.springframework.boot.loader.jar.JarFile createJarFileFromDirectoryEntry(org.springframework.boot.loader.jar.JarEntry)>/org.springframework.boot.loader.jar.JarFile$3.<init>/0	<org.springframework.boot.loader.jar.JarFile$3: void <init>(org.springframework.boot.loader.jar.JarFile,org.springframework.boot.loader.jar.AsciiBytes)>
<org.springframework.boot.loader.jar.JarFile: org.springframework.boot.loader.jar.JarFile createJarFileFromDirectoryEntry(org.springframework.boot.loader.jar.JarEntry)>/java.lang.StringBuilder.<init>/0	<java.lang.StringBuilder: void <init>()>
<org.springframework.boot.loader.jar.JarFile: org.springframework.boot.loader.jar.JarFile createJarFileFromDirectoryEntry(org.springframework.boot.loader.jar.JarEntry)>/org.springframework.boot.loader.jar.JarFile.<init>/0	<org.springframework.boot.loader.jar.JarFile: void <init>(org.springframework.boot.loader.data.RandomAccessDataFile,java.lang.String,org.springframework.boot.loader.data.RandomAccessData,org.springframework.boot.loader.jar.JarEntryFilter,org.springframework.boot.loader.jar.JarFile$JarFileType)>
<org.springframework.boot.loader.jar.JarFile: org.springframework.boot.loader.jar.JarFile createJarFileFromFileEntry(org.springframework.boot.loader.jar.JarEntry)>/java.lang.StringBuilder.<init>/0	<java.lang.StringBuilder: void <init>()>
<org.springframework.boot.loader.jar.JarFile: org.springframework.boot.loader.jar.JarFile createJarFileFromFileEntry(org.springframework.boot.loader.jar.JarEntry)>/java.lang.IllegalStateException.<init>/0	<java.lang.IllegalStateException: void <init>(java.lang.String)>
<org.springframework.boot.loader.jar.JarFile: org.springframework.boot.loader.jar.JarFile createJarFileFromFileEntry(org.springframework.boot.loader.jar.JarEntry)>/java.lang.StringBuilder.<init>/1	<java.lang.StringBuilder: void <init>()>
<org.springframework.boot.loader.jar.JarFile: org.springframework.boot.loader.jar.JarFile createJarFileFromFileEntry(org.springframework.boot.loader.jar.JarEntry)>/org.springframework.boot.loader.jar.JarFile.<init>/0	<org.springframework.boot.loader.jar.JarFile: void <init>(org.springframework.boot.loader.data.RandomAccessDataFile,java.lang.String,org.springframework.boot.loader.data.RandomAccessData,org.springframework.boot.loader.jar.JarFile$JarFileType)>
<org.springframework.boot.loader.jar.JarFile: java.lang.String getName()>/java.lang.StringBuilder.<init>/0	<java.lang.StringBuilder: void <init>()>
<org.springframework.boot.loader.jar.JarFile: void registerUrlProtocolHandler()>/java.lang.StringBuilder.<init>/0	<java.lang.StringBuilder: void <init>()>
<org.springframework.boot.loader.jar.JarFile: void <clinit>()>/org.springframework.boot.loader.jar.AsciiBytes.<init>/0	<org.springframework.boot.loader.jar.AsciiBytes: void <init>(java.lang.String)>
<org.springframework.boot.loader.jar.JarFile: void <clinit>()>/org.springframework.boot.loader.jar.AsciiBytes.<init>/1	<org.springframework.boot.loader.jar.AsciiBytes: void <init>(java.lang.String)>
<org.springframework.boot.loader.jar.JarEntry: void <init>(org.springframework.boot.loader.jar.JarFile,org.springframework.boot.loader.jar.CentralDirectoryFileHeader)>/java.util.jar.JarEntry.<init>/0	<java.util.jar.JarEntry: void <init>(java.lang.String)>
<org.springframework.boot.loader.jar.CentralDirectoryFileHeader: void <init>()>/java.lang.Object.<init>/0	<java.lang.Object: void <init>()>
<org.springframework.boot.loader.jar.CentralDirectoryFileHeader: void load(byte[],int,org.springframework.boot.loader.data.RandomAccessData,int,org.springframework.boot.loader.jar.JarEntryFilter)>/org.springframework.boot.loader.jar.AsciiBytes.<init>/0	<org.springframework.boot.loader.jar.AsciiBytes: void <init>(byte[],int,int)>
<org.springframework.boot.loader.jar.CentralDirectoryFileHeader: void load(byte[],int,org.springframework.boot.loader.data.RandomAccessData,int,org.springframework.boot.loader.jar.JarEntryFilter)>/org.springframework.boot.loader.jar.AsciiBytes.<init>/1	<org.springframework.boot.loader.jar.AsciiBytes: void <init>(byte[],int,int)>
<org.springframework.boot.loader.jar.CentralDirectoryFileHeader: boolean hasName(java.lang.String,java.lang.String)>/java.lang.StringBuilder.<init>/0	<java.lang.StringBuilder: void <init>()>
<org.springframework.boot.loader.jar.CentralDirectoryFileHeader: boolean hasName(java.lang.String,java.lang.String)>/org.springframework.boot.loader.jar.AsciiBytes.<init>/0	<org.springframework.boot.loader.jar.AsciiBytes: void <init>(java.lang.String)>
<org.springframework.boot.loader.jar.CentralDirectoryFileHeader: java.util.Calendar decodeMsDosFormatDateTime(long,long)>/java.util.GregorianCalendar.<init>/0	<java.util.GregorianCalendar: void <init>(int,int,int,int,int,int)>
<org.springframework.boot.loader.jar.CentralDirectoryFileHeader: org.springframework.boot.loader.jar.CentralDirectoryFileHeader fromRandomAccessData(org.springframework.boot.loader.data.RandomAccessData,int,org.springframework.boot.loader.jar.JarEntryFilter)>/org.springframework.boot.loader.jar.CentralDirectoryFileHeader.<init>/0	<org.springframework.boot.loader.jar.CentralDirectoryFileHeader: void <init>()>
<org.springframework.boot.loader.jar.CentralDirectoryFileHeader: void <clinit>()>/org.springframework.boot.loader.jar.AsciiBytes.<init>/0	<org.springframework.boot.loader.jar.AsciiBytes: void <init>(java.lang.String)>
<org.springframework.boot.loader.jar.CentralDirectoryFileHeader: void <clinit>()>/org.springframework.boot.loader.jar.AsciiBytes.<init>/1	<org.springframework.boot.loader.jar.AsciiBytes: void <init>(java.lang.String)>
<org.springframework.boot.loader.jar.JarFile$JarFileType: void <init>(java.lang.String,int)>/java.lang.Enum.<init>/0	<java.lang.Enum: void <init>(java.lang.String,int)>
<org.springframework.boot.loader.jar.JarFile$JarFileType: void <clinit>()>/org.springframework.boot.loader.jar.JarFile$JarFileType.<init>/0	<org.springframework.boot.loader.jar.JarFile$JarFileType: void <init>(java.lang.String,int)>
<org.springframework.boot.loader.jar.JarFile$JarFileType: void <clinit>()>/org.springframework.boot.loader.jar.JarFile$JarFileType.<init>/1	<org.springframework.boot.loader.jar.JarFile$JarFileType: void <init>(java.lang.String,int)>
<org.springframework.boot.loader.jar.JarFile$JarFileType: void <clinit>()>/org.springframework.boot.loader.jar.JarFile$JarFileType.<init>/2	<org.springframework.boot.loader.jar.JarFile$JarFileType: void <init>(java.lang.String,int)>
<org.springframework.boot.loader.archive.ExplodedArchive$FileEntryIterator: java.util.Iterator listFiles(java.io.File)>/java.util.Arrays.sort/0	<java.util.Arrays: void sort(java.lang.Object[],java.util.Comparator)>
<org.springframework.boot.loader.Launcher: void launch(java.lang.String[])>/org.springframework.boot.loader.jar.JarFile.registerUrlProtocolHandler/0	<org.springframework.boot.loader.jar.JarFile: void registerUrlProtocolHandler()>
<org.springframework.boot.loader.LaunchedURLClassLoader: void performParallelCapableRegistration()>/java.lang.ClassLoader.registerAsParallelCapable/0	<java.lang.ClassLoader: boolean registerAsParallelCapable()>
<org.springframework.boot.loader.LaunchedURLClassLoader: void <clinit>()>/org.springframework.boot.loader.LaunchedURLClassLoader.performParallelCapableRegistration/0	<org.springframework.boot.loader.LaunchedURLClassLoader: void performParallelCapableRegistration()>
<org.springframework.boot.loader.jar.JarFile: void registerUrlProtocolHandler()>/java.lang.System.setProperty/0	<java.lang.System: java.lang.String setProperty(java.lang.String,java.lang.String)>
<org.springframework.boot.loader.jar.JarFile: void registerUrlProtocolHandler()>/org.springframework.boot.loader.jar.JarFile.resetCachedUrlHandlers/0	<org.springframework.boot.loader.jar.JarFile: void resetCachedUrlHandlers()>
<org.springframework.boot.loader.jar.JarFile: void resetCachedUrlHandlers()>/java.net.URL.setURLStreamHandlerFactory/0	<java.net.URL: void setURLStreamHandlerFactory(java.net.URLStreamHandlerFactory)>
<org.springframework.boot.loader.jar.CentralDirectoryFileHeader: void load(byte[],int,org.springframework.boot.loader.data.RandomAccessData,int,org.springframework.boot.loader.jar.JarEntryFilter)>/java.lang.System.arraycopy/0	<java.lang.System: void arraycopy(java.lang.Object,int,java.lang.Object,int,int)>
<org.springframework.boot.loader.JarLauncher: void main(java.lang.String[])>/org.springframework.boot.loader.JarLauncher.launch/0	<org.springframework.boot.loader.Launcher: void launch(java.lang.String[])>
<org.springframework.boot.loader.Launcher: void launch(java.lang.String[])>/org.springframework.boot.loader.Launcher.launch/0	<org.springframework.boot.loader.Launcher: void launch(java.lang.String[],java.lang.String,java.lang.ClassLoader)>
<org.springframework.boot.loader.Launcher: void launch(java.lang.String[],java.lang.String,java.lang.ClassLoader)>/org.springframework.boot.loader.MainMethodRunner.run/0	<org.springframework.boot.loader.MainMethodRunner: void run()>
<org.springframework.boot.loader.ExecutableArchiveLauncher: java.util.List getClassPathArchives()>/org.springframework.boot.loader.ExecutableArchiveLauncher.postProcessClassPathArchives/0	<org.springframework.boot.loader.ExecutableArchiveLauncher: void postProcessClassPathArchives(java.util.List)>
<org.springframework.boot.loader.jar.CentralDirectoryParser: void parseEntries(org.springframework.boot.loader.jar.CentralDirectoryEndRecord,org.springframework.boot.loader.data.RandomAccessData)>/org.springframework.boot.loader.jar.CentralDirectoryFileHeader.load/0	<org.springframework.boot.loader.jar.CentralDirectoryFileHeader: void load(byte[],int,org.springframework.boot.loader.data.RandomAccessData,int,org.springframework.boot.loader.jar.JarEntryFilter)>
<org.springframework.boot.loader.jar.JarFile: void <init>(org.springframework.boot.loader.data.RandomAccessDataFile,java.lang.String,org.springframework.boot.loader.data.RandomAccessData,org.springframework.boot.loader.jar.JarEntryFilter,org.springframework.boot.loader.jar.JarFile$JarFileType)>/org.springframework.boot.loader.jar.CentralDirectoryParser.addVisitor/1	<org.springframework.boot.loader.jar.CentralDirectoryParser: org.springframework.boot.loader.jar.CentralDirectoryVisitor addVisitor(org.springframework.boot.loader.jar.CentralDirectoryVisitor)>
<org.springframework.boot.loader.jar.CentralDirectoryFileHeader: org.springframework.boot.loader.jar.CentralDirectoryFileHeader fromRandomAccessData(org.springframework.boot.loader.data.RandomAccessData,int,org.springframework.boot.loader.jar.JarEntryFilter)>/org.springframework.boot.loader.jar.CentralDirectoryFileHeader.load/0	<org.springframework.boot.loader.jar.CentralDirectoryFileHeader: void load(byte[],int,org.springframework.boot.loader.data.RandomAccessData,int,org.springframework.boot.loader.jar.JarEntryFilter)>
