/	org.springframework.boot.loader.jar.JarFileEntries
/	org.springframework.boot.loader.jar.Handler
/	org.springframework.boot.loader.PropertiesLauncher
/	org.springframework.boot.loader.archive.JarFileArchive
/	org.springframework.boot.loader.LaunchedURLClassLoader$1
/	org.springframework.boot.loader.jar.CentralDirectoryFileHeader
main	org.springframework.boot.loader.MainMethodRunner
.	org.springframework.boot.loader.archive.ExplodedArchive
.	org.springframework.boot.loader.PropertiesLauncher
DIRECT	org.springframework.boot.loader.jar.JarFile$JarFileType
ONCE	org.springframework.boot.loader.data.RandomAccessData$ResourceAccess
PER_READ	org.springframework.boot.loader.data.RandomAccessData$ResourceAccess
NESTED_DIRECTORY	org.springframework.boot.loader.jar.JarFile$JarFileType
NESTED_JAR	org.springframework.boot.loader.jar.JarFile$JarFileType
<class org.springframework.boot.loader.jar.FileHeader>	org.springframework.boot.loader.jar.JarFileEntries
<class org.springframework.boot.loader.data.RandomAccessData$ResourceAccess>	org.springframework.boot.loader.data.RandomAccessData$ResourceAccess
<class org.springframework.boot.loader.jar.JarEntry>	org.springframework.boot.loader.jar.JarFileEntries
<class org.springframework.boot.loader.jar.JarEntry>	org.springframework.boot.loader.jar.JarFileEntries$EntryIterator
<class org.springframework.boot.loader.jar.CentralDirectoryFileHeader>	org.springframework.boot.loader.jar.JarFileEntries
<class java.lang.String[]>	org.springframework.boot.loader.MainMethodRunner
<class java.net.URLStreamHandler>	org.springframework.boot.loader.jar.Handler
<class java.net.URL>	org.springframework.boot.loader.jar.Handler
<class java.lang.ClassLoader>	org.springframework.boot.loader.PropertiesLauncher
<class java.net.URL[]>	org.springframework.boot.loader.PropertiesLauncher
<class org.springframework.boot.loader.jar.AsciiBytes>	org.springframework.boot.loader.jar.AsciiBytes
<class org.springframework.boot.loader.jar.JarFile$JarFileType>	org.springframework.boot.loader.jar.JarFile$JarFileType
<org.springframework.boot.loader.WarLauncher: void main(java.lang.String[])>/new org.springframework.boot.loader.WarLauncher/0	org.springframework.boot.loader.WarLauncher
<org.springframework.boot.loader.archive.ExplodedArchive$FileEntryIterator: void <init>(java.io.File,boolean)>/new org.springframework.boot.loader.archive.ExplodedArchive$FileEntryIterator$EntryComparator/0	org.springframework.boot.loader.archive.ExplodedArchive$FileEntryIterator
<org.springframework.boot.loader.archive.ExplodedArchive$FileEntryIterator: void <init>(java.io.File,boolean)>/new java.util.LinkedList/0	org.springframework.boot.loader.archive.ExplodedArchive$FileEntryIterator
<org.springframework.boot.loader.archive.ExplodedArchive$FileEntryIterator: org.springframework.boot.loader.archive.Archive$Entry next()>/new java.util.NoSuchElementException/0	org.springframework.boot.loader.archive.ExplodedArchive$FileEntryIterator
<org.springframework.boot.loader.archive.ExplodedArchive$FileEntryIterator: org.springframework.boot.loader.archive.Archive$Entry next()>/new org.springframework.boot.loader.archive.ExplodedArchive$FileEntry/0	org.springframework.boot.loader.archive.ExplodedArchive$FileEntryIterator
<org.springframework.boot.loader.archive.ExplodedArchive$FileEntryIterator: void remove()>/new java.lang.UnsupportedOperationException/0	org.springframework.boot.loader.archive.ExplodedArchive$FileEntryIterator
<org.springframework.boot.loader.jar.JarURLConnection: java.net.URL buildJarFileUrl()>/new java.net.URL/0	org.springframework.boot.loader.jar.JarURLConnection
<org.springframework.boot.loader.jar.JarURLConnection: java.net.URL buildJarFileUrl()>/new java.net.URL/1	org.springframework.boot.loader.jar.JarURLConnection
<org.springframework.boot.loader.jar.JarURLConnection: java.net.URL buildJarFileUrl()>/new java.lang.StringBuilder/0	org.springframework.boot.loader.jar.JarURLConnection
<org.springframework.boot.loader.jar.JarURLConnection: java.net.URL buildJarFileUrl()>/new java.lang.IllegalStateException/0	org.springframework.boot.loader.jar.JarURLConnection
<org.springframework.boot.loader.jar.JarURLConnection: java.io.InputStream getInputStream()>/new java.io.IOException/0	org.springframework.boot.loader.jar.JarURLConnection
<org.springframework.boot.loader.jar.JarURLConnection: void throwFileNotFound(java.lang.Object,org.springframework.boot.loader.jar.JarFile)>/new java.io.FileNotFoundException/0	org.springframework.boot.loader.jar.JarURLConnection
<org.springframework.boot.loader.jar.JarURLConnection: void throwFileNotFound(java.lang.Object,org.springframework.boot.loader.jar.JarFile)>/new java.lang.StringBuilder/0	org.springframework.boot.loader.jar.JarURLConnection
<org.springframework.boot.loader.jar.JarURLConnection: java.security.Permission getPermission()>/new java.io.FilePermission/0	org.springframework.boot.loader.jar.JarURLConnection
<org.springframework.boot.loader.jar.JarURLConnection: org.springframework.boot.loader.jar.JarURLConnection get(java.net.URL,org.springframework.boot.loader.jar.JarFile)>/new org.springframework.boot.loader.jar.JarURLConnection/0	org.springframework.boot.loader.jar.JarURLConnection
<org.springframework.boot.loader.jar.JarURLConnection: org.springframework.boot.loader.jar.JarURLConnection notFound()>/new java.lang.IllegalStateException/0	org.springframework.boot.loader.jar.JarURLConnection
<org.springframework.boot.loader.jar.JarURLConnection: org.springframework.boot.loader.jar.JarURLConnection notFound(org.springframework.boot.loader.jar.JarFile,org.springframework.boot.loader.jar.JarURLConnection$JarEntryName)>/new org.springframework.boot.loader.jar.JarURLConnection/0	org.springframework.boot.loader.jar.JarURLConnection
<org.springframework.boot.loader.jar.JarURLConnection: void <clinit>()>/new java.lang.ThreadLocal/0	org.springframework.boot.loader.jar.JarURLConnection
<org.springframework.boot.loader.jar.JarURLConnection: void <clinit>()>/new java.io.FileNotFoundException/0	org.springframework.boot.loader.jar.JarURLConnection
<org.springframework.boot.loader.jar.JarURLConnection: void <clinit>()>/new java.lang.IllegalStateException/0	org.springframework.boot.loader.jar.JarURLConnection
<org.springframework.boot.loader.jar.JarURLConnection: void <clinit>()>/new java.net.URL/0	org.springframework.boot.loader.jar.JarURLConnection
<org.springframework.boot.loader.jar.JarURLConnection: void <clinit>()>/new org.springframework.boot.loader.jar.JarURLConnection$1/0	org.springframework.boot.loader.jar.JarURLConnection
<org.springframework.boot.loader.jar.JarURLConnection: void <clinit>()>/new java.lang.IllegalStateException/1	org.springframework.boot.loader.jar.JarURLConnection
<org.springframework.boot.loader.jar.JarURLConnection: void <clinit>()>/new org.springframework.boot.loader.jar.JarURLConnection$JarEntryName/0	org.springframework.boot.loader.jar.JarURLConnection
<org.springframework.boot.loader.data.RandomAccessData$ResourceAccess: void <clinit>()>/new org.springframework.boot.loader.data.RandomAccessData$ResourceAccess/0	org.springframework.boot.loader.data.RandomAccessData$ResourceAccess
<org.springframework.boot.loader.data.RandomAccessData$ResourceAccess: void <clinit>()>/new org.springframework.boot.loader.data.RandomAccessData$ResourceAccess/1	org.springframework.boot.loader.data.RandomAccessData$ResourceAccess
<org.springframework.boot.loader.data.RandomAccessData$ResourceAccess: void <clinit>()>/new org.springframework.boot.loader.data.RandomAccessData$ResourceAccess[]/0	org.springframework.boot.loader.data.RandomAccessData$ResourceAccess
<org.springframework.boot.loader.data.ByteArrayRandomAccessData: void <init>(byte[],long,long)>/new byte[]/0	org.springframework.boot.loader.data.ByteArrayRandomAccessData
<org.springframework.boot.loader.data.ByteArrayRandomAccessData: java.io.InputStream getInputStream(org.springframework.boot.loader.data.RandomAccessData$ResourceAccess)>/new java.io.ByteArrayInputStream/0	org.springframework.boot.loader.data.ByteArrayRandomAccessData
<org.springframework.boot.loader.data.ByteArrayRandomAccessData: org.springframework.boot.loader.data.RandomAccessData getSubsection(long,long)>/new org.springframework.boot.loader.data.ByteArrayRandomAccessData/0	org.springframework.boot.loader.data.ByteArrayRandomAccessData
<org.springframework.boot.loader.archive.ExplodedArchive: void <init>(java.io.File,boolean)>/new java.lang.IllegalArgumentException/0	org.springframework.boot.loader.archive.ExplodedArchive
<org.springframework.boot.loader.archive.ExplodedArchive: void <init>(java.io.File,boolean)>/new java.lang.StringBuilder/0	org.springframework.boot.loader.archive.ExplodedArchive
<org.springframework.boot.loader.archive.ExplodedArchive: java.io.File getManifestFile(java.io.File)>/new java.io.File/0	org.springframework.boot.loader.archive.ExplodedArchive
<org.springframework.boot.loader.archive.ExplodedArchive: java.io.File getManifestFile(java.io.File)>/new java.io.File/1	org.springframework.boot.loader.archive.ExplodedArchive
<org.springframework.boot.loader.archive.ExplodedArchive: java.util.jar.Manifest getManifest()>/new java.io.FileInputStream/0	org.springframework.boot.loader.archive.ExplodedArchive
<org.springframework.boot.loader.archive.ExplodedArchive: java.util.jar.Manifest getManifest()>/new java.util.jar.Manifest/0	org.springframework.boot.loader.archive.ExplodedArchive
<org.springframework.boot.loader.archive.ExplodedArchive: java.util.List getNestedArchives(org.springframework.boot.loader.archive.Archive$EntryFilter)>/new java.util.ArrayList/0	org.springframework.boot.loader.archive.ExplodedArchive
<org.springframework.boot.loader.archive.ExplodedArchive: java.util.Iterator iterator()>/new org.springframework.boot.loader.archive.ExplodedArchive$FileEntryIterator/0	org.springframework.boot.loader.archive.ExplodedArchive
<org.springframework.boot.loader.archive.ExplodedArchive: org.springframework.boot.loader.archive.Archive getNestedArchive(org.springframework.boot.loader.archive.Archive$Entry)>/new org.springframework.boot.loader.archive.ExplodedArchive/0	org.springframework.boot.loader.archive.ExplodedArchive
<org.springframework.boot.loader.archive.ExplodedArchive: org.springframework.boot.loader.archive.Archive getNestedArchive(org.springframework.boot.loader.archive.Archive$Entry)>/new org.springframework.boot.loader.archive.JarFileArchive/0	org.springframework.boot.loader.archive.ExplodedArchive
<org.springframework.boot.loader.archive.ExplodedArchive: void <clinit>()>/new java.util.HashSet/0	org.springframework.boot.loader.archive.ExplodedArchive
<org.springframework.boot.loader.archive.ExplodedArchive: void <clinit>()>/new java.lang.String[]/0	org.springframework.boot.loader.archive.ExplodedArchive
<org.springframework.boot.loader.PropertiesLauncher$PrefixMatchingArchiveFilter: void <init>(java.lang.String)>/new org.springframework.boot.loader.PropertiesLauncher$ArchiveEntryFilter/0	org.springframework.boot.loader.PropertiesLauncher$PrefixMatchingArchiveFilter
<org.springframework.boot.loader.JarLauncher: void main(java.lang.String[])>/new org.springframework.boot.loader.JarLauncher/0	org.springframework.boot.loader.JarLauncher
<org.springframework.boot.loader.jar.JarFileEntries: void <init>(org.springframework.boot.loader.jar.JarFile,org.springframework.boot.loader.jar.JarEntryFilter)>/new org.springframework.boot.loader.jar.JarFileEntries$1/0	org.springframework.boot.loader.jar.JarFileEntries
<org.springframework.boot.loader.jar.JarFileEntries: void visitStart(org.springframework.boot.loader.jar.CentralDirectoryEndRecord,org.springframework.boot.loader.data.RandomAccessData)>/new int[]/0	org.springframework.boot.loader.jar.JarFileEntries
<org.springframework.boot.loader.jar.JarFileEntries: void visitStart(org.springframework.boot.loader.jar.CentralDirectoryEndRecord,org.springframework.boot.loader.data.RandomAccessData)>/new int[]/1	org.springframework.boot.loader.jar.JarFileEntries
<org.springframework.boot.loader.jar.JarFileEntries: void visitStart(org.springframework.boot.loader.jar.CentralDirectoryEndRecord,org.springframework.boot.loader.data.RandomAccessData)>/new int[]/2	org.springframework.boot.loader.jar.JarFileEntries
<org.springframework.boot.loader.jar.JarFileEntries: void visitEnd()>/new int[]/0	org.springframework.boot.loader.jar.JarFileEntries
<org.springframework.boot.loader.jar.JarFileEntries: java.util.Iterator iterator()>/new org.springframework.boot.loader.jar.JarFileEntries$EntryIterator/0	org.springframework.boot.loader.jar.JarFileEntries
<org.springframework.boot.loader.jar.JarFileEntries: java.io.InputStream getInputStream(org.springframework.boot.loader.jar.FileHeader,org.springframework.boot.loader.data.RandomAccessData$ResourceAccess)>/new org.springframework.boot.loader.jar.ZipInflaterInputStream/0	org.springframework.boot.loader.jar.JarFileEntries
<org.springframework.boot.loader.jar.JarFileEntries: org.springframework.boot.loader.jar.FileHeader getEntry(int,java.lang.Class,boolean)>/new org.springframework.boot.loader.jar.JarEntry/0	org.springframework.boot.loader.jar.JarFileEntries
<org.springframework.boot.loader.jar.JarFileEntries: org.springframework.boot.loader.jar.FileHeader getEntry(int,java.lang.Class,boolean)>/new java.lang.IllegalStateException/0	org.springframework.boot.loader.jar.JarFileEntries
<org.springframework.boot.loader.MainMethodRunner: void run()>/new java.lang.Class[]/0	org.springframework.boot.loader.MainMethodRunner
<org.springframework.boot.loader.MainMethodRunner: void run()>/new java.lang.Object[]/0	org.springframework.boot.loader.MainMethodRunner
<org.springframework.boot.loader.data.RandomAccessDataFile$DataInputStream: void <init>(org.springframework.boot.loader.data.RandomAccessDataFile,org.springframework.boot.loader.data.RandomAccessData$ResourceAccess)>/new java.io.RandomAccessFile/0	org.springframework.boot.loader.data.RandomAccessDataFile$DataInputStream
<org.springframework.boot.loader.data.RandomAccessDataFile$DataInputStream: int read(byte[],int,int)>/new java.lang.NullPointerException/0	org.springframework.boot.loader.data.RandomAccessDataFile$DataInputStream
<org.springframework.boot.loader.jar.JarURLConnection$JarEntryName: java.lang.String decode(java.lang.String)>/new java.io.ByteArrayOutputStream/0	org.springframework.boot.loader.jar.JarURLConnection$JarEntryName
<org.springframework.boot.loader.jar.JarURLConnection$JarEntryName: void write(java.lang.String,java.io.ByteArrayOutputStream)>/new java.lang.IllegalStateException/0	org.springframework.boot.loader.jar.JarURLConnection$JarEntryName
<org.springframework.boot.loader.jar.JarURLConnection$JarEntryName: void write(java.lang.String,java.io.ByteArrayOutputStream)>/new java.lang.IllegalArgumentException/0	org.springframework.boot.loader.jar.JarURLConnection$JarEntryName
<org.springframework.boot.loader.jar.JarURLConnection$JarEntryName: void write(java.lang.String,java.io.ByteArrayOutputStream)>/new java.lang.StringBuilder/0	org.springframework.boot.loader.jar.JarURLConnection$JarEntryName
<org.springframework.boot.loader.jar.JarURLConnection$JarEntryName: char decodeEscapeSequence(java.lang.String,int)>/new java.lang.IllegalArgumentException/0	org.springframework.boot.loader.jar.JarURLConnection$JarEntryName
<org.springframework.boot.loader.jar.JarURLConnection$JarEntryName: char decodeEscapeSequence(java.lang.String,int)>/new java.lang.StringBuilder/0	org.springframework.boot.loader.jar.JarURLConnection$JarEntryName
<org.springframework.boot.loader.jar.JarURLConnection$JarEntryName: org.springframework.boot.loader.jar.JarURLConnection$JarEntryName get(java.lang.String,int)>/new org.springframework.boot.loader.jar.JarURLConnection$JarEntryName/0	org.springframework.boot.loader.jar.JarURLConnection$JarEntryName
<org.springframework.boot.loader.jar.Handler: java.net.URLConnection openFallbackConnection(java.net.URL,java.lang.Exception)>/new java.lang.IllegalStateException/0	org.springframework.boot.loader.jar.Handler
<org.springframework.boot.loader.jar.Handler: java.net.URLStreamHandler getFallbackHandler()>/new java.lang.IllegalStateException/0	org.springframework.boot.loader.jar.Handler
<org.springframework.boot.loader.jar.Handler: java.net.URLConnection openConnection(java.net.URLStreamHandler,java.net.URL)>/new java.lang.IllegalStateException/0	org.springframework.boot.loader.jar.Handler
<org.springframework.boot.loader.jar.Handler: java.net.URLConnection openConnection(java.net.URLStreamHandler,java.net.URL)>/new java.lang.Object[]/0	org.springframework.boot.loader.jar.Handler
<org.springframework.boot.loader.jar.Handler: java.lang.String getFileFromSpec(java.lang.String)>/new java.lang.IllegalArgumentException/0	org.springframework.boot.loader.jar.Handler
<org.springframework.boot.loader.jar.Handler: java.lang.String getFileFromSpec(java.lang.String)>/new java.lang.StringBuilder/0	org.springframework.boot.loader.jar.Handler
<org.springframework.boot.loader.jar.Handler: java.lang.String getFileFromSpec(java.lang.String)>/new java.net.URL/0	org.springframework.boot.loader.jar.Handler
<org.springframework.boot.loader.jar.Handler: java.lang.String getFileFromSpec(java.lang.String)>/new java.lang.IllegalArgumentException/1	org.springframework.boot.loader.jar.Handler
<org.springframework.boot.loader.jar.Handler: java.lang.String getFileFromSpec(java.lang.String)>/new java.lang.StringBuilder/1	org.springframework.boot.loader.jar.Handler
<org.springframework.boot.loader.jar.Handler: java.lang.String getFileFromContext(java.net.URL,java.lang.String)>/new java.lang.StringBuilder/0	org.springframework.boot.loader.jar.Handler
<org.springframework.boot.loader.jar.Handler: java.lang.String getFileFromContext(java.net.URL,java.lang.String)>/new java.lang.StringBuilder/1	org.springframework.boot.loader.jar.Handler
<org.springframework.boot.loader.jar.Handler: java.lang.String getFileFromContext(java.net.URL,java.lang.String)>/new java.lang.IllegalArgumentException/0	org.springframework.boot.loader.jar.Handler
<org.springframework.boot.loader.jar.Handler: java.lang.String getFileFromContext(java.net.URL,java.lang.String)>/new java.lang.StringBuilder/2	org.springframework.boot.loader.jar.Handler
<org.springframework.boot.loader.jar.Handler: java.lang.String getFileFromContext(java.net.URL,java.lang.String)>/new java.lang.StringBuilder/3	org.springframework.boot.loader.jar.Handler
<org.springframework.boot.loader.jar.Handler: java.lang.String trimToJarRoot(java.lang.String)>/new java.lang.IllegalArgumentException/0	org.springframework.boot.loader.jar.Handler
<org.springframework.boot.loader.jar.Handler: java.lang.String trimToJarRoot(java.lang.String)>/new java.lang.StringBuilder/0	org.springframework.boot.loader.jar.Handler
<org.springframework.boot.loader.jar.Handler: int hashCode(java.lang.String,java.lang.String)>/new java.net.URL/0	org.springframework.boot.loader.jar.Handler
<org.springframework.boot.loader.jar.Handler: boolean sameFile(java.net.URL,java.net.URL)>/new java.net.URL/0	org.springframework.boot.loader.jar.Handler
<org.springframework.boot.loader.jar.Handler: boolean sameFile(java.net.URL,java.net.URL)>/new java.net.URL/1	org.springframework.boot.loader.jar.Handler
<org.springframework.boot.loader.jar.Handler: org.springframework.boot.loader.jar.JarFile getRootJarFileFromUrl(java.net.URL)>/new java.net.MalformedURLException/0	org.springframework.boot.loader.jar.Handler
<org.springframework.boot.loader.jar.Handler: org.springframework.boot.loader.jar.JarFile getRootJarFile(java.lang.String)>/new java.lang.IllegalStateException/0	org.springframework.boot.loader.jar.Handler
<org.springframework.boot.loader.jar.Handler: org.springframework.boot.loader.jar.JarFile getRootJarFile(java.lang.String)>/new java.io.File/0	org.springframework.boot.loader.jar.Handler
<org.springframework.boot.loader.jar.Handler: org.springframework.boot.loader.jar.JarFile getRootJarFile(java.lang.String)>/new org.springframework.boot.loader.jar.JarFile/0	org.springframework.boot.loader.jar.Handler
<org.springframework.boot.loader.jar.Handler: org.springframework.boot.loader.jar.JarFile getRootJarFile(java.lang.String)>/new java.io.IOException/0	org.springframework.boot.loader.jar.Handler
<org.springframework.boot.loader.jar.Handler: org.springframework.boot.loader.jar.JarFile getRootJarFile(java.lang.String)>/new java.lang.StringBuilder/0	org.springframework.boot.loader.jar.Handler
<org.springframework.boot.loader.jar.Handler: void addToRootFileCache(java.io.File,org.springframework.boot.loader.jar.JarFile)>/new java.util.concurrent.ConcurrentHashMap/0	org.springframework.boot.loader.jar.Handler
<org.springframework.boot.loader.jar.Handler: void addToRootFileCache(java.io.File,org.springframework.boot.loader.jar.JarFile)>/new java.lang.ref.SoftReference/0	org.springframework.boot.loader.jar.Handler
<org.springframework.boot.loader.jar.Handler: void <clinit>()>/new java.lang.String[]/0	org.springframework.boot.loader.jar.Handler
<org.springframework.boot.loader.jar.Handler: void <clinit>()>/new java.lang.Class[]/0	org.springframework.boot.loader.jar.Handler
<org.springframework.boot.loader.jar.Handler: void <clinit>()>/new java.lang.ref.SoftReference/0	org.springframework.boot.loader.jar.Handler
<org.springframework.boot.loader.PropertiesLauncher: void <init>()>/new java.util.ArrayList/0	org.springframework.boot.loader.PropertiesLauncher
<org.springframework.boot.loader.PropertiesLauncher: void <init>()>/new java.util.Properties/0	org.springframework.boot.loader.PropertiesLauncher
<org.springframework.boot.loader.PropertiesLauncher: void <init>()>/new java.lang.IllegalStateException/0	org.springframework.boot.loader.PropertiesLauncher
<org.springframework.boot.loader.PropertiesLauncher: java.io.File getHomeDirectory()>/new java.io.File/0	org.springframework.boot.loader.PropertiesLauncher
<org.springframework.boot.loader.PropertiesLauncher: java.io.File getHomeDirectory()>/new java.lang.IllegalStateException/0	org.springframework.boot.loader.PropertiesLauncher
<org.springframework.boot.loader.PropertiesLauncher: void initializeProperties()>/new java.util.ArrayList/0	org.springframework.boot.loader.PropertiesLauncher
<org.springframework.boot.loader.PropertiesLauncher: void initializeProperties()>/new java.lang.StringBuilder/0	org.springframework.boot.loader.PropertiesLauncher
<org.springframework.boot.loader.PropertiesLauncher: void initializeProperties()>/new java.lang.StringBuilder/1	org.springframework.boot.loader.PropertiesLauncher
<org.springframework.boot.loader.PropertiesLauncher: void initializeProperties()>/new java.lang.StringBuilder/2	org.springframework.boot.loader.PropertiesLauncher
<org.springframework.boot.loader.PropertiesLauncher: void initializeProperties()>/new java.lang.StringBuilder/3	org.springframework.boot.loader.PropertiesLauncher
<org.springframework.boot.loader.PropertiesLauncher: void initializeProperties()>/new java.lang.StringBuilder/4	org.springframework.boot.loader.PropertiesLauncher
<org.springframework.boot.loader.PropertiesLauncher: java.io.InputStream getClasspathResource(java.lang.String)>/new java.lang.StringBuilder/0	org.springframework.boot.loader.PropertiesLauncher
<org.springframework.boot.loader.PropertiesLauncher: java.io.InputStream getClasspathResource(java.lang.String)>/new java.lang.StringBuilder/1	org.springframework.boot.loader.PropertiesLauncher
<org.springframework.boot.loader.PropertiesLauncher: java.io.InputStream getFileResource(java.lang.String)>/new java.io.File/0	org.springframework.boot.loader.PropertiesLauncher
<org.springframework.boot.loader.PropertiesLauncher: java.io.InputStream getFileResource(java.lang.String)>/new java.lang.StringBuilder/0	org.springframework.boot.loader.PropertiesLauncher
<org.springframework.boot.loader.PropertiesLauncher: java.io.InputStream getFileResource(java.lang.String)>/new java.io.FileInputStream/0	org.springframework.boot.loader.PropertiesLauncher
<org.springframework.boot.loader.PropertiesLauncher: java.io.InputStream getURLResource(java.lang.String)>/new java.net.URL/0	org.springframework.boot.loader.PropertiesLauncher
<org.springframework.boot.loader.PropertiesLauncher: void initializePaths()>/new java.lang.StringBuilder/0	org.springframework.boot.loader.PropertiesLauncher
<org.springframework.boot.loader.PropertiesLauncher: java.util.List parsePathsProperty(java.lang.String)>/new java.util.ArrayList/0	org.springframework.boot.loader.PropertiesLauncher
<org.springframework.boot.loader.PropertiesLauncher: java.lang.String[] getArgs(java.lang.String[])>/new java.lang.String[]/0	org.springframework.boot.loader.PropertiesLauncher
<org.springframework.boot.loader.PropertiesLauncher: java.lang.String getMainClass()>/new java.lang.IllegalStateException/0	org.springframework.boot.loader.PropertiesLauncher
<org.springframework.boot.loader.PropertiesLauncher: java.lang.ClassLoader createClassLoader(java.util.List)>/new java.util.LinkedHashSet/0	org.springframework.boot.loader.PropertiesLauncher
<org.springframework.boot.loader.PropertiesLauncher: java.lang.ClassLoader createClassLoader(java.util.List)>/new org.springframework.boot.loader.LaunchedURLClassLoader/0	org.springframework.boot.loader.PropertiesLauncher
<org.springframework.boot.loader.PropertiesLauncher: java.lang.ClassLoader createClassLoader(java.util.List)>/new java.net.URL[]/0	org.springframework.boot.loader.PropertiesLauncher
<org.springframework.boot.loader.PropertiesLauncher: java.lang.ClassLoader createClassLoader(java.util.List)>/new java.lang.StringBuilder/0	org.springframework.boot.loader.PropertiesLauncher
<org.springframework.boot.loader.PropertiesLauncher: java.lang.ClassLoader createClassLoader(java.util.List)>/new java.lang.StringBuilder/1	org.springframework.boot.loader.PropertiesLauncher
<org.springframework.boot.loader.PropertiesLauncher: java.lang.ClassLoader wrapWithCustomClassLoader(java.lang.ClassLoader,java.lang.String)>/new java.lang.Class[]/0	org.springframework.boot.loader.PropertiesLauncher
<org.springframework.boot.loader.PropertiesLauncher: java.lang.ClassLoader wrapWithCustomClassLoader(java.lang.ClassLoader,java.lang.String)>/new java.lang.Object[]/0	org.springframework.boot.loader.PropertiesLauncher
<org.springframework.boot.loader.PropertiesLauncher: java.lang.ClassLoader wrapWithCustomClassLoader(java.lang.ClassLoader,java.lang.String)>/new java.lang.Class[]/1	org.springframework.boot.loader.PropertiesLauncher
<org.springframework.boot.loader.PropertiesLauncher: java.lang.ClassLoader wrapWithCustomClassLoader(java.lang.ClassLoader,java.lang.String)>/new java.lang.Object[]/1	org.springframework.boot.loader.PropertiesLauncher
<org.springframework.boot.loader.PropertiesLauncher: java.lang.ClassLoader wrapWithCustomClassLoader(java.lang.ClassLoader,java.lang.String)>/new java.net.URL[]/0	org.springframework.boot.loader.PropertiesLauncher
<org.springframework.boot.loader.PropertiesLauncher: java.lang.String getProperty(java.lang.String,java.lang.String,java.lang.String)>/new java.lang.StringBuilder/0	org.springframework.boot.loader.PropertiesLauncher
<org.springframework.boot.loader.PropertiesLauncher: java.lang.String getProperty(java.lang.String,java.lang.String,java.lang.String)>/new java.lang.StringBuilder/1	org.springframework.boot.loader.PropertiesLauncher
<org.springframework.boot.loader.PropertiesLauncher: java.lang.String getProperty(java.lang.String,java.lang.String,java.lang.String)>/new org.springframework.boot.loader.archive.ExplodedArchive/0	org.springframework.boot.loader.PropertiesLauncher
<org.springframework.boot.loader.PropertiesLauncher: java.lang.String getProperty(java.lang.String,java.lang.String,java.lang.String)>/new java.lang.StringBuilder/2	org.springframework.boot.loader.PropertiesLauncher
<org.springframework.boot.loader.PropertiesLauncher: java.lang.String getProperty(java.lang.String,java.lang.String,java.lang.String)>/new java.lang.StringBuilder/3	org.springframework.boot.loader.PropertiesLauncher
<org.springframework.boot.loader.PropertiesLauncher: java.util.List getClassPathArchives()>/new java.util.ArrayList/0	org.springframework.boot.loader.PropertiesLauncher
<org.springframework.boot.loader.PropertiesLauncher: java.util.List getClassPathArchives()>/new java.util.ArrayList/1	org.springframework.boot.loader.PropertiesLauncher
<org.springframework.boot.loader.PropertiesLauncher: java.util.List getClassPathArchives()>/new org.springframework.boot.loader.PropertiesLauncher$ArchiveEntryFilter/0	org.springframework.boot.loader.PropertiesLauncher
<org.springframework.boot.loader.PropertiesLauncher: java.util.List getClassPathArchives(java.lang.String)>/new java.util.ArrayList/0	org.springframework.boot.loader.PropertiesLauncher
<org.springframework.boot.loader.PropertiesLauncher: java.util.List getClassPathArchives(java.lang.String)>/new java.io.File/0	org.springframework.boot.loader.PropertiesLauncher
<org.springframework.boot.loader.PropertiesLauncher: java.util.List getClassPathArchives(java.lang.String)>/new java.io.File/1	org.springframework.boot.loader.PropertiesLauncher
<org.springframework.boot.loader.PropertiesLauncher: java.util.List getClassPathArchives(java.lang.String)>/new java.lang.StringBuilder/0	org.springframework.boot.loader.PropertiesLauncher
<org.springframework.boot.loader.PropertiesLauncher: java.util.List getClassPathArchives(java.lang.String)>/new org.springframework.boot.loader.archive.ExplodedArchive/0	org.springframework.boot.loader.PropertiesLauncher
<org.springframework.boot.loader.PropertiesLauncher: java.util.List getClassPathArchives(java.lang.String)>/new java.lang.StringBuilder/1	org.springframework.boot.loader.PropertiesLauncher
<org.springframework.boot.loader.PropertiesLauncher: java.util.List getClassPathArchives(java.lang.String)>/new java.lang.StringBuilder/2	org.springframework.boot.loader.PropertiesLauncher
<org.springframework.boot.loader.PropertiesLauncher: org.springframework.boot.loader.archive.Archive getArchive(java.io.File)>/new org.springframework.boot.loader.archive.JarFileArchive/0	org.springframework.boot.loader.PropertiesLauncher
<org.springframework.boot.loader.PropertiesLauncher: java.util.List getNestedArchives(java.lang.String)>/new java.io.File/0	org.springframework.boot.loader.PropertiesLauncher
<org.springframework.boot.loader.PropertiesLauncher: java.util.List getNestedArchives(java.lang.String)>/new java.io.File/1	org.springframework.boot.loader.PropertiesLauncher
<org.springframework.boot.loader.PropertiesLauncher: java.util.List getNestedArchives(java.lang.String)>/new org.springframework.boot.loader.archive.JarFileArchive/0	org.springframework.boot.loader.PropertiesLauncher
<org.springframework.boot.loader.PropertiesLauncher: java.util.List getNestedArchives(java.lang.String)>/new java.io.File/2	org.springframework.boot.loader.PropertiesLauncher
<org.springframework.boot.loader.PropertiesLauncher: java.util.List getNestedArchives(java.lang.String)>/new org.springframework.boot.loader.archive.JarFileArchive/1	org.springframework.boot.loader.PropertiesLauncher
<org.springframework.boot.loader.PropertiesLauncher: java.util.List getNestedArchives(java.lang.String)>/new org.springframework.boot.loader.PropertiesLauncher$PrefixMatchingArchiveFilter/0	org.springframework.boot.loader.PropertiesLauncher
<org.springframework.boot.loader.PropertiesLauncher: java.util.List getNestedArchives(java.lang.String)>/new java.util.ArrayList/0	org.springframework.boot.loader.PropertiesLauncher
<org.springframework.boot.loader.PropertiesLauncher: void addNestedEntries(java.util.List)>/new org.springframework.boot.loader.PropertiesLauncher$1/0	org.springframework.boot.loader.PropertiesLauncher
<org.springframework.boot.loader.PropertiesLauncher: java.lang.String cleanupPath(java.lang.String)>/new java.lang.StringBuilder/0	org.springframework.boot.loader.PropertiesLauncher
<org.springframework.boot.loader.PropertiesLauncher: void main(java.lang.String[])>/new org.springframework.boot.loader.PropertiesLauncher/0	org.springframework.boot.loader.PropertiesLauncher
<org.springframework.boot.loader.PropertiesLauncher: java.lang.String toCamelCase(java.lang.CharSequence)>/new java.lang.StringBuilder/0	org.springframework.boot.loader.PropertiesLauncher
<org.springframework.boot.loader.PropertiesLauncher: java.lang.String capitalize(java.lang.String)>/new java.lang.StringBuilder/0	org.springframework.boot.loader.PropertiesLauncher
<org.springframework.boot.loader.PropertiesLauncher: void warn(java.lang.String)>/new java.lang.StringBuilder/0	org.springframework.boot.loader.PropertiesLauncher
<org.springframework.boot.loader.archive.JarFileArchive: void <init>(java.io.File,java.net.URL)>/new org.springframework.boot.loader.jar.JarFile/0	org.springframework.boot.loader.archive.JarFileArchive
<org.springframework.boot.loader.archive.JarFileArchive: java.util.List getNestedArchives(org.springframework.boot.loader.archive.Archive$EntryFilter)>/new java.util.ArrayList/0	org.springframework.boot.loader.archive.JarFileArchive
<org.springframework.boot.loader.archive.JarFileArchive: java.util.Iterator iterator()>/new org.springframework.boot.loader.archive.JarFileArchive$EntryIterator/0	org.springframework.boot.loader.archive.JarFileArchive
<org.springframework.boot.loader.archive.JarFileArchive: org.springframework.boot.loader.archive.Archive getNestedArchive(org.springframework.boot.loader.archive.Archive$Entry)>/new org.springframework.boot.loader.archive.JarFileArchive/0	org.springframework.boot.loader.archive.JarFileArchive
<org.springframework.boot.loader.archive.JarFileArchive: org.springframework.boot.loader.archive.Archive getNestedArchive(org.springframework.boot.loader.archive.Archive$Entry)>/new java.lang.IllegalStateException/0	org.springframework.boot.loader.archive.JarFileArchive
<org.springframework.boot.loader.archive.JarFileArchive: org.springframework.boot.loader.archive.Archive getNestedArchive(org.springframework.boot.loader.archive.Archive$Entry)>/new java.lang.StringBuilder/0	org.springframework.boot.loader.archive.JarFileArchive
<org.springframework.boot.loader.archive.JarFileArchive: org.springframework.boot.loader.archive.Archive getUnpackedNestedArchive(java.util.jar.JarEntry)>/new java.io.File/0	org.springframework.boot.loader.archive.JarFileArchive
<org.springframework.boot.loader.archive.JarFileArchive: org.springframework.boot.loader.archive.Archive getUnpackedNestedArchive(java.util.jar.JarEntry)>/new org.springframework.boot.loader.archive.JarFileArchive/0	org.springframework.boot.loader.archive.JarFileArchive
<org.springframework.boot.loader.archive.JarFileArchive: java.io.File getTempUnpackFolder()>/new java.io.File/0	org.springframework.boot.loader.archive.JarFileArchive
<org.springframework.boot.loader.archive.JarFileArchive: java.io.File createUnpackFolder(java.io.File)>/new java.io.File/0	org.springframework.boot.loader.archive.JarFileArchive
<org.springframework.boot.loader.archive.JarFileArchive: java.io.File createUnpackFolder(java.io.File)>/new java.io.File/1	org.springframework.boot.loader.archive.JarFileArchive
<org.springframework.boot.loader.archive.JarFileArchive: java.io.File createUnpackFolder(java.io.File)>/new java.lang.StringBuilder/0	org.springframework.boot.loader.archive.JarFileArchive
<org.springframework.boot.loader.archive.JarFileArchive: java.io.File createUnpackFolder(java.io.File)>/new java.lang.IllegalStateException/0	org.springframework.boot.loader.archive.JarFileArchive
<org.springframework.boot.loader.archive.JarFileArchive: java.io.File createUnpackFolder(java.io.File)>/new java.lang.StringBuilder/1	org.springframework.boot.loader.archive.JarFileArchive
<org.springframework.boot.loader.archive.JarFileArchive: void unpack(java.util.jar.JarEntry,java.io.File)>/new java.io.FileOutputStream/0	org.springframework.boot.loader.archive.JarFileArchive
<org.springframework.boot.loader.archive.JarFileArchive: void unpack(java.util.jar.JarEntry,java.io.File)>/new byte[]/0	org.springframework.boot.loader.archive.JarFileArchive
<org.springframework.boot.loader.data.RandomAccessDataFile: void <init>(java.io.File,int)>/new java.lang.IllegalArgumentException/0	org.springframework.boot.loader.data.RandomAccessDataFile
<org.springframework.boot.loader.data.RandomAccessDataFile: void <init>(java.io.File,int)>/new java.lang.IllegalArgumentException/1	org.springframework.boot.loader.data.RandomAccessDataFile
<org.springframework.boot.loader.data.RandomAccessDataFile: void <init>(java.io.File,int)>/new org.springframework.boot.loader.data.RandomAccessDataFile$FilePool/0	org.springframework.boot.loader.data.RandomAccessDataFile
<org.springframework.boot.loader.data.RandomAccessDataFile: java.io.InputStream getInputStream(org.springframework.boot.loader.data.RandomAccessData$ResourceAccess)>/new org.springframework.boot.loader.data.RandomAccessDataFile$DataInputStream/0	org.springframework.boot.loader.data.RandomAccessDataFile
<org.springframework.boot.loader.data.RandomAccessDataFile: org.springframework.boot.loader.data.RandomAccessData getSubsection(long,long)>/new java.lang.IndexOutOfBoundsException/0	org.springframework.boot.loader.data.RandomAccessDataFile
<org.springframework.boot.loader.data.RandomAccessDataFile: org.springframework.boot.loader.data.RandomAccessData getSubsection(long,long)>/new org.springframework.boot.loader.data.RandomAccessDataFile/0	org.springframework.boot.loader.data.RandomAccessDataFile
<org.springframework.boot.loader.jar.Bytes: byte[] get(java.io.InputStream,long)>/new byte[]/0	org.springframework.boot.loader.jar.Bytes
<org.springframework.boot.loader.jar.Bytes: byte[] get(java.io.InputStream,long)>/new java.io.IOException/0	org.springframework.boot.loader.jar.Bytes
<org.springframework.boot.loader.jar.Bytes: void <clinit>()>/new byte[]/0	org.springframework.boot.loader.jar.Bytes
<org.springframework.boot.loader.LaunchedURLClassLoader$1: java.lang.Object run()>/new java.lang.StringBuilder/0	org.springframework.boot.loader.LaunchedURLClassLoader$1
<org.springframework.boot.loader.LaunchedURLClassLoader$1: java.lang.Object run()>/new java.lang.StringBuilder/1	org.springframework.boot.loader.LaunchedURLClassLoader$1
<org.springframework.boot.loader.jar.ZipInflaterInputStream: void <init>(java.io.InputStream,int)>/new java.util.zip.Inflater/0	org.springframework.boot.loader.jar.ZipInflaterInputStream
<org.springframework.boot.loader.Launcher: java.lang.ClassLoader createClassLoader(java.util.List)>/new java.util.ArrayList/0	org.springframework.boot.loader.Launcher
<org.springframework.boot.loader.Launcher: java.lang.ClassLoader createClassLoader(java.util.List)>/new java.net.URL[]/0	org.springframework.boot.loader.Launcher
<org.springframework.boot.loader.Launcher: java.lang.ClassLoader createClassLoader(java.net.URL[])>/new org.springframework.boot.loader.LaunchedURLClassLoader/0	org.springframework.boot.loader.Launcher
<org.springframework.boot.loader.Launcher: org.springframework.boot.loader.MainMethodRunner createMainMethodRunner(java.lang.String,java.lang.String[],java.lang.ClassLoader)>/new org.springframework.boot.loader.MainMethodRunner/0	org.springframework.boot.loader.Launcher
<org.springframework.boot.loader.Launcher: org.springframework.boot.loader.archive.Archive createArchive()>/new java.lang.IllegalStateException/0	org.springframework.boot.loader.Launcher
<org.springframework.boot.loader.Launcher: org.springframework.boot.loader.archive.Archive createArchive()>/new java.io.File/0	org.springframework.boot.loader.Launcher
<org.springframework.boot.loader.Launcher: org.springframework.boot.loader.archive.Archive createArchive()>/new java.lang.IllegalStateException/1	org.springframework.boot.loader.Launcher
<org.springframework.boot.loader.Launcher: org.springframework.boot.loader.archive.Archive createArchive()>/new java.lang.StringBuilder/0	org.springframework.boot.loader.Launcher
<org.springframework.boot.loader.Launcher: org.springframework.boot.loader.archive.Archive createArchive()>/new org.springframework.boot.loader.archive.ExplodedArchive/0	org.springframework.boot.loader.Launcher
<org.springframework.boot.loader.Launcher: org.springframework.boot.loader.archive.Archive createArchive()>/new org.springframework.boot.loader.archive.JarFileArchive/0	org.springframework.boot.loader.Launcher
<org.springframework.boot.loader.data.RandomAccessDataFile$FilePool: void <init>(java.io.File,int)>/new java.util.concurrent.Semaphore/0	org.springframework.boot.loader.data.RandomAccessDataFile$FilePool
<org.springframework.boot.loader.data.RandomAccessDataFile$FilePool: void <init>(java.io.File,int)>/new java.util.concurrent.ConcurrentLinkedQueue/0	org.springframework.boot.loader.data.RandomAccessDataFile$FilePool
<org.springframework.boot.loader.data.RandomAccessDataFile$FilePool: java.io.RandomAccessFile acquire()>/new java.io.RandomAccessFile/0	org.springframework.boot.loader.data.RandomAccessDataFile$FilePool
<org.springframework.boot.loader.jar.JarFileEntries$EntryIterator: org.springframework.boot.loader.jar.JarEntry next()>/new java.util.NoSuchElementException/0	org.springframework.boot.loader.jar.JarFileEntries$EntryIterator
<org.springframework.boot.loader.jar.AsciiBytes: void <init>(byte[],int,int)>/new java.lang.IndexOutOfBoundsException/0	org.springframework.boot.loader.jar.AsciiBytes
<org.springframework.boot.loader.jar.AsciiBytes: org.springframework.boot.loader.jar.AsciiBytes substring(int,int)>/new java.lang.IndexOutOfBoundsException/0	org.springframework.boot.loader.jar.AsciiBytes
<org.springframework.boot.loader.jar.AsciiBytes: org.springframework.boot.loader.jar.AsciiBytes substring(int,int)>/new org.springframework.boot.loader.jar.AsciiBytes/0	org.springframework.boot.loader.jar.AsciiBytes
<org.springframework.boot.loader.jar.AsciiBytes: org.springframework.boot.loader.jar.AsciiBytes append(byte[])>/new byte[]/0	org.springframework.boot.loader.jar.AsciiBytes
<org.springframework.boot.loader.jar.AsciiBytes: org.springframework.boot.loader.jar.AsciiBytes append(byte[])>/new org.springframework.boot.loader.jar.AsciiBytes/0	org.springframework.boot.loader.jar.AsciiBytes
<org.springframework.boot.loader.jar.AsciiBytes: java.lang.String toString()>/new java.lang.String/0	org.springframework.boot.loader.jar.AsciiBytes
<org.springframework.boot.loader.jar.AsciiBytes: java.lang.String toString(byte[])>/new java.lang.String/0	org.springframework.boot.loader.jar.AsciiBytes
<org.springframework.boot.loader.ExecutableArchiveLauncher: void <init>()>/new java.lang.IllegalStateException/0	org.springframework.boot.loader.ExecutableArchiveLauncher
<org.springframework.boot.loader.ExecutableArchiveLauncher: java.lang.String getMainClass()>/new java.lang.IllegalStateException/0	org.springframework.boot.loader.ExecutableArchiveLauncher
<org.springframework.boot.loader.ExecutableArchiveLauncher: java.lang.String getMainClass()>/new java.lang.StringBuilder/0	org.springframework.boot.loader.ExecutableArchiveLauncher
<org.springframework.boot.loader.ExecutableArchiveLauncher: java.util.List getClassPathArchives()>/new java.util.ArrayList/0	org.springframework.boot.loader.ExecutableArchiveLauncher
<org.springframework.boot.loader.ExecutableArchiveLauncher: java.util.List getClassPathArchives()>/new org.springframework.boot.loader.ExecutableArchiveLauncher$1/0	org.springframework.boot.loader.ExecutableArchiveLauncher
<org.springframework.boot.loader.jar.CentralDirectoryEndRecord: void <init>(org.springframework.boot.loader.data.RandomAccessData)>/new java.io.IOException/0	org.springframework.boot.loader.jar.CentralDirectoryEndRecord
<org.springframework.boot.loader.jar.CentralDirectoryEndRecord: void <init>(org.springframework.boot.loader.data.RandomAccessData)>/new java.lang.StringBuilder/0	org.springframework.boot.loader.jar.CentralDirectoryEndRecord
<org.springframework.boot.loader.jar.CentralDirectoryEndRecord: int getNumberOfRecords()>/new java.lang.IllegalStateException/0	org.springframework.boot.loader.jar.CentralDirectoryEndRecord
<org.springframework.boot.loader.archive.JarFileArchive$EntryIterator: org.springframework.boot.loader.archive.Archive$Entry next()>/new org.springframework.boot.loader.archive.JarFileArchive$JarFileEntry/0	org.springframework.boot.loader.archive.JarFileArchive$EntryIterator
<org.springframework.boot.loader.archive.JarFileArchive$EntryIterator: void remove()>/new java.lang.UnsupportedOperationException/0	org.springframework.boot.loader.archive.JarFileArchive$EntryIterator
<org.springframework.boot.loader.jar.CentralDirectoryParser: void <init>()>/new java.util.ArrayList/0	org.springframework.boot.loader.jar.CentralDirectoryParser
<org.springframework.boot.loader.jar.CentralDirectoryParser: org.springframework.boot.loader.data.RandomAccessData parse(org.springframework.boot.loader.data.RandomAccessData,boolean)>/new org.springframework.boot.loader.jar.CentralDirectoryEndRecord/0	org.springframework.boot.loader.jar.CentralDirectoryParser
<org.springframework.boot.loader.jar.CentralDirectoryParser: void parseEntries(org.springframework.boot.loader.jar.CentralDirectoryEndRecord,org.springframework.boot.loader.data.RandomAccessData)>/new org.springframework.boot.loader.jar.CentralDirectoryFileHeader/0	org.springframework.boot.loader.jar.CentralDirectoryParser
<org.springframework.boot.loader.LaunchedURLClassLoader: java.lang.Class loadClass(java.lang.String,boolean)>/new java.lang.AssertionError/0	org.springframework.boot.loader.LaunchedURLClassLoader
<org.springframework.boot.loader.LaunchedURLClassLoader: java.lang.Class loadClass(java.lang.String,boolean)>/new java.lang.StringBuilder/0	org.springframework.boot.loader.LaunchedURLClassLoader
<org.springframework.boot.loader.LaunchedURLClassLoader: void definePackageIfNecessary(java.lang.String)>/new java.lang.AssertionError/0	org.springframework.boot.loader.LaunchedURLClassLoader
<org.springframework.boot.loader.LaunchedURLClassLoader: void definePackageIfNecessary(java.lang.String)>/new java.lang.StringBuilder/0	org.springframework.boot.loader.LaunchedURLClassLoader
<org.springframework.boot.loader.LaunchedURLClassLoader: void definePackage(java.lang.String,java.lang.String)>/new org.springframework.boot.loader.LaunchedURLClassLoader$1/0	org.springframework.boot.loader.LaunchedURLClassLoader
<org.springframework.boot.loader.jar.JarFile: void <init>(java.io.File)>/new org.springframework.boot.loader.data.RandomAccessDataFile/0	org.springframework.boot.loader.jar.JarFile
<org.springframework.boot.loader.jar.JarFile: void <init>(org.springframework.boot.loader.data.RandomAccessDataFile,java.lang.String,org.springframework.boot.loader.data.RandomAccessData,org.springframework.boot.loader.jar.JarEntryFilter,org.springframework.boot.loader.jar.JarFile$JarFileType)>/new org.springframework.boot.loader.jar.CentralDirectoryParser/0	org.springframework.boot.loader.jar.JarFile
<org.springframework.boot.loader.jar.JarFile: void <init>(org.springframework.boot.loader.data.RandomAccessDataFile,java.lang.String,org.springframework.boot.loader.data.RandomAccessData,org.springframework.boot.loader.jar.JarEntryFilter,org.springframework.boot.loader.jar.JarFile$JarFileType)>/new org.springframework.boot.loader.jar.JarFileEntries/0	org.springframework.boot.loader.jar.JarFile
<org.springframework.boot.loader.jar.JarFile: org.springframework.boot.loader.jar.CentralDirectoryVisitor centralDirectoryVisitor()>/new org.springframework.boot.loader.jar.JarFile$1/0	org.springframework.boot.loader.jar.JarFile
<org.springframework.boot.loader.jar.JarFile: java.util.jar.Manifest getManifest()>/new org.springframework.boot.loader.jar.JarFile/0	org.springframework.boot.loader.jar.JarFile
<org.springframework.boot.loader.jar.JarFile: java.util.jar.Manifest getManifest()>/new java.util.jar.Manifest/0	org.springframework.boot.loader.jar.JarFile
<org.springframework.boot.loader.jar.JarFile: java.util.jar.Manifest getManifest()>/new java.lang.ref.SoftReference/0	org.springframework.boot.loader.jar.JarFile
<org.springframework.boot.loader.jar.JarFile: java.util.Enumeration entries()>/new org.springframework.boot.loader.jar.JarFile$2/0	org.springframework.boot.loader.jar.JarFile
<org.springframework.boot.loader.jar.JarFile: org.springframework.boot.loader.jar.JarFile getNestedJarFile(org.springframework.boot.loader.jar.JarEntry)>/new java.io.IOException/0	org.springframework.boot.loader.jar.JarFile
<org.springframework.boot.loader.jar.JarFile: org.springframework.boot.loader.jar.JarFile getNestedJarFile(org.springframework.boot.loader.jar.JarEntry)>/new java.lang.StringBuilder/0	org.springframework.boot.loader.jar.JarFile
<org.springframework.boot.loader.jar.JarFile: org.springframework.boot.loader.jar.JarFile createJarFileFromDirectoryEntry(org.springframework.boot.loader.jar.JarEntry)>/new org.springframework.boot.loader.jar.AsciiBytes/0	org.springframework.boot.loader.jar.JarFile
<org.springframework.boot.loader.jar.JarFile: org.springframework.boot.loader.jar.JarFile createJarFileFromDirectoryEntry(org.springframework.boot.loader.jar.JarEntry)>/new org.springframework.boot.loader.jar.JarFile$3/0	org.springframework.boot.loader.jar.JarFile
<org.springframework.boot.loader.jar.JarFile: org.springframework.boot.loader.jar.JarFile createJarFileFromDirectoryEntry(org.springframework.boot.loader.jar.JarEntry)>/new org.springframework.boot.loader.jar.JarFile/0	org.springframework.boot.loader.jar.JarFile
<org.springframework.boot.loader.jar.JarFile: org.springframework.boot.loader.jar.JarFile createJarFileFromDirectoryEntry(org.springframework.boot.loader.jar.JarEntry)>/new java.lang.StringBuilder/0	org.springframework.boot.loader.jar.JarFile
<org.springframework.boot.loader.jar.JarFile: org.springframework.boot.loader.jar.JarFile createJarFileFromFileEntry(org.springframework.boot.loader.jar.JarEntry)>/new java.lang.IllegalStateException/0	org.springframework.boot.loader.jar.JarFile
<org.springframework.boot.loader.jar.JarFile: org.springframework.boot.loader.jar.JarFile createJarFileFromFileEntry(org.springframework.boot.loader.jar.JarEntry)>/new java.lang.StringBuilder/0	org.springframework.boot.loader.jar.JarFile
<org.springframework.boot.loader.jar.JarFile: org.springframework.boot.loader.jar.JarFile createJarFileFromFileEntry(org.springframework.boot.loader.jar.JarEntry)>/new org.springframework.boot.loader.jar.JarFile/0	org.springframework.boot.loader.jar.JarFile
<org.springframework.boot.loader.jar.JarFile: org.springframework.boot.loader.jar.JarFile createJarFileFromFileEntry(org.springframework.boot.loader.jar.JarEntry)>/new java.lang.StringBuilder/1	org.springframework.boot.loader.jar.JarFile
<org.springframework.boot.loader.jar.JarFile: java.net.URL getUrl()>/new org.springframework.boot.loader.jar.Handler/0	org.springframework.boot.loader.jar.JarFile
<org.springframework.boot.loader.jar.JarFile: java.net.URL getUrl()>/new java.lang.StringBuilder/0	org.springframework.boot.loader.jar.JarFile
<org.springframework.boot.loader.jar.JarFile: java.net.URL getUrl()>/new java.net.URL/0	org.springframework.boot.loader.jar.JarFile
<org.springframework.boot.loader.jar.JarFile: java.lang.String getName()>/new java.lang.StringBuilder/0	org.springframework.boot.loader.jar.JarFile
<org.springframework.boot.loader.jar.JarFile: void setupEntryCertificates(org.springframework.boot.loader.jar.JarEntry)>/new java.util.jar.JarInputStream/0	org.springframework.boot.loader.jar.JarFile
<org.springframework.boot.loader.jar.JarFile: void setupEntryCertificates(org.springframework.boot.loader.jar.JarEntry)>/new java.lang.IllegalStateException/0	org.springframework.boot.loader.jar.JarFile
<org.springframework.boot.loader.jar.JarFile: void registerUrlProtocolHandler()>/new java.lang.StringBuilder/0	org.springframework.boot.loader.jar.JarFile
<org.springframework.boot.loader.jar.JarFile: void <clinit>()>/new org.springframework.boot.loader.jar.AsciiBytes/0	org.springframework.boot.loader.jar.JarFile
<org.springframework.boot.loader.jar.JarFile: void <clinit>()>/new org.springframework.boot.loader.jar.AsciiBytes/1	org.springframework.boot.loader.jar.JarFile
<org.springframework.boot.loader.util.SystemPropertyUtils: java.lang.String resolvePlaceholders(java.lang.String)>/new java.util.HashSet/0	org.springframework.boot.loader.util.SystemPropertyUtils
<org.springframework.boot.loader.util.SystemPropertyUtils: java.lang.String resolvePlaceholders(java.util.Properties,java.lang.String)>/new java.util.HashSet/0	org.springframework.boot.loader.util.SystemPropertyUtils
<org.springframework.boot.loader.util.SystemPropertyUtils: java.lang.String parseStringValue(java.util.Properties,java.lang.String,java.lang.String,java.util.Set)>/new java.lang.StringBuilder/0	org.springframework.boot.loader.util.SystemPropertyUtils
<org.springframework.boot.loader.util.SystemPropertyUtils: java.lang.String parseStringValue(java.util.Properties,java.lang.String,java.lang.String,java.util.Set)>/new java.lang.IllegalArgumentException/0	org.springframework.boot.loader.util.SystemPropertyUtils
<org.springframework.boot.loader.util.SystemPropertyUtils: java.lang.String parseStringValue(java.util.Properties,java.lang.String,java.lang.String,java.util.Set)>/new java.lang.StringBuilder/1	org.springframework.boot.loader.util.SystemPropertyUtils
<org.springframework.boot.loader.util.SystemPropertyUtils: java.lang.String getProperty(java.lang.String,java.lang.String,java.lang.String)>/new java.lang.StringBuilder/0	org.springframework.boot.loader.util.SystemPropertyUtils
<org.springframework.boot.loader.jar.JarEntry: java.net.URL getUrl()>/new java.net.URL/0	org.springframework.boot.loader.jar.JarEntry
<org.springframework.boot.loader.jar.CentralDirectoryFileHeader: void load(byte[],int,org.springframework.boot.loader.data.RandomAccessData,int,org.springframework.boot.loader.jar.JarEntryFilter)>/new org.springframework.boot.loader.jar.AsciiBytes/0	org.springframework.boot.loader.jar.CentralDirectoryFileHeader
<org.springframework.boot.loader.jar.CentralDirectoryFileHeader: void load(byte[],int,org.springframework.boot.loader.data.RandomAccessData,int,org.springframework.boot.loader.jar.JarEntryFilter)>/new byte[]/0	org.springframework.boot.loader.jar.CentralDirectoryFileHeader
<org.springframework.boot.loader.jar.CentralDirectoryFileHeader: void load(byte[],int,org.springframework.boot.loader.data.RandomAccessData,int,org.springframework.boot.loader.jar.JarEntryFilter)>/new org.springframework.boot.loader.jar.AsciiBytes/1	org.springframework.boot.loader.jar.CentralDirectoryFileHeader
<org.springframework.boot.loader.jar.CentralDirectoryFileHeader: boolean hasName(java.lang.String,java.lang.String)>/new org.springframework.boot.loader.jar.AsciiBytes/0	org.springframework.boot.loader.jar.CentralDirectoryFileHeader
<org.springframework.boot.loader.jar.CentralDirectoryFileHeader: boolean hasName(java.lang.String,java.lang.String)>/new java.lang.StringBuilder/0	org.springframework.boot.loader.jar.CentralDirectoryFileHeader
<org.springframework.boot.loader.jar.CentralDirectoryFileHeader: java.util.Calendar decodeMsDosFormatDateTime(long,long)>/new java.util.GregorianCalendar/0	org.springframework.boot.loader.jar.CentralDirectoryFileHeader
<org.springframework.boot.loader.jar.CentralDirectoryFileHeader: org.springframework.boot.loader.jar.CentralDirectoryFileHeader clone()>/new byte[]/0	org.springframework.boot.loader.jar.CentralDirectoryFileHeader
<org.springframework.boot.loader.jar.CentralDirectoryFileHeader: org.springframework.boot.loader.jar.CentralDirectoryFileHeader clone()>/new org.springframework.boot.loader.jar.CentralDirectoryFileHeader/0	org.springframework.boot.loader.jar.CentralDirectoryFileHeader
<org.springframework.boot.loader.jar.CentralDirectoryFileHeader: org.springframework.boot.loader.jar.CentralDirectoryFileHeader fromRandomAccessData(org.springframework.boot.loader.data.RandomAccessData,int,org.springframework.boot.loader.jar.JarEntryFilter)>/new org.springframework.boot.loader.jar.CentralDirectoryFileHeader/0	org.springframework.boot.loader.jar.CentralDirectoryFileHeader
<org.springframework.boot.loader.jar.CentralDirectoryFileHeader: void <clinit>()>/new org.springframework.boot.loader.jar.AsciiBytes/0	org.springframework.boot.loader.jar.CentralDirectoryFileHeader
<org.springframework.boot.loader.jar.CentralDirectoryFileHeader: void <clinit>()>/new byte[]/0	org.springframework.boot.loader.jar.CentralDirectoryFileHeader
<org.springframework.boot.loader.jar.CentralDirectoryFileHeader: void <clinit>()>/new org.springframework.boot.loader.jar.AsciiBytes/1	org.springframework.boot.loader.jar.CentralDirectoryFileHeader
<org.springframework.boot.loader.jar.JarFile$JarFileType: void <clinit>()>/new org.springframework.boot.loader.jar.JarFile$JarFileType/0	org.springframework.boot.loader.jar.JarFile$JarFileType
<org.springframework.boot.loader.jar.JarFile$JarFileType: void <clinit>()>/new org.springframework.boot.loader.jar.JarFile$JarFileType/1	org.springframework.boot.loader.jar.JarFile$JarFileType
<org.springframework.boot.loader.jar.JarFile$JarFileType: void <clinit>()>/new org.springframework.boot.loader.jar.JarFile$JarFileType/2	org.springframework.boot.loader.jar.JarFile$JarFileType
<org.springframework.boot.loader.jar.JarFile$JarFileType: void <clinit>()>/new org.springframework.boot.loader.jar.JarFile$JarFileType[]/0	org.springframework.boot.loader.jar.JarFile$JarFileType
remove	org.springframework.boot.loader.archive.ExplodedArchive$FileEntryIterator
remove	org.springframework.boot.loader.archive.JarFileArchive$EntryIterator
openConnection	org.springframework.boot.loader.jar.Handler
read	org.springframework.boot.loader.jar.JarURLConnection
WEB-INF/classes/	org.springframework.boot.loader.WarLauncher
WEB-INF/lib/	org.springframework.boot.loader.WarLauncher
WEB-INF/lib-provided/	org.springframework.boot.loader.WarLauncher
!/	org.springframework.boot.loader.jar.JarFile
!/	org.springframework.boot.loader.jar.JarURLConnection
!/	org.springframework.boot.loader.jar.Handler
jar:	org.springframework.boot.loader.jar.JarURLConnection
jar:	org.springframework.boot.loader.jar.Handler
no entry name specified	org.springframework.boot.loader.jar.JarURLConnection
<<\\"JAR entry \\">>	org.springframework.boot.loader.jar.JarURLConnection
<<\\" not found in \\">>	org.springframework.boot.loader.jar.JarURLConnection
<<\\"\\">>	org.springframework.boot.loader.jar.JarFile
<<\\"\\">>	org.springframework.boot.loader.jar.JarURLConnection
<<\\"\\">>	org.springframework.boot.loader.jar.JarFileEntries
<<\\"\\">>	org.springframework.boot.loader.PropertiesLauncher
<<\\"\\">>	org.springframework.boot.loader.util.SystemPropertyUtils
<<\\"\\">>	org.springframework.boot.loader.jar.CentralDirectoryFileHeader
Jar file or entry not found	org.springframework.boot.loader.jar.JarURLConnection
file:!/	org.springframework.boot.loader.jar.JarURLConnection
<<\\"Invalid source folder \\">>	org.springframework.boot.loader.archive.ExplodedArchive
META-INF	org.springframework.boot.loader.archive.ExplodedArchive
MANIFEST.MF	org.springframework.boot.loader.archive.ExplodedArchive
exploded archive	org.springframework.boot.loader.archive.ExplodedArchive
..	org.springframework.boot.loader.archive.ExplodedArchive
BOOT-INF/classes/	org.springframework.boot.loader.JarLauncher
BOOT-INF/classes/	org.springframework.boot.loader.PropertiesLauncher$1
BOOT-INF/lib/	org.springframework.boot.loader.JarLauncher
BOOT-INF/lib/	org.springframework.boot.loader.PropertiesLauncher$1
r	org.springframework.boot.loader.data.RandomAccessDataFile$DataInputStream
r	org.springframework.boot.loader.data.RandomAccessDataFile$FilePool
Bytes must not be null	org.springframework.boot.loader.data.RandomAccessDataFile$DataInputStream
UTF-8	org.springframework.boot.loader.jar.AsciiBytes
UTF-8	org.springframework.boot.loader.jar.JarURLConnection$JarEntryName
UTF-8	org.springframework.boot.loader.jar.Handler
Invalid encoded sequence \\\"	org.springframework.boot.loader.jar.JarURLConnection$JarEntryName
\\\"	org.springframework.boot.loader.jar.JarURLConnection$JarEntryName
x-java/jar	org.springframework.boot.loader.jar.JarURLConnection$JarEntryName
content/unknown	org.springframework.boot.loader.jar.JarURLConnection$JarEntryName
Unable to open fallback handler	org.springframework.boot.loader.jar.Handler
Unable to find fallback handler	org.springframework.boot.loader.jar.Handler
Unable to invoke fallback open connection method	org.springframework.boot.loader.jar.Handler
No !/ in spec \'	org.springframework.boot.loader.jar.Handler
\'	org.springframework.boot.loader.jar.JarFile
\'	org.springframework.boot.loader.jar.Handler
\'	org.springframework.boot.loader.archive.JarFileArchive
Invalid spec URL \'	org.springframework.boot.loader.jar.Handler
No / found in context URL\'s file \'	org.springframework.boot.loader.jar.Handler
No !/ found in context URL\'s file \'	org.springframework.boot.loader.jar.Handler
jar	org.springframework.boot.loader.jar.JarFile
jar	org.springframework.boot.loader.jar.Handler
Jar URL does not contain !/ separator	org.springframework.boot.loader.jar.Handler
file:	org.springframework.boot.loader.jar.Handler
file:	org.springframework.boot.loader.PropertiesLauncher
Not a file URL	org.springframework.boot.loader.jar.Handler
Unable to open root Jar file \'	org.springframework.boot.loader.jar.Handler
sun.net.www.protocol.jar.Handler	org.springframework.boot.loader.jar.Handler
loader.home	org.springframework.boot.loader.PropertiesLauncher
${user.dir}	org.springframework.boot.loader.PropertiesLauncher
loader.config.location	org.springframework.boot.loader.PropertiesLauncher
loader.config.name	org.springframework.boot.loader.PropertiesLauncher
loader,application	org.springframework.boot.loader.PropertiesLauncher
,	org.springframework.boot.loader.PropertiesLauncher
.properties	org.springframework.boot.loader.PropertiesLauncher
classpath:	org.springframework.boot.loader.PropertiesLauncher
classpath:BOOT-INF/classes/	org.springframework.boot.loader.PropertiesLauncher
<<\\"Found: \\">>	org.springframework.boot.loader.PropertiesLauncher
application.properties	org.springframework.boot.loader.PropertiesLauncher
loader.	org.springframework.boot.loader.PropertiesLauncher
Use of application.properties for PropertiesLauncher is deprecated	org.springframework.boot.loader.PropertiesLauncher
true	org.springframework.boot.loader.PropertiesLauncher
loader.system	org.springframework.boot.loader.PropertiesLauncher
Adding resolved properties to System properties	org.springframework.boot.loader.PropertiesLauncher
<<\\"Not found: \\">>	org.springframework.boot.loader.PropertiesLauncher
//	org.springframework.boot.loader.PropertiesLauncher
://	org.springframework.boot.loader.PropertiesLauncher
<<\\"Trying classpath: \\">>	org.springframework.boot.loader.PropertiesLauncher
<<\\"Trying file: \\">>	org.springframework.boot.loader.PropertiesLauncher
JNLP	org.springframework.boot.loader.PropertiesLauncher
HEAD	org.springframework.boot.loader.PropertiesLauncher
loader.path	org.springframework.boot.loader.PropertiesLauncher
<<\\"Nested archive paths: \\">>	org.springframework.boot.loader.PropertiesLauncher
lib	org.springframework.boot.loader.PropertiesLauncher
loader.args	org.springframework.boot.loader.PropertiesLauncher
\\s+	org.springframework.boot.loader.PropertiesLauncher
loader.main	org.springframework.boot.loader.PropertiesLauncher
Start-Class	org.springframework.boot.loader.ExecutableArchiveLauncher
Start-Class	org.springframework.boot.loader.PropertiesLauncher
No \'loader.main\' or \'Start-Class\' specified	org.springframework.boot.loader.PropertiesLauncher
<<\\"Classpath: \\">>	org.springframework.boot.loader.PropertiesLauncher
loader.classLoader	org.springframework.boot.loader.PropertiesLauncher
<<\\"Using custom class loader: \\">>	org.springframework.boot.loader.PropertiesLauncher
Property \'	org.springframework.boot.loader.PropertiesLauncher
<<\\"\' from environment: \\">>	org.springframework.boot.loader.PropertiesLauncher
<<\\"\' from properties: \\">>	org.springframework.boot.loader.PropertiesLauncher
<<\\"\' from home directory manifest: \\">>	org.springframework.boot.loader.PropertiesLauncher
<<\\"\' from archive manifest: \\">>	org.springframework.boot.loader.PropertiesLauncher
<<\\"Adding classpath entries from \\">>	org.springframework.boot.loader.PropertiesLauncher
<<\\"Adding classpath entries from archive \\">>	org.springframework.boot.loader.PropertiesLauncher
<<\\"Adding classpath entries from nested \\">>	org.springframework.boot.loader.PropertiesLauncher
:	org.springframework.boot.loader.PropertiesLauncher
:	org.springframework.boot.loader.util.SystemPropertyUtils
.jar	org.springframework.boot.loader.PropertiesLauncher$ArchiveEntryFilter
.jar	org.springframework.boot.loader.PropertiesLauncher
.zip	org.springframework.boot.loader.PropertiesLauncher$ArchiveEntryFilter
.zip	org.springframework.boot.loader.PropertiesLauncher
!	org.springframework.boot.loader.PropertiesLauncher
jar:file:	org.springframework.boot.loader.PropertiesLauncher
./	org.springframework.boot.loader.PropertiesLauncher
/*	org.springframework.boot.loader.PropertiesLauncher
loader.debug	org.springframework.boot.loader.PropertiesLauncher
<<\\"WARNING: \\">>	org.springframework.boot.loader.PropertiesLauncher
\\W+	org.springframework.boot.loader.PropertiesLauncher
UNPACK:	org.springframework.boot.loader.archive.JarFileArchive
<<\\"Failed to get nested archive for entry \\">>	org.springframework.boot.loader.archive.JarFileArchive
java.io.tmpdir	org.springframework.boot.loader.archive.JarFileArchive
-spring-boot-libs-	org.springframework.boot.loader.archive.JarFileArchive
Failed to create unpack folder in directory \'	org.springframework.boot.loader.archive.JarFileArchive
jar archive	org.springframework.boot.loader.archive.JarFileArchive
File must not be null	org.springframework.boot.loader.data.RandomAccessDataFile
File must exist	org.springframework.boot.loader.data.RandomAccessDataFile
Unable to read bytes	org.springframework.boot.loader.jar.Bytes
.class	org.springframework.boot.loader.LaunchedURLClassLoader$1
Unable to determine code source archive	org.springframework.boot.loader.Launcher
<<\\"Unable to determine code source archive from \\">>	org.springframework.boot.loader.Launcher
<<\\"No \'Start-Class\' manifest entry specified in \\">>	org.springframework.boot.loader.ExecutableArchiveLauncher
<<\\"Unable to find ZIP central directory records after reading \\">>	org.springframework.boot.loader.jar.CentralDirectoryEndRecord
<<\\" bytes\\">>	org.springframework.boot.loader.jar.CentralDirectoryEndRecord
Zip64 archives are not supported	org.springframework.boot.loader.jar.CentralDirectoryEndRecord
<<\\"Package \\">>	org.springframework.boot.loader.LaunchedURLClassLoader
<<\\" has already been defined but it could not be found\\">>	org.springframework.boot.loader.LaunchedURLClassLoader
META-INF/MANIFEST.MF	org.springframework.boot.loader.jar.JarFile
Unable to open nested jar file \'	org.springframework.boot.loader.jar.JarFile
Unable to open nested entry \'	org.springframework.boot.loader.jar.JarFile
\'. It has been compressed and nested jar files must be stored without compression. Please check the mechanism used to create your executable jar file	org.springframework.boot.loader.jar.JarFile
file:////	org.springframework.boot.loader.jar.JarFile
file://	org.springframework.boot.loader.jar.JarFile
java.protocol.handler.pkgs	org.springframework.boot.loader.jar.JarFile
org.springframework.boot.loader	org.springframework.boot.loader.jar.JarFile
|	org.springframework.boot.loader.jar.JarFile
META-INF/	org.springframework.boot.loader.jar.JarFile
.SF	org.springframework.boot.loader.jar.JarFile
${	org.springframework.boot.loader.util.SystemPropertyUtils
Circular placeholder reference \'	org.springframework.boot.loader.util.SystemPropertyUtils
\' in property definitions	org.springframework.boot.loader.util.SystemPropertyUtils
}	org.springframework.boot.loader.util.SystemPropertyUtils
Could not resolve key \'	org.springframework.boot.loader.util.SystemPropertyUtils
\' in \'	org.springframework.boot.loader.util.SystemPropertyUtils
<<\\"\' as system property or in environment: \\">>	org.springframework.boot.loader.util.SystemPropertyUtils
