<org.springframework.boot.loader.jar.JarFileEntries: void add(org.springframework.boot.loader.jar.AsciiBytes,org.springframework.boot.loader.jar.CentralDirectoryFileHeader,int)>/assign/instruction8	<org.springframework.boot.loader.jar.JarFileEntries: void add(org.springframework.boot.loader.jar.AsciiBytes,org.springframework.boot.loader.jar.CentralDirectoryFileHeader,int)>/$stack4	<org.springframework.boot.loader.jar.JarFileEntries: void add(org.springframework.boot.loader.jar.AsciiBytes,org.springframework.boot.loader.jar.CentralDirectoryFileHeader,int)>/$stack5	<org.springframework.boot.loader.jar.JarFileEntries: void add(org.springframework.boot.loader.jar.AsciiBytes,org.springframework.boot.loader.jar.CentralDirectoryFileHeader,int)>/$stack6
<org.springframework.boot.loader.jar.JarFileEntries: void add(org.springframework.boot.loader.jar.AsciiBytes,org.springframework.boot.loader.jar.CentralDirectoryFileHeader,int)>/assign/instruction11	<org.springframework.boot.loader.jar.JarFileEntries: void add(org.springframework.boot.loader.jar.AsciiBytes,org.springframework.boot.loader.jar.CentralDirectoryFileHeader,int)>/$stack8	<org.springframework.boot.loader.jar.JarFileEntries: void add(org.springframework.boot.loader.jar.AsciiBytes,org.springframework.boot.loader.jar.CentralDirectoryFileHeader,int)>/$stack7	<org.springframework.boot.loader.jar.JarFileEntries: void add(org.springframework.boot.loader.jar.AsciiBytes,org.springframework.boot.loader.jar.CentralDirectoryFileHeader,int)>/dataOffset#_0
<org.springframework.boot.loader.jar.JarFileEntries: void add(org.springframework.boot.loader.jar.AsciiBytes,org.springframework.boot.loader.jar.CentralDirectoryFileHeader,int)>/assign/instruction15	<org.springframework.boot.loader.jar.JarFileEntries: void add(org.springframework.boot.loader.jar.AsciiBytes,org.springframework.boot.loader.jar.CentralDirectoryFileHeader,int)>/$stack11	<org.springframework.boot.loader.jar.JarFileEntries: void add(org.springframework.boot.loader.jar.AsciiBytes,org.springframework.boot.loader.jar.CentralDirectoryFileHeader,int)>/$stack10	<org.springframework.boot.loader.jar.JarFileEntries: void add(org.springframework.boot.loader.jar.AsciiBytes,org.springframework.boot.loader.jar.CentralDirectoryFileHeader,int)>/$stack9
<org.springframework.boot.loader.jar.JarFileEntries: void visitEnd()>/assign/instruction17	<org.springframework.boot.loader.jar.JarFileEntries: void visitEnd()>/$stack9	<org.springframework.boot.loader.jar.JarFileEntries: void visitEnd()>/$stack8	<org.springframework.boot.loader.jar.JarFileEntries: void visitEnd()>/i_$$A_1#_120
<org.springframework.boot.loader.jar.JarFileEntries: void swap(int[],int,int)>/assign/instruction7	<org.springframework.boot.loader.jar.JarFileEntries: void swap(int[],int,int)>/array#_0	<org.springframework.boot.loader.jar.JarFileEntries: void swap(int[],int,int)>/i#_0	<org.springframework.boot.loader.jar.JarFileEntries: void swap(int[],int,int)>/$stack5
<org.springframework.boot.loader.jar.JarFileEntries: void swap(int[],int,int)>/assign/instruction8	<org.springframework.boot.loader.jar.JarFileEntries: void swap(int[],int,int)>/array#_0	<org.springframework.boot.loader.jar.JarFileEntries: void swap(int[],int,int)>/j#_0	<org.springframework.boot.loader.jar.JarFileEntries: void swap(int[],int,int)>/temp#_159
