<org.springframework.boot.loader.archive.ExplodedArchive$FileEntryIterator: void <init>(java.io.File,boolean)>	<org.springframework.boot.loader.archive.ExplodedArchive$FileEntryIterator: java.util.Iterator listFiles(java.io.File)>	java.io.File
<org.springframework.boot.loader.jar.JarFile$3: org.springframework.boot.loader.jar.AsciiBytes apply(org.springframework.boot.loader.jar.AsciiBytes)>	<org.springframework.boot.loader.jar.AsciiBytes: boolean startsWith(org.springframework.boot.loader.jar.AsciiBytes)>	org.springframework.boot.loader.jar.AsciiBytes
<org.springframework.boot.loader.jar.JarFile$3: org.springframework.boot.loader.jar.AsciiBytes apply(org.springframework.boot.loader.jar.AsciiBytes)>	<org.springframework.boot.loader.jar.AsciiBytes: org.springframework.boot.loader.jar.AsciiBytes substring(int)>	int
<org.springframework.boot.loader.jar.JarURLConnection: org.springframework.boot.loader.jar.JarURLConnection get(java.net.URL,org.springframework.boot.loader.jar.JarFile)>	<org.springframework.boot.loader.jar.JarURLConnection: java.lang.String extractFullSpec(java.net.URL,java.lang.String)>	java.net.URL
<org.springframework.boot.loader.jar.JarURLConnection: org.springframework.boot.loader.jar.JarURLConnection get(java.net.URL,org.springframework.boot.loader.jar.JarFile)>	<org.springframework.boot.loader.jar.JarURLConnection: org.springframework.boot.loader.jar.JarURLConnection notFound(org.springframework.boot.loader.jar.JarFile,org.springframework.boot.loader.jar.JarURLConnection$JarEntryName)>	org.springframework.boot.loader.jar.JarFile
<org.springframework.boot.loader.jar.JarURLConnection: org.springframework.boot.loader.jar.JarURLConnection get(java.net.URL,org.springframework.boot.loader.jar.JarFile)>	<org.springframework.boot.loader.jar.JarURLConnection: org.springframework.boot.loader.jar.JarURLConnection notFound(org.springframework.boot.loader.jar.JarFile,org.springframework.boot.loader.jar.JarURLConnection$JarEntryName)>	org.springframework.boot.loader.jar.JarURLConnection$JarEntryName
<org.springframework.boot.loader.jar.JarURLConnection: org.springframework.boot.loader.jar.JarURLConnection get(java.net.URL,org.springframework.boot.loader.jar.JarFile)>	<org.springframework.boot.loader.jar.JarURLConnection$JarEntryName: org.springframework.boot.loader.jar.JarURLConnection$JarEntryName get(java.lang.String,int)>	int
<org.springframework.boot.loader.jar.JarURLConnection: org.springframework.boot.loader.jar.JarURLConnection get(java.net.URL,org.springframework.boot.loader.jar.JarFile)>	<org.springframework.boot.loader.jar.JarFile: org.springframework.boot.loader.jar.JarFile getNestedJarFile(org.springframework.boot.loader.jar.JarEntry)>	org.springframework.boot.loader.jar.JarEntry
<org.springframework.boot.loader.jar.JarFileEntries$1: boolean removeEldestEntry(java.util.Map$Entry)>	<org.springframework.boot.loader.jar.JarFileEntries: org.springframework.boot.loader.jar.JarFile access$000(org.springframework.boot.loader.jar.JarFileEntries)>	org.springframework.boot.loader.jar.JarFileEntries
<org.springframework.boot.loader.jar.JarFile$1: void visitFileHeader(org.springframework.boot.loader.jar.CentralDirectoryFileHeader,int)>	<org.springframework.boot.loader.jar.AsciiBytes: boolean startsWith(org.springframework.boot.loader.jar.AsciiBytes)>	org.springframework.boot.loader.jar.AsciiBytes
<org.springframework.boot.loader.jar.JarFile$1: void visitFileHeader(org.springframework.boot.loader.jar.CentralDirectoryFileHeader,int)>	<org.springframework.boot.loader.jar.AsciiBytes: boolean endsWith(org.springframework.boot.loader.jar.AsciiBytes)>	org.springframework.boot.loader.jar.AsciiBytes
<org.springframework.boot.loader.archive.ExplodedArchive: void <init>(java.io.File,boolean)>	<org.springframework.boot.loader.archive.ExplodedArchive: java.io.File getManifestFile(java.io.File)>	java.io.File
<org.springframework.boot.loader.archive.ExplodedArchive: java.util.List getNestedArchives(org.springframework.boot.loader.archive.Archive$EntryFilter)>	<org.springframework.boot.loader.archive.ExplodedArchive: org.springframework.boot.loader.archive.Archive getNestedArchive(org.springframework.boot.loader.archive.Archive$Entry)>	org.springframework.boot.loader.archive.Archive$Entry
<org.springframework.boot.loader.archive.ExplodedArchive: java.util.List getNestedArchives(org.springframework.boot.loader.archive.Archive$EntryFilter)>	<org.springframework.boot.loader.archive.Archive$EntryFilter: boolean matches(org.springframework.boot.loader.archive.Archive$Entry)>	org.springframework.boot.loader.archive.Archive$Entry
<org.springframework.boot.loader.PropertiesLauncher$PrefixMatchingArchiveFilter: boolean matches(org.springframework.boot.loader.archive.Archive$Entry)>	<org.springframework.boot.loader.PropertiesLauncher$ArchiveEntryFilter: boolean matches(org.springframework.boot.loader.archive.Archive$Entry)>	org.springframework.boot.loader.archive.Archive$Entry
<org.springframework.boot.loader.ExecutableArchiveLauncher$1: boolean matches(org.springframework.boot.loader.archive.Archive$Entry)>	<org.springframework.boot.loader.ExecutableArchiveLauncher: boolean isNestedArchive(org.springframework.boot.loader.archive.Archive$Entry)>	org.springframework.boot.loader.archive.Archive$Entry
<org.springframework.boot.loader.jar.JarFileEntries: void visitFileHeader(org.springframework.boot.loader.jar.CentralDirectoryFileHeader,int)>	<org.springframework.boot.loader.jar.JarFileEntries: org.springframework.boot.loader.jar.AsciiBytes applyFilter(org.springframework.boot.loader.jar.AsciiBytes)>	org.springframework.boot.loader.jar.AsciiBytes
<org.springframework.boot.loader.jar.JarFileEntries: boolean containsEntry(java.lang.String)>	<org.springframework.boot.loader.jar.JarFileEntries: org.springframework.boot.loader.jar.FileHeader getEntry(java.lang.String,java.lang.Class,boolean)>	boolean
<org.springframework.boot.loader.jar.JarFileEntries: org.springframework.boot.loader.jar.JarEntry getEntry(java.lang.String)>	<org.springframework.boot.loader.jar.JarFileEntries: org.springframework.boot.loader.jar.FileHeader getEntry(java.lang.String,java.lang.Class,boolean)>	boolean
<org.springframework.boot.loader.jar.JarFileEntries: java.io.InputStream getInputStream(java.lang.String,org.springframework.boot.loader.data.RandomAccessData$ResourceAccess)>	<org.springframework.boot.loader.jar.JarFileEntries: java.io.InputStream getInputStream(org.springframework.boot.loader.jar.FileHeader,org.springframework.boot.loader.data.RandomAccessData$ResourceAccess)>	org.springframework.boot.loader.data.RandomAccessData$ResourceAccess
<org.springframework.boot.loader.jar.JarFileEntries: java.io.InputStream getInputStream(java.lang.String,org.springframework.boot.loader.data.RandomAccessData$ResourceAccess)>	<org.springframework.boot.loader.jar.JarFileEntries: java.io.InputStream getInputStream(org.springframework.boot.loader.jar.FileHeader,org.springframework.boot.loader.data.RandomAccessData$ResourceAccess)>	org.springframework.boot.loader.jar.FileHeader
<org.springframework.boot.loader.jar.JarFileEntries: java.io.InputStream getInputStream(java.lang.String,org.springframework.boot.loader.data.RandomAccessData$ResourceAccess)>	<org.springframework.boot.loader.jar.JarFileEntries: org.springframework.boot.loader.jar.FileHeader getEntry(java.lang.String,java.lang.Class,boolean)>	boolean
<org.springframework.boot.loader.jar.JarFileEntries: java.io.InputStream getInputStream(org.springframework.boot.loader.jar.FileHeader,org.springframework.boot.loader.data.RandomAccessData$ResourceAccess)>	<org.springframework.boot.loader.jar.JarFileEntries: org.springframework.boot.loader.data.RandomAccessData getEntryData(org.springframework.boot.loader.jar.FileHeader)>	org.springframework.boot.loader.jar.FileHeader
<org.springframework.boot.loader.jar.JarFileEntries: java.io.InputStream getInputStream(org.springframework.boot.loader.jar.FileHeader,org.springframework.boot.loader.data.RandomAccessData$ResourceAccess)>	<org.springframework.boot.loader.data.RandomAccessData: java.io.InputStream getInputStream(org.springframework.boot.loader.data.RandomAccessData$ResourceAccess)>	org.springframework.boot.loader.data.RandomAccessData$ResourceAccess
<org.springframework.boot.loader.jar.JarFileEntries: org.springframework.boot.loader.data.RandomAccessData getEntryData(java.lang.String)>	<org.springframework.boot.loader.jar.JarFileEntries: org.springframework.boot.loader.data.RandomAccessData getEntryData(org.springframework.boot.loader.jar.FileHeader)>	org.springframework.boot.loader.jar.FileHeader
<org.springframework.boot.loader.jar.JarFileEntries: org.springframework.boot.loader.data.RandomAccessData getEntryData(java.lang.String)>	<org.springframework.boot.loader.jar.JarFileEntries: org.springframework.boot.loader.jar.FileHeader getEntry(java.lang.String,java.lang.Class,boolean)>	boolean
<org.springframework.boot.loader.jar.JarFileEntries: org.springframework.boot.loader.data.RandomAccessData getEntryData(org.springframework.boot.loader.jar.FileHeader)>	<org.springframework.boot.loader.jar.Bytes: byte[] get(org.springframework.boot.loader.data.RandomAccessData)>	org.springframework.boot.loader.data.RandomAccessData
<org.springframework.boot.loader.jar.JarFileEntries: org.springframework.boot.loader.data.RandomAccessData getEntryData(org.springframework.boot.loader.jar.FileHeader)>	<org.springframework.boot.loader.jar.Bytes: long littleEndianValue(byte[],int,int)>	int
<org.springframework.boot.loader.jar.JarFileEntries: org.springframework.boot.loader.data.RandomAccessData getEntryData(org.springframework.boot.loader.jar.FileHeader)>	<org.springframework.boot.loader.jar.Bytes: long littleEndianValue(byte[],int,int)>	byte[]
<org.springframework.boot.loader.jar.JarFileEntries: org.springframework.boot.loader.data.RandomAccessData getEntryData(org.springframework.boot.loader.jar.FileHeader)>	<org.springframework.boot.loader.data.RandomAccessData: org.springframework.boot.loader.data.RandomAccessData getSubsection(long,long)>	long
<org.springframework.boot.loader.jar.JarFileEntries: org.springframework.boot.loader.jar.FileHeader getEntry(java.lang.String,java.lang.Class,boolean)>	<org.springframework.boot.loader.jar.JarFileEntries: org.springframework.boot.loader.jar.FileHeader getEntry(int,java.lang.String,java.lang.String,java.lang.Class,boolean)>	boolean
<org.springframework.boot.loader.jar.JarFileEntries: org.springframework.boot.loader.jar.FileHeader getEntry(java.lang.String,java.lang.Class,boolean)>	<org.springframework.boot.loader.jar.JarFileEntries: org.springframework.boot.loader.jar.FileHeader getEntry(int,java.lang.String,java.lang.String,java.lang.Class,boolean)>	int
<org.springframework.boot.loader.jar.JarFileEntries: org.springframework.boot.loader.jar.FileHeader getEntry(java.lang.String,java.lang.Class,boolean)>	<org.springframework.boot.loader.jar.AsciiBytes: int hashCode(int,java.lang.String)>	int
<org.springframework.boot.loader.jar.JarFileEntries: org.springframework.boot.loader.jar.FileHeader getEntry(int,java.lang.String,java.lang.String,java.lang.Class,boolean)>	<org.springframework.boot.loader.jar.JarFileEntries: org.springframework.boot.loader.jar.FileHeader getEntry(int,java.lang.Class,boolean)>	boolean
<org.springframework.boot.loader.jar.JarFileEntries: org.springframework.boot.loader.jar.FileHeader getEntry(int,java.lang.String,java.lang.String,java.lang.Class,boolean)>	<org.springframework.boot.loader.jar.JarFileEntries: org.springframework.boot.loader.jar.FileHeader getEntry(int,java.lang.Class,boolean)>	int
<org.springframework.boot.loader.jar.JarFileEntries: org.springframework.boot.loader.jar.FileHeader getEntry(int,java.lang.String,java.lang.String,java.lang.Class,boolean)>	<org.springframework.boot.loader.jar.JarFileEntries: int getFirstIndex(int)>	int
<org.springframework.boot.loader.jar.JarFileEntries: org.springframework.boot.loader.jar.FileHeader getEntry(int,java.lang.Class,boolean)>	<org.springframework.boot.loader.jar.CentralDirectoryFileHeader: org.springframework.boot.loader.jar.CentralDirectoryFileHeader fromRandomAccessData(org.springframework.boot.loader.data.RandomAccessData,int,org.springframework.boot.loader.jar.JarEntryFilter)>	int
<org.springframework.boot.loader.jar.JarFileEntries: org.springframework.boot.loader.jar.FileHeader getEntry(int,java.lang.Class,boolean)>	<org.springframework.boot.loader.jar.CentralDirectoryFileHeader: org.springframework.boot.loader.jar.CentralDirectoryFileHeader fromRandomAccessData(org.springframework.boot.loader.data.RandomAccessData,int,org.springframework.boot.loader.jar.JarEntryFilter)>	org.springframework.boot.loader.jar.JarEntryFilter
<org.springframework.boot.loader.jar.JarFileEntries: org.springframework.boot.loader.jar.FileHeader getEntry(int,java.lang.Class,boolean)>	<org.springframework.boot.loader.jar.CentralDirectoryFileHeader: org.springframework.boot.loader.jar.CentralDirectoryFileHeader fromRandomAccessData(org.springframework.boot.loader.data.RandomAccessData,int,org.springframework.boot.loader.jar.JarEntryFilter)>	org.springframework.boot.loader.data.RandomAccessData
<org.springframework.boot.loader.jar.JarFileEntries: org.springframework.boot.loader.jar.AsciiBytes applyFilter(org.springframework.boot.loader.jar.AsciiBytes)>	<org.springframework.boot.loader.jar.JarEntryFilter: org.springframework.boot.loader.jar.AsciiBytes apply(org.springframework.boot.loader.jar.AsciiBytes)>	org.springframework.boot.loader.jar.AsciiBytes
<org.springframework.boot.loader.jar.JarFileEntries: org.springframework.boot.loader.jar.FileHeader access$400(org.springframework.boot.loader.jar.JarFileEntries,int,java.lang.Class,boolean)>	<org.springframework.boot.loader.jar.JarFileEntries: org.springframework.boot.loader.jar.FileHeader getEntry(int,java.lang.Class,boolean)>	boolean
<org.springframework.boot.loader.jar.JarFileEntries: org.springframework.boot.loader.jar.FileHeader access$400(org.springframework.boot.loader.jar.JarFileEntries,int,java.lang.Class,boolean)>	<org.springframework.boot.loader.jar.JarFileEntries: org.springframework.boot.loader.jar.FileHeader getEntry(int,java.lang.Class,boolean)>	int
<org.springframework.boot.loader.data.RandomAccessDataFile$DataInputStream: void <init>(org.springframework.boot.loader.data.RandomAccessDataFile,org.springframework.boot.loader.data.RandomAccessData$ResourceAccess)>	<org.springframework.boot.loader.data.RandomAccessDataFile: java.io.File access$000(org.springframework.boot.loader.data.RandomAccessDataFile)>	org.springframework.boot.loader.data.RandomAccessDataFile
<org.springframework.boot.loader.data.RandomAccessDataFile$DataInputStream: void <init>(org.springframework.boot.loader.data.RandomAccessDataFile,org.springframework.boot.loader.data.RandomAccessData$ResourceAccess)>	<org.springframework.boot.loader.data.RandomAccessDataFile: long access$100(org.springframework.boot.loader.data.RandomAccessDataFile)>	org.springframework.boot.loader.data.RandomAccessDataFile
<org.springframework.boot.loader.data.RandomAccessDataFile$DataInputStream: int read(byte[])>	<org.springframework.boot.loader.data.RandomAccessDataFile$DataInputStream: int read(byte[],int,int)>	int
<org.springframework.boot.loader.data.RandomAccessDataFile$DataInputStream: int read(byte[])>	<org.springframework.boot.loader.data.RandomAccessDataFile$DataInputStream: int read(byte[],int,int)>	byte[]
<org.springframework.boot.loader.data.RandomAccessDataFile$DataInputStream: int read(byte[],int,int)>	<org.springframework.boot.loader.data.RandomAccessDataFile$DataInputStream: int doRead(byte[],int,int)>	int
<org.springframework.boot.loader.data.RandomAccessDataFile$DataInputStream: int read(byte[],int,int)>	<org.springframework.boot.loader.data.RandomAccessDataFile$DataInputStream: int doRead(byte[],int,int)>	byte[]
<org.springframework.boot.loader.data.RandomAccessDataFile$DataInputStream: int doRead(byte[],int,int)>	<org.springframework.boot.loader.data.RandomAccessDataFile$DataInputStream: int cap(long)>	long
<org.springframework.boot.loader.data.RandomAccessDataFile$DataInputStream: int doRead(byte[],int,int)>	<org.springframework.boot.loader.data.RandomAccessDataFile$DataInputStream: long moveOn(int)>	int
<org.springframework.boot.loader.data.RandomAccessDataFile$DataInputStream: int doRead(byte[],int,int)>	<org.springframework.boot.loader.data.RandomAccessDataFile: long access$100(org.springframework.boot.loader.data.RandomAccessDataFile)>	org.springframework.boot.loader.data.RandomAccessDataFile
<org.springframework.boot.loader.data.RandomAccessDataFile$DataInputStream: int doRead(byte[],int,int)>	<org.springframework.boot.loader.data.RandomAccessDataFile: org.springframework.boot.loader.data.RandomAccessDataFile$FilePool access$200(org.springframework.boot.loader.data.RandomAccessDataFile)>	org.springframework.boot.loader.data.RandomAccessDataFile
<org.springframework.boot.loader.data.RandomAccessDataFile$DataInputStream: long skip(long)>	<org.springframework.boot.loader.data.RandomAccessDataFile$DataInputStream: int cap(long)>	long
<org.springframework.boot.loader.data.RandomAccessDataFile$DataInputStream: long skip(long)>	<org.springframework.boot.loader.data.RandomAccessDataFile$DataInputStream: long moveOn(int)>	int
<org.springframework.boot.loader.data.RandomAccessDataFile$DataInputStream: int cap(long)>	<org.springframework.boot.loader.data.RandomAccessDataFile: long access$300(org.springframework.boot.loader.data.RandomAccessDataFile)>	org.springframework.boot.loader.data.RandomAccessDataFile
<org.springframework.boot.loader.jar.JarURLConnection$JarEntryName: java.lang.String decode(java.lang.String)>	<org.springframework.boot.loader.jar.AsciiBytes: java.lang.String toString(byte[])>	byte[]
<org.springframework.boot.loader.jar.JarURLConnection$JarEntryName: void write(java.lang.String,java.io.ByteArrayOutputStream)>	<org.springframework.boot.loader.jar.JarURLConnection$JarEntryName: char decodeEscapeSequence(java.lang.String,int)>	int
<org.springframework.boot.loader.jar.JarURLConnection$JarEntryName: org.springframework.boot.loader.jar.JarURLConnection$JarEntryName get(java.lang.String)>	<org.springframework.boot.loader.jar.JarURLConnection$JarEntryName: org.springframework.boot.loader.jar.JarURLConnection$JarEntryName get(java.lang.String,int)>	int
<org.springframework.boot.loader.archive.ExplodedArchive$FileEntryIterator$EntryComparator: int compare(java.lang.Object,java.lang.Object)>	<org.springframework.boot.loader.archive.ExplodedArchive$FileEntryIterator$EntryComparator: int compare(java.io.File,java.io.File)>	java.io.File
<org.springframework.boot.loader.jar.Handler: java.net.URLConnection openConnection(java.net.URL)>	<org.springframework.boot.loader.jar.JarURLConnection: org.springframework.boot.loader.jar.JarURLConnection get(java.net.URL,org.springframework.boot.loader.jar.JarFile)>	org.springframework.boot.loader.jar.JarFile
<org.springframework.boot.loader.jar.Handler: java.net.URLConnection openConnection(java.net.URL)>	<org.springframework.boot.loader.jar.JarURLConnection: org.springframework.boot.loader.jar.JarURLConnection get(java.net.URL,org.springframework.boot.loader.jar.JarFile)>	java.net.URL
<org.springframework.boot.loader.jar.Handler: java.net.URLConnection openConnection(java.net.URL)>	<org.springframework.boot.loader.jar.Handler: java.net.URLConnection openFallbackConnection(java.net.URL,java.lang.Exception)>	java.net.URL
<org.springframework.boot.loader.jar.Handler: java.net.URLConnection openConnection(java.net.URL)>	<org.springframework.boot.loader.jar.Handler: org.springframework.boot.loader.jar.JarFile getRootJarFileFromUrl(java.net.URL)>	java.net.URL
<org.springframework.boot.loader.jar.Handler: java.net.URLConnection openFallbackConnection(java.net.URL,java.lang.Exception)>	<org.springframework.boot.loader.jar.Handler: java.net.URLConnection openConnection(java.net.URLStreamHandler,java.net.URL)>	java.net.URL
<org.springframework.boot.loader.jar.Handler: java.net.URLConnection openFallbackConnection(java.net.URL,java.lang.Exception)>	<org.springframework.boot.loader.jar.Handler: java.net.URLConnection openConnection(java.net.URLStreamHandler,java.net.URL)>	java.net.URLStreamHandler
<org.springframework.boot.loader.jar.Handler: void parseURL(java.net.URL,java.lang.String,int,int)>	<org.springframework.boot.loader.jar.Handler: java.lang.String getFileFromContext(java.net.URL,java.lang.String)>	java.net.URL
<org.springframework.boot.loader.PropertiesLauncher: java.io.InputStream getURLResource(java.lang.String)>	<org.springframework.boot.loader.PropertiesLauncher: boolean exists(java.net.URL)>	java.net.URL
<org.springframework.boot.loader.PropertiesLauncher: java.lang.String getProperty(java.lang.String,java.lang.String,java.lang.String)>	<org.springframework.boot.loader.util.SystemPropertyUtils: java.lang.String resolvePlaceholders(java.util.Properties,java.lang.String)>	java.util.Properties
<org.springframework.boot.loader.PropertiesLauncher: java.util.List getClassPathArchives(java.lang.String)>	<org.springframework.boot.loader.PropertiesLauncher: org.springframework.boot.loader.archive.Archive getArchive(java.io.File)>	java.io.File
<org.springframework.boot.loader.PropertiesLauncher: java.util.List getNestedArchives(java.lang.String)>	<org.springframework.boot.loader.archive.Archive: java.util.List getNestedArchives(org.springframework.boot.loader.archive.Archive$EntryFilter)>	org.springframework.boot.loader.archive.Archive$EntryFilter
<org.springframework.boot.loader.PropertiesLauncher: void addNestedEntries(java.util.List)>	<org.springframework.boot.loader.archive.Archive: java.util.List getNestedArchives(org.springframework.boot.loader.archive.Archive$EntryFilter)>	org.springframework.boot.loader.archive.Archive$EntryFilter
<org.springframework.boot.loader.archive.JarFileArchive: java.util.List getNestedArchives(org.springframework.boot.loader.archive.Archive$EntryFilter)>	<org.springframework.boot.loader.archive.Archive$EntryFilter: boolean matches(org.springframework.boot.loader.archive.Archive$Entry)>	org.springframework.boot.loader.archive.Archive$Entry
<org.springframework.boot.loader.archive.JarFileArchive: java.util.List getNestedArchives(org.springframework.boot.loader.archive.Archive$EntryFilter)>	<org.springframework.boot.loader.archive.JarFileArchive: org.springframework.boot.loader.archive.Archive getNestedArchive(org.springframework.boot.loader.archive.Archive$Entry)>	org.springframework.boot.loader.archive.Archive$Entry
<org.springframework.boot.loader.archive.JarFileArchive: org.springframework.boot.loader.archive.Archive getNestedArchive(org.springframework.boot.loader.archive.Archive$Entry)>	<org.springframework.boot.loader.archive.JarFileArchive: org.springframework.boot.loader.archive.Archive getUnpackedNestedArchive(java.util.jar.JarEntry)>	java.util.jar.JarEntry
<org.springframework.boot.loader.archive.JarFileArchive: org.springframework.boot.loader.archive.Archive getNestedArchive(org.springframework.boot.loader.archive.Archive$Entry)>	<org.springframework.boot.loader.jar.JarFile: org.springframework.boot.loader.jar.JarFile getNestedJarFile(java.util.zip.ZipEntry)>	java.util.zip.ZipEntry
<org.springframework.boot.loader.archive.JarFileArchive: void unpack(java.util.jar.JarEntry,java.io.File)>	<org.springframework.boot.loader.jar.JarFile: java.io.InputStream getInputStream(java.util.zip.ZipEntry,org.springframework.boot.loader.data.RandomAccessData$ResourceAccess)>	org.springframework.boot.loader.data.RandomAccessData$ResourceAccess
<org.springframework.boot.loader.archive.JarFileArchive: void unpack(java.util.jar.JarEntry,java.io.File)>	<org.springframework.boot.loader.jar.JarFile: java.io.InputStream getInputStream(java.util.zip.ZipEntry,org.springframework.boot.loader.data.RandomAccessData$ResourceAccess)>	java.util.zip.ZipEntry
<org.springframework.boot.loader.jar.Bytes: byte[] get(org.springframework.boot.loader.data.RandomAccessData)>	<org.springframework.boot.loader.jar.Bytes: byte[] get(java.io.InputStream,long)>	long
<org.springframework.boot.loader.jar.Bytes: byte[] get(org.springframework.boot.loader.data.RandomAccessData)>	<org.springframework.boot.loader.jar.Bytes: byte[] get(java.io.InputStream,long)>	java.io.InputStream
<org.springframework.boot.loader.jar.Bytes: byte[] get(org.springframework.boot.loader.data.RandomAccessData)>	<org.springframework.boot.loader.data.RandomAccessData: java.io.InputStream getInputStream(org.springframework.boot.loader.data.RandomAccessData$ResourceAccess)>	org.springframework.boot.loader.data.RandomAccessData$ResourceAccess
<org.springframework.boot.loader.jar.Bytes: byte[] get(java.io.InputStream,long)>	<org.springframework.boot.loader.jar.Bytes: boolean fill(java.io.InputStream,byte[])>	byte[]
<org.springframework.boot.loader.jar.Bytes: byte[] get(java.io.InputStream,long)>	<org.springframework.boot.loader.jar.Bytes: boolean fill(java.io.InputStream,byte[])>	java.io.InputStream
<org.springframework.boot.loader.jar.Bytes: boolean fill(java.io.InputStream,byte[])>	<org.springframework.boot.loader.jar.Bytes: boolean fill(java.io.InputStream,byte[],int,int)>	int
<org.springframework.boot.loader.jar.Bytes: boolean fill(java.io.InputStream,byte[])>	<org.springframework.boot.loader.jar.Bytes: boolean fill(java.io.InputStream,byte[],int,int)>	byte[]
<org.springframework.boot.loader.jar.Bytes: boolean fill(java.io.InputStream,byte[])>	<org.springframework.boot.loader.jar.Bytes: boolean fill(java.io.InputStream,byte[],int,int)>	java.io.InputStream
<org.springframework.boot.loader.jar.ZipInflaterInputStream: void <init>(java.io.InputStream,int)>	<org.springframework.boot.loader.jar.ZipInflaterInputStream: int getInflaterBufferSize(long)>	long
<org.springframework.boot.loader.Launcher: void launch(java.lang.String[])>	<org.springframework.boot.loader.Launcher: java.lang.ClassLoader createClassLoader(java.util.List)>	java.util.List
<org.springframework.boot.loader.Launcher: java.lang.ClassLoader createClassLoader(java.util.List)>	<org.springframework.boot.loader.Launcher: java.lang.ClassLoader createClassLoader(java.net.URL[])>	java.net.URL[]
<org.springframework.boot.loader.jar.AsciiBytes: org.springframework.boot.loader.jar.AsciiBytes substring(int)>	<org.springframework.boot.loader.jar.AsciiBytes: org.springframework.boot.loader.jar.AsciiBytes substring(int,int)>	int
<org.springframework.boot.loader.jar.AsciiBytes: org.springframework.boot.loader.jar.AsciiBytes append(java.lang.String)>	<org.springframework.boot.loader.jar.AsciiBytes: org.springframework.boot.loader.jar.AsciiBytes append(byte[])>	byte[]
<org.springframework.boot.loader.jar.AsciiBytes: org.springframework.boot.loader.jar.AsciiBytes append(org.springframework.boot.loader.jar.AsciiBytes)>	<org.springframework.boot.loader.jar.AsciiBytes: org.springframework.boot.loader.jar.AsciiBytes append(byte[])>	byte[]
<org.springframework.boot.loader.jar.CentralDirectoryEndRecord: void <init>(org.springframework.boot.loader.data.RandomAccessData)>	<org.springframework.boot.loader.jar.CentralDirectoryEndRecord: byte[] createBlockFromEndOfData(org.springframework.boot.loader.data.RandomAccessData,int)>	int
<org.springframework.boot.loader.jar.CentralDirectoryEndRecord: void <init>(org.springframework.boot.loader.data.RandomAccessData)>	<org.springframework.boot.loader.jar.CentralDirectoryEndRecord: byte[] createBlockFromEndOfData(org.springframework.boot.loader.data.RandomAccessData,int)>	org.springframework.boot.loader.data.RandomAccessData
<org.springframework.boot.loader.jar.CentralDirectoryEndRecord: byte[] createBlockFromEndOfData(org.springframework.boot.loader.data.RandomAccessData,int)>	<org.springframework.boot.loader.jar.Bytes: byte[] get(org.springframework.boot.loader.data.RandomAccessData)>	org.springframework.boot.loader.data.RandomAccessData
<org.springframework.boot.loader.jar.CentralDirectoryEndRecord: byte[] createBlockFromEndOfData(org.springframework.boot.loader.data.RandomAccessData,int)>	<org.springframework.boot.loader.data.RandomAccessData: org.springframework.boot.loader.data.RandomAccessData getSubsection(long,long)>	long
<org.springframework.boot.loader.jar.CentralDirectoryEndRecord: long getStartOfArchive(org.springframework.boot.loader.data.RandomAccessData)>	<org.springframework.boot.loader.jar.Bytes: long littleEndianValue(byte[],int,int)>	int
<org.springframework.boot.loader.jar.CentralDirectoryEndRecord: long getStartOfArchive(org.springframework.boot.loader.data.RandomAccessData)>	<org.springframework.boot.loader.jar.Bytes: long littleEndianValue(byte[],int,int)>	byte[]
<org.springframework.boot.loader.jar.CentralDirectoryEndRecord: org.springframework.boot.loader.data.RandomAccessData getCentralDirectory(org.springframework.boot.loader.data.RandomAccessData)>	<org.springframework.boot.loader.jar.Bytes: long littleEndianValue(byte[],int,int)>	int
<org.springframework.boot.loader.jar.CentralDirectoryEndRecord: org.springframework.boot.loader.data.RandomAccessData getCentralDirectory(org.springframework.boot.loader.data.RandomAccessData)>	<org.springframework.boot.loader.jar.Bytes: long littleEndianValue(byte[],int,int)>	byte[]
<org.springframework.boot.loader.jar.CentralDirectoryEndRecord: org.springframework.boot.loader.data.RandomAccessData getCentralDirectory(org.springframework.boot.loader.data.RandomAccessData)>	<org.springframework.boot.loader.data.RandomAccessData: org.springframework.boot.loader.data.RandomAccessData getSubsection(long,long)>	long
<org.springframework.boot.loader.jar.CentralDirectoryParser: org.springframework.boot.loader.data.RandomAccessData parse(org.springframework.boot.loader.data.RandomAccessData,boolean)>	<org.springframework.boot.loader.jar.CentralDirectoryEndRecord: org.springframework.boot.loader.data.RandomAccessData getCentralDirectory(org.springframework.boot.loader.data.RandomAccessData)>	org.springframework.boot.loader.data.RandomAccessData
<org.springframework.boot.loader.jar.CentralDirectoryParser: org.springframework.boot.loader.data.RandomAccessData parse(org.springframework.boot.loader.data.RandomAccessData,boolean)>	<org.springframework.boot.loader.jar.CentralDirectoryParser: org.springframework.boot.loader.data.RandomAccessData getArchiveData(org.springframework.boot.loader.jar.CentralDirectoryEndRecord,org.springframework.boot.loader.data.RandomAccessData)>	org.springframework.boot.loader.data.RandomAccessData
<org.springframework.boot.loader.jar.CentralDirectoryParser: org.springframework.boot.loader.data.RandomAccessData parse(org.springframework.boot.loader.data.RandomAccessData,boolean)>	<org.springframework.boot.loader.jar.CentralDirectoryParser: org.springframework.boot.loader.data.RandomAccessData getArchiveData(org.springframework.boot.loader.jar.CentralDirectoryEndRecord,org.springframework.boot.loader.data.RandomAccessData)>	org.springframework.boot.loader.jar.CentralDirectoryEndRecord
<org.springframework.boot.loader.jar.CentralDirectoryParser: void parseEntries(org.springframework.boot.loader.jar.CentralDirectoryEndRecord,org.springframework.boot.loader.data.RandomAccessData)>	<org.springframework.boot.loader.jar.Bytes: byte[] get(org.springframework.boot.loader.data.RandomAccessData)>	org.springframework.boot.loader.data.RandomAccessData
<org.springframework.boot.loader.jar.CentralDirectoryParser: org.springframework.boot.loader.data.RandomAccessData getArchiveData(org.springframework.boot.loader.jar.CentralDirectoryEndRecord,org.springframework.boot.loader.data.RandomAccessData)>	<org.springframework.boot.loader.data.RandomAccessData: org.springframework.boot.loader.data.RandomAccessData getSubsection(long,long)>	long
<org.springframework.boot.loader.jar.CentralDirectoryParser: org.springframework.boot.loader.data.RandomAccessData getArchiveData(org.springframework.boot.loader.jar.CentralDirectoryEndRecord,org.springframework.boot.loader.data.RandomAccessData)>	<org.springframework.boot.loader.jar.CentralDirectoryEndRecord: long getStartOfArchive(org.springframework.boot.loader.data.RandomAccessData)>	org.springframework.boot.loader.data.RandomAccessData
<org.springframework.boot.loader.jar.JarFile: void <init>(org.springframework.boot.loader.data.RandomAccessDataFile,java.lang.String,org.springframework.boot.loader.data.RandomAccessData,org.springframework.boot.loader.jar.JarEntryFilter,org.springframework.boot.loader.jar.JarFile$JarFileType)>	<org.springframework.boot.loader.jar.CentralDirectoryParser: org.springframework.boot.loader.jar.CentralDirectoryVisitor addVisitor(org.springframework.boot.loader.jar.CentralDirectoryVisitor)>	org.springframework.boot.loader.jar.CentralDirectoryVisitor
<org.springframework.boot.loader.jar.JarFile: void <init>(org.springframework.boot.loader.data.RandomAccessDataFile,java.lang.String,org.springframework.boot.loader.data.RandomAccessData,org.springframework.boot.loader.jar.JarEntryFilter,org.springframework.boot.loader.jar.JarFile$JarFileType)>	<org.springframework.boot.loader.jar.CentralDirectoryParser: org.springframework.boot.loader.data.RandomAccessData parse(org.springframework.boot.loader.data.RandomAccessData,boolean)>	boolean
<org.springframework.boot.loader.jar.JarFile: void <init>(org.springframework.boot.loader.data.RandomAccessDataFile,java.lang.String,org.springframework.boot.loader.data.RandomAccessData,org.springframework.boot.loader.jar.JarEntryFilter,org.springframework.boot.loader.jar.JarFile$JarFileType)>	<org.springframework.boot.loader.jar.CentralDirectoryParser: org.springframework.boot.loader.data.RandomAccessData parse(org.springframework.boot.loader.data.RandomAccessData,boolean)>	org.springframework.boot.loader.data.RandomAccessData
<org.springframework.boot.loader.jar.JarFile: java.io.InputStream getInputStream(java.util.zip.ZipEntry)>	<org.springframework.boot.loader.jar.JarFile: java.io.InputStream getInputStream(java.util.zip.ZipEntry,org.springframework.boot.loader.data.RandomAccessData$ResourceAccess)>	org.springframework.boot.loader.data.RandomAccessData$ResourceAccess
<org.springframework.boot.loader.jar.JarFile: java.io.InputStream getInputStream(java.util.zip.ZipEntry)>	<org.springframework.boot.loader.jar.JarFile: java.io.InputStream getInputStream(java.util.zip.ZipEntry,org.springframework.boot.loader.data.RandomAccessData$ResourceAccess)>	java.util.zip.ZipEntry
<org.springframework.boot.loader.jar.JarFile: java.io.InputStream getInputStream(java.util.zip.ZipEntry,org.springframework.boot.loader.data.RandomAccessData$ResourceAccess)>	<org.springframework.boot.loader.jar.JarFileEntries: java.io.InputStream getInputStream(org.springframework.boot.loader.jar.FileHeader,org.springframework.boot.loader.data.RandomAccessData$ResourceAccess)>	org.springframework.boot.loader.data.RandomAccessData$ResourceAccess
<org.springframework.boot.loader.jar.JarFile: java.io.InputStream getInputStream(java.util.zip.ZipEntry,org.springframework.boot.loader.data.RandomAccessData$ResourceAccess)>	<org.springframework.boot.loader.jar.JarFileEntries: java.io.InputStream getInputStream(org.springframework.boot.loader.jar.FileHeader,org.springframework.boot.loader.data.RandomAccessData$ResourceAccess)>	org.springframework.boot.loader.jar.FileHeader
<org.springframework.boot.loader.jar.JarFile: java.io.InputStream getInputStream(java.util.zip.ZipEntry,org.springframework.boot.loader.data.RandomAccessData$ResourceAccess)>	<org.springframework.boot.loader.jar.JarFile: java.io.InputStream getInputStream(java.lang.String,org.springframework.boot.loader.data.RandomAccessData$ResourceAccess)>	org.springframework.boot.loader.data.RandomAccessData$ResourceAccess
<org.springframework.boot.loader.jar.JarFile: java.io.InputStream getInputStream(java.lang.String,org.springframework.boot.loader.data.RandomAccessData$ResourceAccess)>	<org.springframework.boot.loader.jar.JarFileEntries: java.io.InputStream getInputStream(java.lang.String,org.springframework.boot.loader.data.RandomAccessData$ResourceAccess)>	org.springframework.boot.loader.data.RandomAccessData$ResourceAccess
<org.springframework.boot.loader.jar.JarFile: org.springframework.boot.loader.jar.JarFile getNestedJarFile(java.util.zip.ZipEntry)>	<org.springframework.boot.loader.jar.JarFile: org.springframework.boot.loader.jar.JarFile getNestedJarFile(org.springframework.boot.loader.jar.JarEntry)>	org.springframework.boot.loader.jar.JarEntry
<org.springframework.boot.loader.jar.JarFile: org.springframework.boot.loader.jar.JarFile getNestedJarFile(org.springframework.boot.loader.jar.JarEntry)>	<org.springframework.boot.loader.jar.JarFile: org.springframework.boot.loader.jar.JarFile createJarFileFromEntry(org.springframework.boot.loader.jar.JarEntry)>	org.springframework.boot.loader.jar.JarEntry
<org.springframework.boot.loader.jar.JarFile: org.springframework.boot.loader.jar.JarFile createJarFileFromEntry(org.springframework.boot.loader.jar.JarEntry)>	<org.springframework.boot.loader.jar.JarFile: org.springframework.boot.loader.jar.JarFile createJarFileFromDirectoryEntry(org.springframework.boot.loader.jar.JarEntry)>	org.springframework.boot.loader.jar.JarEntry
<org.springframework.boot.loader.jar.JarFile: org.springframework.boot.loader.jar.JarFile createJarFileFromEntry(org.springframework.boot.loader.jar.JarEntry)>	<org.springframework.boot.loader.jar.JarFile: org.springframework.boot.loader.jar.JarFile createJarFileFromFileEntry(org.springframework.boot.loader.jar.JarEntry)>	org.springframework.boot.loader.jar.JarEntry
<org.springframework.boot.loader.jar.JarFile: void setupEntryCertificates(org.springframework.boot.loader.jar.JarEntry)>	<org.springframework.boot.loader.data.RandomAccessData: java.io.InputStream getInputStream(org.springframework.boot.loader.data.RandomAccessData$ResourceAccess)>	org.springframework.boot.loader.data.RandomAccessData$ResourceAccess
<org.springframework.boot.loader.util.SystemPropertyUtils: java.lang.String resolvePlaceholders(java.lang.String)>	<org.springframework.boot.loader.util.SystemPropertyUtils: java.lang.String parseStringValue(java.util.Properties,java.lang.String,java.lang.String,java.util.Set)>	java.util.Set
<org.springframework.boot.loader.util.SystemPropertyUtils: java.lang.String resolvePlaceholders(java.lang.String)>	<org.springframework.boot.loader.util.SystemPropertyUtils: java.lang.String parseStringValue(java.util.Properties,java.lang.String,java.lang.String,java.util.Set)>	java.util.Properties
<org.springframework.boot.loader.util.SystemPropertyUtils: java.lang.String resolvePlaceholders(java.util.Properties,java.lang.String)>	<org.springframework.boot.loader.util.SystemPropertyUtils: java.lang.String parseStringValue(java.util.Properties,java.lang.String,java.lang.String,java.util.Set)>	java.util.Set
<org.springframework.boot.loader.util.SystemPropertyUtils: java.lang.String resolvePlaceholders(java.util.Properties,java.lang.String)>	<org.springframework.boot.loader.util.SystemPropertyUtils: java.lang.String parseStringValue(java.util.Properties,java.lang.String,java.lang.String,java.util.Set)>	java.util.Properties
<org.springframework.boot.loader.util.SystemPropertyUtils: java.lang.String parseStringValue(java.util.Properties,java.lang.String,java.lang.String,java.util.Set)>	<org.springframework.boot.loader.util.SystemPropertyUtils: java.lang.String parseStringValue(java.util.Properties,java.lang.String,java.lang.String,java.util.Set)>	java.util.Set
<org.springframework.boot.loader.util.SystemPropertyUtils: java.lang.String parseStringValue(java.util.Properties,java.lang.String,java.lang.String,java.util.Set)>	<org.springframework.boot.loader.util.SystemPropertyUtils: java.lang.String parseStringValue(java.util.Properties,java.lang.String,java.lang.String,java.util.Set)>	java.util.Properties
<org.springframework.boot.loader.util.SystemPropertyUtils: java.lang.String parseStringValue(java.util.Properties,java.lang.String,java.lang.String,java.util.Set)>	<org.springframework.boot.loader.util.SystemPropertyUtils: java.lang.String resolvePlaceholder(java.util.Properties,java.lang.String,java.lang.String)>	java.util.Properties
<org.springframework.boot.loader.util.SystemPropertyUtils: java.lang.String parseStringValue(java.util.Properties,java.lang.String,java.lang.String,java.util.Set)>	<org.springframework.boot.loader.util.SystemPropertyUtils: int findPlaceholderEndIndex(java.lang.CharSequence,int)>	int
<org.springframework.boot.loader.util.SystemPropertyUtils: int findPlaceholderEndIndex(java.lang.CharSequence,int)>	<org.springframework.boot.loader.util.SystemPropertyUtils: boolean substringMatch(java.lang.CharSequence,int,java.lang.CharSequence)>	int
<org.springframework.boot.loader.jar.CentralDirectoryFileHeader: void load(byte[],int,org.springframework.boot.loader.data.RandomAccessData,int,org.springframework.boot.loader.jar.JarEntryFilter)>	<org.springframework.boot.loader.jar.JarEntryFilter: org.springframework.boot.loader.jar.AsciiBytes apply(org.springframework.boot.loader.jar.AsciiBytes)>	org.springframework.boot.loader.jar.AsciiBytes
<org.springframework.boot.loader.jar.CentralDirectoryFileHeader: void load(byte[],int,org.springframework.boot.loader.data.RandomAccessData,int,org.springframework.boot.loader.jar.JarEntryFilter)>	<org.springframework.boot.loader.jar.Bytes: byte[] get(org.springframework.boot.loader.data.RandomAccessData)>	org.springframework.boot.loader.data.RandomAccessData
<org.springframework.boot.loader.jar.CentralDirectoryFileHeader: void load(byte[],int,org.springframework.boot.loader.data.RandomAccessData,int,org.springframework.boot.loader.jar.JarEntryFilter)>	<org.springframework.boot.loader.jar.Bytes: long littleEndianValue(byte[],int,int)>	int
<org.springframework.boot.loader.jar.CentralDirectoryFileHeader: void load(byte[],int,org.springframework.boot.loader.data.RandomAccessData,int,org.springframework.boot.loader.jar.JarEntryFilter)>	<org.springframework.boot.loader.jar.Bytes: long littleEndianValue(byte[],int,int)>	byte[]
<org.springframework.boot.loader.jar.CentralDirectoryFileHeader: void load(byte[],int,org.springframework.boot.loader.data.RandomAccessData,int,org.springframework.boot.loader.jar.JarEntryFilter)>	<org.springframework.boot.loader.data.RandomAccessData: org.springframework.boot.loader.data.RandomAccessData getSubsection(long,long)>	long
<org.springframework.boot.loader.jar.CentralDirectoryFileHeader: org.springframework.boot.loader.jar.CentralDirectoryFileHeader fromRandomAccessData(org.springframework.boot.loader.data.RandomAccessData,int,org.springframework.boot.loader.jar.JarEntryFilter)>	<org.springframework.boot.loader.jar.Bytes: byte[] get(org.springframework.boot.loader.data.RandomAccessData)>	org.springframework.boot.loader.data.RandomAccessData
<org.springframework.boot.loader.jar.CentralDirectoryFileHeader: org.springframework.boot.loader.jar.CentralDirectoryFileHeader fromRandomAccessData(org.springframework.boot.loader.data.RandomAccessData,int,org.springframework.boot.loader.jar.JarEntryFilter)>	<org.springframework.boot.loader.data.RandomAccessData: org.springframework.boot.loader.data.RandomAccessData getSubsection(long,long)>	long
<org.springframework.boot.loader.jar.JarURLConnection: java.io.InputStream getInputStream()>	<org.springframework.boot.loader.data.RandomAccessData: java.io.InputStream getInputStream(org.springframework.boot.loader.data.RandomAccessData$ResourceAccess)>	org.springframework.boot.loader.data.RandomAccessData$ResourceAccess
<org.springframework.boot.loader.jar.JarURLConnection: java.io.InputStream getInputStream()>	<org.springframework.boot.loader.jar.JarFile: java.io.InputStream getInputStream(java.util.zip.ZipEntry)>	java.util.zip.ZipEntry
<org.springframework.boot.loader.data.RandomAccessDataFile$DataInputStream: int read()>	<org.springframework.boot.loader.data.RandomAccessDataFile$DataInputStream: int doRead(byte[],int,int)>	int
<org.springframework.boot.loader.data.RandomAccessDataFile$DataInputStream: int read()>	<org.springframework.boot.loader.data.RandomAccessDataFile$DataInputStream: int doRead(byte[],int,int)>	byte[]
<org.springframework.boot.loader.PropertiesLauncher: void initializeProperties()>	<org.springframework.boot.loader.util.SystemPropertyUtils: java.lang.String resolvePlaceholders(java.util.Properties,java.lang.String)>	java.util.Properties
<org.springframework.boot.loader.PropertiesLauncher: java.util.List getClassPathArchives()>	<org.springframework.boot.loader.archive.Archive: java.util.List getNestedArchives(org.springframework.boot.loader.archive.Archive$EntryFilter)>	org.springframework.boot.loader.archive.Archive$EntryFilter
<org.springframework.boot.loader.ExecutableArchiveLauncher: java.util.List getClassPathArchives()>	<org.springframework.boot.loader.archive.Archive: java.util.List getNestedArchives(org.springframework.boot.loader.archive.Archive$EntryFilter)>	org.springframework.boot.loader.archive.Archive$EntryFilter
<org.springframework.boot.loader.jar.JarFile: java.util.jar.Manifest getManifest()>	<org.springframework.boot.loader.jar.JarFile: java.io.InputStream getInputStream(java.lang.String,org.springframework.boot.loader.data.RandomAccessData$ResourceAccess)>	org.springframework.boot.loader.data.RandomAccessData$ResourceAccess
<org.springframework.boot.loader.archive.ExplodedArchive$FileEntryIterator: org.springframework.boot.loader.archive.Archive$Entry next()>	<org.springframework.boot.loader.archive.ExplodedArchive$FileEntryIterator: java.util.Iterator listFiles(java.io.File)>	java.io.File
<org.springframework.boot.loader.jar.JarURLConnection: org.springframework.boot.loader.jar.JarURLConnection notFound()>	<org.springframework.boot.loader.jar.JarURLConnection: org.springframework.boot.loader.jar.JarURLConnection notFound(org.springframework.boot.loader.jar.JarFile,org.springframework.boot.loader.jar.JarURLConnection$JarEntryName)>	org.springframework.boot.loader.jar.JarFile
<org.springframework.boot.loader.jar.JarURLConnection: org.springframework.boot.loader.jar.JarURLConnection notFound()>	<org.springframework.boot.loader.jar.JarURLConnection: org.springframework.boot.loader.jar.JarURLConnection notFound(org.springframework.boot.loader.jar.JarFile,org.springframework.boot.loader.jar.JarURLConnection$JarEntryName)>	org.springframework.boot.loader.jar.JarURLConnection$JarEntryName
<org.springframework.boot.loader.archive.JarFileArchive: java.io.File getTempUnpackFolder()>	<org.springframework.boot.loader.archive.JarFileArchive: java.io.File createUnpackFolder(java.io.File)>	java.io.File
<org.springframework.boot.loader.jar.JarFileEntries$EntryIterator: boolean hasNext()>	<org.springframework.boot.loader.jar.JarFileEntries: int access$200(org.springframework.boot.loader.jar.JarFileEntries)>	org.springframework.boot.loader.jar.JarFileEntries
<org.springframework.boot.loader.jar.JarFileEntries$EntryIterator: org.springframework.boot.loader.jar.JarEntry next()>	<org.springframework.boot.loader.jar.JarFileEntries: int[] access$300(org.springframework.boot.loader.jar.JarFileEntries)>	org.springframework.boot.loader.jar.JarFileEntries
<org.springframework.boot.loader.jar.JarFileEntries$EntryIterator: org.springframework.boot.loader.jar.JarEntry next()>	<org.springframework.boot.loader.jar.JarFileEntries: org.springframework.boot.loader.jar.FileHeader access$400(org.springframework.boot.loader.jar.JarFileEntries,int,java.lang.Class,boolean)>	boolean
<org.springframework.boot.loader.jar.JarFileEntries$EntryIterator: org.springframework.boot.loader.jar.JarEntry next()>	<org.springframework.boot.loader.jar.JarFileEntries: org.springframework.boot.loader.jar.FileHeader access$400(org.springframework.boot.loader.jar.JarFileEntries,int,java.lang.Class,boolean)>	int
<org.springframework.boot.loader.jar.JarFileEntries$EntryIterator: org.springframework.boot.loader.jar.JarEntry next()>	<org.springframework.boot.loader.jar.JarFileEntries: org.springframework.boot.loader.jar.FileHeader access$400(org.springframework.boot.loader.jar.JarFileEntries,int,java.lang.Class,boolean)>	org.springframework.boot.loader.jar.JarFileEntries
<org.springframework.boot.loader.jar.CentralDirectoryEndRecord: boolean isValid()>	<org.springframework.boot.loader.jar.Bytes: long littleEndianValue(byte[],int,int)>	int
<org.springframework.boot.loader.jar.CentralDirectoryEndRecord: boolean isValid()>	<org.springframework.boot.loader.jar.Bytes: long littleEndianValue(byte[],int,int)>	byte[]
<org.springframework.boot.loader.jar.CentralDirectoryEndRecord: int getNumberOfRecords()>	<org.springframework.boot.loader.jar.Bytes: long littleEndianValue(byte[],int,int)>	int
<org.springframework.boot.loader.jar.CentralDirectoryEndRecord: int getNumberOfRecords()>	<org.springframework.boot.loader.jar.Bytes: long littleEndianValue(byte[],int,int)>	byte[]
<org.springframework.boot.loader.jar.CentralDirectoryFileHeader: boolean isDirectory()>	<org.springframework.boot.loader.jar.AsciiBytes: boolean endsWith(org.springframework.boot.loader.jar.AsciiBytes)>	org.springframework.boot.loader.jar.AsciiBytes
<org.springframework.boot.loader.jar.CentralDirectoryFileHeader: int getMethod()>	<org.springframework.boot.loader.jar.Bytes: long littleEndianValue(byte[],int,int)>	int
<org.springframework.boot.loader.jar.CentralDirectoryFileHeader: int getMethod()>	<org.springframework.boot.loader.jar.Bytes: long littleEndianValue(byte[],int,int)>	byte[]
<org.springframework.boot.loader.jar.CentralDirectoryFileHeader: long getTime()>	<org.springframework.boot.loader.jar.Bytes: long littleEndianValue(byte[],int,int)>	int
<org.springframework.boot.loader.jar.CentralDirectoryFileHeader: long getTime()>	<org.springframework.boot.loader.jar.Bytes: long littleEndianValue(byte[],int,int)>	byte[]
<org.springframework.boot.loader.jar.CentralDirectoryFileHeader: long getTime()>	<org.springframework.boot.loader.jar.CentralDirectoryFileHeader: java.util.Calendar decodeMsDosFormatDateTime(long,long)>	long
<org.springframework.boot.loader.jar.CentralDirectoryFileHeader: long getCrc()>	<org.springframework.boot.loader.jar.Bytes: long littleEndianValue(byte[],int,int)>	int
<org.springframework.boot.loader.jar.CentralDirectoryFileHeader: long getCrc()>	<org.springframework.boot.loader.jar.Bytes: long littleEndianValue(byte[],int,int)>	byte[]
<org.springframework.boot.loader.jar.CentralDirectoryFileHeader: long getCompressedSize()>	<org.springframework.boot.loader.jar.Bytes: long littleEndianValue(byte[],int,int)>	int
<org.springframework.boot.loader.jar.CentralDirectoryFileHeader: long getCompressedSize()>	<org.springframework.boot.loader.jar.Bytes: long littleEndianValue(byte[],int,int)>	byte[]
<org.springframework.boot.loader.jar.CentralDirectoryFileHeader: long getSize()>	<org.springframework.boot.loader.jar.Bytes: long littleEndianValue(byte[],int,int)>	int
<org.springframework.boot.loader.jar.CentralDirectoryFileHeader: long getSize()>	<org.springframework.boot.loader.jar.Bytes: long littleEndianValue(byte[],int,int)>	byte[]
