<org.springframework.boot.loader.jar.JarURLConnection: void <clinit>()>/$stack1	<org.springframework.boot.loader.jar.JarURLConnection: java.lang.ThreadLocal useFastExceptions>
<org.springframework.boot.loader.jar.JarURLConnection: void <clinit>()>/$stack2	<org.springframework.boot.loader.jar.JarURLConnection: java.io.FileNotFoundException FILE_NOT_FOUND_EXCEPTION>
<org.springframework.boot.loader.jar.JarURLConnection: void <clinit>()>/$stack3	<org.springframework.boot.loader.jar.JarURLConnection: java.lang.IllegalStateException NOT_FOUND_CONNECTION_EXCEPTION>
<org.springframework.boot.loader.jar.JarURLConnection: void <clinit>()>/$stack5	<org.springframework.boot.loader.jar.JarURLConnection: java.net.URL EMPTY_JAR_URL>
<org.springframework.boot.loader.jar.JarURLConnection: void <clinit>()>/$stack11	<org.springframework.boot.loader.jar.JarURLConnection: org.springframework.boot.loader.jar.JarURLConnection$JarEntryName EMPTY_JAR_ENTRY_NAME>
<org.springframework.boot.loader.jar.JarURLConnection: void <clinit>()>/$stack12	<org.springframework.boot.loader.jar.JarURLConnection: org.springframework.boot.loader.jar.JarURLConnection NOT_FOUND_CONNECTION>
<org.springframework.boot.loader.data.RandomAccessData$ResourceAccess: void <clinit>()>/$stack0	<org.springframework.boot.loader.data.RandomAccessData$ResourceAccess: org.springframework.boot.loader.data.RandomAccessData$ResourceAccess ONCE>
<org.springframework.boot.loader.data.RandomAccessData$ResourceAccess: void <clinit>()>/$stack1	<org.springframework.boot.loader.data.RandomAccessData$ResourceAccess: org.springframework.boot.loader.data.RandomAccessData$ResourceAccess PER_READ>
<org.springframework.boot.loader.data.RandomAccessData$ResourceAccess: void <clinit>()>/$stack2	<org.springframework.boot.loader.data.RandomAccessData$ResourceAccess: org.springframework.boot.loader.data.RandomAccessData$ResourceAccess[] $VALUES>
<org.springframework.boot.loader.archive.ExplodedArchive: void <clinit>()>/$stack0	<org.springframework.boot.loader.archive.ExplodedArchive: java.util.Set SKIPPED_NAMES>
<org.springframework.boot.loader.jar.Handler: void addToRootFileCache(java.io.File,org.springframework.boot.loader.jar.JarFile)>/$stack7	<org.springframework.boot.loader.jar.Handler: java.lang.ref.SoftReference rootFileCache>
<org.springframework.boot.loader.jar.Handler: void <clinit>()>/$stack2	<org.springframework.boot.loader.jar.Handler: java.lang.String[] FALLBACK_HANDLERS>
<org.springframework.boot.loader.jar.Handler: void <clinit>()>/$stack6	<org.springframework.boot.loader.jar.Handler: java.lang.ref.SoftReference rootFileCache>
<org.springframework.boot.loader.jar.Handler: void <clinit>()>/method_$$A_3#_63	<org.springframework.boot.loader.jar.Handler: java.lang.reflect.Method OPEN_CONNECTION_METHOD>
<org.springframework.boot.loader.PropertiesLauncher: void <clinit>()>/$stack0	<org.springframework.boot.loader.PropertiesLauncher: java.util.regex.Pattern WORD_SEPARATOR>
<org.springframework.boot.loader.jar.Bytes: void <clinit>()>/$stack0	<org.springframework.boot.loader.jar.Bytes: byte[] EMPTY_BYTES>
<org.springframework.boot.loader.jar.AsciiBytes: void <clinit>()>/$stack0	<org.springframework.boot.loader.jar.AsciiBytes: java.nio.charset.Charset UTF_8>
<org.springframework.boot.loader.jar.JarFile: void <clinit>()>/$stack0	<org.springframework.boot.loader.jar.JarFile: org.springframework.boot.loader.jar.AsciiBytes META_INF>
<org.springframework.boot.loader.jar.JarFile: void <clinit>()>/$stack1	<org.springframework.boot.loader.jar.JarFile: org.springframework.boot.loader.jar.AsciiBytes SIGNATURE_FILE_EXTENSION>
<org.springframework.boot.loader.util.SystemPropertyUtils: void <clinit>()>/$stack1	<org.springframework.boot.loader.util.SystemPropertyUtils: java.lang.String SIMPLE_PREFIX>
<org.springframework.boot.loader.jar.CentralDirectoryFileHeader: void <clinit>()>/$stack0	<org.springframework.boot.loader.jar.CentralDirectoryFileHeader: org.springframework.boot.loader.jar.AsciiBytes SLASH>
<org.springframework.boot.loader.jar.CentralDirectoryFileHeader: void <clinit>()>/$stack1	<org.springframework.boot.loader.jar.CentralDirectoryFileHeader: byte[] NO_EXTRA>
<org.springframework.boot.loader.jar.CentralDirectoryFileHeader: void <clinit>()>/$stack2	<org.springframework.boot.loader.jar.CentralDirectoryFileHeader: org.springframework.boot.loader.jar.AsciiBytes NO_COMMENT>
<org.springframework.boot.loader.jar.JarFile$JarFileType: void <clinit>()>/$stack0	<org.springframework.boot.loader.jar.JarFile$JarFileType: org.springframework.boot.loader.jar.JarFile$JarFileType DIRECT>
<org.springframework.boot.loader.jar.JarFile$JarFileType: void <clinit>()>/$stack1	<org.springframework.boot.loader.jar.JarFile$JarFileType: org.springframework.boot.loader.jar.JarFile$JarFileType NESTED_DIRECTORY>
<org.springframework.boot.loader.jar.JarFile$JarFileType: void <clinit>()>/$stack2	<org.springframework.boot.loader.jar.JarFile$JarFileType: org.springframework.boot.loader.jar.JarFile$JarFileType NESTED_JAR>
<org.springframework.boot.loader.jar.JarFile$JarFileType: void <clinit>()>/$stack3	<org.springframework.boot.loader.jar.JarFile$JarFileType: org.springframework.boot.loader.jar.JarFile$JarFileType[] $VALUES>
