<org.springframework.boot.loader.jar.JarFileEntries: org.springframework.boot.loader.jar.JarFile access$000(org.springframework.boot.loader.jar.JarFileEntries)>/@parameter0	<org.springframework.boot.loader.jar.JarFileEntries: org.springframework.boot.loader.jar.JarFile access$000(org.springframework.boot.loader.jar.JarFileEntries)>/x0#_0
<org.springframework.boot.loader.jar.JarFileEntries: int access$200(org.springframework.boot.loader.jar.JarFileEntries)>/@parameter0	<org.springframework.boot.loader.jar.JarFileEntries: int access$200(org.springframework.boot.loader.jar.JarFileEntries)>/x0#_0
<org.springframework.boot.loader.jar.JarFileEntries: int[] access$300(org.springframework.boot.loader.jar.JarFileEntries)>/@parameter0	<org.springframework.boot.loader.jar.JarFileEntries: int[] access$300(org.springframework.boot.loader.jar.JarFileEntries)>/x0#_0
<org.springframework.boot.loader.data.RandomAccessDataFile$DataInputStream: void <init>(org.springframework.boot.loader.data.RandomAccessDataFile,org.springframework.boot.loader.data.RandomAccessData$ResourceAccess)>/@parameter0	<org.springframework.boot.loader.data.RandomAccessDataFile: java.io.File access$000(org.springframework.boot.loader.data.RandomAccessDataFile)>/x0#_0
<org.springframework.boot.loader.data.RandomAccessDataFile$DataInputStream: void <init>(org.springframework.boot.loader.data.RandomAccessDataFile,org.springframework.boot.loader.data.RandomAccessData$ResourceAccess)>/@parameter0	<org.springframework.boot.loader.data.RandomAccessDataFile: long access$100(org.springframework.boot.loader.data.RandomAccessDataFile)>/x0#_0
<org.springframework.boot.loader.data.RandomAccessDataFile: java.io.File access$000(org.springframework.boot.loader.data.RandomAccessDataFile)>/@parameter0	<org.springframework.boot.loader.data.RandomAccessDataFile: java.io.File access$000(org.springframework.boot.loader.data.RandomAccessDataFile)>/x0#_0
<org.springframework.boot.loader.data.RandomAccessDataFile: long access$100(org.springframework.boot.loader.data.RandomAccessDataFile)>/@parameter0	<org.springframework.boot.loader.data.RandomAccessDataFile: long access$100(org.springframework.boot.loader.data.RandomAccessDataFile)>/x0#_0
<org.springframework.boot.loader.data.RandomAccessDataFile: org.springframework.boot.loader.data.RandomAccessDataFile$FilePool access$200(org.springframework.boot.loader.data.RandomAccessDataFile)>/@parameter0	<org.springframework.boot.loader.data.RandomAccessDataFile: org.springframework.boot.loader.data.RandomAccessDataFile$FilePool access$200(org.springframework.boot.loader.data.RandomAccessDataFile)>/x0#_0
<org.springframework.boot.loader.data.RandomAccessDataFile: long access$300(org.springframework.boot.loader.data.RandomAccessDataFile)>/@parameter0	<org.springframework.boot.loader.data.RandomAccessDataFile: long access$300(org.springframework.boot.loader.data.RandomAccessDataFile)>/x0#_0
<org.springframework.boot.loader.jar.AsciiBytes: boolean startsWith(org.springframework.boot.loader.jar.AsciiBytes)>/@parameter0	<org.springframework.boot.loader.jar.AsciiBytes: boolean startsWith(org.springframework.boot.loader.jar.AsciiBytes)>/prefix#_0
<org.springframework.boot.loader.jar.AsciiBytes: boolean endsWith(org.springframework.boot.loader.jar.AsciiBytes)>/@parameter0	<org.springframework.boot.loader.jar.AsciiBytes: boolean endsWith(org.springframework.boot.loader.jar.AsciiBytes)>/postfix#_0
<org.springframework.boot.loader.jar.AsciiBytes: org.springframework.boot.loader.jar.AsciiBytes append(org.springframework.boot.loader.jar.AsciiBytes)>/@parameter0	<org.springframework.boot.loader.jar.AsciiBytes: org.springframework.boot.loader.jar.AsciiBytes append(org.springframework.boot.loader.jar.AsciiBytes)>/asciiBytes#_0
<org.springframework.boot.loader.jar.AsciiBytes: boolean equals(java.lang.Object)>/@parameter0	<org.springframework.boot.loader.jar.AsciiBytes: boolean equals(java.lang.Object)>/other#_204
<org.springframework.boot.loader.jar.JarFile: boolean access$202(org.springframework.boot.loader.jar.JarFile,boolean)>/@parameter0	<org.springframework.boot.loader.jar.JarFile: boolean access$202(org.springframework.boot.loader.jar.JarFile,boolean)>/x0#_0
<org.springframework.boot.loader.archive.ExplodedArchive$FileEntryIterator: void <init>(java.io.File,boolean)>/@this	<org.springframework.boot.loader.archive.ExplodedArchive$FileEntryIterator: void <init>(java.io.File,boolean)>/this#_0
<org.springframework.boot.loader.archive.ExplodedArchive$FileEntryIterator: boolean hasNext()>/@this	<org.springframework.boot.loader.archive.ExplodedArchive$FileEntryIterator: boolean hasNext()>/this#_0
<org.springframework.boot.loader.archive.ExplodedArchive$FileEntryIterator: org.springframework.boot.loader.archive.Archive$Entry next()>/@this	<org.springframework.boot.loader.archive.ExplodedArchive$FileEntryIterator: org.springframework.boot.loader.archive.Archive$Entry next()>/this#_0
<org.springframework.boot.loader.archive.ExplodedArchive$FileEntryIterator: java.util.Iterator listFiles(java.io.File)>/@this	<org.springframework.boot.loader.archive.ExplodedArchive$FileEntryIterator: java.util.Iterator listFiles(java.io.File)>/this#_0
<org.springframework.boot.loader.archive.ExplodedArchive$FileEntryIterator: java.io.File poll()>/@this	<org.springframework.boot.loader.archive.ExplodedArchive$FileEntryIterator: java.io.File poll()>/this#_0
<org.springframework.boot.loader.jar.JarFile$3: void <init>(org.springframework.boot.loader.jar.JarFile,org.springframework.boot.loader.jar.AsciiBytes)>/@this	<org.springframework.boot.loader.jar.JarFile$3: void <init>(org.springframework.boot.loader.jar.JarFile,org.springframework.boot.loader.jar.AsciiBytes)>/this#_0
<org.springframework.boot.loader.jar.JarFile$3: org.springframework.boot.loader.jar.AsciiBytes apply(org.springframework.boot.loader.jar.AsciiBytes)>/@this	<org.springframework.boot.loader.jar.JarFile$3: org.springframework.boot.loader.jar.AsciiBytes apply(org.springframework.boot.loader.jar.AsciiBytes)>/this#_0
<org.springframework.boot.loader.jar.JarURLConnection: void <init>(java.net.URL,org.springframework.boot.loader.jar.JarFile,org.springframework.boot.loader.jar.JarURLConnection$JarEntryName)>/@this	<org.springframework.boot.loader.jar.JarURLConnection: void <init>(java.net.URL,org.springframework.boot.loader.jar.JarFile,org.springframework.boot.loader.jar.JarURLConnection$JarEntryName)>/this#_0
<org.springframework.boot.loader.jar.JarURLConnection: void connect()>/@this	<org.springframework.boot.loader.jar.JarURLConnection: void connect()>/this#_0
<org.springframework.boot.loader.jar.JarURLConnection: org.springframework.boot.loader.jar.JarFile getJarFile()>/@this	<org.springframework.boot.loader.jar.JarURLConnection: org.springframework.boot.loader.jar.JarFile getJarFile()>/this#_0
<org.springframework.boot.loader.jar.JarURLConnection: java.net.URL getJarFileURL()>/@this	<org.springframework.boot.loader.jar.JarURLConnection: java.net.URL getJarFileURL()>/this#_0
<org.springframework.boot.loader.jar.JarURLConnection: java.net.URL buildJarFileUrl()>/@this	<org.springframework.boot.loader.jar.JarURLConnection: java.net.URL buildJarFileUrl()>/this#_0
<org.springframework.boot.loader.jar.JarURLConnection: org.springframework.boot.loader.jar.JarEntry getJarEntry()>/@this	<org.springframework.boot.loader.jar.JarURLConnection: org.springframework.boot.loader.jar.JarEntry getJarEntry()>/this#_0
<org.springframework.boot.loader.jar.JarURLConnection: java.lang.String getEntryName()>/@this	<org.springframework.boot.loader.jar.JarURLConnection: java.lang.String getEntryName()>/this#_0
<org.springframework.boot.loader.jar.JarURLConnection: java.io.InputStream getInputStream()>/@this	<org.springframework.boot.loader.jar.JarURLConnection: java.io.InputStream getInputStream()>/this#_0
<org.springframework.boot.loader.jar.JarURLConnection: int getContentLength()>/@this	<org.springframework.boot.loader.jar.JarURLConnection: int getContentLength()>/this#_0
<org.springframework.boot.loader.jar.JarURLConnection: java.lang.Object getContent()>/@this	<org.springframework.boot.loader.jar.JarURLConnection: java.lang.Object getContent()>/this#_0
<org.springframework.boot.loader.jar.JarURLConnection: java.lang.String getContentType()>/@this	<org.springframework.boot.loader.jar.JarURLConnection: java.lang.String getContentType()>/this#_0
<org.springframework.boot.loader.jar.JarURLConnection: java.security.Permission getPermission()>/@this	<org.springframework.boot.loader.jar.JarURLConnection: java.security.Permission getPermission()>/this#_0
<org.springframework.boot.loader.jar.JarFileEntries$1: void <init>(org.springframework.boot.loader.jar.JarFileEntries,int,float,boolean)>/@this	<org.springframework.boot.loader.jar.JarFileEntries$1: void <init>(org.springframework.boot.loader.jar.JarFileEntries,int,float,boolean)>/this#_0
<org.springframework.boot.loader.jar.JarFileEntries$1: boolean removeEldestEntry(java.util.Map$Entry)>/@this	<org.springframework.boot.loader.jar.JarFileEntries$1: boolean removeEldestEntry(java.util.Map$Entry)>/this#_0
<org.springframework.boot.loader.jar.JarFileEntries$1: boolean removeEldestEntry(java.util.Map$Entry)>/$stack2	<org.springframework.boot.loader.jar.JarFileEntries: org.springframework.boot.loader.jar.JarFile access$000(org.springframework.boot.loader.jar.JarFileEntries)>/x0#_0
<org.springframework.boot.loader.jar.JarFile$1: void <init>(org.springframework.boot.loader.jar.JarFile)>/@this	<org.springframework.boot.loader.jar.JarFile$1: void <init>(org.springframework.boot.loader.jar.JarFile)>/this#_0
<org.springframework.boot.loader.jar.JarFile$1: void visitFileHeader(org.springframework.boot.loader.jar.CentralDirectoryFileHeader,int)>/@this	<org.springframework.boot.loader.jar.JarFile$1: void visitFileHeader(org.springframework.boot.loader.jar.CentralDirectoryFileHeader,int)>/this#_0
<org.springframework.boot.loader.jar.JarFile$1: void visitFileHeader(org.springframework.boot.loader.jar.CentralDirectoryFileHeader,int)>/$stack9	<org.springframework.boot.loader.jar.JarFile: boolean access$202(org.springframework.boot.loader.jar.JarFile,boolean)>/x0#_0
<org.springframework.boot.loader.data.ByteArrayRandomAccessData: void <init>(byte[],long,long)>/@this	<org.springframework.boot.loader.data.ByteArrayRandomAccessData: void <init>(byte[],long,long)>/this#_0
<org.springframework.boot.loader.data.ByteArrayRandomAccessData: java.io.InputStream getInputStream(org.springframework.boot.loader.data.RandomAccessData$ResourceAccess)>/@this	<org.springframework.boot.loader.data.ByteArrayRandomAccessData: java.io.InputStream getInputStream(org.springframework.boot.loader.data.RandomAccessData$ResourceAccess)>/this#_0
<org.springframework.boot.loader.data.ByteArrayRandomAccessData: org.springframework.boot.loader.data.RandomAccessData getSubsection(long,long)>/@this	<org.springframework.boot.loader.data.ByteArrayRandomAccessData: org.springframework.boot.loader.data.RandomAccessData getSubsection(long,long)>/this#_0
<org.springframework.boot.loader.data.ByteArrayRandomAccessData: long getSize()>/@this	<org.springframework.boot.loader.data.ByteArrayRandomAccessData: long getSize()>/this#_0
<org.springframework.boot.loader.archive.ExplodedArchive: void <init>(java.io.File,boolean)>/@this	<org.springframework.boot.loader.archive.ExplodedArchive: void <init>(java.io.File,boolean)>/this#_0
<org.springframework.boot.loader.archive.ExplodedArchive: java.net.URL getUrl()>/@this	<org.springframework.boot.loader.archive.ExplodedArchive: java.net.URL getUrl()>/this#_0
<org.springframework.boot.loader.archive.ExplodedArchive: java.util.jar.Manifest getManifest()>/@this	<org.springframework.boot.loader.archive.ExplodedArchive: java.util.jar.Manifest getManifest()>/this#_0
<org.springframework.boot.loader.archive.ExplodedArchive: java.util.Iterator iterator()>/@this	<org.springframework.boot.loader.archive.ExplodedArchive: java.util.Iterator iterator()>/this#_0
<org.springframework.boot.loader.jar.JarFile$2: void <init>(org.springframework.boot.loader.jar.JarFile,java.util.Iterator)>/@this	<org.springframework.boot.loader.jar.JarFile$2: void <init>(org.springframework.boot.loader.jar.JarFile,java.util.Iterator)>/this#_0
<org.springframework.boot.loader.jar.JarFile$2: boolean hasMoreElements()>/@this	<org.springframework.boot.loader.jar.JarFile$2: boolean hasMoreElements()>/this#_0
<org.springframework.boot.loader.jar.JarFile$2: java.util.jar.JarEntry nextElement()>/@this	<org.springframework.boot.loader.jar.JarFile$2: java.util.jar.JarEntry nextElement()>/this#_0
<org.springframework.boot.loader.PropertiesLauncher$PrefixMatchingArchiveFilter: void <init>(java.lang.String)>/@this	<org.springframework.boot.loader.PropertiesLauncher$PrefixMatchingArchiveFilter: void <init>(java.lang.String)>/this#_0
<org.springframework.boot.loader.PropertiesLauncher$PrefixMatchingArchiveFilter: boolean matches(org.springframework.boot.loader.archive.Archive$Entry)>/@this	<org.springframework.boot.loader.PropertiesLauncher$PrefixMatchingArchiveFilter: boolean matches(org.springframework.boot.loader.archive.Archive$Entry)>/this#_0
<org.springframework.boot.loader.ExecutableArchiveLauncher$1: void <init>(org.springframework.boot.loader.ExecutableArchiveLauncher)>/@this	<org.springframework.boot.loader.ExecutableArchiveLauncher$1: void <init>(org.springframework.boot.loader.ExecutableArchiveLauncher)>/this#_0
<org.springframework.boot.loader.ExecutableArchiveLauncher$1: boolean matches(org.springframework.boot.loader.archive.Archive$Entry)>/@this	<org.springframework.boot.loader.ExecutableArchiveLauncher$1: boolean matches(org.springframework.boot.loader.archive.Archive$Entry)>/this#_0
<org.springframework.boot.loader.jar.JarFileEntries: void <init>(org.springframework.boot.loader.jar.JarFile,org.springframework.boot.loader.jar.JarEntryFilter)>/@this	<org.springframework.boot.loader.jar.JarFileEntries: void <init>(org.springframework.boot.loader.jar.JarFile,org.springframework.boot.loader.jar.JarEntryFilter)>/this#_0
<org.springframework.boot.loader.jar.JarFileEntries: void visitStart(org.springframework.boot.loader.jar.CentralDirectoryEndRecord,org.springframework.boot.loader.data.RandomAccessData)>/@this	<org.springframework.boot.loader.jar.JarFileEntries: void visitStart(org.springframework.boot.loader.jar.CentralDirectoryEndRecord,org.springframework.boot.loader.data.RandomAccessData)>/this#_0
<org.springframework.boot.loader.jar.JarFileEntries: void add(org.springframework.boot.loader.jar.AsciiBytes,org.springframework.boot.loader.jar.CentralDirectoryFileHeader,int)>/@this	<org.springframework.boot.loader.jar.JarFileEntries: void add(org.springframework.boot.loader.jar.AsciiBytes,org.springframework.boot.loader.jar.CentralDirectoryFileHeader,int)>/this#_0
<org.springframework.boot.loader.jar.JarFileEntries: void visitEnd()>/@this	<org.springframework.boot.loader.jar.JarFileEntries: void visitEnd()>/this#_0
<org.springframework.boot.loader.jar.JarFileEntries: void sort(int,int)>/@this	<org.springframework.boot.loader.jar.JarFileEntries: void sort(int,int)>/this#_0
<org.springframework.boot.loader.jar.JarFileEntries: void swap(int,int)>/@this	<org.springframework.boot.loader.jar.JarFileEntries: void swap(int,int)>/this#_0
<org.springframework.boot.loader.jar.JarFileEntries: org.springframework.boot.loader.data.RandomAccessData getEntryData(org.springframework.boot.loader.jar.FileHeader)>/@this	<org.springframework.boot.loader.jar.JarFileEntries: org.springframework.boot.loader.data.RandomAccessData getEntryData(org.springframework.boot.loader.jar.FileHeader)>/this#_0
<org.springframework.boot.loader.jar.JarFileEntries: org.springframework.boot.loader.jar.FileHeader getEntry(int,java.lang.String,java.lang.String,java.lang.Class,boolean)>/@this	<org.springframework.boot.loader.jar.JarFileEntries: org.springframework.boot.loader.jar.FileHeader getEntry(int,java.lang.String,java.lang.String,java.lang.Class,boolean)>/this#_0
<org.springframework.boot.loader.jar.JarFileEntries: org.springframework.boot.loader.jar.FileHeader getEntry(int,java.lang.Class,boolean)>/@this	<org.springframework.boot.loader.jar.JarFileEntries: org.springframework.boot.loader.jar.FileHeader getEntry(int,java.lang.Class,boolean)>/this#_0
<org.springframework.boot.loader.jar.JarFileEntries: int getFirstIndex(int)>/@this	<org.springframework.boot.loader.jar.JarFileEntries: int getFirstIndex(int)>/this#_0
<org.springframework.boot.loader.jar.JarFileEntries: void clearCache()>/@this	<org.springframework.boot.loader.jar.JarFileEntries: void clearCache()>/this#_0
<org.springframework.boot.loader.jar.JarFileEntries: org.springframework.boot.loader.jar.AsciiBytes applyFilter(org.springframework.boot.loader.jar.AsciiBytes)>/@this	<org.springframework.boot.loader.jar.JarFileEntries: org.springframework.boot.loader.jar.AsciiBytes applyFilter(org.springframework.boot.loader.jar.AsciiBytes)>/this#_0
<org.springframework.boot.loader.MainMethodRunner: void <init>(java.lang.String,java.lang.String[])>/@this	<org.springframework.boot.loader.MainMethodRunner: void <init>(java.lang.String,java.lang.String[])>/this#_0
<org.springframework.boot.loader.MainMethodRunner: void run()>/@this	<org.springframework.boot.loader.MainMethodRunner: void run()>/this#_0
<org.springframework.boot.loader.data.RandomAccessDataFile$DataInputStream: void <init>(org.springframework.boot.loader.data.RandomAccessDataFile,org.springframework.boot.loader.data.RandomAccessData$ResourceAccess)>/@this	<org.springframework.boot.loader.data.RandomAccessDataFile$DataInputStream: void <init>(org.springframework.boot.loader.data.RandomAccessDataFile,org.springframework.boot.loader.data.RandomAccessData$ResourceAccess)>/this#_0
<org.springframework.boot.loader.data.RandomAccessDataFile$DataInputStream: void <init>(org.springframework.boot.loader.data.RandomAccessDataFile,org.springframework.boot.loader.data.RandomAccessData$ResourceAccess)>/l1#_0	<org.springframework.boot.loader.data.RandomAccessDataFile: java.io.File access$000(org.springframework.boot.loader.data.RandomAccessDataFile)>/x0#_0
<org.springframework.boot.loader.data.RandomAccessDataFile$DataInputStream: void <init>(org.springframework.boot.loader.data.RandomAccessDataFile,org.springframework.boot.loader.data.RandomAccessData$ResourceAccess)>/l1#_0	<org.springframework.boot.loader.data.RandomAccessDataFile: long access$100(org.springframework.boot.loader.data.RandomAccessDataFile)>/x0#_0
<org.springframework.boot.loader.data.RandomAccessDataFile$DataInputStream: int doRead(byte[],int,int)>/@this	<org.springframework.boot.loader.data.RandomAccessDataFile$DataInputStream: int doRead(byte[],int,int)>/this#_0
<org.springframework.boot.loader.data.RandomAccessDataFile$DataInputStream: int doRead(byte[],int,int)>/$stack15	<org.springframework.boot.loader.data.RandomAccessDataFile: org.springframework.boot.loader.data.RandomAccessDataFile$FilePool access$200(org.springframework.boot.loader.data.RandomAccessDataFile)>/x0#_0
<org.springframework.boot.loader.data.RandomAccessDataFile$DataInputStream: int doRead(byte[],int,int)>/$stack21	<org.springframework.boot.loader.data.RandomAccessDataFile: org.springframework.boot.loader.data.RandomAccessDataFile$FilePool access$200(org.springframework.boot.loader.data.RandomAccessDataFile)>/x0#_0
<org.springframework.boot.loader.data.RandomAccessDataFile$DataInputStream: int doRead(byte[],int,int)>/$stack27	<org.springframework.boot.loader.data.RandomAccessDataFile: org.springframework.boot.loader.data.RandomAccessDataFile$FilePool access$200(org.springframework.boot.loader.data.RandomAccessDataFile)>/x0#_0
<org.springframework.boot.loader.data.RandomAccessDataFile$DataInputStream: int doRead(byte[],int,int)>/$stack30	<org.springframework.boot.loader.data.RandomAccessDataFile: long access$100(org.springframework.boot.loader.data.RandomAccessDataFile)>/x0#_0
<org.springframework.boot.loader.data.RandomAccessDataFile$DataInputStream: int doRead(byte[],int,int)>/$stack39	<org.springframework.boot.loader.data.RandomAccessDataFile: org.springframework.boot.loader.data.RandomAccessDataFile$FilePool access$200(org.springframework.boot.loader.data.RandomAccessDataFile)>/x0#_0
<org.springframework.boot.loader.data.RandomAccessDataFile$DataInputStream: void close()>/@this	<org.springframework.boot.loader.data.RandomAccessDataFile$DataInputStream: void close()>/this#_0
<org.springframework.boot.loader.data.RandomAccessDataFile$DataInputStream: int cap(long)>/@this	<org.springframework.boot.loader.data.RandomAccessDataFile$DataInputStream: int cap(long)>/this#_0
<org.springframework.boot.loader.data.RandomAccessDataFile$DataInputStream: int cap(long)>/$stack3	<org.springframework.boot.loader.data.RandomAccessDataFile: long access$300(org.springframework.boot.loader.data.RandomAccessDataFile)>/x0#_0
<org.springframework.boot.loader.data.RandomAccessDataFile$DataInputStream: long moveOn(int)>/@this	<org.springframework.boot.loader.data.RandomAccessDataFile$DataInputStream: long moveOn(int)>/this#_0
<org.springframework.boot.loader.jar.JarURLConnection$JarEntryName: void <init>(java.lang.String)>/@this	<org.springframework.boot.loader.jar.JarURLConnection$JarEntryName: void <init>(java.lang.String)>/this#_0
<org.springframework.boot.loader.jar.JarURLConnection$JarEntryName: java.lang.String toString()>/@this	<org.springframework.boot.loader.jar.JarURLConnection$JarEntryName: java.lang.String toString()>/this#_0
<org.springframework.boot.loader.jar.JarURLConnection$JarEntryName: boolean isEmpty()>/@this	<org.springframework.boot.loader.jar.JarURLConnection$JarEntryName: boolean isEmpty()>/this#_0
<org.springframework.boot.loader.jar.JarURLConnection$JarEntryName: java.lang.String getContentType()>/@this	<org.springframework.boot.loader.jar.JarURLConnection$JarEntryName: java.lang.String getContentType()>/this#_0
<org.springframework.boot.loader.jar.Handler: void <init>(org.springframework.boot.loader.jar.JarFile)>/@this	<org.springframework.boot.loader.jar.Handler: void <init>(org.springframework.boot.loader.jar.JarFile)>/this#_0
<org.springframework.boot.loader.jar.Handler: java.net.URLConnection openConnection(java.net.URL)>/@this	<org.springframework.boot.loader.jar.Handler: java.net.URLConnection openConnection(java.net.URL)>/this#_0
<org.springframework.boot.loader.jar.Handler: java.net.URLConnection openFallbackConnection(java.net.URL,java.lang.Exception)>/@this	<org.springframework.boot.loader.jar.Handler: java.net.URLConnection openFallbackConnection(java.net.URL,java.lang.Exception)>/this#_0
<org.springframework.boot.loader.jar.Handler: java.net.URLStreamHandler getFallbackHandler()>/@this	<org.springframework.boot.loader.jar.Handler: java.net.URLStreamHandler getFallbackHandler()>/this#_0
<org.springframework.boot.loader.PropertiesLauncher: void <init>()>/@this	<org.springframework.boot.loader.PropertiesLauncher: void <init>()>/this#_0
<org.springframework.boot.loader.PropertiesLauncher: void initializeProperties()>/@this	<org.springframework.boot.loader.PropertiesLauncher: void initializeProperties()>/this#_0
<org.springframework.boot.loader.PropertiesLauncher: void initializePaths()>/@this	<org.springframework.boot.loader.PropertiesLauncher: void initializePaths()>/this#_0
<org.springframework.boot.loader.PropertiesLauncher: java.lang.String getProperty(java.lang.String,java.lang.String,java.lang.String)>/@this	<org.springframework.boot.loader.PropertiesLauncher: java.lang.String getProperty(java.lang.String,java.lang.String,java.lang.String)>/this#_0
<org.springframework.boot.loader.PropertiesLauncher: java.util.List getClassPathArchives()>/@this	<org.springframework.boot.loader.PropertiesLauncher: java.util.List getClassPathArchives()>/this#_0
<org.springframework.boot.loader.PropertiesLauncher: java.util.List getClassPathArchives(java.lang.String)>/@this	<org.springframework.boot.loader.PropertiesLauncher: java.util.List getClassPathArchives(java.lang.String)>/this#_0
<org.springframework.boot.loader.PropertiesLauncher: java.util.List getNestedArchives(java.lang.String)>/@this	<org.springframework.boot.loader.PropertiesLauncher: java.util.List getNestedArchives(java.lang.String)>/this#_0
<org.springframework.boot.loader.PropertiesLauncher: void addNestedEntries(java.util.List)>/@this	<org.springframework.boot.loader.PropertiesLauncher: void addNestedEntries(java.util.List)>/this#_0
<org.springframework.boot.loader.archive.JarFileArchive: void <init>(java.io.File,java.net.URL)>/@this	<org.springframework.boot.loader.archive.JarFileArchive: void <init>(java.io.File,java.net.URL)>/this#_0
<org.springframework.boot.loader.archive.JarFileArchive: void <init>(org.springframework.boot.loader.jar.JarFile)>/@this	<org.springframework.boot.loader.archive.JarFileArchive: void <init>(org.springframework.boot.loader.jar.JarFile)>/this#_0
<org.springframework.boot.loader.archive.JarFileArchive: java.net.URL getUrl()>/@this	<org.springframework.boot.loader.archive.JarFileArchive: java.net.URL getUrl()>/this#_0
<org.springframework.boot.loader.archive.JarFileArchive: java.util.jar.Manifest getManifest()>/@this	<org.springframework.boot.loader.archive.JarFileArchive: java.util.jar.Manifest getManifest()>/this#_0
<org.springframework.boot.loader.archive.JarFileArchive: java.util.Iterator iterator()>/@this	<org.springframework.boot.loader.archive.JarFileArchive: java.util.Iterator iterator()>/this#_0
<org.springframework.boot.loader.archive.JarFileArchive: org.springframework.boot.loader.archive.Archive getNestedArchive(org.springframework.boot.loader.archive.Archive$Entry)>/@this	<org.springframework.boot.loader.archive.JarFileArchive: org.springframework.boot.loader.archive.Archive getNestedArchive(org.springframework.boot.loader.archive.Archive$Entry)>/this#_0
<org.springframework.boot.loader.archive.JarFileArchive: java.io.File getTempUnpackFolder()>/@this	<org.springframework.boot.loader.archive.JarFileArchive: java.io.File getTempUnpackFolder()>/this#_0
<org.springframework.boot.loader.archive.JarFileArchive: java.io.File createUnpackFolder(java.io.File)>/@this	<org.springframework.boot.loader.archive.JarFileArchive: java.io.File createUnpackFolder(java.io.File)>/this#_0
<org.springframework.boot.loader.archive.JarFileArchive: void unpack(java.util.jar.JarEntry,java.io.File)>/@this	<org.springframework.boot.loader.archive.JarFileArchive: void unpack(java.util.jar.JarEntry,java.io.File)>/this#_0
<org.springframework.boot.loader.PropertiesLauncher$1: void <init>(org.springframework.boot.loader.PropertiesLauncher)>/@this	<org.springframework.boot.loader.PropertiesLauncher$1: void <init>(org.springframework.boot.loader.PropertiesLauncher)>/this#_0
<org.springframework.boot.loader.data.RandomAccessDataFile: void <init>(java.io.File,int)>/@this	<org.springframework.boot.loader.data.RandomAccessDataFile: void <init>(java.io.File,int)>/this#_0
<org.springframework.boot.loader.data.RandomAccessDataFile: void <init>(java.io.File,org.springframework.boot.loader.data.RandomAccessDataFile$FilePool,long,long)>/@this	<org.springframework.boot.loader.data.RandomAccessDataFile: void <init>(java.io.File,org.springframework.boot.loader.data.RandomAccessDataFile$FilePool,long,long)>/this#_0
<org.springframework.boot.loader.data.RandomAccessDataFile: java.io.File getFile()>/@this	<org.springframework.boot.loader.data.RandomAccessDataFile: java.io.File getFile()>/this#_0
<org.springframework.boot.loader.data.RandomAccessDataFile: org.springframework.boot.loader.data.RandomAccessData getSubsection(long,long)>/@this	<org.springframework.boot.loader.data.RandomAccessDataFile: org.springframework.boot.loader.data.RandomAccessData getSubsection(long,long)>/this#_0
<org.springframework.boot.loader.data.RandomAccessDataFile: long getSize()>/@this	<org.springframework.boot.loader.data.RandomAccessDataFile: long getSize()>/this#_0
<org.springframework.boot.loader.data.RandomAccessDataFile: void close()>/@this	<org.springframework.boot.loader.data.RandomAccessDataFile: void close()>/this#_0
<org.springframework.boot.loader.LaunchedURLClassLoader$1: void <init>(org.springframework.boot.loader.LaunchedURLClassLoader,java.lang.String,java.lang.String)>/@this	<org.springframework.boot.loader.LaunchedURLClassLoader$1: void <init>(org.springframework.boot.loader.LaunchedURLClassLoader,java.lang.String,java.lang.String)>/this#_0
<org.springframework.boot.loader.LaunchedURLClassLoader$1: java.lang.Object run()>/@this	<org.springframework.boot.loader.LaunchedURLClassLoader$1: java.lang.Object run()>/this#_0
<org.springframework.boot.loader.jar.ZipInflaterInputStream: void <init>(java.io.InputStream,int)>/@this	<org.springframework.boot.loader.jar.ZipInflaterInputStream: void <init>(java.io.InputStream,int)>/this#_0
<org.springframework.boot.loader.jar.ZipInflaterInputStream: int available()>/@this	<org.springframework.boot.loader.jar.ZipInflaterInputStream: int available()>/this#_0
<org.springframework.boot.loader.jar.ZipInflaterInputStream: int read(byte[],int,int)>/@this	<org.springframework.boot.loader.jar.ZipInflaterInputStream: int read(byte[],int,int)>/this#_0
<org.springframework.boot.loader.jar.ZipInflaterInputStream: void fill()>/@this	<org.springframework.boot.loader.jar.ZipInflaterInputStream: void fill()>/this#_0
<org.springframework.boot.loader.data.RandomAccessDataFile$FilePool: void <init>(java.io.File,int)>/@this	<org.springframework.boot.loader.data.RandomAccessDataFile$FilePool: void <init>(java.io.File,int)>/this#_0
<org.springframework.boot.loader.data.RandomAccessDataFile$FilePool: java.io.RandomAccessFile acquire()>/@this	<org.springframework.boot.loader.data.RandomAccessDataFile$FilePool: java.io.RandomAccessFile acquire()>/this#_0
<org.springframework.boot.loader.data.RandomAccessDataFile$FilePool: void release(java.io.RandomAccessFile)>/@this	<org.springframework.boot.loader.data.RandomAccessDataFile$FilePool: void release(java.io.RandomAccessFile)>/this#_0
<org.springframework.boot.loader.data.RandomAccessDataFile$FilePool: void close()>/@this	<org.springframework.boot.loader.data.RandomAccessDataFile$FilePool: void close()>/this#_0
<org.springframework.boot.loader.jar.JarFileEntries$EntryIterator: void <init>(org.springframework.boot.loader.jar.JarFileEntries)>/@this	<org.springframework.boot.loader.jar.JarFileEntries$EntryIterator: void <init>(org.springframework.boot.loader.jar.JarFileEntries)>/this#_0
<org.springframework.boot.loader.jar.JarFileEntries$EntryIterator: boolean hasNext()>/@this	<org.springframework.boot.loader.jar.JarFileEntries$EntryIterator: boolean hasNext()>/this#_0
<org.springframework.boot.loader.jar.JarFileEntries$EntryIterator: boolean hasNext()>/$stack1	<org.springframework.boot.loader.jar.JarFileEntries: int access$200(org.springframework.boot.loader.jar.JarFileEntries)>/x0#_0
<org.springframework.boot.loader.jar.JarFileEntries$EntryIterator: org.springframework.boot.loader.jar.JarEntry next()>/@this	<org.springframework.boot.loader.jar.JarFileEntries$EntryIterator: org.springframework.boot.loader.jar.JarEntry next()>/this#_0
<org.springframework.boot.loader.jar.JarFileEntries$EntryIterator: org.springframework.boot.loader.jar.JarEntry next()>/$stack3	<org.springframework.boot.loader.jar.JarFileEntries: int[] access$300(org.springframework.boot.loader.jar.JarFileEntries)>/x0#_0
<org.springframework.boot.loader.jar.AsciiBytes: void <init>(java.lang.String)>/@this	<org.springframework.boot.loader.jar.AsciiBytes: void <init>(java.lang.String)>/this#_0
<org.springframework.boot.loader.jar.AsciiBytes: void <init>(byte[],int,int)>/@this	<org.springframework.boot.loader.jar.AsciiBytes: void <init>(byte[],int,int)>/this#_0
<org.springframework.boot.loader.jar.AsciiBytes: int length()>/@this	<org.springframework.boot.loader.jar.AsciiBytes: int length()>/this#_0
<org.springframework.boot.loader.jar.AsciiBytes: boolean startsWith(org.springframework.boot.loader.jar.AsciiBytes)>/@this	<org.springframework.boot.loader.jar.AsciiBytes: boolean startsWith(org.springframework.boot.loader.jar.AsciiBytes)>/this#_0
<org.springframework.boot.loader.jar.AsciiBytes: boolean endsWith(org.springframework.boot.loader.jar.AsciiBytes)>/@this	<org.springframework.boot.loader.jar.AsciiBytes: boolean endsWith(org.springframework.boot.loader.jar.AsciiBytes)>/this#_0
<org.springframework.boot.loader.jar.AsciiBytes: org.springframework.boot.loader.jar.AsciiBytes substring(int)>/@this	<org.springframework.boot.loader.jar.AsciiBytes: org.springframework.boot.loader.jar.AsciiBytes substring(int)>/this#_0
<org.springframework.boot.loader.jar.AsciiBytes: org.springframework.boot.loader.jar.AsciiBytes substring(int,int)>/@this	<org.springframework.boot.loader.jar.AsciiBytes: org.springframework.boot.loader.jar.AsciiBytes substring(int,int)>/this#_0
<org.springframework.boot.loader.jar.AsciiBytes: org.springframework.boot.loader.jar.AsciiBytes append(byte[])>/@this	<org.springframework.boot.loader.jar.AsciiBytes: org.springframework.boot.loader.jar.AsciiBytes append(byte[])>/this#_0
<org.springframework.boot.loader.jar.AsciiBytes: java.lang.String toString()>/@this	<org.springframework.boot.loader.jar.AsciiBytes: java.lang.String toString()>/this#_0
<org.springframework.boot.loader.jar.AsciiBytes: int hashCode()>/@this	<org.springframework.boot.loader.jar.AsciiBytes: int hashCode()>/this#_0
<org.springframework.boot.loader.jar.AsciiBytes: boolean equals(java.lang.Object)>/@this	<org.springframework.boot.loader.jar.AsciiBytes: boolean equals(java.lang.Object)>/this#_0
<org.springframework.boot.loader.jar.AsciiBytes: boolean equals(java.lang.Object)>/obj#_0	<org.springframework.boot.loader.jar.AsciiBytes: boolean equals(java.lang.Object)>/other#_204
<org.springframework.boot.loader.archive.JarFileArchive$JarFileEntry: void <init>(java.util.jar.JarEntry)>/@this	<org.springframework.boot.loader.archive.JarFileArchive$JarFileEntry: void <init>(java.util.jar.JarEntry)>/this#_0
<org.springframework.boot.loader.archive.JarFileArchive$JarFileEntry: java.util.jar.JarEntry getJarEntry()>/@this	<org.springframework.boot.loader.archive.JarFileArchive$JarFileEntry: java.util.jar.JarEntry getJarEntry()>/this#_0
<org.springframework.boot.loader.archive.JarFileArchive$JarFileEntry: boolean isDirectory()>/@this	<org.springframework.boot.loader.archive.JarFileArchive$JarFileEntry: boolean isDirectory()>/this#_0
<org.springframework.boot.loader.archive.JarFileArchive$JarFileEntry: java.lang.String getName()>/@this	<org.springframework.boot.loader.archive.JarFileArchive$JarFileEntry: java.lang.String getName()>/this#_0
<org.springframework.boot.loader.ExecutableArchiveLauncher: void <init>()>/@this	<org.springframework.boot.loader.ExecutableArchiveLauncher: void <init>()>/this#_0
<org.springframework.boot.loader.ExecutableArchiveLauncher: void <init>(org.springframework.boot.loader.archive.Archive)>/@this	<org.springframework.boot.loader.ExecutableArchiveLauncher: void <init>(org.springframework.boot.loader.archive.Archive)>/this#_0
<org.springframework.boot.loader.ExecutableArchiveLauncher: org.springframework.boot.loader.archive.Archive getArchive()>/@this	<org.springframework.boot.loader.ExecutableArchiveLauncher: org.springframework.boot.loader.archive.Archive getArchive()>/this#_0
<org.springframework.boot.loader.ExecutableArchiveLauncher: java.lang.String getMainClass()>/@this	<org.springframework.boot.loader.ExecutableArchiveLauncher: java.lang.String getMainClass()>/this#_0
<org.springframework.boot.loader.ExecutableArchiveLauncher: java.util.List getClassPathArchives()>/@this	<org.springframework.boot.loader.ExecutableArchiveLauncher: java.util.List getClassPathArchives()>/this#_0
<org.springframework.boot.loader.jar.CentralDirectoryEndRecord: void <init>(org.springframework.boot.loader.data.RandomAccessData)>/@this	<org.springframework.boot.loader.jar.CentralDirectoryEndRecord: void <init>(org.springframework.boot.loader.data.RandomAccessData)>/this#_0
<org.springframework.boot.loader.jar.CentralDirectoryEndRecord: boolean isValid()>/@this	<org.springframework.boot.loader.jar.CentralDirectoryEndRecord: boolean isValid()>/this#_0
<org.springframework.boot.loader.jar.CentralDirectoryEndRecord: long getStartOfArchive(org.springframework.boot.loader.data.RandomAccessData)>/@this	<org.springframework.boot.loader.jar.CentralDirectoryEndRecord: long getStartOfArchive(org.springframework.boot.loader.data.RandomAccessData)>/this#_0
<org.springframework.boot.loader.jar.CentralDirectoryEndRecord: org.springframework.boot.loader.data.RandomAccessData getCentralDirectory(org.springframework.boot.loader.data.RandomAccessData)>/@this	<org.springframework.boot.loader.jar.CentralDirectoryEndRecord: org.springframework.boot.loader.data.RandomAccessData getCentralDirectory(org.springframework.boot.loader.data.RandomAccessData)>/this#_0
<org.springframework.boot.loader.jar.CentralDirectoryEndRecord: int getNumberOfRecords()>/@this	<org.springframework.boot.loader.jar.CentralDirectoryEndRecord: int getNumberOfRecords()>/this#_0
<org.springframework.boot.loader.archive.ExplodedArchive$FileEntry: void <init>(java.lang.String,java.io.File)>/@this	<org.springframework.boot.loader.archive.ExplodedArchive$FileEntry: void <init>(java.lang.String,java.io.File)>/this#_0
<org.springframework.boot.loader.archive.ExplodedArchive$FileEntry: java.io.File getFile()>/@this	<org.springframework.boot.loader.archive.ExplodedArchive$FileEntry: java.io.File getFile()>/this#_0
<org.springframework.boot.loader.archive.ExplodedArchive$FileEntry: boolean isDirectory()>/@this	<org.springframework.boot.loader.archive.ExplodedArchive$FileEntry: boolean isDirectory()>/this#_0
<org.springframework.boot.loader.archive.ExplodedArchive$FileEntry: java.lang.String getName()>/@this	<org.springframework.boot.loader.archive.ExplodedArchive$FileEntry: java.lang.String getName()>/this#_0
<org.springframework.boot.loader.archive.JarFileArchive$EntryIterator: void <init>(java.util.Enumeration)>/@this	<org.springframework.boot.loader.archive.JarFileArchive$EntryIterator: void <init>(java.util.Enumeration)>/this#_0
<org.springframework.boot.loader.archive.JarFileArchive$EntryIterator: boolean hasNext()>/@this	<org.springframework.boot.loader.archive.JarFileArchive$EntryIterator: boolean hasNext()>/this#_0
<org.springframework.boot.loader.archive.JarFileArchive$EntryIterator: org.springframework.boot.loader.archive.Archive$Entry next()>/@this	<org.springframework.boot.loader.archive.JarFileArchive$EntryIterator: org.springframework.boot.loader.archive.Archive$Entry next()>/this#_0
<org.springframework.boot.loader.jar.CentralDirectoryParser: void <init>()>/@this	<org.springframework.boot.loader.jar.CentralDirectoryParser: void <init>()>/this#_0
<org.springframework.boot.loader.jar.CentralDirectoryParser: org.springframework.boot.loader.jar.CentralDirectoryVisitor addVisitor(org.springframework.boot.loader.jar.CentralDirectoryVisitor)>/@this	<org.springframework.boot.loader.jar.CentralDirectoryParser: org.springframework.boot.loader.jar.CentralDirectoryVisitor addVisitor(org.springframework.boot.loader.jar.CentralDirectoryVisitor)>/this#_0
<org.springframework.boot.loader.jar.CentralDirectoryParser: void parseEntries(org.springframework.boot.loader.jar.CentralDirectoryEndRecord,org.springframework.boot.loader.data.RandomAccessData)>/@this	<org.springframework.boot.loader.jar.CentralDirectoryParser: void parseEntries(org.springframework.boot.loader.jar.CentralDirectoryEndRecord,org.springframework.boot.loader.data.RandomAccessData)>/this#_0
<org.springframework.boot.loader.jar.CentralDirectoryParser: void visitStart(org.springframework.boot.loader.jar.CentralDirectoryEndRecord,org.springframework.boot.loader.data.RandomAccessData)>/@this	<org.springframework.boot.loader.jar.CentralDirectoryParser: void visitStart(org.springframework.boot.loader.jar.CentralDirectoryEndRecord,org.springframework.boot.loader.data.RandomAccessData)>/this#_0
<org.springframework.boot.loader.jar.CentralDirectoryParser: void visitFileHeader(int,org.springframework.boot.loader.jar.CentralDirectoryFileHeader)>/@this	<org.springframework.boot.loader.jar.CentralDirectoryParser: void visitFileHeader(int,org.springframework.boot.loader.jar.CentralDirectoryFileHeader)>/this#_0
<org.springframework.boot.loader.jar.CentralDirectoryParser: void visitEnd()>/@this	<org.springframework.boot.loader.jar.CentralDirectoryParser: void visitEnd()>/this#_0
<org.springframework.boot.loader.jar.JarFile: void <init>(org.springframework.boot.loader.data.RandomAccessDataFile,java.lang.String,org.springframework.boot.loader.data.RandomAccessData,org.springframework.boot.loader.jar.JarEntryFilter,org.springframework.boot.loader.jar.JarFile$JarFileType)>/@this	<org.springframework.boot.loader.jar.JarFile: void <init>(org.springframework.boot.loader.data.RandomAccessDataFile,java.lang.String,org.springframework.boot.loader.data.RandomAccessData,org.springframework.boot.loader.jar.JarEntryFilter,org.springframework.boot.loader.jar.JarFile$JarFileType)>/this#_0
<org.springframework.boot.loader.jar.JarFile: org.springframework.boot.loader.data.RandomAccessDataFile getRootJarFile()>/@this	<org.springframework.boot.loader.jar.JarFile: org.springframework.boot.loader.data.RandomAccessDataFile getRootJarFile()>/this#_0
<org.springframework.boot.loader.jar.JarFile: org.springframework.boot.loader.data.RandomAccessData getData()>/@this	<org.springframework.boot.loader.jar.JarFile: org.springframework.boot.loader.data.RandomAccessData getData()>/this#_0
<org.springframework.boot.loader.jar.JarFile: java.util.jar.Manifest getManifest()>/@this	<org.springframework.boot.loader.jar.JarFile: java.util.jar.Manifest getManifest()>/this#_0
<org.springframework.boot.loader.jar.JarFile: java.util.Enumeration entries()>/@this	<org.springframework.boot.loader.jar.JarFile: java.util.Enumeration entries()>/this#_0
<org.springframework.boot.loader.jar.JarFile: boolean containsEntry(java.lang.String)>/@this	<org.springframework.boot.loader.jar.JarFile: boolean containsEntry(java.lang.String)>/this#_0
<org.springframework.boot.loader.jar.JarFile: java.util.zip.ZipEntry getEntry(java.lang.String)>/@this	<org.springframework.boot.loader.jar.JarFile: java.util.zip.ZipEntry getEntry(java.lang.String)>/this#_0
<org.springframework.boot.loader.jar.JarFile: java.io.InputStream getInputStream(java.util.zip.ZipEntry,org.springframework.boot.loader.data.RandomAccessData$ResourceAccess)>/@this	<org.springframework.boot.loader.jar.JarFile: java.io.InputStream getInputStream(java.util.zip.ZipEntry,org.springframework.boot.loader.data.RandomAccessData$ResourceAccess)>/this#_0
<org.springframework.boot.loader.jar.JarFile: java.io.InputStream getInputStream(java.lang.String,org.springframework.boot.loader.data.RandomAccessData$ResourceAccess)>/@this	<org.springframework.boot.loader.jar.JarFile: java.io.InputStream getInputStream(java.lang.String,org.springframework.boot.loader.data.RandomAccessData$ResourceAccess)>/this#_0
<org.springframework.boot.loader.jar.JarFile: org.springframework.boot.loader.jar.JarFile createJarFileFromDirectoryEntry(org.springframework.boot.loader.jar.JarEntry)>/@this	<org.springframework.boot.loader.jar.JarFile: org.springframework.boot.loader.jar.JarFile createJarFileFromDirectoryEntry(org.springframework.boot.loader.jar.JarEntry)>/this#_0
<org.springframework.boot.loader.jar.JarFile: org.springframework.boot.loader.jar.JarFile createJarFileFromFileEntry(org.springframework.boot.loader.jar.JarEntry)>/@this	<org.springframework.boot.loader.jar.JarFile: org.springframework.boot.loader.jar.JarFile createJarFileFromFileEntry(org.springframework.boot.loader.jar.JarEntry)>/this#_0
<org.springframework.boot.loader.jar.JarFile: int size()>/@this	<org.springframework.boot.loader.jar.JarFile: int size()>/this#_0
<org.springframework.boot.loader.jar.JarFile: void close()>/@this	<org.springframework.boot.loader.jar.JarFile: void close()>/this#_0
<org.springframework.boot.loader.jar.JarFile: java.net.URL getUrl()>/@this	<org.springframework.boot.loader.jar.JarFile: java.net.URL getUrl()>/this#_0
<org.springframework.boot.loader.jar.JarFile: java.lang.String getName()>/@this	<org.springframework.boot.loader.jar.JarFile: java.lang.String getName()>/this#_0
<org.springframework.boot.loader.jar.JarFile: boolean isSigned()>/@this	<org.springframework.boot.loader.jar.JarFile: boolean isSigned()>/this#_0
<org.springframework.boot.loader.jar.JarFile: void clearCache()>/@this	<org.springframework.boot.loader.jar.JarFile: void clearCache()>/this#_0
<org.springframework.boot.loader.jar.JarFile: java.lang.String getPathFromRoot()>/@this	<org.springframework.boot.loader.jar.JarFile: java.lang.String getPathFromRoot()>/this#_0
<org.springframework.boot.loader.jar.JarFile: org.springframework.boot.loader.jar.JarFile$JarFileType getType()>/@this	<org.springframework.boot.loader.jar.JarFile: org.springframework.boot.loader.jar.JarFile$JarFileType getType()>/this#_0
<org.springframework.boot.loader.jar.JarEntry: void <init>(org.springframework.boot.loader.jar.JarFile,org.springframework.boot.loader.jar.CentralDirectoryFileHeader)>/@this	<org.springframework.boot.loader.jar.JarEntry: void <init>(org.springframework.boot.loader.jar.JarFile,org.springframework.boot.loader.jar.CentralDirectoryFileHeader)>/this#_0
<org.springframework.boot.loader.jar.JarEntry: java.net.URL getUrl()>/@this	<org.springframework.boot.loader.jar.JarEntry: java.net.URL getUrl()>/this#_0
<org.springframework.boot.loader.jar.JarEntry: java.util.jar.Attributes getAttributes()>/@this	<org.springframework.boot.loader.jar.JarEntry: java.util.jar.Attributes getAttributes()>/this#_0
<org.springframework.boot.loader.jar.JarEntry: java.security.cert.Certificate[] getCertificates()>/@this	<org.springframework.boot.loader.jar.JarEntry: java.security.cert.Certificate[] getCertificates()>/this#_0
<org.springframework.boot.loader.jar.JarEntry: java.security.CodeSigner[] getCodeSigners()>/@this	<org.springframework.boot.loader.jar.JarEntry: java.security.CodeSigner[] getCodeSigners()>/this#_0
<org.springframework.boot.loader.jar.JarEntry: void setCertificates(java.util.jar.JarEntry)>/@this	<org.springframework.boot.loader.jar.JarEntry: void setCertificates(java.util.jar.JarEntry)>/this#_0
<org.springframework.boot.loader.jar.JarEntry: long getLocalHeaderOffset()>/@this	<org.springframework.boot.loader.jar.JarEntry: long getLocalHeaderOffset()>/this#_0
<org.springframework.boot.loader.jar.CentralDirectoryFileHeader: void <init>(byte[],int,org.springframework.boot.loader.jar.AsciiBytes,byte[],org.springframework.boot.loader.jar.AsciiBytes,long)>/@this	<org.springframework.boot.loader.jar.CentralDirectoryFileHeader: void <init>(byte[],int,org.springframework.boot.loader.jar.AsciiBytes,byte[],org.springframework.boot.loader.jar.AsciiBytes,long)>/this#_0
<org.springframework.boot.loader.jar.CentralDirectoryFileHeader: void load(byte[],int,org.springframework.boot.loader.data.RandomAccessData,int,org.springframework.boot.loader.jar.JarEntryFilter)>/@this	<org.springframework.boot.loader.jar.CentralDirectoryFileHeader: void load(byte[],int,org.springframework.boot.loader.data.RandomAccessData,int,org.springframework.boot.loader.jar.JarEntryFilter)>/this#_0
<org.springframework.boot.loader.jar.CentralDirectoryFileHeader: org.springframework.boot.loader.jar.AsciiBytes getName()>/@this	<org.springframework.boot.loader.jar.CentralDirectoryFileHeader: org.springframework.boot.loader.jar.AsciiBytes getName()>/this#_0
<org.springframework.boot.loader.jar.CentralDirectoryFileHeader: boolean hasName(java.lang.String,java.lang.String)>/@this	<org.springframework.boot.loader.jar.CentralDirectoryFileHeader: boolean hasName(java.lang.String,java.lang.String)>/this#_0
<org.springframework.boot.loader.jar.CentralDirectoryFileHeader: boolean isDirectory()>/@this	<org.springframework.boot.loader.jar.CentralDirectoryFileHeader: boolean isDirectory()>/this#_0
<org.springframework.boot.loader.jar.CentralDirectoryFileHeader: int getMethod()>/@this	<org.springframework.boot.loader.jar.CentralDirectoryFileHeader: int getMethod()>/this#_0
<org.springframework.boot.loader.jar.CentralDirectoryFileHeader: long getTime()>/@this	<org.springframework.boot.loader.jar.CentralDirectoryFileHeader: long getTime()>/this#_0
<org.springframework.boot.loader.jar.CentralDirectoryFileHeader: long getCrc()>/@this	<org.springframework.boot.loader.jar.CentralDirectoryFileHeader: long getCrc()>/this#_0
<org.springframework.boot.loader.jar.CentralDirectoryFileHeader: long getCompressedSize()>/@this	<org.springframework.boot.loader.jar.CentralDirectoryFileHeader: long getCompressedSize()>/this#_0
<org.springframework.boot.loader.jar.CentralDirectoryFileHeader: long getSize()>/@this	<org.springframework.boot.loader.jar.CentralDirectoryFileHeader: long getSize()>/this#_0
<org.springframework.boot.loader.jar.CentralDirectoryFileHeader: byte[] getExtra()>/@this	<org.springframework.boot.loader.jar.CentralDirectoryFileHeader: byte[] getExtra()>/this#_0
<org.springframework.boot.loader.jar.CentralDirectoryFileHeader: org.springframework.boot.loader.jar.AsciiBytes getComment()>/@this	<org.springframework.boot.loader.jar.CentralDirectoryFileHeader: org.springframework.boot.loader.jar.AsciiBytes getComment()>/this#_0
<org.springframework.boot.loader.jar.CentralDirectoryFileHeader: long getLocalHeaderOffset()>/@this	<org.springframework.boot.loader.jar.CentralDirectoryFileHeader: long getLocalHeaderOffset()>/this#_0
<org.springframework.boot.loader.jar.CentralDirectoryFileHeader: org.springframework.boot.loader.jar.CentralDirectoryFileHeader clone()>/@this	<org.springframework.boot.loader.jar.CentralDirectoryFileHeader: org.springframework.boot.loader.jar.CentralDirectoryFileHeader clone()>/this#_0
