<org.springframework.boot.loader.archive.ExplodedArchive$FileEntryIterator: org.springframework.boot.loader.archive.Archive$Entry next()>/org.springframework.boot.loader.archive.ExplodedArchive$FileEntryIterator.poll/0	<org.springframework.boot.loader.archive.ExplodedArchive$FileEntryIterator: org.springframework.boot.loader.archive.Archive$Entry next()>/java.io.File.getParentFile/0	16
<org.springframework.boot.loader.archive.ExplodedArchive$FileEntryIterator: org.springframework.boot.loader.archive.Archive$Entry next()>/org.springframework.boot.loader.archive.ExplodedArchive$FileEntryIterator.poll/0	<org.springframework.boot.loader.archive.ExplodedArchive$FileEntryIterator: org.springframework.boot.loader.archive.Archive$Entry next()>/assign/instruction7	12
<org.springframework.boot.loader.jar.Handler: boolean sameFile(java.net.URL,java.net.URL)>/java.net.URLStreamHandler.sameFile/0	<org.springframework.boot.loader.jar.Handler: boolean sameFile(java.net.URL,java.net.URL)>/java.net.URL.getFile/0	21
<org.springframework.boot.loader.PropertiesLauncher: boolean exists(java.net.URL)>/java.net.URLConnection.getContentLength/0	<org.springframework.boot.loader.PropertiesLauncher: boolean exists(java.net.URL)>/assign/instruction1	22
<org.springframework.boot.loader.PropertiesLauncher: java.util.List getClassPathArchives(java.lang.String)>/org.springframework.boot.loader.PropertiesLauncher.getNestedArchives/0	<org.springframework.boot.loader.PropertiesLauncher: java.util.List getClassPathArchives(java.lang.String)>/assign/instruction36	41
<org.springframework.boot.loader.PropertiesLauncher: java.util.List getNestedArchives(java.lang.String)>/org.springframework.boot.loader.archive.Archive.getUrl/0	<org.springframework.boot.loader.PropertiesLauncher: java.util.List getNestedArchives(java.lang.String)>/assign/instruction1	8
<org.springframework.boot.loader.PropertiesLauncher: java.util.List getNestedArchives(java.lang.String)>/java.lang.String.endsWith/1	<org.springframework.boot.loader.PropertiesLauncher: java.util.List getNestedArchives(java.lang.String)>/assign/instruction90	103
<org.springframework.boot.loader.LaunchedURLClassLoader: java.lang.Class loadClass(java.lang.String,boolean)>/java.net.URLClassLoader.loadClass/0	<org.springframework.boot.loader.LaunchedURLClassLoader: java.lang.Class loadClass(java.lang.String,boolean)>/assign/instruction1	8
<org.springframework.boot.loader.jar.JarFile: void setupEntryCertificates(org.springframework.boot.loader.jar.JarEntry)>/java.util.jar.JarEntry.getName/1	<org.springframework.boot.loader.jar.JarFile: void setupEntryCertificates(org.springframework.boot.loader.jar.JarEntry)>/java.util.jar.JarInputStream.closeEntry/0	18
<org.springframework.boot.loader.archive.JarFileArchive: org.springframework.boot.loader.archive.Archive getUnpackedNestedArchive(java.util.jar.JarEntry)>/org.springframework.boot.loader.archive.JarFileArchive.unpack/0	<org.springframework.boot.loader.archive.JarFileArchive: org.springframework.boot.loader.archive.Archive getUnpackedNestedArchive(java.util.jar.JarEntry)>/assign/instruction11	19
<org.springframework.boot.loader.jar.JarURLConnection: java.io.InputStream getInputStream()>/org.springframework.boot.loader.jar.JarURLConnection.connect/0	<org.springframework.boot.loader.jar.JarURLConnection: java.io.InputStream getInputStream()>/assign/instruction6	9
<org.springframework.boot.loader.LaunchedURLClassLoader$1: java.lang.Object run()>/assign/instruction50	<org.springframework.boot.loader.LaunchedURLClassLoader$1: java.lang.Object run()>/goto/instruction47	48
<org.springframework.boot.loader.LaunchedURLClassLoader: void clearCache()>/assign/instruction16	<org.springframework.boot.loader.LaunchedURLClassLoader: void clearCache()>/goto/instruction13	14
<org.springframework.boot.loader.jar.CentralDirectoryFileHeader: void load(byte[],int,org.springframework.boot.loader.data.RandomAccessData,int,org.springframework.boot.loader.jar.JarEntryFilter)>/assign/instruction60	<org.springframework.boot.loader.jar.CentralDirectoryFileHeader: void load(byte[],int,org.springframework.boot.loader.data.RandomAccessData,int,org.springframework.boot.loader.jar.JarEntryFilter)>/assign/instruction43	49
<org.springframework.boot.loader.jar.JarURLConnection: org.springframework.boot.loader.jar.JarURLConnection get(java.net.URL,org.springframework.boot.loader.jar.JarFile)>/assign/instruction39	<org.springframework.boot.loader.jar.JarURLConnection: org.springframework.boot.loader.jar.JarURLConnection get(java.net.URL,org.springframework.boot.loader.jar.JarFile)>/org.springframework.boot.loader.jar.JarURLConnection$JarEntryName.get/1	32
<org.springframework.boot.loader.jar.JarURLConnection: org.springframework.boot.loader.jar.JarURLConnection get(java.net.URL,org.springframework.boot.loader.jar.JarFile)>/assign/instruction39	<org.springframework.boot.loader.jar.JarURLConnection: org.springframework.boot.loader.jar.JarURLConnection get(java.net.URL,org.springframework.boot.loader.jar.JarFile)>/org.springframework.boot.loader.jar.JarURLConnection$JarEntryName.isEmpty/0	34
<org.springframework.boot.loader.archive.ExplodedArchive: void <init>(java.io.File,boolean)>/assign/instruction9	<org.springframework.boot.loader.archive.ExplodedArchive: void <init>(java.io.File,boolean)>/assign/instruction1	7
<org.springframework.boot.loader.jar.JarURLConnection$JarEntryName: char decodeEscapeSequence(java.lang.String,int)>/assign/instruction14	<org.springframework.boot.loader.jar.JarURLConnection$JarEntryName: char decodeEscapeSequence(java.lang.String,int)>/assign/instruction1	13
<org.springframework.boot.loader.PropertiesLauncher: void initializePaths()>/assign/instruction7	<org.springframework.boot.loader.PropertiesLauncher: void initializePaths()>/assign/instruction1	5
<org.springframework.boot.loader.PropertiesLauncher: org.springframework.boot.loader.archive.Archive getArchive(java.io.File)>/assign/instruction11	<org.springframework.boot.loader.PropertiesLauncher: org.springframework.boot.loader.archive.Archive getArchive(java.io.File)>/assign/instruction1	8
<org.springframework.boot.loader.PropertiesLauncher: java.util.List getNestedArchives(java.lang.String)>/assign/instruction89	<org.springframework.boot.loader.PropertiesLauncher: java.util.List getNestedArchives(java.lang.String)>/java.lang.String.equals/2	86
<org.springframework.boot.loader.PropertiesLauncher: java.util.List getNestedArchives(java.lang.String)>/assign/instruction89	<org.springframework.boot.loader.PropertiesLauncher: java.util.List getNestedArchives(java.lang.String)>/assign/instruction74	83
<org.springframework.boot.loader.archive.JarFileArchive: org.springframework.boot.loader.archive.Archive getUnpackedNestedArchive(java.util.jar.JarEntry)>/assign/instruction24	<org.springframework.boot.loader.archive.JarFileArchive: org.springframework.boot.loader.archive.Archive getUnpackedNestedArchive(java.util.jar.JarEntry)>/java.io.File.length/0	23
<org.springframework.boot.loader.data.RandomAccessDataFile: org.springframework.boot.loader.data.RandomAccessData getSubsection(long,long)>/assign/instruction12	<org.springframework.boot.loader.data.RandomAccessDataFile: org.springframework.boot.loader.data.RandomAccessData getSubsection(long,long)>/assign/instruction6	8
<org.springframework.boot.loader.data.RandomAccessDataFile: org.springframework.boot.loader.data.RandomAccessData getSubsection(long,long)>/assign/instruction12	<org.springframework.boot.loader.data.RandomAccessDataFile: org.springframework.boot.loader.data.RandomAccessData getSubsection(long,long)>/assign/instruction1	6
<org.springframework.boot.loader.jar.AsciiBytes: void <init>(byte[],int,int)>/assign/instruction11	<org.springframework.boot.loader.jar.AsciiBytes: void <init>(byte[],int,int)>/assign/instruction1	7
<org.springframework.boot.loader.jar.AsciiBytes: void <init>(byte[],int,int)>/assign/instruction11	<org.springframework.boot.loader.jar.AsciiBytes: void <init>(byte[],int,int)>/if/instruction7	8
<org.springframework.boot.loader.jar.CentralDirectoryEndRecord: void <init>(org.springframework.boot.loader.data.RandomAccessData)>/assign/instruction30	<org.springframework.boot.loader.jar.CentralDirectoryEndRecord: void <init>(org.springframework.boot.loader.data.RandomAccessData)>/assign/instruction23	25
<org.springframework.boot.loader.WarLauncher: boolean isNestedArchive(org.springframework.boot.loader.archive.Archive$Entry)>/assign/instruction20	<org.springframework.boot.loader.WarLauncher: boolean isNestedArchive(org.springframework.boot.loader.archive.Archive$Entry)>/assign/instruction17	19
<org.springframework.boot.loader.archive.ExplodedArchive$FileEntryIterator: boolean hasNext()>/assign/instruction7	<org.springframework.boot.loader.archive.ExplodedArchive$FileEntryIterator: boolean hasNext()>/assign/instruction4	6
<org.springframework.boot.loader.jar.JarURLConnection: java.net.URL buildJarFileUrl()>/assign/instruction14	<org.springframework.boot.loader.jar.JarURLConnection: java.net.URL buildJarFileUrl()>/assign/instruction1	8
<org.springframework.boot.loader.jar.JarURLConnection: java.io.InputStream getInputStream()>/assign/instruction29	<org.springframework.boot.loader.jar.JarURLConnection: java.io.InputStream getInputStream()>/assign/instruction21	26
<org.springframework.boot.loader.jar.JarURLConnection: int getContentLength()>/assign/instruction18	<org.springframework.boot.loader.jar.JarURLConnection: int getContentLength()>/assign/instruction14	16
<org.springframework.boot.loader.jar.JarURLConnection: java.lang.Object getContent()>/assign/instruction9	<org.springframework.boot.loader.jar.JarURLConnection: java.lang.Object getContent()>/assign/instruction6	8
<org.springframework.boot.loader.jar.JarURLConnection: java.lang.String getContentType()>/assign/instruction8	<org.springframework.boot.loader.jar.JarURLConnection: java.lang.String getContentType()>/assign/instruction4	6
<org.springframework.boot.loader.jar.JarFileEntries$1: boolean removeEldestEntry(java.util.Map$Entry)>/assign/instruction14	<org.springframework.boot.loader.jar.JarFileEntries$1: boolean removeEldestEntry(java.util.Map$Entry)>/assign/instruction11	13
<org.springframework.boot.loader.data.ByteArrayRandomAccessData: void <init>(byte[])>/assign/instruction7	<org.springframework.boot.loader.data.ByteArrayRandomAccessData: void <init>(byte[])>/assign/instruction4	6
<org.springframework.boot.loader.data.ByteArrayRandomAccessData: void <init>(byte[],long,long)>/assign/instruction10	<org.springframework.boot.loader.data.ByteArrayRandomAccessData: void <init>(byte[],long,long)>/assign/instruction7	9
<org.springframework.boot.loader.archive.ExplodedArchive: org.springframework.boot.loader.archive.Archive getNestedArchive(org.springframework.boot.loader.archive.Archive$Entry)>/assign/instruction14	<org.springframework.boot.loader.archive.ExplodedArchive: org.springframework.boot.loader.archive.Archive getNestedArchive(org.springframework.boot.loader.archive.Archive$Entry)>/assign/instruction7	11
<org.springframework.boot.loader.PropertiesLauncher$PrefixMatchingArchiveFilter: boolean matches(org.springframework.boot.loader.archive.Archive$Entry)>/assign/instruction19	<org.springframework.boot.loader.PropertiesLauncher$PrefixMatchingArchiveFilter: boolean matches(org.springframework.boot.loader.archive.Archive$Entry)>/assign/instruction16	18
<org.springframework.boot.loader.jar.JarFileEntries: void sort(int,int)>/assign/instruction42	<org.springframework.boot.loader.jar.JarFileEntries: void sort(int,int)>/assign/instruction1	40
<org.springframework.boot.loader.jar.JarFileEntries: void sort(int,int)>/assign/instruction42	<org.springframework.boot.loader.jar.JarFileEntries: void sort(int,int)>/if/instruction40	41
<org.springframework.boot.loader.jar.JarFileEntries: boolean containsEntry(java.lang.String)>/assign/instruction10	<org.springframework.boot.loader.jar.JarFileEntries: boolean containsEntry(java.lang.String)>/assign/instruction7	9
<org.springframework.boot.loader.jar.JarFileEntries: java.io.InputStream getInputStream(org.springframework.boot.loader.jar.FileHeader,org.springframework.boot.loader.data.RandomAccessData$ResourceAccess)>/assign/instruction16	<org.springframework.boot.loader.jar.JarFileEntries: java.io.InputStream getInputStream(org.springframework.boot.loader.jar.FileHeader,org.springframework.boot.loader.data.RandomAccessData$ResourceAccess)>/org.springframework.boot.loader.jar.JarFileEntries.getEntryData/0	11
<org.springframework.boot.loader.jar.JarFileEntries: org.springframework.boot.loader.jar.FileHeader getEntry(java.lang.String,java.lang.Class,boolean)>/assign/instruction13	<org.springframework.boot.loader.jar.JarFileEntries: org.springframework.boot.loader.jar.FileHeader getEntry(java.lang.String,java.lang.Class,boolean)>/assign/instruction1	9
<org.springframework.boot.loader.jar.JarFileEntries: org.springframework.boot.loader.jar.FileHeader getEntry(int,java.lang.Class,boolean)>/assign/instruction17	<org.springframework.boot.loader.jar.JarFileEntries: org.springframework.boot.loader.jar.FileHeader getEntry(int,java.lang.Class,boolean)>/assign/instruction10	12
<org.springframework.boot.loader.jar.JarFileEntries: org.springframework.boot.loader.jar.FileHeader getEntry(int,java.lang.Class,boolean)>/assign/instruction32	<org.springframework.boot.loader.jar.JarFileEntries: org.springframework.boot.loader.jar.FileHeader getEntry(int,java.lang.Class,boolean)>/java.lang.Object.equals/1	27
<org.springframework.boot.loader.jar.JarFileEntries: org.springframework.boot.loader.jar.FileHeader getEntry(int,java.lang.Class,boolean)>/assign/instruction32	<org.springframework.boot.loader.jar.JarFileEntries: org.springframework.boot.loader.jar.FileHeader getEntry(int,java.lang.Class,boolean)>/assign/instruction17	24
<org.springframework.boot.loader.jar.JarFileEntries: org.springframework.boot.loader.jar.AsciiBytes applyFilter(org.springframework.boot.loader.jar.AsciiBytes)>/assign/instruction9	<org.springframework.boot.loader.jar.JarFileEntries: org.springframework.boot.loader.jar.AsciiBytes applyFilter(org.springframework.boot.loader.jar.AsciiBytes)>/assign/instruction5	7
<org.springframework.boot.loader.MainMethodRunner: void <init>(java.lang.String,java.lang.String[])>/assign/instruction11	<org.springframework.boot.loader.MainMethodRunner: void <init>(java.lang.String,java.lang.String[])>/assign/instruction7	9
<org.springframework.boot.loader.data.RandomAccessDataFile$DataInputStream: int read(byte[])>/assign/instruction7	<org.springframework.boot.loader.data.RandomAccessDataFile$DataInputStream: int read(byte[])>/assign/instruction4	6
<org.springframework.boot.loader.data.RandomAccessDataFile$DataInputStream: int doRead(byte[],int,int)>/assign/instruction24	<org.springframework.boot.loader.data.RandomAccessDataFile$DataInputStream: int doRead(byte[],int,int)>/assign/instruction13	15
<org.springframework.boot.loader.data.RandomAccessDataFile$DataInputStream: int doRead(byte[],int,int)>/assign/instruction32	<org.springframework.boot.loader.data.RandomAccessDataFile$DataInputStream: int doRead(byte[],int,int)>/assign/instruction29	31
<org.springframework.boot.loader.data.RandomAccessDataFile$DataInputStream: long skip(long)>/assign/instruction9	<org.springframework.boot.loader.data.RandomAccessDataFile$DataInputStream: long skip(long)>/assign/instruction5	7
<org.springframework.boot.loader.jar.JarURLConnection$JarEntryName: void write(java.lang.String,java.io.ByteArrayOutputStream)>/assign/instruction41	<org.springframework.boot.loader.jar.JarURLConnection$JarEntryName: void write(java.lang.String,java.io.ByteArrayOutputStream)>/if/instruction24	39
<org.springframework.boot.loader.jar.JarURLConnection$JarEntryName: void write(java.lang.String,java.io.ByteArrayOutputStream)>/assign/instruction46	<org.springframework.boot.loader.jar.JarURLConnection$JarEntryName: void write(java.lang.String,java.io.ByteArrayOutputStream)>/assign-cast/instruction13	41
<org.springframework.boot.loader.jar.JarURLConnection$JarEntryName: java.lang.String deduceContentType()>/assign/instruction7	<org.springframework.boot.loader.jar.JarURLConnection$JarEntryName: java.lang.String deduceContentType()>/assign/instruction4	6
<org.springframework.boot.loader.jar.JarURLConnection$JarEntryName: java.lang.String deduceContentType()>/assign/instruction15	<org.springframework.boot.loader.jar.JarURLConnection$JarEntryName: java.lang.String deduceContentType()>/assign/instruction11	13
<org.springframework.boot.loader.jar.JarURLConnection$JarEntryName: java.lang.String deduceContentType()>/assign/instruction22	<org.springframework.boot.loader.jar.JarURLConnection$JarEntryName: java.lang.String deduceContentType()>/assign/instruction19	21
<org.springframework.boot.loader.jar.Handler: java.net.URLStreamHandler getFallbackHandler()>/assign/instruction9	<org.springframework.boot.loader.jar.Handler: java.net.URLStreamHandler getFallbackHandler()>/assign/instruction6	19
<org.springframework.boot.loader.jar.Handler: int hashCode(java.lang.String,java.lang.String)>/assign/instruction8	<org.springframework.boot.loader.jar.Handler: int hashCode(java.lang.String,java.lang.String)>/assign/instruction5	7
<org.springframework.boot.loader.jar.Handler: int hashCode(java.lang.String,java.lang.String)>/assign/instruction31	<org.springframework.boot.loader.jar.Handler: int hashCode(java.lang.String,java.lang.String)>/java.lang.String.substring/0	27
<org.springframework.boot.loader.jar.Handler: boolean sameFile(java.net.URL,java.net.URL)>/assign/instruction42	<org.springframework.boot.loader.jar.Handler: boolean sameFile(java.net.URL,java.net.URL)>/java.net.URL.getFile/2	36
<org.springframework.boot.loader.jar.Handler: org.springframework.boot.loader.jar.JarFile getRootJarFile(java.lang.String)>/assign/instruction26	<org.springframework.boot.loader.jar.Handler: org.springframework.boot.loader.jar.JarFile getRootJarFile(java.lang.String)>/assign/instruction22	24
<org.springframework.boot.loader.jar.Handler: org.springframework.boot.loader.jar.JarFile getRootJarFile(java.lang.String)>/assign/instruction34	<org.springframework.boot.loader.jar.Handler: org.springframework.boot.loader.jar.JarFile getRootJarFile(java.lang.String)>/assign/instruction26	30
<org.springframework.boot.loader.jar.Handler: void addToRootFileCache(java.io.File,org.springframework.boot.loader.jar.JarFile)>/assign/instruction13	<org.springframework.boot.loader.jar.Handler: void addToRootFileCache(java.io.File,org.springframework.boot.loader.jar.JarFile)>/assign/instruction1	7
<org.springframework.boot.loader.jar.Handler: void <clinit>()>/assign/instruction17	<org.springframework.boot.loader.jar.Handler: void <clinit>()>/assign/instruction1	13
<org.springframework.boot.loader.PropertiesLauncher: void initializeProperties()>/assign/instruction57	<org.springframework.boot.loader.PropertiesLauncher: void initializeProperties()>/org.springframework.boot.loader.PropertiesLauncher.getProperty/1	20
<org.springframework.boot.loader.PropertiesLauncher: void initializeProperties()>/assign/instruction134	<org.springframework.boot.loader.PropertiesLauncher: void initializeProperties()>/assign/instruction110	121
<org.springframework.boot.loader.PropertiesLauncher: java.lang.String stripFileUrlPrefix(java.lang.String)>/assign/instruction14	<org.springframework.boot.loader.PropertiesLauncher: java.lang.String stripFileUrlPrefix(java.lang.String)>/assign/instruction6	12
<org.springframework.boot.loader.PropertiesLauncher: java.lang.String stripFileUrlPrefix(java.lang.String)>/assign/instruction14	<org.springframework.boot.loader.PropertiesLauncher: java.lang.String stripFileUrlPrefix(java.lang.String)>/assign/instruction1	6
<org.springframework.boot.loader.PropertiesLauncher: boolean exists(java.net.URL)>/assign/instruction34	<org.springframework.boot.loader.PropertiesLauncher: boolean exists(java.net.URL)>/assign/instruction31	33
<org.springframework.boot.loader.PropertiesLauncher: java.util.List parsePathsProperty(java.lang.String)>/assign/instruction25	<org.springframework.boot.loader.PropertiesLauncher: java.util.List parsePathsProperty(java.lang.String)>/assign/instruction22	24
<org.springframework.boot.loader.PropertiesLauncher: java.lang.String[] getArgs(java.lang.String[])>/assign/instruction21	<org.springframework.boot.loader.PropertiesLauncher: java.lang.String[] getArgs(java.lang.String[])>/assign/instruction1	6
<org.springframework.boot.loader.PropertiesLauncher: java.lang.ClassLoader createClassLoader(java.util.List)>/assign/instruction41	<org.springframework.boot.loader.PropertiesLauncher: java.lang.ClassLoader createClassLoader(java.util.List)>/assign/instruction15	33
<org.springframework.boot.loader.PropertiesLauncher: java.lang.String getProperty(java.lang.String,java.lang.String,java.lang.String)>/assign/instruction10	<org.springframework.boot.loader.PropertiesLauncher: java.lang.String getProperty(java.lang.String,java.lang.String,java.lang.String)>/assign/instruction1	6
<org.springframework.boot.loader.PropertiesLauncher: java.lang.String getProperty(java.lang.String,java.lang.String,java.lang.String)>/assign/instruction69	<org.springframework.boot.loader.PropertiesLauncher: java.lang.String getProperty(java.lang.String,java.lang.String,java.lang.String)>/assign/instruction47	53
<org.springframework.boot.loader.PropertiesLauncher: java.lang.String getProperty(java.lang.String,java.lang.String,java.lang.String)>/assign/instruction69	<org.springframework.boot.loader.PropertiesLauncher: java.lang.String getProperty(java.lang.String,java.lang.String,java.lang.String)>/assign/instruction45	47
<org.springframework.boot.loader.PropertiesLauncher: java.lang.String getProperty(java.lang.String,java.lang.String,java.lang.String)>/assign/instruction81	<org.springframework.boot.loader.PropertiesLauncher: java.lang.String getProperty(java.lang.String,java.lang.String,java.lang.String)>/assign/instruction69	76
<org.springframework.boot.loader.PropertiesLauncher: java.lang.String getProperty(java.lang.String,java.lang.String,java.lang.String)>/assign/instruction104	<org.springframework.boot.loader.PropertiesLauncher: java.lang.String getProperty(java.lang.String,java.lang.String,java.lang.String)>/assign/instruction81	88
<org.springframework.boot.loader.PropertiesLauncher: java.lang.String getProperty(java.lang.String,java.lang.String,java.lang.String)>/assign/instruction111	<org.springframework.boot.loader.PropertiesLauncher: java.lang.String getProperty(java.lang.String,java.lang.String,java.lang.String)>/assign/instruction107	109
<org.springframework.boot.loader.PropertiesLauncher: java.util.List getClassPathArchives(java.lang.String)>/assign/instruction20	<org.springframework.boot.loader.PropertiesLauncher: java.util.List getClassPathArchives(java.lang.String)>/org.springframework.boot.loader.PropertiesLauncher.isAbsolutePath/0	16
<org.springframework.boot.loader.PropertiesLauncher: java.util.List getClassPathArchives(java.lang.String)>/assign/instruction36	<org.springframework.boot.loader.PropertiesLauncher: java.util.List getClassPathArchives(java.lang.String)>/assign/instruction1	20
<org.springframework.boot.loader.PropertiesLauncher: java.util.List getClassPathArchives(java.lang.String)>/assign/instruction36	<org.springframework.boot.loader.PropertiesLauncher: java.util.List getClassPathArchives(java.lang.String)>/assign/instruction20	24
<org.springframework.boot.loader.PropertiesLauncher: boolean isAbsolutePath(java.lang.String)>/assign/instruction12	<org.springframework.boot.loader.PropertiesLauncher: boolean isAbsolutePath(java.lang.String)>/assign/instruction9	11
<org.springframework.boot.loader.PropertiesLauncher: java.util.List getNestedArchives(java.lang.String)>/assign/instruction39	<org.springframework.boot.loader.PropertiesLauncher: java.util.List getNestedArchives(java.lang.String)>/java.lang.String.indexOf/0	33
<org.springframework.boot.loader.PropertiesLauncher: java.util.List getNestedArchives(java.lang.String)>/assign/instruction55	<org.springframework.boot.loader.PropertiesLauncher: java.util.List getNestedArchives(java.lang.String)>/java.lang.String.contains/0	47
<org.springframework.boot.loader.PropertiesLauncher: java.util.List getNestedArchives(java.lang.String)>/assign/instruction74	<org.springframework.boot.loader.PropertiesLauncher: java.util.List getNestedArchives(java.lang.String)>/assign/instruction64	70
<org.springframework.boot.loader.PropertiesLauncher: java.util.List getNestedArchives(java.lang.String)>/assign/instruction74	<org.springframework.boot.loader.PropertiesLauncher: java.util.List getNestedArchives(java.lang.String)>/assign/instruction55	64
<org.springframework.boot.loader.PropertiesLauncher: java.util.List getNestedArchives(java.lang.String)>/assign/instruction90	<org.springframework.boot.loader.PropertiesLauncher: java.util.List getNestedArchives(java.lang.String)>/java.lang.String.equals/3	89
<org.springframework.boot.loader.PropertiesLauncher: java.lang.String cleanupPath(java.lang.String)>/assign/instruction9	<org.springframework.boot.loader.PropertiesLauncher: java.lang.String cleanupPath(java.lang.String)>/assign/instruction1	7
<org.springframework.boot.loader.PropertiesLauncher: java.lang.String cleanupPath(java.lang.String)>/assign/instruction40	<org.springframework.boot.loader.PropertiesLauncher: java.lang.String cleanupPath(java.lang.String)>/java.lang.String.length/0	28
<org.springframework.boot.loader.PropertiesLauncher: java.lang.String cleanupPath(java.lang.String)>/assign/instruction40	<org.springframework.boot.loader.PropertiesLauncher: java.lang.String cleanupPath(java.lang.String)>/java.lang.String.endsWith/3	31
<org.springframework.boot.loader.PropertiesLauncher: java.lang.String cleanupPath(java.lang.String)>/assign/instruction40	<org.springframework.boot.loader.PropertiesLauncher: java.lang.String cleanupPath(java.lang.String)>/java.lang.String.equals/0	34
<org.springframework.boot.loader.archive.JarFileArchive: org.springframework.boot.loader.archive.Archive getUnpackedNestedArchive(java.util.jar.JarEntry)>/assign/instruction11	<org.springframework.boot.loader.archive.JarFileArchive: org.springframework.boot.loader.archive.Archive getUnpackedNestedArchive(java.util.jar.JarEntry)>/assign/instruction1	7
<org.springframework.boot.loader.LaunchedURLClassLoader$1: java.lang.Object run()>/assign/instruction26	<org.springframework.boot.loader.LaunchedURLClassLoader$1: java.lang.Object run()>/assign/instruction1	50
<org.springframework.boot.loader.jar.ZipInflaterInputStream: int getInflaterBufferSize(long)>/assign/instruction8	<org.springframework.boot.loader.jar.ZipInflaterInputStream: int getInflaterBufferSize(long)>/assign/instruction5	7
<org.springframework.boot.loader.jar.ZipInflaterInputStream: int getInflaterBufferSize(long)>/assign/instruction16	<org.springframework.boot.loader.jar.ZipInflaterInputStream: int getInflaterBufferSize(long)>/assign/instruction13	15
<org.springframework.boot.loader.Launcher: org.springframework.boot.loader.archive.Archive createArchive()>/assign/instruction10	<org.springframework.boot.loader.Launcher: org.springframework.boot.loader.archive.Archive createArchive()>/assign/instruction6	8
<org.springframework.boot.loader.Launcher: org.springframework.boot.loader.archive.Archive createArchive()>/assign/instruction17	<org.springframework.boot.loader.Launcher: org.springframework.boot.loader.archive.Archive createArchive()>/assign/instruction14	16
<org.springframework.boot.loader.Launcher: org.springframework.boot.loader.archive.Archive createArchive()>/assign/instruction48	<org.springframework.boot.loader.Launcher: org.springframework.boot.loader.archive.Archive createArchive()>/assign/instruction41	45
<org.springframework.boot.loader.jar.JarFileEntries$EntryIterator: boolean hasNext()>/assign/instruction9	<org.springframework.boot.loader.jar.JarFileEntries$EntryIterator: boolean hasNext()>/assign/instruction6	8
<org.springframework.boot.loader.jar.AsciiBytes: int hashCode()>/assign/instruction39	<org.springframework.boot.loader.jar.AsciiBytes: int hashCode()>/assign/instruction30	34
<org.springframework.boot.loader.jar.AsciiBytes: int hashCode()>/assign/instruction39	<org.springframework.boot.loader.jar.AsciiBytes: int hashCode()>/assign/instruction34	37
<org.springframework.boot.loader.jar.AsciiBytes: int hashCode()>/assign/instruction62	<org.springframework.boot.loader.jar.AsciiBytes: int hashCode()>/assign/instruction24	61
<org.springframework.boot.loader.jar.AsciiBytes: int hashCode()>/assign/instruction84	<org.springframework.boot.loader.jar.AsciiBytes: int hashCode()>/assign/instruction73	76
<org.springframework.boot.loader.jar.AsciiBytes: int hashCode()>/assign/instruction89	<org.springframework.boot.loader.jar.AsciiBytes: int hashCode()>/assign/instruction1	4
<org.springframework.boot.loader.jar.AsciiBytes: int hashCode()>/assign/instruction89	<org.springframework.boot.loader.jar.AsciiBytes: int hashCode()>/assign/instruction4	88
<org.springframework.boot.loader.ExecutableArchiveLauncher: java.lang.String getMainClass()>/assign/instruction9	<org.springframework.boot.loader.ExecutableArchiveLauncher: java.lang.String getMainClass()>/assign/instruction1	6
<org.springframework.boot.loader.jar.CentralDirectoryEndRecord: boolean isValid()>/assign/instruction27	<org.springframework.boot.loader.jar.CentralDirectoryEndRecord: boolean isValid()>/assign/instruction24	26
<org.springframework.boot.loader.PropertiesLauncher$ArchiveEntryFilter: boolean matches(org.springframework.boot.loader.archive.Archive$Entry)>/assign/instruction14	<org.springframework.boot.loader.PropertiesLauncher$ArchiveEntryFilter: boolean matches(org.springframework.boot.loader.archive.Archive$Entry)>/assign/instruction11	13
<org.springframework.boot.loader.jar.CentralDirectoryParser: org.springframework.boot.loader.data.RandomAccessData parse(org.springframework.boot.loader.data.RandomAccessData,boolean)>/assign/instruction9	<org.springframework.boot.loader.jar.CentralDirectoryParser: org.springframework.boot.loader.data.RandomAccessData parse(org.springframework.boot.loader.data.RandomAccessData,boolean)>/assign/instruction1	8
<org.springframework.boot.loader.LaunchedURLClassLoader: void clearCache()>/assign/instruction5	<org.springframework.boot.loader.LaunchedURLClassLoader: void clearCache()>/assign/instruction1	16
<org.springframework.boot.loader.jar.JarFile: void <init>(org.springframework.boot.loader.data.RandomAccessDataFile,java.lang.String,org.springframework.boot.loader.data.RandomAccessData,org.springframework.boot.loader.jar.JarEntryFilter,org.springframework.boot.loader.jar.JarFile$JarFileType)>/assign/instruction25	<org.springframework.boot.loader.jar.JarFile: void <init>(org.springframework.boot.loader.data.RandomAccessDataFile,java.lang.String,org.springframework.boot.loader.data.RandomAccessData,org.springframework.boot.loader.jar.JarEntryFilter,org.springframework.boot.loader.jar.JarFile$JarFileType)>/assign/instruction22	24
<org.springframework.boot.loader.jar.JarFile: java.util.jar.Manifest getManifest()>/assign/instruction9	<org.springframework.boot.loader.jar.JarFile: java.util.jar.Manifest getManifest()>/assign/instruction4	6
<org.springframework.boot.loader.jar.JarFile: java.util.jar.Manifest getManifest()>/assign/instruction38	<org.springframework.boot.loader.jar.JarFile: java.util.jar.Manifest getManifest()>/assign/instruction16	27
<org.springframework.boot.loader.jar.JarFile: java.util.jar.Manifest getManifest()>/assign/instruction43	<org.springframework.boot.loader.jar.JarFile: java.util.jar.Manifest getManifest()>/assign/instruction9	38
<org.springframework.boot.loader.jar.JarFile: java.io.InputStream getInputStream(java.util.zip.ZipEntry,org.springframework.boot.loader.data.RandomAccessData$ResourceAccess)>/assign/instruction14	<org.springframework.boot.loader.jar.JarFile: java.io.InputStream getInputStream(java.util.zip.ZipEntry,org.springframework.boot.loader.data.RandomAccessData$ResourceAccess)>/assign/instruction11	13
<org.springframework.boot.loader.jar.JarFile: java.net.URL getUrl()>/assign/instruction27	<org.springframework.boot.loader.jar.JarFile: java.net.URL getUrl()>/assign/instruction1	4
<org.springframework.boot.loader.jar.JarFile: void registerUrlProtocolHandler()>/assign/instruction17	<org.springframework.boot.loader.jar.JarFile: void registerUrlProtocolHandler()>/assign/instruction7	9
<org.springframework.boot.loader.util.SystemPropertyUtils: java.lang.String parseStringValue(java.util.Properties,java.lang.String,java.lang.String,java.util.Set)>/assign/instruction53	<org.springframework.boot.loader.util.SystemPropertyUtils: java.lang.String parseStringValue(java.util.Properties,java.lang.String,java.lang.String,java.util.Set)>/org.springframework.boot.loader.util.SystemPropertyUtils.parseStringValue/0	40
<org.springframework.boot.loader.util.SystemPropertyUtils: java.lang.String parseStringValue(java.util.Properties,java.lang.String,java.lang.String,java.util.Set)>/assign/instruction53	<org.springframework.boot.loader.util.SystemPropertyUtils: java.lang.String parseStringValue(java.util.Properties,java.lang.String,java.lang.String,java.util.Set)>/java.lang.String.indexOf/1	44
<org.springframework.boot.loader.util.SystemPropertyUtils: java.lang.String parseStringValue(java.util.Properties,java.lang.String,java.lang.String,java.util.Set)>/assign/instruction53	<org.springframework.boot.loader.util.SystemPropertyUtils: java.lang.String parseStringValue(java.util.Properties,java.lang.String,java.lang.String,java.util.Set)>/java.lang.String.substring/0	52
<org.springframework.boot.loader.util.SystemPropertyUtils: java.lang.String parseStringValue(java.util.Properties,java.lang.String,java.lang.String,java.util.Set)>/assign/instruction53	<org.springframework.boot.loader.util.SystemPropertyUtils: java.lang.String parseStringValue(java.util.Properties,java.lang.String,java.lang.String,java.util.Set)>/if/instruction40	41
<org.springframework.boot.loader.util.SystemPropertyUtils: java.lang.String parseStringValue(java.util.Properties,java.lang.String,java.lang.String,java.util.Set)>/assign/instruction74	<org.springframework.boot.loader.util.SystemPropertyUtils: java.lang.String parseStringValue(java.util.Properties,java.lang.String,java.lang.String,java.util.Set)>/org.springframework.boot.loader.util.SystemPropertyUtils.parseStringValue/1	69
<org.springframework.boot.loader.util.SystemPropertyUtils: java.lang.String parseStringValue(java.util.Properties,java.lang.String,java.lang.String,java.util.Set)>/assign/instruction81	<org.springframework.boot.loader.util.SystemPropertyUtils: java.lang.String parseStringValue(java.util.Properties,java.lang.String,java.lang.String,java.util.Set)>/assign/instruction74	80
<org.springframework.boot.loader.util.SystemPropertyUtils: java.lang.String resolvePlaceholder(java.util.Properties,java.lang.String,java.lang.String)>/assign/instruction12	<org.springframework.boot.loader.util.SystemPropertyUtils: java.lang.String resolvePlaceholder(java.util.Properties,java.lang.String,java.lang.String)>/assign/instruction9	11
<org.springframework.boot.loader.util.SystemPropertyUtils: java.lang.String getProperty(java.lang.String,java.lang.String,java.lang.String)>/assign/instruction7	<org.springframework.boot.loader.util.SystemPropertyUtils: java.lang.String getProperty(java.lang.String,java.lang.String,java.lang.String)>/assign/instruction1	6
<org.springframework.boot.loader.util.SystemPropertyUtils: java.lang.String getProperty(java.lang.String,java.lang.String,java.lang.String)>/assign/instruction14	<org.springframework.boot.loader.util.SystemPropertyUtils: java.lang.String getProperty(java.lang.String,java.lang.String,java.lang.String)>/assign/instruction7	10
<org.springframework.boot.loader.util.SystemPropertyUtils: java.lang.String getProperty(java.lang.String,java.lang.String,java.lang.String)>/assign/instruction22	<org.springframework.boot.loader.util.SystemPropertyUtils: java.lang.String getProperty(java.lang.String,java.lang.String,java.lang.String)>/assign/instruction14	17
<org.springframework.boot.loader.util.SystemPropertyUtils: java.lang.String getProperty(java.lang.String,java.lang.String,java.lang.String)>/assign/instruction50	<org.springframework.boot.loader.util.SystemPropertyUtils: java.lang.String getProperty(java.lang.String,java.lang.String,java.lang.String)>/goto/instruction26	27
<org.springframework.boot.loader.jar.JarEntry: boolean hasName(java.lang.String,java.lang.String)>/assign/instruction19	<org.springframework.boot.loader.jar.JarEntry: boolean hasName(java.lang.String,java.lang.String)>/assign/instruction16	18
<org.springframework.boot.loader.jar.JarEntry: java.util.jar.Attributes getAttributes()>/assign/instruction9	<org.springframework.boot.loader.jar.JarEntry: java.util.jar.Attributes getAttributes()>/assign/instruction5	7
<org.springframework.boot.loader.jar.CentralDirectoryFileHeader: void load(byte[],int,org.springframework.boot.loader.data.RandomAccessData,int,org.springframework.boot.loader.jar.JarEntryFilter)>/assign/instruction31	<org.springframework.boot.loader.jar.CentralDirectoryFileHeader: void load(byte[],int,org.springframework.boot.loader.data.RandomAccessData,int,org.springframework.boot.loader.jar.JarEntryFilter)>/assign/instruction1	24
<org.springframework.boot.loader.jar.CentralDirectoryFileHeader: boolean hasName(java.lang.String,java.lang.String)>/assign/instruction14	<org.springframework.boot.loader.jar.CentralDirectoryFileHeader: boolean hasName(java.lang.String,java.lang.String)>/assign/instruction7	9
<org.springframework.boot.loader.jar.JarFile$3: org.springframework.boot.loader.jar.AsciiBytes apply(org.springframework.boot.loader.jar.AsciiBytes)>/return/instruction13	<org.springframework.boot.loader.jar.JarFile$3: org.springframework.boot.loader.jar.AsciiBytes apply(org.springframework.boot.loader.jar.AsciiBytes)>/assign/instruction1	6
<org.springframework.boot.loader.jar.JarURLConnection: org.springframework.boot.loader.jar.JarEntry getJarEntry()>/return/instruction7	<org.springframework.boot.loader.jar.JarURLConnection: org.springframework.boot.loader.jar.JarEntry getJarEntry()>/assign/instruction1	4
<org.springframework.boot.loader.jar.JarFileEntries: org.springframework.boot.loader.jar.FileHeader getEntry(int,java.lang.String,java.lang.String,java.lang.Class,boolean)>/return/instruction22	<org.springframework.boot.loader.jar.JarFileEntries: org.springframework.boot.loader.jar.FileHeader getEntry(int,java.lang.String,java.lang.String,java.lang.Class,boolean)>/assign/instruction8	11
<org.springframework.boot.loader.jar.JarFileEntries: org.springframework.boot.loader.jar.FileHeader getEntry(int,java.lang.String,java.lang.String,java.lang.Class,boolean)>/return/instruction22	<org.springframework.boot.loader.jar.JarFileEntries: org.springframework.boot.loader.jar.FileHeader getEntry(int,java.lang.String,java.lang.String,java.lang.Class,boolean)>/assign/instruction11	13
<org.springframework.boot.loader.PropertiesLauncher: java.util.List getNestedArchives(java.lang.String)>/return/instruction17	<org.springframework.boot.loader.PropertiesLauncher: java.util.List getNestedArchives(java.lang.String)>/java.lang.String.startsWith/0	11
<org.springframework.boot.loader.WarLauncher: boolean isNestedArchive(org.springframework.boot.loader.archive.Archive$Entry)>/assign/instruction17	<org.springframework.boot.loader.WarLauncher: boolean isNestedArchive(org.springframework.boot.loader.archive.Archive$Entry)>/org.springframework.boot.loader.archive.Archive$Entry.getName/1	13
<org.springframework.boot.loader.jar.JarURLConnection: void connect()>/assign/instruction20	<org.springframework.boot.loader.jar.JarURLConnection: void connect()>/assign/instruction6	9
<org.springframework.boot.loader.jar.JarURLConnection: void connect()>/assign/instruction20	<org.springframework.boot.loader.jar.JarURLConnection: void connect()>/assign/instruction9	11
<org.springframework.boot.loader.jar.JarURLConnection: void connect()>/assign/instruction20	<org.springframework.boot.loader.jar.JarURLConnection: void connect()>/assign/instruction11	17
<org.springframework.boot.loader.PropertiesLauncher$PrefixMatchingArchiveFilter: boolean matches(org.springframework.boot.loader.archive.Archive$Entry)>/assign/instruction18	<org.springframework.boot.loader.PropertiesLauncher$PrefixMatchingArchiveFilter: boolean matches(org.springframework.boot.loader.archive.Archive$Entry)>/org.springframework.boot.loader.archive.Archive$Entry.getName/1	13
<org.springframework.boot.loader.jar.Handler: boolean sameFile(java.net.URL,java.net.URL)>/return/instruction12	<org.springframework.boot.loader.jar.Handler: boolean sameFile(java.net.URL,java.net.URL)>/assign/instruction1	8
<org.springframework.boot.loader.PropertiesLauncher: boolean isAbsolutePath(java.lang.String)>/assign/instruction9	<org.springframework.boot.loader.PropertiesLauncher: boolean isAbsolutePath(java.lang.String)>/assign/instruction1	6
<org.springframework.boot.loader.jar.AsciiBytes: boolean equals(java.lang.Object)>/return/instruction37	<org.springframework.boot.loader.jar.AsciiBytes: boolean equals(java.lang.Object)>/java.lang.Object.getClass/0	13
<org.springframework.boot.loader.jar.CentralDirectoryEndRecord: boolean isValid()>/return/instruction12	<org.springframework.boot.loader.jar.CentralDirectoryEndRecord: boolean isValid()>/assign/instruction1	5
<org.springframework.boot.loader.PropertiesLauncher$ArchiveEntryFilter: boolean matches(org.springframework.boot.loader.archive.Archive$Entry)>/assign/instruction11	<org.springframework.boot.loader.PropertiesLauncher$ArchiveEntryFilter: boolean matches(org.springframework.boot.loader.archive.Archive$Entry)>/assign/instruction1	7
<org.springframework.boot.loader.util.SystemPropertyUtils: boolean substringMatch(java.lang.CharSequence,int,java.lang.CharSequence)>/return/instruction15	<org.springframework.boot.loader.util.SystemPropertyUtils: boolean substringMatch(java.lang.CharSequence,int,java.lang.CharSequence)>/assign/instruction9	12
<org.springframework.boot.loader.jar.JarEntry: boolean hasName(java.lang.String,java.lang.String)>/assign/instruction18	<org.springframework.boot.loader.jar.JarEntry: boolean hasName(java.lang.String,java.lang.String)>/org.springframework.boot.loader.jar.JarEntry.getName/1	13
<org.springframework.boot.loader.jar.JarEntry: boolean hasName(java.lang.String,java.lang.String)>/assign/instruction18	<org.springframework.boot.loader.jar.JarEntry: boolean hasName(java.lang.String,java.lang.String)>/assign/instruction1	10
<org.springframework.boot.loader.archive.ExplodedArchive: java.util.List getNestedArchives(org.springframework.boot.loader.archive.Archive$EntryFilter)>/goto/instruction15	<org.springframework.boot.loader.archive.ExplodedArchive: java.util.List getNestedArchives(org.springframework.boot.loader.archive.Archive$EntryFilter)>/java.util.Iterator.next/0	13
<org.springframework.boot.loader.PropertiesLauncher: void initializeProperties()>/goto/instruction109	<org.springframework.boot.loader.PropertiesLauncher: void initializeProperties()>/assign/instruction101	107
<org.springframework.boot.loader.PropertiesLauncher: java.util.List getClassPathArchives()>/goto/instruction31	<org.springframework.boot.loader.PropertiesLauncher: java.util.List getClassPathArchives()>/assign/instruction19	30
<org.springframework.boot.loader.archive.JarFileArchive: java.util.List getNestedArchives(org.springframework.boot.loader.archive.Archive$EntryFilter)>/goto/instruction15	<org.springframework.boot.loader.archive.JarFileArchive: java.util.List getNestedArchives(org.springframework.boot.loader.archive.Archive$EntryFilter)>/java.util.Iterator.next/0	13
<org.springframework.boot.loader.LaunchedURLClassLoader$1: java.lang.Object run()>/goto/instruction47	<org.springframework.boot.loader.LaunchedURLClassLoader$1: java.lang.Object run()>/java.util.jar.JarFile.getEntry/1	39
<org.springframework.boot.loader.LaunchedURLClassLoader$1: java.lang.Object run()>/goto/instruction47	<org.springframework.boot.loader.LaunchedURLClassLoader$1: java.lang.Object run()>/assign-cast/instruction33	37
<org.springframework.boot.loader.LaunchedURLClassLoader$1: java.lang.Object run()>/goto/instruction47	<org.springframework.boot.loader.LaunchedURLClassLoader$1: java.lang.Object run()>/assign/instruction29	33
<org.springframework.boot.loader.LaunchedURLClassLoader: void clearCache()>/goto/instruction13	<org.springframework.boot.loader.LaunchedURLClassLoader: void clearCache()>/assign/instruction8	12
<org.springframework.boot.loader.jar.JarFileEntries: void sort(int,int)>/if/instruction40	<org.springframework.boot.loader.jar.JarFileEntries: void sort(int,int)>/if/instruction38	39
<org.springframework.boot.loader.archive.ExplodedArchive$FileEntryIterator: org.springframework.boot.loader.archive.Archive$Entry next()>/assign/instruction16	<org.springframework.boot.loader.archive.ExplodedArchive$FileEntryIterator: org.springframework.boot.loader.archive.Archive$Entry next()>/assign/instruction10	12
<org.springframework.boot.loader.jar.JarURLConnection: java.net.URL getJarFileURL()>/assign/instruction10	<org.springframework.boot.loader.jar.JarURLConnection: java.net.URL getJarFileURL()>/assign/instruction6	8
<org.springframework.boot.loader.jar.JarURLConnection: java.security.Permission getPermission()>/assign/instruction16	<org.springframework.boot.loader.jar.JarURLConnection: java.security.Permission getPermission()>/assign/instruction6	8
<org.springframework.boot.loader.archive.ExplodedArchive: java.util.jar.Manifest getManifest()>/assign/instruction20	<org.springframework.boot.loader.archive.ExplodedArchive: java.util.jar.Manifest getManifest()>/assign/instruction1	4
<org.springframework.boot.loader.archive.ExplodedArchive: java.util.jar.Manifest getManifest()>/assign/instruction20	<org.springframework.boot.loader.archive.ExplodedArchive: java.util.jar.Manifest getManifest()>/assign/instruction4	7
<org.springframework.boot.loader.jar.JarURLConnection$JarEntryName: java.lang.String getContentType()>/assign/instruction6	<org.springframework.boot.loader.jar.JarURLConnection$JarEntryName: java.lang.String getContentType()>/assign/instruction1	4
<org.springframework.boot.loader.PropertiesLauncher: void initializeProperties()>/assign/instruction101	<org.springframework.boot.loader.PropertiesLauncher: void initializeProperties()>/java.util.Iterator.next/1	95
<org.springframework.boot.loader.PropertiesLauncher: void initializeProperties()>/assign/instruction101	<org.springframework.boot.loader.PropertiesLauncher: void initializeProperties()>/assign-cast/instruction95	99
<org.springframework.boot.loader.archive.JarFileArchive: java.io.File getTempUnpackFolder()>/assign/instruction11	<org.springframework.boot.loader.archive.JarFileArchive: java.io.File getTempUnpackFolder()>/assign/instruction1	4
<org.springframework.boot.loader.jar.AsciiBytes: java.lang.String toString()>/assign/instruction11	<org.springframework.boot.loader.jar.AsciiBytes: java.lang.String toString()>/assign/instruction1	4
<org.springframework.boot.loader.jar.CentralDirectoryEndRecord: void <init>(org.springframework.boot.loader.data.RandomAccessData)>/assign/instruction46	<org.springframework.boot.loader.jar.CentralDirectoryEndRecord: void <init>(org.springframework.boot.loader.data.RandomAccessData)>/assign/instruction16	42
<org.springframework.boot.loader.jar.JarEntry: java.security.cert.Certificate[] getCertificates()>/assign/instruction9	<org.springframework.boot.loader.jar.JarEntry: java.security.cert.Certificate[] getCertificates()>/assign/instruction1	5
<org.springframework.boot.loader.jar.JarEntry: java.security.cert.Certificate[] getCertificates()>/assign/instruction9	<org.springframework.boot.loader.jar.JarEntry: java.security.cert.Certificate[] getCertificates()>/assign/instruction5	7
<org.springframework.boot.loader.jar.JarEntry: java.security.CodeSigner[] getCodeSigners()>/assign/instruction9	<org.springframework.boot.loader.jar.JarEntry: java.security.CodeSigner[] getCodeSigners()>/assign/instruction1	5
<org.springframework.boot.loader.jar.JarEntry: java.security.CodeSigner[] getCodeSigners()>/assign/instruction9	<org.springframework.boot.loader.jar.JarEntry: java.security.CodeSigner[] getCodeSigners()>/assign/instruction5	7
<org.springframework.boot.loader.jar.CentralDirectoryFileHeader: void load(byte[],int,org.springframework.boot.loader.data.RandomAccessData,int,org.springframework.boot.loader.jar.JarEntryFilter)>/assign/instruction43	<org.springframework.boot.loader.jar.CentralDirectoryFileHeader: void load(byte[],int,org.springframework.boot.loader.data.RandomAccessData,int,org.springframework.boot.loader.jar.JarEntryFilter)>/assign/instruction31	40
<org.springframework.boot.loader.jar.JarURLConnection: java.io.InputStream getInputStream()>/return/instruction36	<org.springframework.boot.loader.jar.JarURLConnection: java.io.InputStream getInputStream()>/assign/instruction29	33
<org.springframework.boot.loader.jar.JarFileEntries: org.springframework.boot.loader.jar.FileHeader getEntry(int,java.lang.Class,boolean)>/return/instruction40	<org.springframework.boot.loader.jar.JarFileEntries: org.springframework.boot.loader.jar.FileHeader getEntry(int,java.lang.Class,boolean)>/assign/instruction32	36
<org.springframework.boot.loader.jar.JarFileEntries: org.springframework.boot.loader.jar.FileHeader getEntry(int,java.lang.Class,boolean)>/return/instruction40	<org.springframework.boot.loader.jar.JarFileEntries: org.springframework.boot.loader.jar.FileHeader getEntry(int,java.lang.Class,boolean)>/if/instruction36	37
<org.springframework.boot.loader.jar.JarFileEntries: int getFirstIndex(int)>/return/instruction19	<org.springframework.boot.loader.jar.JarFileEntries: int getFirstIndex(int)>/assign/instruction10	13
<org.springframework.boot.loader.data.RandomAccessDataFile$DataInputStream: int doRead(byte[],int,int)>/return/instruction42	<org.springframework.boot.loader.data.RandomAccessDataFile$DataInputStream: int doRead(byte[],int,int)>/assign/instruction32	38
<org.springframework.boot.loader.data.RandomAccessDataFile$DataInputStream: int doRead(byte[],int,int)>/return/instruction42	<org.springframework.boot.loader.data.RandomAccessDataFile$DataInputStream: int doRead(byte[],int,int)>/if/instruction38	39
<org.springframework.boot.loader.data.RandomAccessDataFile$DataInputStream: int doRead(byte[],int,int)>/return/instruction52	<org.springframework.boot.loader.data.RandomAccessDataFile$DataInputStream: int doRead(byte[],int,int)>/java.io.RandomAccessFile.read/1	48
<org.springframework.boot.loader.data.RandomAccessDataFile$DataInputStream: int doRead(byte[],int,int)>/return/instruction52	<org.springframework.boot.loader.data.RandomAccessDataFile$DataInputStream: int doRead(byte[],int,int)>/if/instruction48	49
<org.springframework.boot.loader.jar.JarURLConnection$JarEntryName: java.lang.String decode(java.lang.String)>/return/instruction8	<org.springframework.boot.loader.jar.JarURLConnection$JarEntryName: java.lang.String decode(java.lang.String)>/assign/instruction1	5
<org.springframework.boot.loader.PropertiesLauncher: boolean exists(java.net.URL)>/return/instruction21	<org.springframework.boot.loader.PropertiesLauncher: boolean exists(java.net.URL)>/assign/instruction16	19
<org.springframework.boot.loader.PropertiesLauncher: boolean exists(java.net.URL)>/return/instruction28	<org.springframework.boot.loader.PropertiesLauncher: boolean exists(java.net.URL)>/assign/instruction23	26
<org.springframework.boot.loader.PropertiesLauncher: boolean exists(java.net.URL)>/return/instruction41	<org.springframework.boot.loader.PropertiesLauncher: boolean exists(java.net.URL)>/assign/instruction34	39
<org.springframework.boot.loader.PropertiesLauncher: java.util.List parsePathsProperty(java.lang.String)>/return/instruction35	<org.springframework.boot.loader.PropertiesLauncher: java.util.List parsePathsProperty(java.lang.String)>/java.util.List.isEmpty/0	33
<org.springframework.boot.loader.PropertiesLauncher: java.util.List getClassPathArchives(java.lang.String)>/return/instruction61	<org.springframework.boot.loader.PropertiesLauncher: java.util.List getClassPathArchives(java.lang.String)>/org.springframework.boot.loader.PropertiesLauncher.getNestedArchives/0	53
<org.springframework.boot.loader.PropertiesLauncher: java.util.List getNestedArchives(java.lang.String)>/return/instruction112	<org.springframework.boot.loader.PropertiesLauncher: java.util.List getNestedArchives(java.lang.String)>/java.lang.String.endsWith/1	109
<org.springframework.boot.loader.PropertiesLauncher: java.util.List getNestedArchives(java.lang.String)>/return/instruction112	<org.springframework.boot.loader.PropertiesLauncher: java.util.List getNestedArchives(java.lang.String)>/assign/instruction103	106
<org.springframework.boot.loader.PropertiesLauncher: java.util.List getNestedArchives(java.lang.String)>/return/instruction112	<org.springframework.boot.loader.PropertiesLauncher: java.util.List getNestedArchives(java.lang.String)>/assign/instruction109	111
<org.springframework.boot.loader.PropertiesLauncher: java.lang.String cleanupPath(java.lang.String)>/return/instruction19	<org.springframework.boot.loader.PropertiesLauncher: java.lang.String cleanupPath(java.lang.String)>/assign/instruction9	15
<org.springframework.boot.loader.jar.ZipInflaterInputStream: int read(byte[],int,int)>/return/instruction10	<org.springframework.boot.loader.jar.ZipInflaterInputStream: int read(byte[],int,int)>/assign/instruction1	7
<org.springframework.boot.loader.jar.AsciiBytes: org.springframework.boot.loader.jar.AsciiBytes append(java.lang.String)>/return/instruction6	<org.springframework.boot.loader.jar.AsciiBytes: org.springframework.boot.loader.jar.AsciiBytes append(java.lang.String)>/assign/instruction1	4
<org.springframework.boot.loader.jar.AsciiBytes: org.springframework.boot.loader.jar.AsciiBytes append(org.springframework.boot.loader.jar.AsciiBytes)>/return/instruction6	<org.springframework.boot.loader.jar.AsciiBytes: org.springframework.boot.loader.jar.AsciiBytes append(org.springframework.boot.loader.jar.AsciiBytes)>/assign/instruction1	4
<org.springframework.boot.loader.jar.AsciiBytes: org.springframework.boot.loader.jar.AsciiBytes append(byte[])>/return/instruction6	<org.springframework.boot.loader.jar.AsciiBytes: org.springframework.boot.loader.jar.AsciiBytes append(byte[])>/assign/instruction1	4
<org.springframework.boot.loader.jar.JarFile$1: void visitFileHeader(org.springframework.boot.loader.jar.CentralDirectoryFileHeader,int)>/return-void/instruction14	<org.springframework.boot.loader.jar.JarFile$1: void visitFileHeader(org.springframework.boot.loader.jar.CentralDirectoryFileHeader,int)>/org.springframework.boot.loader.jar.JarFile.access$100/0	11
<org.springframework.boot.loader.jar.JarFile$1: void visitFileHeader(org.springframework.boot.loader.jar.CentralDirectoryFileHeader,int)>/return-void/instruction14	<org.springframework.boot.loader.jar.JarFile$1: void visitFileHeader(org.springframework.boot.loader.jar.CentralDirectoryFileHeader,int)>/assign/instruction1	8
<org.springframework.boot.loader.jar.JarFileEntries: void visitFileHeader(org.springframework.boot.loader.jar.CentralDirectoryFileHeader,int)>/return-void/instruction8	<org.springframework.boot.loader.jar.JarFileEntries: void visitFileHeader(org.springframework.boot.loader.jar.CentralDirectoryFileHeader,int)>/assign/instruction1	7
<org.springframework.boot.loader.data.RandomAccessDataFile$DataInputStream: void <init>(org.springframework.boot.loader.data.RandomAccessDataFile,org.springframework.boot.loader.data.RandomAccessData$ResourceAccess)>/return-void/instruction16	<org.springframework.boot.loader.data.RandomAccessDataFile$DataInputStream: void <init>(org.springframework.boot.loader.data.RandomAccessDataFile,org.springframework.boot.loader.data.RandomAccessData$ResourceAccess)>/assign/instruction1	8
<org.springframework.boot.loader.data.RandomAccessDataFile$DataInputStream: void close()>/return-void/instruction6	<org.springframework.boot.loader.data.RandomAccessDataFile$DataInputStream: void close()>/assign/instruction1	4
<org.springframework.boot.loader.jar.Handler: void parseURL(java.net.URL,java.lang.String,int,int)>/return-void/instruction17	<org.springframework.boot.loader.jar.Handler: void parseURL(java.net.URL,java.lang.String,int,int)>/java.lang.String.substring/0	14
<org.springframework.boot.loader.PropertiesLauncher: void addNestedEntries(java.util.List)>/return-void/instruction11	<org.springframework.boot.loader.PropertiesLauncher: void addNestedEntries(java.util.List)>/assign/instruction1	9
<org.springframework.boot.loader.PropertiesLauncher: void debug(java.lang.String)>/return-void/instruction7	<org.springframework.boot.loader.PropertiesLauncher: void debug(java.lang.String)>/assign/instruction1	6
<org.springframework.boot.loader.jar.ZipInflaterInputStream: void fill()>/return-void/instruction21	<org.springframework.boot.loader.jar.ZipInflaterInputStream: void fill()>/assign/instruction1	9
<org.springframework.boot.loader.LaunchedURLClassLoader: void definePackageIfNecessary(java.lang.String)>/return-void/instruction27	<org.springframework.boot.loader.LaunchedURLClassLoader: void definePackageIfNecessary(java.lang.String)>/java.lang.String.substring/0	10
<org.springframework.boot.loader.LaunchedURLClassLoader: void definePackageIfNecessary(java.lang.String)>/return-void/instruction27	<org.springframework.boot.loader.LaunchedURLClassLoader: void definePackageIfNecessary(java.lang.String)>/org.springframework.boot.loader.LaunchedURLClassLoader.definePackage/0	12
<org.springframework.boot.loader.LaunchedURLClassLoader: void definePackageIfNecessary(java.lang.String)>/return-void/instruction27	<org.springframework.boot.loader.LaunchedURLClassLoader: void definePackageIfNecessary(java.lang.String)>/assign/instruction1	6
<org.springframework.boot.loader.LaunchedURLClassLoader: void definePackage(java.lang.String,java.lang.String)>/return-void/instruction11	<org.springframework.boot.loader.LaunchedURLClassLoader: void definePackage(java.lang.String,java.lang.String)>/assign/instruction1	9
<org.springframework.boot.loader.LaunchedURLClassLoader: void clearCache(java.net.URLConnection)>/return-void/instruction9	<org.springframework.boot.loader.LaunchedURLClassLoader: void clearCache(java.net.URLConnection)>/assign/instruction1	7
<org.springframework.boot.loader.LaunchedURLClassLoader: void performParallelCapableRegistration()>/return-void/instruction5	<org.springframework.boot.loader.LaunchedURLClassLoader: void performParallelCapableRegistration()>/java.lang.ClassLoader.registerAsParallelCapable/0	3
<org.springframework.boot.loader.jar.JarFile: void setCertificates(org.springframework.boot.loader.jar.JarEntry,java.util.jar.JarEntry)>/return-void/instruction6	<org.springframework.boot.loader.jar.JarFile: void setCertificates(org.springframework.boot.loader.jar.JarEntry,java.util.jar.JarEntry)>/assign/instruction1	5
<org.springframework.boot.loader.jar.JarFile: void resetCachedUrlHandlers()>/return-void/instruction6	<org.springframework.boot.loader.jar.JarFile: void resetCachedUrlHandlers()>/java.net.URL.setURLStreamHandlerFactory/0	4
<org.springframework.boot.loader.jar.CentralDirectoryFileHeader: void load(byte[],int,org.springframework.boot.loader.data.RandomAccessData,int,org.springframework.boot.loader.jar.JarEntryFilter)>/return-void/instruction70	<org.springframework.boot.loader.jar.CentralDirectoryFileHeader: void load(byte[],int,org.springframework.boot.loader.data.RandomAccessData,int,org.springframework.boot.loader.jar.JarEntryFilter)>/assign/instruction60	62
<org.springframework.boot.loader.data.RandomAccessDataFile$DataInputStream: int doRead(byte[],int,int)>/throw l8#_188/0	<org.springframework.boot.loader.data.RandomAccessDataFile$DataInputStream: int doRead(byte[],int,int)>/catch java.lang.Throwable/0	68
<org.springframework.boot.loader.data.RandomAccessDataFile$DataInputStream: int doRead(byte[],int,int)>/throw l8#_188/0	<org.springframework.boot.loader.data.RandomAccessDataFile$DataInputStream: int doRead(byte[],int,int)>/catch java.lang.Throwable/1	68
<org.springframework.boot.loader.data.RandomAccessDataFile$DataInputStream: int doRead(byte[],int,int)>/throw l8#_188/0	<org.springframework.boot.loader.data.RandomAccessDataFile$DataInputStream: int doRead(byte[],int,int)>/catch java.lang.Throwable/2	68
<org.springframework.boot.loader.data.RandomAccessDataFile$DataInputStream: int doRead(byte[],int,int)>/throw l8#_188/0	<org.springframework.boot.loader.data.RandomAccessDataFile$DataInputStream: int doRead(byte[],int,int)>/if/instruction68	69
<org.springframework.boot.loader.data.RandomAccessDataFile$DataInputStream: int doRead(byte[],int,int)>/throw l8#_188/0	<org.springframework.boot.loader.data.RandomAccessDataFile$DataInputStream: int doRead(byte[],int,int)>/unsupported assign/$stack36 := @caughtexception/instruction53	68
<org.springframework.boot.loader.PropertiesLauncher: java.io.InputStream getURLResource(java.lang.String)>/throw ex#_255/0	<org.springframework.boot.loader.PropertiesLauncher: java.io.InputStream getURLResource(java.lang.String)>/catch java.io.IOException/0	15
<org.springframework.boot.loader.PropertiesLauncher: java.io.InputStream getURLResource(java.lang.String)>/throw ex#_255/0	<org.springframework.boot.loader.PropertiesLauncher: java.io.InputStream getURLResource(java.lang.String)>/unsupported assign/$stack9 := @caughtexception/instruction11	15
<org.springframework.boot.loader.PropertiesLauncher: boolean exists(java.net.URL)>/throw l6#_286/0	<org.springframework.boot.loader.PropertiesLauncher: boolean exists(java.net.URL)>/catch java.lang.Throwable/0	53
<org.springframework.boot.loader.PropertiesLauncher: boolean exists(java.net.URL)>/throw l6#_286/0	<org.springframework.boot.loader.PropertiesLauncher: boolean exists(java.net.URL)>/catch java.lang.Throwable/1	53
<org.springframework.boot.loader.PropertiesLauncher: boolean exists(java.net.URL)>/throw l6#_286/0	<org.springframework.boot.loader.PropertiesLauncher: boolean exists(java.net.URL)>/catch java.lang.Throwable/2	53
<org.springframework.boot.loader.PropertiesLauncher: boolean exists(java.net.URL)>/throw l6#_286/0	<org.springframework.boot.loader.PropertiesLauncher: boolean exists(java.net.URL)>/catch java.lang.Throwable/3	53
<org.springframework.boot.loader.PropertiesLauncher: boolean exists(java.net.URL)>/throw l6#_286/0	<org.springframework.boot.loader.PropertiesLauncher: boolean exists(java.net.URL)>/unsupported assign/$stack26 := @caughtexception/instruction42	53
