<org.springframework.boot.loader.util.SystemPropertyUtils: java.lang.String parseStringValue(java.util.Properties,java.lang.String,java.lang.String,java.util.Set)>/@parameter0
<org.springframework.boot.loader.util.SystemPropertyUtils: java.lang.String parseStringValue(java.util.Properties,java.lang.String,java.lang.String,java.util.Set)>/@parameter1
<org.springframework.boot.loader.util.SystemPropertyUtils: java.lang.String parseStringValue(java.util.Properties,java.lang.String,java.lang.String,java.util.Set)>/@parameter3
<org.springframework.boot.loader.jar.JarURLConnection: org.springframework.boot.loader.jar.JarURLConnection get(java.net.URL,org.springframework.boot.loader.jar.JarFile)>/index_$$A_1#_236
<org.springframework.boot.loader.jar.JarURLConnection: org.springframework.boot.loader.jar.JarURLConnection get(java.net.URL,org.springframework.boot.loader.jar.JarFile)>/index_$$A_2#_243
<org.springframework.boot.loader.jar.JarFileEntries: void add(org.springframework.boot.loader.jar.AsciiBytes,org.springframework.boot.loader.jar.CentralDirectoryFileHeader,int)>/$stack12
<org.springframework.boot.loader.jar.JarFileEntries: void add(org.springframework.boot.loader.jar.AsciiBytes,org.springframework.boot.loader.jar.CentralDirectoryFileHeader,int)>/$stack13
<org.springframework.boot.loader.jar.JarFileEntries: void visitEnd()>/i_$$A_1#_120
<org.springframework.boot.loader.jar.JarFileEntries: void visitEnd()>/i_$$A_2#_119
<org.springframework.boot.loader.jar.JarFileEntries: void sort(int,int)>/j_$$A_1#_130
<org.springframework.boot.loader.jar.JarFileEntries: void sort(int,int)>/i_$$A_1#_130
<org.springframework.boot.loader.jar.JarFileEntries: void sort(int,int)>/i_$$A_2#_131
<org.springframework.boot.loader.jar.JarFileEntries: void sort(int,int)>/i_$$A_3#_132
<org.springframework.boot.loader.jar.JarFileEntries: void sort(int,int)>/j_$$A_2#_133
<org.springframework.boot.loader.jar.JarFileEntries: void sort(int,int)>/j_$$A_3#_135
<org.springframework.boot.loader.jar.JarFileEntries: void sort(int,int)>/i_$$A_4#_139
<org.springframework.boot.loader.jar.JarFileEntries: void sort(int,int)>/j_$$A_4#_140
<org.springframework.boot.loader.jar.JarFileEntries: org.springframework.boot.loader.jar.FileHeader getEntry(int,java.lang.String,java.lang.String,java.lang.Class,boolean)>/index_$$A_1#_230
<org.springframework.boot.loader.jar.JarFileEntries: org.springframework.boot.loader.jar.FileHeader getEntry(int,java.lang.String,java.lang.String,java.lang.Class,boolean)>/index_$$A_2#_235
<org.springframework.boot.loader.jar.JarFileEntries: int getFirstIndex(int)>/index_$$A_1#_267
<org.springframework.boot.loader.jar.JarFileEntries: int getFirstIndex(int)>/index_$$A_2#_269
<org.springframework.boot.loader.data.RandomAccessDataFile$DataInputStream: int doRead(byte[],int,int)>/$stack23_$$A_3
<org.springframework.boot.loader.data.RandomAccessDataFile$DataInputStream: int doRead(byte[],int,int)>/rtn_$$A_2#_167
<org.springframework.boot.loader.data.RandomAccessDataFile$DataInputStream: int doRead(byte[],int,int)>/file_$$A_3#_167
<org.springframework.boot.loader.data.RandomAccessDataFile$DataInputStream: long moveOn(int)>/$stack2
<org.springframework.boot.loader.data.RandomAccessDataFile$DataInputStream: long moveOn(int)>/$stack3
<org.springframework.boot.loader.jar.JarURLConnection$JarEntryName: void write(java.lang.String,java.io.ByteArrayOutputStream)>/c#_308
<org.springframework.boot.loader.jar.JarURLConnection$JarEntryName: void write(java.lang.String,java.io.ByteArrayOutputStream)>/i_$$A_1#_308
<org.springframework.boot.loader.jar.JarURLConnection$JarEntryName: void write(java.lang.String,java.io.ByteArrayOutputStream)>/i_$$A_2#_327
<org.springframework.boot.loader.jar.JarURLConnection$JarEntryName: void write(java.lang.String,java.io.ByteArrayOutputStream)>/i_$$A_3#_328
<org.springframework.boot.loader.jar.JarURLConnection$JarEntryName: void write(java.lang.String,java.io.ByteArrayOutputStream)>/i_$$A_4#_330
<org.springframework.boot.loader.jar.JarURLConnection$JarEntryName: void write(java.lang.String,java.io.ByteArrayOutputStream)>/i_$$A_5#_307
<org.springframework.boot.loader.jar.Handler: java.net.URLStreamHandler getFallbackHandler()>/l3_$$A_1#_124
<org.springframework.boot.loader.jar.Handler: java.net.URLStreamHandler getFallbackHandler()>/l3_$$A_2#_123
<org.springframework.boot.loader.PropertiesLauncher: void initializeProperties()>/name#15#_178
<org.springframework.boot.loader.PropertiesLauncher: void initializeProperties()>/text#26#_178
<org.springframework.boot.loader.PropertiesLauncher: void initializeProperties()>/l5_$$A_1#_162
<org.springframework.boot.loader.PropertiesLauncher: void initializeProperties()>/l5_$$A_2#_161
<org.springframework.boot.loader.PropertiesLauncher: boolean exists(java.net.URL)>/$stack16_$$A_3
<org.springframework.boot.loader.PropertiesLauncher: boolean exists(java.net.URL)>/l5_$$A_2#_278
<org.springframework.boot.loader.PropertiesLauncher: java.util.List parsePathsProperty(java.lang.String)>/path#_303
<org.springframework.boot.loader.PropertiesLauncher: java.util.List parsePathsProperty(java.lang.String)>/$stack18
<org.springframework.boot.loader.PropertiesLauncher: java.util.List parsePathsProperty(java.lang.String)>/l5_$$A_1#_303
<org.springframework.boot.loader.PropertiesLauncher: java.util.List parsePathsProperty(java.lang.String)>/l5_$$A_2#_302
<org.springframework.boot.loader.archive.JarFileArchive: java.io.File createUnpackFolder(java.io.File)>/attempts_$$A_1#_135
<org.springframework.boot.loader.archive.JarFileArchive: java.io.File createUnpackFolder(java.io.File)>/attempts_$$A_2#_135
<org.springframework.boot.loader.jar.Bytes: boolean fill(java.io.InputStream,byte[],int,int)>/offset_$$A_1#_1
<org.springframework.boot.loader.jar.Bytes: boolean fill(java.io.InputStream,byte[],int,int)>/offset_$$A_2#_69
<org.springframework.boot.loader.jar.Bytes: long littleEndianValue(byte[],int,int)>/$stack10
<org.springframework.boot.loader.jar.Bytes: long littleEndianValue(byte[],int,int)>/i_$$A_1#_78
<org.springframework.boot.loader.jar.Bytes: long littleEndianValue(byte[],int,int)>/value_$$A_1#_78
<org.springframework.boot.loader.jar.Bytes: long littleEndianValue(byte[],int,int)>/value_$$A_2#_78
<org.springframework.boot.loader.jar.Bytes: long littleEndianValue(byte[],int,int)>/i_$$A_2#_77
<org.springframework.boot.loader.LaunchedURLClassLoader$1: java.lang.Object run()>/l5_$$A_1#_138
<org.springframework.boot.loader.LaunchedURLClassLoader$1: java.lang.Object run()>/l5_$$A_2#_137
<org.springframework.boot.loader.jar.ZipInflaterInputStream: int read(byte[],int,int)>/$stack6
<org.springframework.boot.loader.jar.ZipInflaterInputStream: int read(byte[],int,int)>/$stack7
<org.springframework.boot.loader.jar.JarFileEntries$EntryIterator: org.springframework.boot.loader.jar.JarEntry next()>/$stack6
<org.springframework.boot.loader.jar.JarFileEntries$EntryIterator: org.springframework.boot.loader.jar.JarEntry next()>/$stack7
<org.springframework.boot.loader.jar.AsciiBytes: boolean startsWith(org.springframework.boot.loader.jar.AsciiBytes)>/i_$$A_1#_88
<org.springframework.boot.loader.jar.AsciiBytes: boolean startsWith(org.springframework.boot.loader.jar.AsciiBytes)>/i_$$A_2#_87
<org.springframework.boot.loader.jar.AsciiBytes: boolean endsWith(org.springframework.boot.loader.jar.AsciiBytes)>/i_$$A_1#_103
<org.springframework.boot.loader.jar.AsciiBytes: boolean endsWith(org.springframework.boot.loader.jar.AsciiBytes)>/i_$$A_2#_102
<org.springframework.boot.loader.jar.AsciiBytes: int hashCode()>/$stack16
<org.springframework.boot.loader.jar.AsciiBytes: int hashCode()>/$stack19
<org.springframework.boot.loader.jar.AsciiBytes: int hashCode()>/$stack23
<org.springframework.boot.loader.jar.AsciiBytes: int hashCode()>/$stack29
<org.springframework.boot.loader.jar.AsciiBytes: int hashCode()>/hash#_157
<org.springframework.boot.loader.jar.AsciiBytes: int hashCode()>/b#_160
<org.springframework.boot.loader.jar.AsciiBytes: int hashCode()>/limit#_160
<org.springframework.boot.loader.jar.AsciiBytes: int hashCode()>/excess#7#_160
<org.springframework.boot.loader.jar.AsciiBytes: int hashCode()>/j#_160
<org.springframework.boot.loader.jar.AsciiBytes: int hashCode()>/i_$$A_1#_160
<org.springframework.boot.loader.jar.AsciiBytes: int hashCode()>/hash_$$A_1#_160
<org.springframework.boot.loader.jar.AsciiBytes: int hashCode()>/j_$$A_2#_178
<org.springframework.boot.loader.jar.AsciiBytes: int hashCode()>/b_$$A_3#_178
<org.springframework.boot.loader.jar.AsciiBytes: int hashCode()>/i_$$A_2#_178
<org.springframework.boot.loader.jar.AsciiBytes: int hashCode()>/i_$$A_3#_178
<org.springframework.boot.loader.jar.AsciiBytes: int hashCode()>/b_$$A_4#_178
<org.springframework.boot.loader.jar.AsciiBytes: int hashCode()>/j_$$A_3#_177
<org.springframework.boot.loader.jar.AsciiBytes: int hashCode()>/j_$$A_4#_181
<org.springframework.boot.loader.jar.AsciiBytes: int hashCode()>/excess#7_$$A_5#_181
<org.springframework.boot.loader.jar.AsciiBytes: int hashCode()>/limit_$$A_5#_181
<org.springframework.boot.loader.jar.AsciiBytes: int hashCode()>/i_$$A_4#_181
<org.springframework.boot.loader.jar.AsciiBytes: int hashCode()>/hash_$$A_2#_183
<org.springframework.boot.loader.jar.AsciiBytes: int hashCode()>/hash_$$A_3#_186
<org.springframework.boot.loader.jar.AsciiBytes: int hashCode()>/hash_$$A_4#_187
<org.springframework.boot.loader.jar.AsciiBytes: int hashCode()>/hash_$$A_5#_188
<org.springframework.boot.loader.jar.AsciiBytes: int hashCode()>/i_$$A_5#_159
<org.springframework.boot.loader.jar.AsciiBytes: boolean equals(java.lang.Object)>/i_$$A_1#_207
<org.springframework.boot.loader.jar.AsciiBytes: boolean equals(java.lang.Object)>/i_$$A_2#_206
<org.springframework.boot.loader.jar.AsciiBytes: int hashCode(int,java.lang.String)>/$stack4
<org.springframework.boot.loader.jar.AsciiBytes: int hashCode(int,java.lang.String)>/i_$$A_1#_228
<org.springframework.boot.loader.jar.AsciiBytes: int hashCode(int,java.lang.String)>/hash_$$A_1#_228
<org.springframework.boot.loader.jar.AsciiBytes: int hashCode(int,java.lang.String)>/hash_$$A_2#_228
<org.springframework.boot.loader.jar.AsciiBytes: int hashCode(int,java.lang.String)>/i_$$A_2#_227
<org.springframework.boot.loader.jar.CentralDirectoryEndRecord: void <init>(org.springframework.boot.loader.data.RandomAccessData)>/$stack8
<org.springframework.boot.loader.jar.CentralDirectoryEndRecord: void <init>(org.springframework.boot.loader.data.RandomAccessData)>/$stack9
<org.springframework.boot.loader.jar.CentralDirectoryParser: void parseEntries(org.springframework.boot.loader.jar.CentralDirectoryEndRecord,org.springframework.boot.loader.data.RandomAccessData)>/i_$$A_1#_68
<org.springframework.boot.loader.jar.CentralDirectoryParser: void parseEntries(org.springframework.boot.loader.jar.CentralDirectoryEndRecord,org.springframework.boot.loader.data.RandomAccessData)>/dataOffset_$$A_1#_68
<org.springframework.boot.loader.jar.CentralDirectoryParser: void parseEntries(org.springframework.boot.loader.jar.CentralDirectoryEndRecord,org.springframework.boot.loader.data.RandomAccessData)>/dataOffset_$$A_2#_72
<org.springframework.boot.loader.jar.CentralDirectoryParser: void parseEntries(org.springframework.boot.loader.jar.CentralDirectoryEndRecord,org.springframework.boot.loader.data.RandomAccessData)>/i_$$A_2#_67
<org.springframework.boot.loader.LaunchedURLClassLoader: void clearCache()>/l3_$$A_1#_170
<org.springframework.boot.loader.LaunchedURLClassLoader: void clearCache()>/l3_$$A_2#_169
<org.springframework.boot.loader.jar.JarFile: void setupEntryCertificates(org.springframework.boot.loader.jar.JarEntry)>/certEntry_$$A_3#_358
<org.springframework.boot.loader.util.SystemPropertyUtils: java.lang.String parseStringValue(java.util.Properties,java.lang.String,java.lang.String,java.util.Set)>/visitedPlaceholders#_0
<org.springframework.boot.loader.util.SystemPropertyUtils: java.lang.String parseStringValue(java.util.Properties,java.lang.String,java.lang.String,java.util.Set)>/properties#_0
<org.springframework.boot.loader.util.SystemPropertyUtils: java.lang.String parseStringValue(java.util.Properties,java.lang.String,java.lang.String,java.util.Set)>/value#_0
<org.springframework.boot.loader.util.SystemPropertyUtils: java.lang.String parseStringValue(java.util.Properties,java.lang.String,java.lang.String,java.util.Set)>/placeholder#_95
<org.springframework.boot.loader.util.SystemPropertyUtils: java.lang.String parseStringValue(java.util.Properties,java.lang.String,java.lang.String,java.util.Set)>/propVal#_95
<org.springframework.boot.loader.util.SystemPropertyUtils: java.lang.String parseStringValue(java.util.Properties,java.lang.String,java.lang.String,java.util.Set)>/propVal_$$A_7#_145
<org.springframework.boot.loader.util.SystemPropertyUtils: java.lang.String parseStringValue(java.util.Properties,java.lang.String,java.lang.String,java.util.Set)>/placeholder_$$A_3#_145
<org.springframework.boot.loader.util.SystemPropertyUtils: int findPlaceholderEndIndex(java.lang.CharSequence,int)>/withinNestedPlaceholder_$$A_1#_207
<org.springframework.boot.loader.util.SystemPropertyUtils: int findPlaceholderEndIndex(java.lang.CharSequence,int)>/index_$$A_1#_207
<org.springframework.boot.loader.util.SystemPropertyUtils: int findPlaceholderEndIndex(java.lang.CharSequence,int)>/withinNestedPlaceholder_$$A_2#_210
<org.springframework.boot.loader.util.SystemPropertyUtils: int findPlaceholderEndIndex(java.lang.CharSequence,int)>/index_$$A_2#_211
<org.springframework.boot.loader.util.SystemPropertyUtils: int findPlaceholderEndIndex(java.lang.CharSequence,int)>/withinNestedPlaceholder_$$A_3#_218
<org.springframework.boot.loader.util.SystemPropertyUtils: int findPlaceholderEndIndex(java.lang.CharSequence,int)>/index_$$A_3#_219
<org.springframework.boot.loader.util.SystemPropertyUtils: int findPlaceholderEndIndex(java.lang.CharSequence,int)>/index_$$A_4#_222
<org.springframework.boot.loader.util.SystemPropertyUtils: boolean substringMatch(java.lang.CharSequence,int,java.lang.CharSequence)>/j_$$A_1#_231
<org.springframework.boot.loader.util.SystemPropertyUtils: boolean substringMatch(java.lang.CharSequence,int,java.lang.CharSequence)>/j_$$A_2#_230
