,method,stmtLineNumber,stmt
0,<de.ecspride.ActivityLifecycle1: void onCreate(android.os.Bundle)>,-1,$r4 = virtualinvoke r3.<android.telephony.TelephonyManager: java.lang.String getDeviceId()>()
1,<de.ecspride.ActivityLifecycle1: void onCreate(android.os.Bundle)>,-1,<de.ecspride.ActivityLifecycle1: java.lang.String URL> = $r4
2,<de.ecspride.ActivityLifecycle1: void onCreate(android.os.Bundle)>,-1,return
3,<dummyMainClass: de.ecspride.ActivityLifecycle1 dummyMainMethod_de_ecspride_ActivityLifecycle1(android.content.Intent)>,-1,virtualinvoke $r0.<de.ecspride.ActivityLifecycle1: void onStart()>()
4,<de.ecspride.ActivityLifecycle1: void onStart()>,-1,specialinvoke r0.<de.ecspride.ActivityLifecycle1: void connect()>()
5,<de.ecspride.ActivityLifecycle1: void connect()>,-1,$r3 = <de.ecspride.ActivityLifecycle1: java.lang.String URL>
6,<de.ecspride.ActivityLifecycle1: void connect()>,-1,specialinvoke r1.<java.net.URL: void <init>(java.lang.String)>($r3)
7,<de.ecspride.ActivityLifecycle1: void connect()>,-1,$r2 = virtualinvoke r1.<java.net.URL: java.net.URLConnection openConnection()>()
