{"tool": {"decomposition": {"microservice0": [{"id": "LibraryUtils.listAllBorrowers"}, {"id": "PersistenceLayer.listAllBorrowers"}, {"id": "Borrower.createEmpty"}, {"id": "Borrower.isEmpty"}, {"id": "RegistrationUtils.isUserInDatabase"}, {"id": "LibraryBookListSearchServlet.searchByTitle"}, {"id": "RegistrationUtils.processRegistration"}, {"id": "PasswordResult.PasswordResult"}, {"id": "Loan.equals"}], "microservice1": [{"id": "ServletUtils.forwardToResult"}, {"id": "PersistenceLayer.runQuery"}, {"id": "SqlData.generateParams"}, {"id": "SqlData.applyParametersToPreparedStatement"}, {"id": "PersistenceLayer.prepareStatementWithKeys"}, {"id": "ServletUtils.forwardToRestfulResult"}, {"id": "LoginServlet.doPost"}, {"id": "DbServlet.doGet"}, {"id": "PersistenceLayer.executeInsertOnPreparedStatement"}, {"id": "LibraryLendServlet.doPost"}, {"id": "RegisterServlet.forwardToResult"}, {"id": "PersistenceLayer.bytesToHex"}, {"id": "RegistrationResult.toPrettyString"}, {"id": "LoginUtils.isUserRegistered"}, {"id": "LibraryBookListAvailableServlet.doGet"}, {"id": "LibraryBookListSearchServlet.doGet"}, {"id": "PersistenceLayer.configureFlyway"}, {"id": "PersistenceLayer.searchBorrowerDataByName"}, {"id": "RegistrationUtils.isPasswordGood"}, {"id": "AckServlet.doPost"}, {"id": "LibraryRegisterBorrowerServlet.doPost"}, {"id": "PersistenceLayer.executeInsertTemplate"}, {"id": "PersistenceLayer.throwingFunctionWrapper"}, {"id": "PersistenceLayer.createExtractor"}, {"id": "PersistenceLayer.migrateDatabase"}, {"id": "LibraryUtils.searchForBookByTitle"}, {"id": "LibraryBorrowerListSearchServlet.doGet"}, {"id": "Book.toOutputString"}, {"id": "LibraryRegisterBookServlet.doPost"}, {"id": "SqlData.addParameter"}, {"id": "PersistenceLayer.saveNewUser"}, {"id": "Book.equals"}, {"id": "StringUtils.escapeForJson"}, {"id": "Borrower.toOutputString"}, {"id": "Borrower.equals"}, {"id": "StringUtils.makeNotNullable"}, {"id": "FibServlet.doPost"}, {"id": "PersistenceLayer.createHashedValueFromPassword"}, {"id": "LibraryUtils.searchForBorrowerById"}], "microservice2": [{"id": "LibraryUtils.createLoan"}, {"id": "RegistrationResult.RegistrationResult"}, {"id": "Loan.createEmpty"}, {"id": "PersistenceLayer.searchForLoanByBook"}, {"id": "LibraryBookListSearchServlet.listAllBooks"}, {"id": "PersistenceLayer.createLoan"}, {"id": "LibraryUtils.registerBook"}, {"id": "Loan.isEmpty"}, {"id": "LibraryLendServlet.getDateNow"}], "microservice3": [{"id": "AckermannIterative$$.tail"}, {"id": "AckermannIterative$$.main"}, {"id": "AckServlet.tailRecursive"}, {"id": "AckServlet.forwardToResult"}, {"id": "LibraryUtils.saveNewBook"}, {"id": "LibraryBookListSearchServlet.searchById"}, {"id": "AckermannIterative$$$Field.values"}, {"id": "PersistenceLayer.listBooks"}, {"id": "TailRecursive$$.epsilon"}, {"id": "PersistenceLayer.listAvailableBooks"}, {"id": "PersistenceLayer.listAllBooks"}, {"id": "Book.createEmpty"}, {"id": "Book.isEmpty"}, {"id": "AckServlet.regularRecursive"}, {"id": "PersistenceLayer.areCredentialsValid"}, {"id": "LibraryUtils.registerBorrower"}, {"id": "AckServlet.putNumberInRequest"}, {"id": "LibraryUtils.searchForLoanByBook"}, {"id": "LibraryUtils.searchForBookById"}, {"id": "RegistrationUtils.saveToDatabase"}, {"id": "PersistenceLayer.saveNewBorrower"}, {"id": "PersistenceLayer.searchBooksById"}, {"id": "PersistenceLayer.cleanDatabase"}, {"id": "PersistenceLayer.cleanAndMigrateDatabase"}, {"id": "Ackermann.ack"}, {"id": "PersistenceLayer.executeUpdateTemplate"}, {"id": "IPersistenceLayer.searchForLoanByBorrower"}, {"id": "LibraryUtils.listAvailableBooks"}, {"id": "LibraryBorrowerListSearchServlet.searchByName"}, {"id": "PersistenceLayer.executeUpdateOnPreparedStatement"}, {"id": "LibraryUtils.searchForLoanByBorrower"}, {"id": "PersistenceLayer.updateUserWithPassword"}, {"id": "PersistenceLayer.searchForUserByName"}, {"id": "LibraryBorrowerListSearchServlet.searchById"}, {"id": "LibraryUtils.lendBook"}, {"id": "PersistenceLayer.saveNewBook"}, {"id": "LibraryUtils.searchForBorrowerByName"}, {"id": "PersistenceLayer.searchBorrowersById"}, {"id": "LibraryUtils.listAllBooks"}, {"id": "RegisterServlet.doPost"}, {"id": "CheckUtils.mustBeTrueAtThisPoint"}], "microservice4": [{"id": "FibonacciIterative.fibAlgo2"}, {"id": "FibServlet.putNumberInRequest"}, {"id": "FibonacciIterative.fibAlgo1"}, {"id": "FibServlet.defaultRecursiveCalculation"}, {"id": "Fibonacci.calculate"}, {"id": "FibServlet.forwardToResult"}, {"id": "FibServlet.tailRecursiveAlgo1Calc"}, {"id": "PasswordResult.createDefault"}, {"id": "FibServlet.tailRecursiveAlgo2Calc"}, {"id": "Ackermann.calculate"}, {"id": "IPersistenceLayer.createLoan"}, {"id": "PersistenceLayer.searchForLoanByBorrower"}], "microservice5": [{"id": "MathServlet.setResultToSum"}, {"id": "MathServlet.putNumberInRequest"}, {"id": "MathServlet.forwardToResult"}, {"id": "Loan.Loan"}, {"id": "Calculator.add"}, {"id": "MathServlet.doPost"}, {"id": "LibraryBorrowerListSearchServlet.listAllBorrowers"}]}}}