{"onCreate(Landroid\/os\/Bundle;)V":{"1":"    invoke-super {p0, p1}, Landroid\/app\/Activity;->onCreate(Landroid\/os\/Bundle;)V","2":"    const p1, 0x7f09001b","3":"    invoke-virtual {p0, p1}, Lde\/ecspride\/VirtualDispatch1;->setContentView(I)V","4":"    const-string p1, \"android.permission.READ_PHONE_STATE\"","5":"    filled-new-array {p1}, [Ljava\/lang\/String;","6":"    move-result-object p1","7":"    const\/4 v0, 0x0","8":"    invoke-static {p0, p1, v0}, Landroid\/support\/v4\/app\/ActivityCompat;->requestPermissions(Landroid\/app\/Activity;[Ljava\/lang\/String;I)V","9":"    const p1, 0x7f070076","10":"    invoke-virtual {p0, p1}, Lde\/ecspride\/VirtualDispatch1;->findViewById(I)Landroid\/view\/View;","11":"    move-result-object p1","12":"    check-cast p1, Landroid\/widget\/Button;","13":"    new-instance v0, Lde\/ecspride\/VirtualDispatch1$1;","14":"    invoke-direct {v0, p0}, Lde\/ecspride\/VirtualDispatch1$1;-><init>(Lde\/ecspride\/VirtualDispatch1;)V","15":"    invoke-virtual {p1, v0}, Landroid\/widget\/Button;->setOnClickListener(Landroid\/view\/View$OnClickListener;)V","16":"    return-void"},"access$002(Lde\/ecspride\/VirtualDispatch1;Ljava\/lang\/String;)Ljava\/lang\/String;":{"1":"    iput-object p1, p0, Lde\/ecspride\/VirtualDispatch1;->imei:Ljava\/lang\/String;","2":"    return-object p1"},"<init>()V":{"1":"    invoke-direct {p0}, Landroid\/app\/Activity;-><init>()V","2":"    const\/4 v0, 0x0","3":"    iput v0, p0, Lde\/ecspride\/VirtualDispatch1;->counter:I","4":"    return-void"},"clickButton(Landroid\/view\/View;)V":{"1":"    iget p1, p0, Lde\/ecspride\/VirtualDispatch1;->counter:I","2":"    add-int\/lit8 p1, p1, 0x1","3":"    iput p1, p0, Lde\/ecspride\/VirtualDispatch1;->counter:I","4":"    rem-int\/lit8 p1, p1, 0x2","5":"    if-nez p1, :cond_12","6":"    new-instance p1, Lde\/ecspride\/NoDataLeak;","7":"    const-string v0, \"no leak\"","8":"    invoke-direct {p1, v0}, Lde\/ecspride\/NoDataLeak;-><init>(Ljava\/lang\/String;)V","9":"    goto :goto_19","10":"    new-instance p1, Lde\/ecspride\/DataLeak;","11":"    iget-object v0, p0, Lde\/ecspride\/VirtualDispatch1;->imei:Ljava\/lang\/String;","12":"    invoke-direct {p1, v0}, Lde\/ecspride\/DataLeak;-><init>(Ljava\/lang\/String;)V","13":"    invoke-virtual {p1}, Lde\/ecspride\/NoDataLeak;->logData()V","14":"    return-void"}}