,method,stmtLineNumber,stmt
0,<de.ecspride.MainActivity$1: void onClick(android.view.View)>,-1,$r5 = virtualinvoke r4.<android.telephony.TelephonyManager: java.lang.String getDeviceId()>()
1,<de.ecspride.MainActivity$1: void onClick(android.view.View)>,-1,$r6 = virtualinvoke $r6.<java.lang.StringBuilder: java.lang.StringBuilder append(java.lang.String)>($r5)
2,<de.ecspride.MainActivity$1: void onClick(android.view.View)>,-1,$r5 = virtualinvoke $r6.<java.lang.StringBuilder: java.lang.String toString()>()
3,<de.ecspride.MainActivity$1: void onClick(android.view.View)>,-1,"staticinvoke <android.util.Log: int i(java.lang.String,java.lang.String)>(""TAG"", $r5)"
