{
    "tool": {
        "decomposition": {
            "0": [
                {
                    "id": "Dealer"
                },
                {
                    "id": "MockCatalogItemsRepository"
                },
                {
                    "id": "MockShipmentRepository"
                }
            ],
            "1": [
                {
                    "id": "MongoQuoteRepository"
                },
                {
                    "id": "DeliveryAddress"
                },
                {
                    "id": "RepositoryFactory"
                }
            ],
            "2": [
                {
                    "id": "CatalogItem"
                },
                {
                    "id": "SimpleCORSFilter"
                }
            ],
            "3": [
                {
                    "id": "PhoneInfo"
                },
                {
                    "id": "ShipmentEventInfo"
                }
            ],
            "4": [
                {
                    "id": "QuoteRepository"
                },
                {
                    "id": "ShipmentController"
                },
                {
                    "id": "QuoteController"
                },
                {
                    "id": "Order"
                }
            ],
            "5": [
                {
                    "id": "OrderStatus"
                },
                {
                    "id": "Delivery"
                }
            ],
            "6": [
                {
                    "id": "MongoOrderRepository"
                },
                {
                    "id": "MongoShipmentRepository"
                },
                {
                    "id": "OrderController"
                },
                {
                    "id": "Utility"
                },
                {
                    "id": "MongoDealersRepository"
                },
                {
                    "id": "OrderUpdateInfo"
                }
            ],
            "7": [
                {
                    "id": "MongoDBProperties"
                },
                {
                    "id": "ConflictingRequestException"
                },
                {
                    "id": "CatalogItemsRepository"
                },
                {
                    "id": "OrderingServiceProperties"
                },
                {
                    "id": "ShipmentRepository"
                },
                {
                    "id": "BadRequestException"
                }
            ],
            "9": [
                {
                    "id": "MockDealersRepository"
                },
                {
                    "id": "QuoteDetails"
                },
                {
                    "id": "DealersRepository"
                },
                {
                    "id": "CatalogItem"
                }
            ],
            "10": [
                {
                    "id": "PhoneInfo"
                },
                {
                    "id": "PostgresqlProperties"
                }
            ],
            "11": [
                {
                    "id": "Quote"
                },
                {
                    "id": "ShipmentRecord"
                }
            ],
            "12": [
                {
                    "id": "MongoOperationsWithRetry"
                },
                {
                    "id": "DealerInfo"
                },
                {
                    "id": "CatalogController"
                }
            ],
            "13": [
                {
                    "id": "MockOrderRepository"
                },
                {
                    "id": "ShipmentEventInfo"
                },
                {
                    "id": "OrderRepository"
                },
                {
                    "id": "QuoteItemInfo"
                },
                {
                    "id": "Quote"
                },
                {
                    "id": "OrderingConfiguration"
                }
            ],
            "14": [
                {
                    "id": "MongoCatalogItemsRepository"
                },
                {
                    "id": "OrderingInitializer"
                },
                {
                    "id": "OrderEventInfo"
                }
            ],
            "UNOBSERVED": [
                {
                    "id": "TestPath"
                },
                {
                    "id": "PingController"
                },
                {
                    "id": "PropertyHelper"
                },
                {
                    "id": "AppInsightsFilter"
                },
                {
                    "id": "OrderDetails"
                },
                {
                    "id": "MockQuoteRepository"
                },
                {
                    "id": "CatalogItem1"
                },
                {
                    "id": "DealerController"
                },
                {
                    "id": "ShipmentDetails"
                }
            ]
        }
    }
}