{
  "tool": {
    "decomposition": {
      "patition2": [
        {
          "id": "BaseEntity"
        },
        {
          "id": "NamedEntity"
        },
        {
          "id": "Person"
        },
        {
          "id": "Owner"
        },
        {
          "id": "Pet"
        },
        {
          "id": "PetType"
        },
        {
          "id": "Specialty"
        }
      ],
      "patition0": [
        {
          "id": "OwnerRepository"
        },
        {
          "id": "VetController"
        },
        {
          "id": "VetRepository"
        },
        {
          "id": "Vets"
        }
      ],
      "patition3": [
        {
          "id": "PetController"
        },
        {
          "id": "PetTypeFormatter"
        },
        {
          "id": "PetValidator"
        },
        {
          "id": "Visit"
        },
        {
          "id": "VisitController"
        }
      ]
    }
  }
}
