{
    "1_structural_static": {
        "decomposition": {
            "patition0": [
                {
                    "id": "OwnerRepository.findAll"
                },
                {
                    "id": "VetController.addPaginationModel"
                },
                {
                    "id": "OwnerRepository.findPetTypes"
                },
                {
                    "id": "OwnerRepository.findByLastName"
                },
                {
                    "id": "OwnerRepository.findById"
                },
                {
                    "id": "OwnerRepository.save"
                },
                {
                    "id": "VetController.findPaginated"
                },
                {
                    "id": "VetController.showVetList"
                },
                {
                    "id": "Vets.Vets"
                },
                {
                    "id": "Vets.getVetList"
                },
                {
                    "id": "VetController.VetController"
                },
                {
                    "id": "VetController.showResourcesVetList"
                },
                {
                    "id": "VetRepository.findAll"
                }
            ],
            "patition2": [
                {
                    "id": "Owner.Owner"
                },
                {
                    "id": "Owner.setTelephone"
                },
                {
                    "id": "Pet.isNew"
                },
                {
                    "id": "Owner.addPet"
                },
                {
                    "id": "Pet.Pet"
                },
                {
                    "id": "Specialty.Specialty"
                },
                {
                    "id": "BaseEntity.setId"
                },
                {
                    "id": "Pet.getId"
                },
                {
                    "id": "Owner.getFirstName"
                },
                {
                    "id": "Owner.getAddress"
                },
                {
                    "id": "Pet.getType"
                },
                {
                    "id": "Owner.setCity"
                },
                {
                    "id": "NamedEntity.setName"
                },
                {
                    "id": "Owner.setLastName"
                },
                {
                    "id": "Owner.getLastName"
                },
                {
                    "id": "NamedEntity.toString"
                },
                {
                    "id": "PetType.PetType"
                },
                {
                    "id": "BaseEntity.BaseEntity"
                },
                {
                    "id": "PetType.getName"
                },
                {
                    "id": "Owner.setId"
                },
                {
                    "id": "Owner.getTelephone"
                },
                {
                    "id": "Person.getLastName"
                },
                {
                    "id": "BaseEntity.isNew"
                },
                {
                    "id": "Owner.addVisit"
                },
                {
                    "id": "Owner.toString"
                },
                {
                    "id": "Person.setFirstName"
                },
                {
                    "id": "NamedEntity.getName"
                },
                {
                    "id": "Pet.setType"
                },
                {
                    "id": "NamedEntity.NamedEntity"
                },
                {
                    "id": "Person.Person"
                },
                {
                    "id": "Owner.getPet"
                },
                {
                    "id": "Pet.getVisits"
                },
                {
                    "id": "Person.getFirstName"
                },
                {
                    "id": "Owner.getCity"
                },
                {
                    "id": "BaseEntity.getId"
                },
                {
                    "id": "Owner.getId"
                },
                {
                    "id": "Owner.setAddress"
                },
                {
                    "id": "Owner.getPets"
                },
                {
                    "id": "Pet.getName"
                },
                {
                    "id": "Pet.setBirthDate"
                },
                {
                    "id": "Pet.addVisit"
                },
                {
                    "id": "Person.setLastName"
                },
                {
                    "id": "Owner.isNew"
                },
                {
                    "id": "Pet.getBirthDate"
                }
            ],
            "patition3": [
                {
                    "id": "Visit.getDescription"
                },
                {
                    "id": "PetController.PetController"
                },
                {
                    "id": "PetController.initOwnerBinder"
                },
                {
                    "id": "PetController.initCreationForm"
                },
                {
                    "id": "PetValidator.PetValidator"
                },
                {
                    "id": "PetTypeFormatter.parse"
                },
                {
                    "id": "PetController.findPet"
                },
                {
                    "id": "PetController.initUpdateForm"
                },
                {
                    "id": "VisitController.loadPetWithVisit"
                },
                {
                    "id": "Visit.Visit"
                },
                {
                    "id": "PetValidator.supports"
                },
                {
                    "id": "VisitController.initNewVisitForm"
                },
                {
                    "id": "PetController.initPetBinder"
                },
                {
                    "id": "VisitController.VisitController"
                },
                {
                    "id": "PetValidator.validate"
                },
                {
                    "id": "VisitController.processNewVisitForm"
                },
                {
                    "id": "PetController.processUpdateForm"
                },
                {
                    "id": "VisitController.setAllowedFields"
                },
                {
                    "id": "PetController.findOwner"
                },
                {
                    "id": "PetTypeFormatter.print"
                },
                {
                    "id": "Visit.getDate"
                },
                {
                    "id": "Visit.setDate"
                },
                {
                    "id": "PetController.processCreationForm"
                },
                {
                    "id": "PetController.populatePetTypes"
                },
                {
                    "id": "PetTypeFormatter.PetTypeFormatter"
                },
                {
                    "id": "Visit.setDescription"
                }
            ]
        },
        "links": [
            {
                "source": "NamedEntity.NamedEntity",
                "target": "BaseEntity.BaseEntity",
                "weight": "1"
            },
            {
                "source": "NamedEntity.toString",
                "target": "NamedEntity.getName",
                "weight": "1"
            },
            {
                "source": "Person.Person",
                "target": "BaseEntity.BaseEntity",
                "weight": "1"
            },
            {
                "source": "Owner.Owner",
                "target": "Person.Person",
                "weight": "1"
            },
            {
                "source": "Owner.addPet",
                "target": "Owner.getPets",
                "weight": "1"
            },
            {
                "source": "Owner.addPet",
                "target": "Pet.isNew",
                "weight": "1"
            },
            {
                "source": "Owner.addVisit",
                "target": "Owner.getPet",
                "weight": "1"
            },
            {
                "source": "Owner.addVisit",
                "target": "Pet.addVisit",
                "weight": "1"
            },
            {
                "source": "Owner.getPet",
                "target": "Owner.getPets",
                "weight": "2"
            },
            {
                "source": "Owner.getPet",
                "target": "Pet.getId",
                "weight": "1"
            },
            {
                "source": "Owner.getPet",
                "target": "Pet.isNew",
                "weight": "2"
            },
            {
                "source": "Owner.getPet",
                "target": "Pet.getName",
                "weight": "1"
            },
            {
                "source": "Owner.toString",
                "target": "Owner.getFirstName",
                "weight": "1"
            },
            {
                "source": "Owner.toString",
                "target": "Owner.getId",
                "weight": "1"
            },
            {
                "source": "Owner.toString",
                "target": "Owner.getLastName",
                "weight": "1"
            },
            {
                "source": "Owner.toString",
                "target": "Owner.isNew",
                "weight": "1"
            },
            {
                "source": "Pet.Pet",
                "target": "NamedEntity.NamedEntity",
                "weight": "1"
            },
            {
                "source": "Pet.addVisit",
                "target": "Pet.getVisits",
                "weight": "1"
            },
            {
                "source": "PetController.findOwner",
                "target": "OwnerRepository.findById",
                "weight": "1"
            },
            {
                "source": "PetController.findPet",
                "target": "Owner.getPet",
                "weight": "1"
            },
            {
                "source": "PetController.findPet",
                "target": "OwnerRepository.findById",
                "weight": "1"
            },
            {
                "source": "PetController.findPet",
                "target": "Pet.Pet",
                "weight": "1"
            },
            {
                "source": "PetController.initCreationForm",
                "target": "Owner.addPet",
                "weight": "1"
            },
            {
                "source": "PetController.initCreationForm",
                "target": "Pet.Pet",
                "weight": "1"
            },
            {
                "source": "PetController.initPetBinder",
                "target": "PetValidator.PetValidator",
                "weight": "1"
            },
            {
                "source": "PetController.initUpdateForm",
                "target": "Owner.getPet",
                "weight": "1"
            },
            {
                "source": "PetController.populatePetTypes",
                "target": "OwnerRepository.findPetTypes",
                "weight": "1"
            },
            {
                "source": "PetController.processCreationForm",
                "target": "Owner.addPet",
                "weight": "1"
            },
            {
                "source": "PetController.processCreationForm",
                "target": "Owner.getPet",
                "weight": "1"
            },
            {
                "source": "PetController.processCreationForm",
                "target": "OwnerRepository.save",
                "weight": "1"
            },
            {
                "source": "PetController.processCreationForm",
                "target": "Pet.getName",
                "weight": "1"
            },
            {
                "source": "PetController.processCreationForm",
                "target": "Pet.isNew",
                "weight": "1"
            },
            {
                "source": "PetController.processUpdateForm",
                "target": "Owner.addPet",
                "weight": "1"
            },
            {
                "source": "PetController.processUpdateForm",
                "target": "OwnerRepository.save",
                "weight": "1"
            },
            {
                "source": "PetType.PetType",
                "target": "NamedEntity.NamedEntity",
                "weight": "1"
            },
            {
                "source": "PetTypeFormatter.parse",
                "target": "OwnerRepository.findPetTypes",
                "weight": "1"
            },
            {
                "source": "PetTypeFormatter.parse",
                "target": "PetType.getName",
                "weight": "1"
            },
            {
                "source": "PetTypeFormatter.print",
                "target": "PetType.getName",
                "weight": "1"
            },
            {
                "source": "PetValidator.validate",
                "target": "Pet.getBirthDate",
                "weight": "1"
            },
            {
                "source": "PetValidator.validate",
                "target": "Pet.getName",
                "weight": "1"
            },
            {
                "source": "PetValidator.validate",
                "target": "Pet.getType",
                "weight": "1"
            },
            {
                "source": "PetValidator.validate",
                "target": "Pet.isNew",
                "weight": "1"
            },
            {
                "source": "Visit.Visit",
                "target": "BaseEntity.BaseEntity",
                "weight": "1"
            },
            {
                "source": "VisitController.loadPetWithVisit",
                "target": "Owner.getPet",
                "weight": "1"
            },
            {
                "source": "VisitController.loadPetWithVisit",
                "target": "OwnerRepository.findById",
                "weight": "1"
            },
            {
                "source": "VisitController.loadPetWithVisit",
                "target": "Pet.addVisit",
                "weight": "1"
            },
            {
                "source": "VisitController.loadPetWithVisit",
                "target": "Visit.Visit",
                "weight": "1"
            },
            {
                "source": "VisitController.processNewVisitForm",
                "target": "Owner.addVisit",
                "weight": "1"
            },
            {
                "source": "VisitController.processNewVisitForm",
                "target": "OwnerRepository.save",
                "weight": "1"
            },
            {
                "source": "Specialty.Specialty",
                "target": "NamedEntity.NamedEntity",
                "weight": "1"
            },
            {
                "source": "VetController.findPaginated",
                "target": "VetRepository.findAll",
                "weight": "1"
            },
            {
                "source": "VetController.showResourcesVetList",
                "target": "VetRepository.findAll",
                "weight": "1"
            },
            {
                "source": "VetController.showResourcesVetList",
                "target": "Vets.Vets",
                "weight": "1"
            },
            {
                "source": "VetController.showResourcesVetList",
                "target": "Vets.getVetList",
                "weight": "1"
            },
            {
                "source": "VetController.showVetList",
                "target": "VetController.addPaginationModel",
                "weight": "1"
            },
            {
                "source": "VetController.showVetList",
                "target": "VetController.findPaginated",
                "weight": "1"
            },
            {
                "source": "VetController.showVetList",
                "target": "Vets.Vets",
                "weight": "1"
            },
            {
                "source": "VetController.showVetList",
                "target": "Vets.getVetList",
                "weight": "1"
            }
        ]
    },
    "3_business_use_cases": {
        "decomposition": {
            "Owner USE CASE": [
                {
                    "id": "OWNER USE CASE"
                }
            ],
            "Pet USE CASE": [
                {
                    "id": "PET USE CASE"
                }
            ],
            "Vet USE CASE": [
                {
                    "id": "VET USE CASE"
                }
            ],
            "Visit USE CASE": [
                {
                    "id": "VISIT USE CASE"
                }
            ],
            "patition0": [
                {
                    "id": "OwnerRepository.findAll"
                },
                {
                    "id": "VetController.addPaginationModel"
                },
                {
                    "id": "OwnerRepository.findPetTypes"
                },
                {
                    "id": "OwnerRepository.findByLastName"
                },
                {
                    "id": "OwnerRepository.findById"
                },
                {
                    "id": "OwnerRepository.save"
                },
                {
                    "id": "VetController.findPaginated"
                },
                {
                    "id": "VetController.showVetList"
                },
                {
                    "id": "Vets.Vets"
                },
                {
                    "id": "Vets.getVetList"
                },
                {
                    "id": "VetController.VetController"
                },
                {
                    "id": "VetController.showResourcesVetList"
                },
                {
                    "id": "VetRepository.findAll"
                }
            ],
            "patition2": [
                {
                    "id": "Owner.Owner"
                },
                {
                    "id": "Owner.setTelephone"
                },
                {
                    "id": "Pet.isNew"
                },
                {
                    "id": "Owner.addPet"
                },
                {
                    "id": "Pet.Pet"
                },
                {
                    "id": "Specialty.Specialty"
                },
                {
                    "id": "BaseEntity.setId"
                },
                {
                    "id": "Pet.getId"
                },
                {
                    "id": "Owner.getFirstName"
                },
                {
                    "id": "Owner.getAddress"
                },
                {
                    "id": "Pet.getType"
                },
                {
                    "id": "Owner.setCity"
                },
                {
                    "id": "NamedEntity.setName"
                },
                {
                    "id": "Owner.setLastName"
                },
                {
                    "id": "Owner.getLastName"
                },
                {
                    "id": "NamedEntity.toString"
                },
                {
                    "id": "PetType.PetType"
                },
                {
                    "id": "BaseEntity.BaseEntity"
                },
                {
                    "id": "PetType.getName"
                },
                {
                    "id": "Owner.setId"
                },
                {
                    "id": "Owner.getTelephone"
                },
                {
                    "id": "Person.getLastName"
                },
                {
                    "id": "BaseEntity.isNew"
                },
                {
                    "id": "Owner.addVisit"
                },
                {
                    "id": "Owner.toString"
                },
                {
                    "id": "Person.setFirstName"
                },
                {
                    "id": "NamedEntity.getName"
                },
                {
                    "id": "Pet.setType"
                },
                {
                    "id": "NamedEntity.NamedEntity"
                },
                {
                    "id": "Person.Person"
                },
                {
                    "id": "Owner.getPet"
                },
                {
                    "id": "Pet.getVisits"
                },
                {
                    "id": "Person.getFirstName"
                },
                {
                    "id": "Owner.getCity"
                },
                {
                    "id": "BaseEntity.getId"
                },
                {
                    "id": "Owner.getId"
                },
                {
                    "id": "Owner.setAddress"
                },
                {
                    "id": "Owner.getPets"
                },
                {
                    "id": "Pet.getName"
                },
                {
                    "id": "Pet.setBirthDate"
                },
                {
                    "id": "Pet.addVisit"
                },
                {
                    "id": "Person.setLastName"
                },
                {
                    "id": "Owner.isNew"
                },
                {
                    "id": "Pet.getBirthDate"
                }
            ],
            "patition3": [
                {
                    "id": "Visit.getDescription"
                },
                {
                    "id": "PetController.PetController"
                },
                {
                    "id": "PetController.initOwnerBinder"
                },
                {
                    "id": "PetController.initCreationForm"
                },
                {
                    "id": "PetValidator.PetValidator"
                },
                {
                    "id": "PetTypeFormatter.parse"
                },
                {
                    "id": "PetController.findPet"
                },
                {
                    "id": "PetController.initUpdateForm"
                },
                {
                    "id": "VisitController.loadPetWithVisit"
                },
                {
                    "id": "Visit.Visit"
                },
                {
                    "id": "PetValidator.supports"
                },
                {
                    "id": "VisitController.initNewVisitForm"
                },
                {
                    "id": "PetController.initPetBinder"
                },
                {
                    "id": "VisitController.VisitController"
                },
                {
                    "id": "PetValidator.validate"
                },
                {
                    "id": "VisitController.processNewVisitForm"
                },
                {
                    "id": "PetController.processUpdateForm"
                },
                {
                    "id": "VisitController.setAllowedFields"
                },
                {
                    "id": "PetController.findOwner"
                },
                {
                    "id": "PetTypeFormatter.print"
                },
                {
                    "id": "Visit.getDate"
                },
                {
                    "id": "Visit.setDate"
                },
                {
                    "id": "PetController.processCreationForm"
                },
                {
                    "id": "PetController.populatePetTypes"
                },
                {
                    "id": "PetTypeFormatter.PetTypeFormatter"
                },
                {
                    "id": "Visit.setDescription"
                }
            ]
        },
        "links": [
            {
                "source": "OWNER USE CASE",
                "target": "BaseEntity.getId",
                "weight": "20"
            },
            {
                "source": "OWNER USE CASE",
                "target": "BaseEntity.isNew",
                "weight": "28"
            },
            {
                "source": "OWNER USE CASE",
                "target": "BaseEntity.setId",
                "weight": "30"
            },
            {
                "source": "OWNER USE CASE",
                "target": "NamedEntity.getName",
                "weight": "15"
            },
            {
                "source": "OWNER USE CASE",
                "target": "NamedEntity.setName",
                "weight": "28"
            },
            {
                "source": "OWNER USE CASE",
                "target": "NamedEntity.toString",
                "weight": "2"
            },
            {
                "source": "OWNER USE CASE",
                "target": "Owner.addPet",
                "weight": "14"
            },
            {
                "source": "OWNER USE CASE",
                "target": "Owner.getAddress",
                "weight": "22"
            },
            {
                "source": "OWNER USE CASE",
                "target": "Owner.getCity",
                "weight": "24"
            },
            {
                "source": "OWNER USE CASE",
                "target": "Owner.getPet",
                "weight": "24"
            },
            {
                "source": "OWNER USE CASE",
                "target": "Owner.getPets",
                "weight": "31"
            },
            {
                "source": "OWNER USE CASE",
                "target": "Owner.getTelephone",
                "weight": "22"
            },
            {
                "source": "OWNER USE CASE",
                "target": "Owner.setAddress",
                "weight": "17"
            },
            {
                "source": "OWNER USE CASE",
                "target": "Owner.setCity",
                "weight": "17"
            },
            {
                "source": "OWNER USE CASE",
                "target": "Owner.setTelephone",
                "weight": "17"
            },
            {
                "source": "OWNER USE CASE",
                "target": "Owner.toString",
                "weight": "10"
            },
            {
                "source": "OWNER USE CASE",
                "target": "OwnerController.addPaginationModel",
                "weight": "1"
            },
            {
                "source": "OWNER USE CASE",
                "target": "OwnerController.findOwner",
                "weight": "12"
            },
            {
                "source": "OWNER USE CASE",
                "target": "OwnerController.findPaginatedForOwnersLastName",
                "weight": "3"
            },
            {
                "source": "OWNER USE CASE",
                "target": "OwnerController.initCreationForm",
                "weight": "1"
            },
            {
                "source": "OWNER USE CASE",
                "target": "OwnerController.initFindForm",
                "weight": "1"
            },
            {
                "source": "OWNER USE CASE",
                "target": "OwnerController.initUpdateOwnerForm",
                "weight": "1"
            },
            {
                "source": "OWNER USE CASE",
                "target": "OwnerController.processCreationForm",
                "weight": "2"
            },
            {
                "source": "OWNER USE CASE",
                "target": "OwnerController.processFindForm",
                "weight": "3"
            },
            {
                "source": "OWNER USE CASE",
                "target": "OwnerController.processUpdateOwnerForm",
                "weight": "3"
            },
            {
                "source": "OWNER USE CASE",
                "target": "OwnerController.setAllowedFields",
                "weight": "32"
            },
            {
                "source": "OWNER USE CASE",
                "target": "OwnerController.showOwner",
                "weight": "1"
            },
            {
                "source": "OWNER USE CASE",
                "target": "Person.getFirstName",
                "weight": "35"
            },
            {
                "source": "OWNER USE CASE",
                "target": "Person.getLastName",
                "weight": "47"
            },
            {
                "source": "OWNER USE CASE",
                "target": "Person.setFirstName",
                "weight": "18"
            },
            {
                "source": "OWNER USE CASE",
                "target": "Person.setLastName",
                "weight": "21"
            },
            {
                "source": "OWNER USE CASE",
                "target": "Pet.getBirthDate",
                "weight": "1"
            },
            {
                "source": "OWNER USE CASE",
                "target": "Pet.getType",
                "weight": "1"
            },
            {
                "source": "OWNER USE CASE",
                "target": "Pet.getVisits",
                "weight": "14"
            },
            {
                "source": "OWNER USE CASE",
                "target": "Pet.setBirthDate",
                "weight": "14"
            },
            {
                "source": "OWNER USE CASE",
                "target": "Pet.setType",
                "weight": "14"
            },
            {
                "source": "OWNER USE CASE",
                "target": "Visit.getDate",
                "weight": "1"
            },
            {
                "source": "OWNER USE CASE",
                "target": "Visit.getDescription",
                "weight": "1"
            },
            {
                "source": "OWNER USE CASE",
                "target": "Visit.setDate",
                "weight": "12"
            },
            {
                "source": "PET USE CASE",
                "target": "BaseEntity.getId",
                "weight": "12"
            },
            {
                "source": "PET USE CASE",
                "target": "BaseEntity.isNew",
                "weight": "34"
            },
            {
                "source": "PET USE CASE",
                "target": "BaseEntity.setId",
                "weight": "12"
            },
            {
                "source": "PET USE CASE",
                "target": "NamedEntity.getName",
                "weight": "52"
            },
            {
                "source": "PET USE CASE",
                "target": "NamedEntity.setName",
                "weight": "10"
            },
            {
                "source": "PET USE CASE",
                "target": "NamedEntity.toString",
                "weight": "16"
            },
            {
                "source": "PET USE CASE",
                "target": "Owner.addPet",
                "weight": "10"
            },
            {
                "source": "PET USE CASE",
                "target": "Owner.getPet",
                "weight": "6"
            },
            {
                "source": "PET USE CASE",
                "target": "Owner.getPets",
                "weight": "15"
            },
            {
                "source": "PET USE CASE",
                "target": "Owner.toString",
                "weight": "4"
            },
            {
                "source": "PET USE CASE",
                "target": "Person.getFirstName",
                "weight": "8"
            },
            {
                "source": "PET USE CASE",
                "target": "Person.getLastName",
                "weight": "8"
            },
            {
                "source": "PET USE CASE",
                "target": "Pet.getBirthDate",
                "weight": "24"
            },
            {
                "source": "PET USE CASE",
                "target": "Pet.getType",
                "weight": "27"
            },
            {
                "source": "PET USE CASE",
                "target": "Pet.setBirthDate",
                "weight": "3"
            },
            {
                "source": "PET USE CASE",
                "target": "Pet.setType",
                "weight": "2"
            },
            {
                "source": "PET USE CASE",
                "target": "PetController.findOwner",
                "weight": "6"
            },
            {
                "source": "PET USE CASE",
                "target": "PetController.findPet",
                "weight": "6"
            },
            {
                "source": "PET USE CASE",
                "target": "PetController.initCreationForm",
                "weight": "1"
            },
            {
                "source": "PET USE CASE",
                "target": "PetController.initOwnerBinder",
                "weight": "6"
            },
            {
                "source": "PET USE CASE",
                "target": "PetController.initPetBinder",
                "weight": "6"
            },
            {
                "source": "PET USE CASE",
                "target": "PetController.initUpdateForm",
                "weight": "1"
            },
            {
                "source": "PET USE CASE",
                "target": "PetController.populatePetTypes",
                "weight": "6"
            },
            {
                "source": "PET USE CASE",
                "target": "PetController.processCreationForm",
                "weight": "2"
            },
            {
                "source": "PET USE CASE",
                "target": "PetController.processUpdateForm",
                "weight": "2"
            },
            {
                "source": "PET USE CASE",
                "target": "PetTypeFormatter.parse",
                "weight": "12"
            },
            {
                "source": "PET USE CASE",
                "target": "PetValidator.supports",
                "weight": "6"
            },
            {
                "source": "PET USE CASE",
                "target": "PetValidator.validate",
                "weight": "4"
            },
            {
                "source": "VISIT USE CASE",
                "target": "BaseEntity.getId",
                "weight": "8"
            },
            {
                "source": "VISIT USE CASE",
                "target": "BaseEntity.isNew",
                "weight": "13"
            },
            {
                "source": "VISIT USE CASE",
                "target": "BaseEntity.setId",
                "weight": "3"
            },
            {
                "source": "VISIT USE CASE",
                "target": "NamedEntity.getName",
                "weight": "4"
            },
            {
                "source": "VISIT USE CASE",
                "target": "NamedEntity.toString",
                "weight": "2"
            },
            {
                "source": "VISIT USE CASE",
                "target": "Owner.addPet",
                "weight": "3"
            },
            {
                "source": "VISIT USE CASE",
                "target": "Owner.addVisit",
                "weight": "1"
            },
            {
                "source": "VISIT USE CASE",
                "target": "Owner.getPet",
                "weight": "4"
            },
            {
                "source": "VISIT USE CASE",
                "target": "Owner.getPets",
                "weight": "7"
            },
            {
                "source": "VISIT USE CASE",
                "target": "Owner.toString",
                "weight": "2"
            },
            {
                "source": "VISIT USE CASE",
                "target": "Person.getFirstName",
                "weight": "4"
            },
            {
                "source": "VISIT USE CASE",
                "target": "Person.getLastName",
                "weight": "4"
            },
            {
                "source": "VISIT USE CASE",
                "target": "Pet.addVisit",
                "weight": "4"
            },
            {
                "source": "VISIT USE CASE",
                "target": "Pet.getBirthDate",
                "weight": "2"
            },
            {
                "source": "VISIT USE CASE",
                "target": "Pet.getType",
                "weight": "2"
            },
            {
                "source": "VISIT USE CASE",
                "target": "Pet.getVisits",
                "weight": "6"
            },
            {
                "source": "VISIT USE CASE",
                "target": "Visit.getDate",
                "weight": "8"
            },
            {
                "source": "VISIT USE CASE",
                "target": "Visit.getDescription",
                "weight": "8"
            },
            {
                "source": "VISIT USE CASE",
                "target": "Visit.setDescription",
                "weight": "1"
            },
            {
                "source": "VISIT USE CASE",
                "target": "VisitController.initNewVisitForm",
                "weight": "1"
            },
            {
                "source": "VISIT USE CASE",
                "target": "VisitController.loadPetWithVisit",
                "weight": "3"
            },
            {
                "source": "VISIT USE CASE",
                "target": "VisitController.processNewVisitForm",
                "weight": "2"
            },
            {
                "source": "VISIT USE CASE",
                "target": "VisitController.setAllowedFields",
                "weight": "16"
            },
            {
                "source": "VET USE CASE",
                "target": "BaseEntity.getId",
                "weight": "3"
            },
            {
                "source": "VET USE CASE",
                "target": "BaseEntity.isNew",
                "weight": "3"
            },
            {
                "source": "VET USE CASE",
                "target": "BaseEntity.setId",
                "weight": "12"
            },
            {
                "source": "VET USE CASE",
                "target": "NamedEntity.getName",
                "weight": "2"
            },
            {
                "source": "VET USE CASE",
                "target": "NamedEntity.setName",
                "weight": "4"
            },
            {
                "source": "VET USE CASE",
                "target": "Person.getFirstName",
                "weight": "4"
            },
            {
                "source": "VET USE CASE",
                "target": "Person.getLastName",
                "weight": "4"
            },
            {
                "source": "VET USE CASE",
                "target": "Person.setFirstName",
                "weight": "8"
            },
            {
                "source": "VET USE CASE",
                "target": "Person.setLastName",
                "weight": "8"
            },
            {
                "source": "VET USE CASE",
                "target": "Vet.addSpecialty",
                "weight": "4"
            },
            {
                "source": "VET USE CASE",
                "target": "Vet.getNrOfSpecialties",
                "weight": "4"
            },
            {
                "source": "VET USE CASE",
                "target": "Vet.getSpecialties",
                "weight": "4"
            },
            {
                "source": "VET USE CASE",
                "target": "Vet.getSpecialtiesInternal",
                "weight": "12"
            },
            {
                "source": "VET USE CASE",
                "target": "VetController.addPaginationModel",
                "weight": "1"
            },
            {
                "source": "VET USE CASE",
                "target": "VetController.findPaginated",
                "weight": "1"
            },
            {
                "source": "VET USE CASE",
                "target": "VetController.showResourcesVetList",
                "weight": "1"
            },
            {
                "source": "VET USE CASE",
                "target": "VetController.showVetList",
                "weight": "1"
            },
            {
                "source": "VET USE CASE",
                "target": "Vets.getVetList",
                "weight": "3"
            }
        ]
    },
    "4_database_access": {
        "decomposition": {
            "OWNERS TABLE": [
                {
                    "id": "OWNERS TABLE"
                }
            ],
            "PETS TABLE": [
                {
                    "id": "PETS TABLE"
                }
            ],
            "SPECIALTIES TABLE": [
                {
                    "id": "SPECIALTIES TABLE"
                }
            ],
            "TYPES TABLE": [
                {
                    "id": "TYPES TABLE"
                }
            ],
            "VETS TABLE": [
                {
                    "id": "VETS TABLE"
                }
            ],
            "VET_SPECIALTIES TABLE": [
                {
                    "id": "VET_SPECIALTIES TABLE"
                }
            ],
            "VISITS TABLE": [
                {
                    "id": "VISITS TABLE"
                }
            ],
            "patition0": [
                {
                    "id": "OwnerRepository.findAll"
                },
                {
                    "id": "VetController.addPaginationModel"
                },
                {
                    "id": "OwnerRepository.findPetTypes"
                },
                {
                    "id": "OwnerRepository.findByLastName"
                },
                {
                    "id": "OwnerRepository.findById"
                },
                {
                    "id": "OwnerRepository.save"
                },
                {
                    "id": "VetController.findPaginated"
                },
                {
                    "id": "VetController.showVetList"
                },
                {
                    "id": "Vets.Vets"
                },
                {
                    "id": "Vets.getVetList"
                },
                {
                    "id": "VetController.VetController"
                },
                {
                    "id": "VetController.showResourcesVetList"
                },
                {
                    "id": "VetRepository.findAll"
                }
            ],
            "patition2": [
                {
                    "id": "Owner.Owner"
                },
                {
                    "id": "Owner.setTelephone"
                },
                {
                    "id": "Pet.isNew"
                },
                {
                    "id": "Owner.addPet"
                },
                {
                    "id": "Pet.Pet"
                },
                {
                    "id": "Specialty.Specialty"
                },
                {
                    "id": "BaseEntity.setId"
                },
                {
                    "id": "Pet.getId"
                },
                {
                    "id": "Owner.getFirstName"
                },
                {
                    "id": "Owner.getAddress"
                },
                {
                    "id": "Pet.getType"
                },
                {
                    "id": "Owner.setCity"
                },
                {
                    "id": "NamedEntity.setName"
                },
                {
                    "id": "Owner.setLastName"
                },
                {
                    "id": "Owner.getLastName"
                },
                {
                    "id": "NamedEntity.toString"
                },
                {
                    "id": "PetType.PetType"
                },
                {
                    "id": "BaseEntity.BaseEntity"
                },
                {
                    "id": "PetType.getName"
                },
                {
                    "id": "Owner.setId"
                },
                {
                    "id": "Owner.getTelephone"
                },
                {
                    "id": "Person.getLastName"
                },
                {
                    "id": "BaseEntity.isNew"
                },
                {
                    "id": "Owner.addVisit"
                },
                {
                    "id": "Owner.toString"
                },
                {
                    "id": "Person.setFirstName"
                },
                {
                    "id": "NamedEntity.getName"
                },
                {
                    "id": "Pet.setType"
                },
                {
                    "id": "NamedEntity.NamedEntity"
                },
                {
                    "id": "Person.Person"
                },
                {
                    "id": "Owner.getPet"
                },
                {
                    "id": "Pet.getVisits"
                },
                {
                    "id": "Person.getFirstName"
                },
                {
                    "id": "Owner.getCity"
                },
                {
                    "id": "BaseEntity.getId"
                },
                {
                    "id": "Owner.getId"
                },
                {
                    "id": "Owner.setAddress"
                },
                {
                    "id": "Owner.getPets"
                },
                {
                    "id": "Pet.getName"
                },
                {
                    "id": "Pet.setBirthDate"
                },
                {
                    "id": "Pet.addVisit"
                },
                {
                    "id": "Person.setLastName"
                },
                {
                    "id": "Owner.isNew"
                },
                {
                    "id": "Pet.getBirthDate"
                }
            ],
            "patition3": [
                {
                    "id": "Visit.getDescription"
                },
                {
                    "id": "PetController.PetController"
                },
                {
                    "id": "PetController.initOwnerBinder"
                },
                {
                    "id": "PetController.initCreationForm"
                },
                {
                    "id": "PetValidator.PetValidator"
                },
                {
                    "id": "PetTypeFormatter.parse"
                },
                {
                    "id": "PetController.findPet"
                },
                {
                    "id": "PetController.initUpdateForm"
                },
                {
                    "id": "VisitController.loadPetWithVisit"
                },
                {
                    "id": "Visit.Visit"
                },
                {
                    "id": "PetValidator.supports"
                },
                {
                    "id": "VisitController.initNewVisitForm"
                },
                {
                    "id": "PetController.initPetBinder"
                },
                {
                    "id": "VisitController.VisitController"
                },
                {
                    "id": "PetValidator.validate"
                },
                {
                    "id": "VisitController.processNewVisitForm"
                },
                {
                    "id": "PetController.processUpdateForm"
                },
                {
                    "id": "VisitController.setAllowedFields"
                },
                {
                    "id": "PetController.findOwner"
                },
                {
                    "id": "PetTypeFormatter.print"
                },
                {
                    "id": "Visit.getDate"
                },
                {
                    "id": "Visit.setDate"
                },
                {
                    "id": "PetController.processCreationForm"
                },
                {
                    "id": "PetController.populatePetTypes"
                },
                {
                    "id": "PetTypeFormatter.PetTypeFormatter"
                },
                {
                    "id": "Visit.setDescription"
                }
            ]
        },
        "links": [
            {
                "source": "Owner.Owner",
                "target": "OWNERS TABLE",
                "weight": "1"
            },
            {
                "source": "Owner.addPet",
                "target": "OWNERS TABLE",
                "weight": "1"
            },
            {
                "source": "Owner.addVisit",
                "target": "OWNERS TABLE",
                "weight": "1"
            },
            {
                "source": "Owner.getAddress",
                "target": "OWNERS TABLE",
                "weight": "1"
            },
            {
                "source": "Owner.getCity",
                "target": "OWNERS TABLE",
                "weight": "1"
            },
            {
                "source": "Owner.getFirstName",
                "target": "OWNERS TABLE",
                "weight": "1"
            },
            {
                "source": "Owner.getId",
                "target": "OWNERS TABLE",
                "weight": "1"
            },
            {
                "source": "Owner.getLastName",
                "target": "OWNERS TABLE",
                "weight": "1"
            },
            {
                "source": "Owner.getPet",
                "target": "OWNERS TABLE",
                "weight": "1"
            },
            {
                "source": "Owner.getPets",
                "target": "OWNERS TABLE",
                "weight": "1"
            },
            {
                "source": "Owner.getTelephone",
                "target": "OWNERS TABLE",
                "weight": "1"
            },
            {
                "source": "Owner.setAddress",
                "target": "OWNERS TABLE",
                "weight": "1"
            },
            {
                "source": "Owner.setCity",
                "target": "OWNERS TABLE",
                "weight": "1"
            },
            {
                "source": "Owner.setId",
                "target": "OWNERS TABLE",
                "weight": "1"
            },
            {
                "source": "Owner.setLastName",
                "target": "OWNERS TABLE",
                "weight": "1"
            },
            {
                "source": "Owner.setTelephone",
                "target": "OWNERS TABLE",
                "weight": "1"
            },
            {
                "source": "Owner.toString",
                "target": "OWNERS TABLE",
                "weight": "1"
            },
            {
                "source": "OwnerController.findOwner",
                "target": "OWNERS TABLE",
                "weight": "1"
            },
            {
                "source": "OwnerController.findPaginatedForOwnersLastName",
                "target": "OWNERS TABLE",
                "weight": "1"
            },
            {
                "source": "OwnerController.initCreationForm",
                "target": "OWNERS TABLE",
                "weight": "1"
            },
            {
                "source": "OwnerController.initUpdateOwnerForm",
                "target": "OWNERS TABLE",
                "weight": "1"
            },
            {
                "source": "OwnerController.processCreationForm",
                "target": "OWNERS TABLE",
                "weight": "1"
            },
            {
                "source": "OwnerController.processFindForm",
                "target": "OWNERS TABLE",
                "weight": "1"
            },
            {
                "source": "OwnerController.processUpdateOwnerForm",
                "target": "OWNERS TABLE",
                "weight": "1"
            },
            {
                "source": "OwnerController.showOwner",
                "target": "OWNERS TABLE",
                "weight": "1"
            },
            {
                "source": "OwnerRepository.findAll",
                "target": "OWNERS TABLE",
                "weight": "1"
            },
            {
                "source": "OwnerRepository.findById",
                "target": "OWNERS TABLE",
                "weight": "1"
            },
            {
                "source": "OwnerRepository.findByLastName",
                "target": "OWNERS TABLE",
                "weight": "1"
            },
            {
                "source": "OwnerRepository.save",
                "target": "OWNERS TABLE",
                "weight": "1"
            },
            {
                "source": "PetController.findOwner",
                "target": "OWNERS TABLE",
                "weight": "1"
            },
            {
                "source": "PetController.findPet",
                "target": "OWNERS TABLE",
                "weight": "1"
            },
            {
                "source": "PetController.initCreationForm",
                "target": "OWNERS TABLE",
                "weight": "1"
            },
            {
                "source": "PetController.initUpdateForm",
                "target": "OWNERS TABLE",
                "weight": "1"
            },
            {
                "source": "PetController.processCreationForm",
                "target": "OWNERS TABLE",
                "weight": "1"
            },
            {
                "source": "PetController.processUpdateForm",
                "target": "OWNERS TABLE",
                "weight": "1"
            },
            {
                "source": "VisitController.loadPetWithVisit",
                "target": "OWNERS TABLE",
                "weight": "1"
            },
            {
                "source": "VisitController.processNewVisitForm",
                "target": "OWNERS TABLE",
                "weight": "1"
            },
            {
                "source": "Owner.addPet",
                "target": "PETS TABLE",
                "weight": "1"
            },
            {
                "source": "Owner.addVisit",
                "target": "PETS TABLE",
                "weight": "1"
            },
            {
                "source": "Owner.getPet",
                "target": "PETS TABLE",
                "weight": "1"
            },
            {
                "source": "Owner.getPets",
                "target": "PETS TABLE",
                "weight": "1"
            },
            {
                "source": "OwnerController.findOwner",
                "target": "PETS TABLE",
                "weight": "1"
            },
            {
                "source": "OwnerController.findPaginatedForOwnersLastName",
                "target": "PETS TABLE",
                "weight": "1"
            },
            {
                "source": "OwnerController.initUpdateOwnerForm",
                "target": "PETS TABLE",
                "weight": "1"
            },
            {
                "source": "OwnerController.processFindForm",
                "target": "PETS TABLE",
                "weight": "1"
            },
            {
                "source": "OwnerController.showOwner",
                "target": "PETS TABLE",
                "weight": "1"
            },
            {
                "source": "OwnerRepository.findById",
                "target": "PETS TABLE",
                "weight": "1"
            },
            {
                "source": "OwnerRepository.findByLastName",
                "target": "PETS TABLE",
                "weight": "1"
            },
            {
                "source": "Pet.Pet",
                "target": "PETS TABLE",
                "weight": "1"
            },
            {
                "source": "Pet.addVisit",
                "target": "PETS TABLE",
                "weight": "1"
            },
            {
                "source": "Pet.getBirthDate",
                "target": "PETS TABLE",
                "weight": "1"
            },
            {
                "source": "Pet.getId",
                "target": "PETS TABLE",
                "weight": "1"
            },
            {
                "source": "Pet.getName",
                "target": "PETS TABLE",
                "weight": "1"
            },
            {
                "source": "Pet.getType",
                "target": "PETS TABLE",
                "weight": "1"
            },
            {
                "source": "Pet.getVisits",
                "target": "PETS TABLE",
                "weight": "1"
            },
            {
                "source": "Pet.setBirthDate",
                "target": "PETS TABLE",
                "weight": "1"
            },
            {
                "source": "Pet.setType",
                "target": "PETS TABLE",
                "weight": "1"
            },
            {
                "source": "PetController.findOwner",
                "target": "PETS TABLE",
                "weight": "1"
            },
            {
                "source": "PetController.findPet",
                "target": "PETS TABLE",
                "weight": "1"
            },
            {
                "source": "PetController.initCreationForm",
                "target": "PETS TABLE",
                "weight": "1"
            },
            {
                "source": "PetController.initUpdateForm",
                "target": "PETS TABLE",
                "weight": "1"
            },
            {
                "source": "PetController.processCreationForm",
                "target": "PETS TABLE",
                "weight": "1"
            },
            {
                "source": "PetController.processUpdateForm",
                "target": "PETS TABLE",
                "weight": "1"
            },
            {
                "source": "PetValidator.validate",
                "target": "PETS TABLE",
                "weight": "1"
            },
            {
                "source": "VisitController.loadPetWithVisit",
                "target": "PETS TABLE",
                "weight": "1"
            },
            {
                "source": "VisitController.processNewVisitForm",
                "target": "PETS TABLE",
                "weight": "1"
            },
            {
                "source": "Specialty.Specialty",
                "target": "SPECIALTIES TABLE",
                "weight": "1"
            },
            {
                "source": "OwnerRepository.findPetTypes",
                "target": "TYPES TABLE",
                "weight": "1"
            },
            {
                "source": "Pet.getType",
                "target": "TYPES TABLE",
                "weight": "1"
            },
            {
                "source": "Pet.setType",
                "target": "TYPES TABLE",
                "weight": "1"
            },
            {
                "source": "PetController.populatePetTypes",
                "target": "TYPES TABLE",
                "weight": "1"
            },
            {
                "source": "PetType.PetType",
                "target": "TYPES TABLE",
                "weight": "1"
            },
            {
                "source": "PetType.getName",
                "target": "TYPES TABLE",
                "weight": "1"
            },
            {
                "source": "PetTypeFormatter.parse",
                "target": "TYPES TABLE",
                "weight": "1"
            },
            {
                "source": "PetTypeFormatter.print",
                "target": "TYPES TABLE",
                "weight": "1"
            },
            {
                "source": "PetValidator.validate",
                "target": "TYPES TABLE",
                "weight": "1"
            },
            {
                "source": "Vet.addSpecialty",
                "target": "VET_SPECIALTIES TABLE",
                "weight": "1"
            },
            {
                "source": "Vet.getNrOfSpecialties",
                "target": "VET_SPECIALTIES TABLE",
                "weight": "1"
            },
            {
                "source": "Vet.getSpecialties",
                "target": "VET_SPECIALTIES TABLE",
                "weight": "1"
            },
            {
                "source": "Vet.getSpecialtiesInternal",
                "target": "VET_SPECIALTIES TABLE",
                "weight": "1"
            },
            {
                "source": "Vet.setSpecialtiesInternal",
                "target": "VET_SPECIALTIES TABLE",
                "weight": "1"
            },
            {
                "source": "Vet.Vet",
                "target": "VETS TABLE",
                "weight": "1"
            },
            {
                "source": "Vet.addSpecialty",
                "target": "VETS TABLE",
                "weight": "1"
            },
            {
                "source": "Vet.getNrOfSpecialties",
                "target": "VETS TABLE",
                "weight": "1"
            },
            {
                "source": "Vet.getSpecialties",
                "target": "VETS TABLE",
                "weight": "1"
            },
            {
                "source": "Vet.getSpecialtiesInternal",
                "target": "VETS TABLE",
                "weight": "1"
            },
            {
                "source": "Vet.setSpecialtiesInternal",
                "target": "VETS TABLE",
                "weight": "1"
            },
            {
                "source": "VetController.findPaginated",
                "target": "VETS TABLE",
                "weight": "1"
            },
            {
                "source": "VetController.showResourcesVetList",
                "target": "VETS TABLE",
                "weight": "1"
            },
            {
                "source": "VetController.showVetList",
                "target": "VETS TABLE",
                "weight": "1"
            },
            {
                "source": "VetRepository.findAll",
                "target": "VETS TABLE",
                "weight": "1"
            },
            {
                "source": "Vets.Vets",
                "target": "VETS TABLE",
                "weight": "1"
            },
            {
                "source": "Vets.getVetList",
                "target": "VETS TABLE",
                "weight": "1"
            },
            {
                "source": "Owner.addVisit",
                "target": "VISITS TABLE",
                "weight": "1"
            },
            {
                "source": "Pet.addVisit",
                "target": "VISITS TABLE",
                "weight": "1"
            },
            {
                "source": "Pet.getVisits",
                "target": "VISITS TABLE",
                "weight": "1"
            },
            {
                "source": "Visit.Visit",
                "target": "VISITS TABLE",
                "weight": "1"
            },
            {
                "source": "Visit.getDate",
                "target": "VISITS TABLE",
                "weight": "1"
            },
            {
                "source": "Visit.getDescription",
                "target": "VISITS TABLE",
                "weight": "1"
            },
            {
                "source": "Visit.setDate",
                "target": "VISITS TABLE",
                "weight": "1"
            },
            {
                "source": "Visit.setDescription",
                "target": "VISITS TABLE",
                "weight": "1"
            },
            {
                "source": "VisitController.loadPetWithVisit",
                "target": "VISITS TABLE",
                "weight": "1"
            },
            {
                "source": "VisitController.processNewVisitForm",
                "target": "VISITS TABLE",
                "weight": "1"
            }
        ]
    }
}