,method,stmtLineNumber,stmt
0,<de.ecspride.MainActivity: void aliasFlowTest()>,-1,$r1 = virtualinvoke r5.<android.telephony.TelephonyManager: java.lang.String getDeviceId()>()
1,<de.ecspride.MainActivity: void aliasFlowTest()>,-1,r2.<de.ecspride.MainActivity$A: java.lang.String b> = $r1
2,<de.ecspride.MainActivity: void aliasFlowTest()>,-1,r3.<de.ecspride.MainActivity$B: de.ecspride.MainActivity$A attr> = r2
3,<de.ecspride.MainActivity: void aliasFlowTest()>,-1,r2 = r3.<de.ecspride.MainActivity$B: de.ecspride.MainActivity$A attr>
4,<de.ecspride.MainActivity: void aliasFlowTest()>,-1,$r1 = r2.<de.ecspride.MainActivity$A: java.lang.String b>
5,<de.ecspride.MainActivity: void aliasFlowTest()>,-1,"virtualinvoke $r6.<android.telephony.SmsManager: void sendTextMessage(java.lang.String,java.lang.String,java.lang.String,android.app.PendingIntent,android.app.PendingIntent)>(""+49 1234"", null, $r1, null, null)"
