{
    "MEM": {
        "decomposition": {
            "0": [
                {
                    "id": "AlcoholCalculator"
                },
                {
                    "id": "package-info"
                }
            ],
            "1": [
                {
                    "id": "ServletUtils"
                },
                {
                    "id": "Loan"
                },
                {
                    "id": "RegistrationStatusEnums"
                }
            ],
            "2": [
                {
                    "id": "DbServletTests"
                },
                {
                    "id": "DateUtilsTests"
                }
            ],
            "3": [
                {
                    "id": "basic_test.py"
                },
                {
                    "id": "Borrower"
                },
                {
                    "id": "librarianStepDefs.py"
                },
                {
                    "id": "environment.py"
                },
                {
                    "id": "authenticationStepDefs.py"
                },
                {
                    "id": "fibonacciStepDefs.py"
                },
                {
                    "id": "ackermannStepDefs.py"
                }
            ],
            "4": [
                {
                    "id": "RegistrationStepDefs"
                },
                {
                    "id": "LibraryBookListSearchServletTests"
                },
                {
                    "id": "AckermannStepDefs"
                },
                {
                    "id": "MathServletTests"
                },
                {
                    "id": "StringUtilsTests"
                }
            ],
            "5": [
                {
                    "id": "FibonacciIterative"
                },
                {
                    "id": "AckServlet"
                }
            ],
            "6": [
                {
                    "id": "Fibonacci"
                },
                {
                    "id": "package-info"
                },
                {
                    "id": "StringUtils"
                },
                {
                    "id": "LibraryBorrowerListSearchServlet"
                },
                {
                    "id": "LibraryRegisterBookServlet"
                },
                {
                    "id": "package-info"
                },
                {
                    "id": "LibraryUtilsTests"
                },
                {
                    "id": "FibonacciParameterizedTests"
                },
                {
                    "id": "LoginUtilsTests"
                }
            ],
            "7": [
                {
                    "id": "SeleniumTests"
                },
                {
                    "id": "CalculatorTests"
                },
                {
                    "id": "ApiCalls"
                },
                {
                    "id": "HtmlUnitTests"
                }
            ],
            "8": [
                {
                    "id": "LoginStepDefs"
                },
                {
                    "id": "LibraryLendServlet"
                },
                {
                    "id": "LibraryActionResults"
                },
                {
                    "id": "AckermannParameterizedTests"
                }
            ],
            "9": [
                {
                    "id": "LoginServlet"
                },
                {
                    "id": "AckServletTests"
                },
                {
                    "id": "IPersistenceLayer"
                }
            ],
            "10": [
                {
                    "id": "LibraryRegisterBookServletTests"
                },
                {
                    "id": "LibraryBorrowerListSearchServletTests"
                },
                {
                    "id": "DbServlet"
                },
                {
                    "id": "User"
                },
                {
                    "id": "Book"
                },
                {
                    "id": "RegisterServletTests"
                },
                {
                    "id": "WebAppListener"
                }
            ],
            "11": [
                {
                    "id": "Ackermann"
                },
                {
                    "id": "AutoInsuranceProcessorTests"
                },
                {
                    "id": "DateUtils"
                },
                {
                    "id": "BorrowerTests"
                },
                {
                    "id": "RegisterServlet"
                },
                {
                    "id": "WebAppListenerTests"
                },
                {
                    "id": "LibraryUtils"
                }
            ],
            "12": [
                {
                    "id": "MathStepDefs"
                },
                {
                    "id": "package-info"
                },
                {
                    "id": "LibraryLendServletTests"
                },
                {
                    "id": "FibonacciStepDefs"
                },
                {
                    "id": "RegistrationResultTests"
                },
                {
                    "id": "PasswordResultTests"
                }
            ],
            "13": [
                {
                    "id": "AutoInsuranceScriptClient"
                },
                {
                    "id": "FibServletTests"
                },
                {
                    "id": "TailRecursive"
                },
                {
                    "id": "AutoInsuranceProcessor"
                }
            ],
            "14": [
                {
                    "id": "LoginServletTests"
                },
                {
                    "id": "AckermannIterative"
                }
            ],
            "15": [
                {
                    "id": "CartesianProductStepDefs"
                },
                {
                    "id": "BookTests"
                },
                {
                    "id": "UserTests"
                },
                {
                    "id": "LendingTests"
                },
                {
                    "id": "CartesianProduct"
                }
            ],
            "16": [
                {
                    "id": "AckermannIterativeParameterizedTests"
                },
                {
                    "id": "AssertionException"
                }
            ],
            "17": [
                {
                    "id": "AddDeleteListSearchBooksAndBorrowersStepDefs"
                },
                {
                    "id": "package-info"
                }
            ],
            "18": [
                {
                    "id": "InvalidClaimsException"
                },
                {
                    "id": "ExecutionDataClient"
                }
            ],
            "19": [
                {
                    "id": "AutoInsuranceUI"
                },
                {
                    "id": "package-info"
                }
            ],
            "20": [
                {
                    "id": "AutoInsuranceAction"
                },
                {
                    "id": "AutoInsuranceScriptServer"
                }
            ],
            "21": [
                {
                    "id": "LoginUtils"
                },
                {
                    "id": "Calculator"
                },
                {
                    "id": "CheckUtilsTests"
                },
                {
                    "id": "test_api.py"
                },
                {
                    "id": "LibraryBookListSearchServlet"
                }
            ]
        }
    }
}