partitionID,className,classID
0,AlcoholCalculator.java,src/main/java/com/coveros/training/expenses/AlcoholCalculator.java
0,package-info.java,src/main/java/com/coveros/training/library/domainobjects/package-info.java
1,ServletUtils.java,src/main/java/com/coveros/training/helpers/ServletUtils.java
1,Loan.java,src/main/java/com/coveros/training/library/domainobjects/Loan.java
1,RegistrationStatusEnums.java,src/main/java/com/coveros/training/authentication/domainobjects/RegistrationStatusEnums.java
2,DbServletTests.java,src/test/java/com/coveros/training/persistence/DbServletTests.java
2,DateUtilsTests.java,src/test/java/com/coveros/training/helpers/DateUtilsTests.java
3,basic_test.py,src/ui_tests/python/basic_test.py
3,Borrower.java,src/main/java/com/coveros/training/library/domainobjects/Borrower.java
3,librarianStepDefs.py,src/ui_tests/behave/features/steps/librarianStepDefs.py
3,environment.py,src/ui_tests/behave/features/environment.py
3,authenticationStepDefs.py,src/ui_tests/behave/features/steps/authenticationStepDefs.py
3,fibonacciStepDefs.py,src/ui_tests/behave/features/steps/fibonacciStepDefs.py
3,ackermannStepDefs.py,src/ui_tests/behave/features/steps/ackermannStepDefs.py
4,RegistrationStepDefs.java,src/bdd_test/java/com/coveros/training/authentication/RegistrationStepDefs.java
4,LibraryBookListSearchServletTests.java,src/test/java/com/coveros/training/library/LibraryBookListSearchServletTests.java
4,AckermannStepDefs.java,src/bdd_test/java/com/coveros/training/math/AckermannStepDefs.java
4,MathServletTests.java,src/test/java/com/coveros/training/mathematics/MathServletTests.java
4,StringUtilsTests.java,src/test/java/com/coveros/training/helpers/StringUtilsTests.java
5,FibonacciIterative.java,src/main/java/com/coveros/training/mathematics/FibonacciIterative.java
5,AckServlet.java,src/main/java/com/coveros/training/mathematics/AckServlet.java
6,Fibonacci.java,src/main/java/com/coveros/training/mathematics/Fibonacci.java
6,package-info.java,src/main/java/com/coveros/training/helpers/package-info.java
6,StringUtils.java,src/main/java/com/coveros/training/helpers/StringUtils.java
6,LibraryBorrowerListSearchServlet.java,src/main/java/com/coveros/training/library/LibraryBorrowerListSearchServlet.java
6,LibraryRegisterBookServlet.java,src/main/java/com/coveros/training/library/LibraryRegisterBookServlet.java
6,package-info.java,src/main/java/com/coveros/training/library/package-info.java
6,LibraryUtilsTests.java,src/test/java/com/coveros/training/library/LibraryUtilsTests.java
6,FibonacciParameterizedTests.java,src/test/java/com/coveros/training/mathematics/FibonacciParameterizedTests.java
6,LoginUtilsTests.java,src/test/java/com/coveros/training/authentication/LoginUtilsTests.java
7,SeleniumTests.java,src/ui_tests/java/src/test/java/com/coveros/training/SeleniumTests.java
7,CalculatorTests.java,src/test/java/com/coveros/training/mathematics/CalculatorTests.java
7,ApiCalls.java,src/ui_tests/java/src/test/java/com/coveros/training/ApiCalls.java
7,HtmlUnitTests.java,src/ui_tests/java/src/test/java/com/coveros/training/HtmlUnitTests.java
8,LoginStepDefs.java,src/bdd_test/java/com/coveros/training/authentication/LoginStepDefs.java
8,LibraryLendServlet.java,src/main/java/com/coveros/training/library/LibraryLendServlet.java
8,LibraryActionResults.java,src/main/java/com/coveros/training/library/domainobjects/LibraryActionResults.java
8,AckermannParameterizedTests.java,src/test/java/com/coveros/training/mathematics/AckermannParameterizedTests.java
9,LoginServlet.java,src/main/java/com/coveros/training/authentication/LoginServlet.java
9,AckServletTests.java,src/test/java/com/coveros/training/mathematics/AckServletTests.java
9,IPersistenceLayer.java,src/main/java/com/coveros/training/persistence/IPersistenceLayer.java
10,LibraryRegisterBookServletTests.java,src/test/java/com/coveros/training/library/LibraryRegisterBookServletTests.java
10,LibraryBorrowerListSearchServletTests.java,src/test/java/com/coveros/training/library/LibraryBorrowerListSearchServletTests.java
10,DbServlet.java,src/main/java/com/coveros/training/persistence/DbServlet.java
10,User.java,src/main/java/com/coveros/training/authentication/domainobjects/User.java
10,Book.java,src/main/java/com/coveros/training/library/domainobjects/Book.java
10,RegisterServletTests.java,src/test/java/com/coveros/training/authentication/RegisterServletTests.java
10,WebAppListener.java,src/main/java/com/coveros/training/tomcat/WebAppListener.java
11,Ackermann.java,src/main/java/com/coveros/training/mathematics/Ackermann.java
11,AutoInsuranceProcessorTests.java,desktop_app/src/test/java/com/coveros/training/autoinsurance/AutoInsuranceProcessorTests.java
11,DateUtils.java,src/test/java/com/coveros/training/helpers/DateUtils.java
11,BorrowerTests.java,src/test/java/com/coveros/training/library/domainobjects/BorrowerTests.java
11,RegisterServlet.java,src/main/java/com/coveros/training/authentication/RegisterServlet.java
11,WebAppListenerTests.java,src/test/java/com/coveros/training/tomcat/WebAppListenerTests.java
11,LibraryUtils.java,src/main/java/com/coveros/training/library/LibraryUtils.java
12,MathStepDefs.java,src/bdd_test/java/com/coveros/training/math/MathStepDefs.java
12,package-info.java,src/main/java/com/coveros/training/expenses/package-info.java
12,LibraryLendServletTests.java,src/test/java/com/coveros/training/library/LibraryLendServletTests.java
12,FibonacciStepDefs.java,src/bdd_test/java/com/coveros/training/math/FibonacciStepDefs.java
12,RegistrationResultTests.java,src/test/java/com/coveros/training/authentication/domainobjects/RegistrationResultTests.java
12,PasswordResultTests.java,src/test/java/com/coveros/training/authentication/domainobjects/PasswordResultTests.java
13,AutoInsuranceScriptClient.java,desktop_app/src/test/java/com/coveros/training/autoinsurance/AutoInsuranceScriptClient.java
13,FibServletTests.java,src/test/java/com/coveros/training/mathematics/FibServletTests.java
13,TailRecursive.java,src/main/java/com/coveros/training/mathematics/TailRecursive.java
13,AutoInsuranceProcessor.java,desktop_app/src/main/java/com/coveros/training/autoinsurance/AutoInsuranceProcessor.java
14,LoginServletTests.java,src/test/java/com/coveros/training/authentication/LoginServletTests.java
14,AckermannIterative.java,src/main/java/com/coveros/training/mathematics/AckermannIterative.java
15,CartesianProductStepDefs.java,src/bdd_test/java/com/coveros/training/cartesianproduct/CartesianProductStepDefs.java
15,BookTests.java,src/test/java/com/coveros/training/library/domainobjects/BookTests.java
15,UserTests.java,src/test/java/com/coveros/training/authentication/domainobjects/UserTests.java
15,LendingTests.java,src/test/java/com/coveros/training/library/LendingTests.java
15,CartesianProduct.java,src/main/java/com/coveros/training/cartesianproduct/CartesianProduct.java
16,AckermannIterativeParameterizedTests.java,src/test/java/com/coveros/training/mathematics/AckermannIterativeParameterizedTests.java
16,AssertionException.java,src/main/java/com/coveros/training/helpers/AssertionException.java
17,AddDeleteListSearchBooksAndBorrowersStepDefs.java,src/bdd_test/java/com/coveros/training/library/AddDeleteListSearchBooksAndBorrowersStepDefs.java
17,package-info.java,src/main/java/com/coveros/training/authentication/package-info.java
18,InvalidClaimsException.java,desktop_app/src/main/java/com/coveros/training/autoinsurance/InvalidClaimsException.java
18,ExecutionDataClient.java,desktop_app/src/test/java/com/coveros/training/autoinsurance/ExecutionDataClient.java
19,AutoInsuranceUI.java,desktop_app/src/main/java/com/coveros/training/autoinsurance/AutoInsuranceUI.java
19,package-info.java,src/main/java/com/coveros/training/cartesianproduct/package-info.java
20,AutoInsuranceAction.java,desktop_app/src/main/java/com/coveros/training/autoinsurance/AutoInsuranceAction.java
20,AutoInsuranceScriptServer.java,desktop_app/src/main/java/com/coveros/training/autoinsurance/AutoInsuranceScriptServer.java
21,LoginUtils.java,src/main/java/com/coveros/training/authentication/LoginUtils.java
21,Calculator.java,src/main/java/com/coveros/training/mathematics/Calculator.java
21,CheckUtilsTests.java,src/test/java/com/coveros/training/helpers/CheckUtilsTests.java
21,test_api.py,src/api_tests/test_api.py
21,LibraryBookListSearchServlet.java,src/main/java/com/coveros/training/library/LibraryBookListSearchServlet.java
