{
    "class-names": {
        "decomposition": {
            "partition0": [
                {
                    "id": "builtins/eval"
                }, 
                {
                    "id": "eval"
                }
            ], 
            "partition1": [
                {
                    "id": "lib/readline/input"
                }, 
                {
                    "id": "input"
                }, 
                {
                    "id": "lib/sh/input_avail"
                }
            ], 
            "partition2": [
                {
                    "id": "lib/tilde/shell"
                }, 
                {
                    "id": "lib/readline/shell"
                }, 
                {
                    "id": "shell"
                }
            ], 
            "partition3": [
                {
                    "id": "copy_cmd"
                }, 
                {
                    "id": "execute_cmd"
                }, 
                {
                    "id": "print_cmd"
                }, 
                {
                    "id": "dispose_cmd"
                }, 
                {
                    "id": "make_cmd"
                }
            ], 
            "partition4": [
                {
                    "id": "lib/intl/plural"
                }, 
                {
                    "id": "lib/intl/eval-plural"
                }, 
                {
                    "id": "lib/intl/plural-exp"
                }
            ], 
            "partition5": [
                {
                    "id": "builtins/history"
                }, 
                {
                    "id": "lib/readline/history"
                }
            ], 
            "partition6": [
                {
                    "id": "lib/glob/glob_loop"
                }, 
                {
                    "id": "lib/glob/sm_loop"
                }, 
                {
                    "id": "lib/glob/glob"
                }
            ], 
            "partition7": [
                {
                    "id": "lib/sh/shmbchar"
                }, 
                {
                    "id": "include/shmbchar"
                }
            ], 
            "partition8": [
                {
                    "id": "builtins/hash"
                }, 
                {
                    "id": "lib/intl/hash-string"
                }
            ], 
            "partition9": [
                {
                    "id": "include/posixdir"
                }, 
                {
                    "id": "lib/readline/posixdir"
                }
            ], 
            "partition10": [
                {
                    "id": "lib/tilde/tilde"
                }, 
                {
                    "id": "lib/readline/tilde"
                }
            ], 
            "partition11": [
                {
                    "id": "lib/readline/posixjmp"
                }, 
                {
                    "id": "include/posixjmp"
                }
            ], 
            "partition12": [
                {
                    "id": "lib/readline/xmalloc"
                }, 
                {
                    "id": "lib/malloc/xmalloc"
                }, 
                {
                    "id": "xmalloc"
                }
            ], 
            "partition13": [
                {
                    "id": "signames"
                }, 
                {
                    "id": "support/signames"
                }
            ], 
            "partition14": [
                {
                    "id": "config-top"
                }, 
                {
                    "id": "config"
                }, 
                {
                    "id": "config-bot"
                }
            ], 
            "partition15": [
                {
                    "id": "include/shtty"
                }, 
                {
                    "id": "lib/sh/shtty"
                }
            ], 
            "partition16": [
                {
                    "id": "include/posixstat"
                }, 
                {
                    "id": "lib/readline/posixstat"
                }
            ], 
            "partition17": [
                {
                    "id": "builtins"
                }, 
                {
                    "id": "builtins/builtins"
                }
            ], 
            "partition18": [
                {
                    "id": "lib/readline/compat"
                }, 
                {
                    "id": "lib/intl/intl-compat"
                }
            ], 
            "partition19": [
                {
                    "id": "jobs"
                }, 
                {
                    "id": "builtins/jobs"
                }
            ], 
            "partition20": [
                {
                    "id": "lib/sh/times"
                }, 
                {
                    "id": "builtins/times"
                }
            ], 
            "partition21": [
                {
                    "id": "include/posixselect"
                }, 
                {
                    "id": "lib/readline/posixselect"
                }
            ], 
            "partition22": [
                {
                    "id": "lib/readline/bind"
                }, 
                {
                    "id": "builtins/bind"
                }
            ], 
            "partition23": [
                {
                    "id": "include/gettext"
                }, 
                {
                    "id": "lib/intl/gettext"
                }, 
                {
                    "id": "lib/intl/gettextP"
                }
            ], 
            "partition24": [
                {
                    "id": "trap"
                }, 
                {
                    "id": "builtins/trap"
                }
            ], 
            "partition25": [
                {
                    "id": "include/ansi_stdlib"
                }, 
                {
                    "id": "lib/readline/ansi_stdlib"
                }
            ], 
            "partition26": [
                {
                    "id": "lib/readline/complete"
                }, 
                {
                    "id": "builtins/complete"
                }
            ], 
            "partition27": [
                {
                    "id": "builtins/alias"
                }, 
                {
                    "id": "alias"
                }
            ], 
            "partition28": [
                {
                    "id": "lib/readline/kill"
                }, 
                {
                    "id": "builtins/kill"
                }
            ], 
            "partition29": [
                {
                    "id": "lib/readline/vi_mode"
                }, 
                {
                    "id": "lib/readline/emacs_keymap"
                }, 
                {
                    "id": "lib/readline/vi_keymap"
                }
            ], 
            "unobserved": [
                {
                    "id": "lib/sh/casemod"
                }, 
                {
                    "id": "builtins/builtin"
                }, 
                {
                    "id": "lib/intl/log"
                }, 
                {
                    "id": "include/ocache"
                }, 
                {
                    "id": "flags"
                }, 
                {
                    "id": "lib/sh/eaccess"
                }, 
                {
                    "id": "builtins/getopt"
                }, 
                {
                    "id": "lib/sh/strftime"
                }, 
                {
                    "id": "bashtypes"
                }, 
                {
                    "id": "test"
                }, 
                {
                    "id": "lib/readline/rlmbutil"
                }, 
                {
                    "id": "support/bashversion"
                }, 
                {
                    "id": "builtins/test"
                }, 
                {
                    "id": "lib/readline/terminal"
                }, 
                {
                    "id": "lib/readline/chardefs"
                }, 
                {
                    "id": "lib/sh/oslib"
                }, 
                {
                    "id": "parse"
                }, 
                {
                    "id": "lib/sh/strchrnul"
                }, 
                {
                    "id": "builtins/builtext"
                }, 
                {
                    "id": "lib/sh/ufuncs"
                }, 
                {
                    "id": "lib/intl/bindtextdom"
                }, 
                {
                    "id": "include/filecntl"
                }, 
                {
                    "id": "lib/sh/strpbrk"
                }, 
                {
                    "id": "lib/sh/shmatch"
                }, 
                {
                    "id": "builtins/getopts"
                }, 
                {
                    "id": "lib/sh/strtod"
                }, 
                {
                    "id": "lib/readline/text"
                }, 
                {
                    "id": "lib/intl/dngettext"
                }, 
                {
                    "id": "lib/sh/zread"
                }, 
                {
                    "id": "redir"
                }, 
                {
                    "id": "hashlib"
                }, 
                {
                    "id": "lib/glob/collsyms"
                }, 
                {
                    "id": "builtins/echo"
                }, 
                {
                    "id": "pathexp"
                }, 
                {
                    "id": "builtins/exit"
                }, 
                {
                    "id": "lib/sh/strnlen"
                }, 
                {
                    "id": "lib/sh/stringlist"
                }, 
                {
                    "id": "builtins/return"
                }, 
                {
                    "id": "lib/sh/mbschr"
                }, 
                {
                    "id": "lib/readline/isearch"
                }, 
                {
                    "id": "builtins/type"
                }, 
                {
                    "id": "lib/intl/dcigettext"
                }, 
                {
                    "id": "lib/intl/explodename"
                }, 
                {
                    "id": "general"
                }, 
                {
                    "id": "lib/intl/localealias"
                }, 
                {
                    "id": "builtins/ulimit"
                }, 
                {
                    "id": "siglist"
                }, 
                {
                    "id": "lib/sh/timeval"
                }, 
                {
                    "id": "syntax"
                }, 
                {
                    "id": "lib/readline/parens"
                }, 
                {
                    "id": "builtins/help"
                }, 
                {
                    "id": "lib/readline/readline"
                }, 
                {
                    "id": "lib/glob/smatch"
                }, 
                {
                    "id": "lib/sh/pathphys"
                }, 
                {
                    "id": "lib/sh/winsize"
                }, 
                {
                    "id": "mailcheck"
                }, 
                {
                    "id": "lib/malloc/imalloc"
                }, 
                {
                    "id": "lib/readline/funmap"
                }, 
                {
                    "id": "builtins/printf"
                }, 
                {
                    "id": "builtins/mkbuiltins"
                }, 
                {
                    "id": "lib/sh/strtrans"
                }, 
                {
                    "id": "builtins/source"
                }, 
                {
                    "id": "lib/sh/zmapfd"
                }, 
                {
                    "id": "lib/readline/keymaps"
                }, 
                {
                    "id": "list"
                }, 
                {
                    "id": "lib/intl/ngettext"
                }, 
                {
                    "id": "sig"
                }, 
                {
                    "id": "braces"
                }, 
                {
                    "id": "lib/intl/gmo"
                }, 
                {
                    "id": "lib/termcap/tparam"
                }, 
                {
                    "id": "builtins/command"
                }, 
                {
                    "id": "lib/intl/textdomain"
                }, 
                {
                    "id": "lib/sh/vprint"
                }, 
                {
                    "id": "bashhist"
                }, 
                {
                    "id": "include/shmbutil"
                }, 
                {
                    "id": "builtins/cd"
                }, 
                {
                    "id": "include/unionwait"
                }, 
                {
                    "id": "builtins/caller"
                }, 
                {
                    "id": "builtins/set"
                }, 
                {
                    "id": "lib/sh/mbscasecmp"
                }, 
                {
                    "id": "include/systimes"
                }, 
                {
                    "id": "lib/sh/inet_aton"
                }, 
                {
                    "id": "builtins/bashgetopt"
                }, 
                {
                    "id": "include/typemax"
                }, 
                {
                    "id": "hashcmd"
                }, 
                {
                    "id": "lib/readline/rlshell"
                }, 
                {
                    "id": "lib/readline/undo"
                }, 
                {
                    "id": "lib/readline/savestring"
                }, 
                {
                    "id": "lib/sh/strtoul"
                }, 
                {
                    "id": "lib/sh/getenv"
                }, 
                {
                    "id": "bashjmp"
                }, 
                {
                    "id": "command"
                }, 
                {
                    "id": "lib/readline/search"
                }, 
                {
                    "id": "builtins/umask"
                }, 
                {
                    "id": "lib/sh/spell"
                }, 
                {
                    "id": "lib/sh/pathcanon"
                }, 
                {
                    "id": "lib/readline/rltypedefs"
                }, 
                {
                    "id": "lib/sh/rename"
                }, 
                {
                    "id": "array"
                }, 
                {
                    "id": "findcmd"
                }, 
                {
                    "id": "lib/readline/rlconf"
                }, 
                {
                    "id": "variables"
                }, 
                {
                    "id": "builtins/suspend"
                }, 
                {
                    "id": "lib/readline/mbutil"
                }, 
                {
                    "id": "stringlib"
                }, 
                {
                    "id": "lib/intl/relocatable"
                }, 
                {
                    "id": "lib/malloc/watch"
                }, 
                {
                    "id": "pcomplete"
                }, 
                {
                    "id": "builtins/pipesize"
                }, 
                {
                    "id": "lib/intl/dcngettext"
                }, 
                {
                    "id": "lib/readline/macro"
                }, 
                {
                    "id": "lib/malloc/stats"
                }, 
                {
                    "id": "include/stdc"
                }, 
                {
                    "id": "lib/sh/fnxform"
                }, 
                {
                    "id": "lib/readline/rldefs"
                }, 
                {
                    "id": "quit"
                }, 
                {
                    "id": "include/posixwait"
                }, 
                {
                    "id": "include/chartypes"
                }, 
                {
                    "id": "support/recho"
                }, 
                {
                    "id": "include/memalloc"
                }, 
                {
                    "id": "bashansi"
                }, 
                {
                    "id": "locale"
                }, 
                {
                    "id": "lib/sh/mailstat"
                }, 
                {
                    "id": "lib/sh/mktime"
                }, 
                {
                    "id": "lib/sh/tmpfile"
                }, 
                {
                    "id": "lib/glob/strmatch"
                }, 
                {
                    "id": "unwind_prot"
                }, 
                {
                    "id": "lib/sh/zwrite"
                }, 
                {
                    "id": "lib/malloc/getpagesize"
                }, 
                {
                    "id": "lib/intl/osdep"
                }, 
                {
                    "id": "include/maxpath"
                }, 
                {
                    "id": "support/man2html"
                }, 
                {
                    "id": "lib/sh/shquote"
                }, 
                {
                    "id": "builtins/shift"
                }, 
                {
                    "id": "lib/intl/dcgettext"
                }, 
                {
                    "id": "lib/readline/rlstdc"
                }, 
                {
                    "id": "bashintl"
                }, 
                {
                    "id": "lib/intl/localcharset"
                }, 
                {
                    "id": "externs"
                }, 
                {
                    "id": "subst"
                }, 
                {
                    "id": "support/mksignames"
                }, 
                {
                    "id": "lib/sh/netconn"
                }, 
                {
                    "id": "nojobs"
                }, 
                {
                    "id": "builtins/pushd"
                }, 
                {
                    "id": "lib/sh/wcswidth"
                }, 
                {
                    "id": "lib/malloc/trace"
                }, 
                {
                    "id": "include/posixtime"
                }, 
                {
                    "id": "lib/termcap/termcap"
                }, 
                {
                    "id": "lib/malloc/mstats"
                }, 
                {
                    "id": "builtins/read"
                }, 
                {
                    "id": "lib/readline/rlprivate"
                }, 
                {
                    "id": "lib/readline/display"
                }, 
                {
                    "id": "lib/intl/os2compat"
                }, 
                {
                    "id": "lib/sh/fpurge"
                }, 
                {
                    "id": "lib/sh/strtoumax"
                }, 
                {
                    "id": "lib/sh/zcatfd"
                }, 
                {
                    "id": "lib/readline/callback"
                }, 
                {
                    "id": "lib/sh/setlinebuf"
                }, 
                {
                    "id": "lib/sh/strtoimax"
                }, 
                {
                    "id": "builtins/let"
                }, 
                {
                    "id": "builtins/fc"
                }, 
                {
                    "id": "builtins/shopt"
                }, 
                {
                    "id": "lib/sh/getcwd"
                }, 
                {
                    "id": "y.tab"
                }, 
                {
                    "id": "lib/sh/makepath"
                }, 
                {
                    "id": "lib/readline/histfile"
                }, 
                {
                    "id": "lib/sh/netopen"
                }, 
                {
                    "id": "lib/sh/itos"
                }, 
                {
                    "id": "lib/intl/loadinfo"
                }, 
                {
                    "id": "lib/sh/strtol"
                }, 
                {
                    "id": "lib/readline/tcap"
                }, 
                {
                    "id": "lib/sh/fmtulong"
                }, 
                {
                    "id": "builtins/mapfile"
                }, 
                {
                    "id": "lib/readline/histlib"
                }, 
                {
                    "id": "lib/readline/nls"
                }, 
                {
                    "id": "lib/sh/dprintf"
                }, 
                {
                    "id": "lib/termcap/ltcap"
                }, 
                {
                    "id": "builtins/declare"
                }, 
                {
                    "id": "pathnames"
                }, 
                {
                    "id": "version"
                }, 
                {
                    "id": "builtins/setattr"
                }, 
                {
                    "id": "lib/sh/mbscmp"
                }, 
                {
                    "id": "lib/sh/strcasestr"
                }, 
                {
                    "id": "lib/sh/clock"
                }, 
                {
                    "id": "expr"
                }, 
                {
                    "id": "lib/sh/strerror"
                }, 
                {
                    "id": "lib/sh/strtoll"
                }, 
                {
                    "id": "lib/readline/util"
                }, 
                {
                    "id": "lib/sh/stringvec"
                }, 
                {
                    "id": "builtins/evalfile"
                }, 
                {
                    "id": "lib/malloc/malloc"
                }, 
                {
                    "id": "lib/intl/dgettext"
                }, 
                {
                    "id": "lib/sh/uconvert"
                }, 
                {
                    "id": "lib/readline/misc"
                }, 
                {
                    "id": "pcomplib"
                }, 
                {
                    "id": "lib/readline/signals"
                }, 
                {
                    "id": "mksyntax"
                }, 
                {
                    "id": "lib/sh/unicode"
                }, 
                {
                    "id": "lib/readline/xfree"
                }, 
                {
                    "id": "error"
                }, 
                {
                    "id": "lib/malloc/table"
                }, 
                {
                    "id": "lib/intl/localename"
                }, 
                {
                    "id": "lib/glob/gmisc"
                }, 
                {
                    "id": "builtins/enable"
                }, 
                {
                    "id": "lib/sh/clktck"
                }, 
                {
                    "id": "lib/sh/wcsdup"
                }, 
                {
                    "id": "lib/glob/ndir"
                }, 
                {
                    "id": "builtins/fg_bg"
                }, 
                {
                    "id": "lib/readline/rlwinsize"
                }, 
                {
                    "id": "lib/intl/finddomain"
                }, 
                {
                    "id": "builtins/break"
                }, 
                {
                    "id": "bashline"
                }, 
                {
                    "id": "lib/readline/histexpand"
                }, 
                {
                    "id": "lib/malloc/alloca"
                }, 
                {
                    "id": "builtins/common"
                }, 
                {
                    "id": "patchlevel"
                }, 
                {
                    "id": "builtins/psize"
                }, 
                {
                    "id": "lib/readline/histsearch"
                }, 
                {
                    "id": "support/printenv"
                }, 
                {
                    "id": "lib/readline/rltty"
                }, 
                {
                    "id": "builtins/wait"
                }, 
                {
                    "id": "bracecomp"
                }, 
                {
                    "id": "conftypes"
                }, 
                {
                    "id": "parser"
                }, 
                {
                    "id": "lib/intl/l10nflist"
                }, 
                {
                    "id": "builtins/exec"
                }, 
                {
                    "id": "arrayfunc"
                }, 
                {
                    "id": "lib/sh/snprintf"
                }, 
                {
                    "id": "lib/intl/loadmsgcat"
                }, 
                {
                    "id": "lib/sh/fmtumax"
                }, 
                {
                    "id": "lib/sh/fmtullong"
                }, 
                {
                    "id": "lib/sh/strcasecmp"
                }, 
                {
                    "id": "lib/sh/zgetline"
                }, 
                {
                    "id": "support/xcase"
                }, 
                {
                    "id": "lib/sh/strtoull"
                }, 
                {
                    "id": "support/zecho"
                }, 
                {
                    "id": "builtins/evalstring"
                }, 
                {
                    "id": "assoc"
                }, 
                {
                    "id": "lib/sh/strstr"
                }, 
                {
                    "id": "lib/glob/xmbsrtowcs"
                }
            ]
        }
    }
}
