{
    "all-groups": {
        "group0": [
            "lib/tilde/tilde", 
            "lib/readline/tilde"
        ], 
        "group1": [
            "lib/readline/posixselect", 
            "include/posixselect"
        ], 
        "group2": [
            "include/shtty", 
            "lib/sh/shtty"
        ], 
        "group3": [
            "lib/intl/eval-plural", 
            "lib/intl/plural-exp", 
            "lib/intl/plural"
        ], 
        "group4": [
            "config", 
            "config-bot"
        ], 
        "group5": [
            "builtins/builtins", 
            "builtins"
        ], 
        "group6": [
            "lib/intl/gettext", 
            "lib/intl/gettextP"
        ], 
        "group7": [
            "lib/glob/glob_loop", 
            "lib/glob/glob"
        ], 
        "group8": [
            "lib/readline/vi_keymap", 
            "lib/readline/emacs_keymap"
        ], 
        "group9": [
            "make_cmd", 
            "print_cmd", 
            "copy_cmd"
        ]
    }, 
    "groups-not-in-ground-truth": {
        "group0": [
            "lib/tilde/tilde", 
            "lib/readline/tilde"
        ], 
        "group1": [
            "lib/readline/posixselect", 
            "include/posixselect"
        ], 
        "group2": [
            "include/shtty", 
            "lib/sh/shtty"
        ]
    }, 
    "groups-in-gt-split-by-union": {
        "group0": [
            "lib/intl/eval-plural", 
            "lib/intl/plural-exp", 
            "lib/intl/plural"
        ], 
        "group1": [
            "config", 
            "config-bot"
        ], 
        "group2": [
            "lib/intl/gettext", 
            "lib/intl/gettextP"
        ], 
        "group3": [
            "lib/glob/glob_loop", 
            "lib/glob/glob"
        ], 
        "group4": [
            "make_cmd", 
            "print_cmd", 
            "copy_cmd"
        ]
    }
}
