partitionID,className,classID
0,AlcoholStepDefs.java,src/bdd_test/java/com/coveros/training/expenses/AlcoholStepDefs.java
0,AlcoholCalculator.java,src/main/java/com/coveros/training/expenses/AlcoholCalculator.java
0,RegistrationResultTests.java,src/test/java/com/coveros/training/authentication/domainobjects/RegistrationResultTests.java
0,StringUtilsTests.java,src/test/java/com/coveros/training/helpers/StringUtilsTests.java
0,CheckUtilsTests.java,src/test/java/com/coveros/training/helpers/CheckUtilsTests.java
0,ParameterObjectTests.java,src/test/java/com/coveros/training/persistence/ParameterObjectTests.java
0,ParameterObject.java,src/main/java/com/coveros/training/persistence/ParameterObject.java
0,CalculatorTests.java,src/test/java/com/coveros/training/mathematics/CalculatorTests.java
0,RegistrationUtilsTests.java,src/test/java/com/coveros/training/authentication/RegistrationUtilsTests.java
0,RegistrationStatusEnums.java,src/main/java/com/coveros/training/authentication/domainobjects/RegistrationStatusEnums.java
0,RegistrationResult.java,src/main/java/com/coveros/training/authentication/domainobjects/RegistrationResult.java
0,RegistrationStepDefs.java,src/bdd_test/java/com/coveros/training/authentication/RegistrationStepDefs.java
0,RegisterServlet.java,src/main/java/com/coveros/training/authentication/RegisterServlet.java
0,LoginServlet.java,src/main/java/com/coveros/training/authentication/LoginServlet.java
0,LoginServletTests.java,src/test/java/com/coveros/training/authentication/LoginServletTests.java
0,RegisterServletTests.java,src/test/java/com/coveros/training/authentication/RegisterServletTests.java
0,MathServletTests.java,src/test/java/com/coveros/training/mathematics/MathServletTests.java
0,ServletUtils.java,src/main/java/com/coveros/training/helpers/ServletUtils.java
0,DbServletTests.java,src/test/java/com/coveros/training/persistence/DbServletTests.java
0,DbServlet.java,src/main/java/com/coveros/training/persistence/DbServlet.java
0,WebAppListener.java,src/main/java/com/coveros/training/tomcat/WebAppListener.java
0,WebAppListenerTests.java,src/test/java/com/coveros/training/tomcat/WebAppListenerTests.java
0,FibServletTests.java,src/test/java/com/coveros/training/mathematics/FibServletTests.java
0,AckServletTests.java,src/test/java/com/coveros/training/mathematics/AckServletTests.java
0,LibraryRegisterBookServletTests.java,src/test/java/com/coveros/training/library/LibraryRegisterBookServletTests.java
0,LibraryRegisterBorrowerServletTests.java,src/test/java/com/coveros/training/library/LibraryRegisterBorrowerServletTests.java
0,LibraryBorrowerListSearchServletTests.java,src/test/java/com/coveros/training/library/LibraryBorrowerListSearchServletTests.java
0,LibraryBookListSearchServletTests.java,src/test/java/com/coveros/training/library/LibraryBookListSearchServletTests.java
0,LibraryBookListAvailableServletTests.java,src/test/java/com/coveros/training/library/LibraryBookListAvailableServletTests.java
0,LibraryBookListAvailableServlet.java,src/main/java/com/coveros/training/library/LibraryBookListAvailableServlet.java
0,BookCheckOutStepDefs.java,src/bdd_test/java/com/coveros/training/library/BookCheckOutStepDefs.java
0,BookTests.java,src/test/java/com/coveros/training/library/domainobjects/BookTests.java
0,LibraryRegisterBookServlet.java,src/main/java/com/coveros/training/library/LibraryRegisterBookServlet.java
0,LibraryLendServlet.java,src/main/java/com/coveros/training/library/LibraryLendServlet.java
0,LibraryLendServletTests.java,src/test/java/com/coveros/training/library/LibraryLendServletTests.java
0,DateUtilsTests.java,src/test/java/com/coveros/training/helpers/DateUtilsTests.java
0,LoanTests.java,src/test/java/com/coveros/training/library/domainobjects/LoanTests.java
0,BorrowerTests.java,src/test/java/com/coveros/training/library/domainobjects/BorrowerTests.java
0,DateUtils.java,src/test/java/com/coveros/training/helpers/DateUtils.java
0,LibraryUtils.java,src/main/java/com/coveros/training/library/LibraryUtils.java
0,LibraryActionResults.java,src/main/java/com/coveros/training/library/domainobjects/LibraryActionResults.java
0,librarianStepDefs.py,src/ui_tests/behave/features/steps/librarianStepDefs.py
0,basic_test.py,src/ui_tests/python/basic_test.py
0,WarningLetterEnum.java,desktop_app/src/main/java/com/coveros/training/autoinsurance/WarningLetterEnum.java
0,AutoInsuranceProcessorTests.java,desktop_app/src/test/java/com/coveros/training/autoinsurance/AutoInsuranceProcessorTests.java
0,AutoInsuranceAction.java,desktop_app/src/main/java/com/coveros/training/autoinsurance/AutoInsuranceAction.java
0,AutoInsuranceProcessor.java,desktop_app/src/main/java/com/coveros/training/autoinsurance/AutoInsuranceProcessor.java
0,AutoInsuranceUI.java,desktop_app/src/main/java/com/coveros/training/autoinsurance/AutoInsuranceUI.java
0,DesktopTester.java,desktop_app/src/test/java/com/coveros/training/autoinsurance/DesktopTester.java
0,AutoInsuranceActionTests.java,desktop_app/src/test/java/com/coveros/training/autoinsurance/AutoInsuranceActionTests.java
0,DesktopUiTests.java,desktop_app/src/test/java/com/coveros/training/autoinsurance/DesktopUiTests.java
0,authenticationStepDefs.py,src/ui_tests/behave/features/steps/authenticationStepDefs.py
0,environment.py,src/ui_tests/behave/features/environment.py
0,fibonacciStepDefs.py,src/ui_tests/behave/features/steps/fibonacciStepDefs.py
0,Fibonacci.java,src/main/java/com/coveros/training/mathematics/Fibonacci.java
0,FibonacciStepDefs.java,src/bdd_test/java/com/coveros/training/math/FibonacciStepDefs.java
0,MathStepDefs.java,src/bdd_test/java/com/coveros/training/math/MathStepDefs.java
0,AckermannStepDefs.java,src/bdd_test/java/com/coveros/training/math/AckermannStepDefs.java
0,package-info.java,src/main/java/com/coveros/training/mathematics/package-info.java
0,FunctionalField.java,src/main/java/com/coveros/training/mathematics/FunctionalField.java
0,FibonacciIterative.java,src/main/java/com/coveros/training/mathematics/FibonacciIterative.java
0,AckermannParameterizedTests.java,src/test/java/com/coveros/training/mathematics/AckermannParameterizedTests.java
0,AckermannIterativeParameterizedTests.java,src/test/java/com/coveros/training/mathematics/AckermannIterativeParameterizedTests.java
0,FibonacciParameterizedTests.java,src/test/java/com/coveros/training/mathematics/FibonacciParameterizedTests.java
0,FibonacciTests.java,src/test/java/com/coveros/training/mathematics/FibonacciTests.java
0,FibServlet.java,src/main/java/com/coveros/training/mathematics/FibServlet.java
0,AckServlet.java,src/main/java/com/coveros/training/mathematics/AckServlet.java
0,MathServlet.java,src/main/java/com/coveros/training/mathematics/MathServlet.java
0,AckermannIterative.java,src/main/java/com/coveros/training/mathematics/AckermannIterative.java
0,Ackermann.java,src/main/java/com/coveros/training/mathematics/Ackermann.java
0,ackermannStepDefs.py,src/ui_tests/behave/features/steps/ackermannStepDefs.py
0,SeleniumTests.java,src/ui_tests/java/src/test/java/com/coveros/training/SeleniumTests.java
0,HtmlUnitTests.java,src/ui_tests/java/src/test/java/com/coveros/training/HtmlUnitTests.java
0,SelenifiedSample.java,src/selenified_tests/java/com/coveros/training/selenified/SelenifiedSample.java
0,test_api.py,src/api_tests/test_api.py
0,ApiCalls.java,src/ui_tests/java/src/test/java/com/coveros/training/ApiCalls.java
0,Loan.java,src/main/java/com/coveros/training/library/domainobjects/Loan.java
0,IPersistenceLayer.java,src/main/java/com/coveros/training/persistence/IPersistenceLayer.java
0,LibraryBorrowerListSearchServlet.java,src/main/java/com/coveros/training/library/LibraryBorrowerListSearchServlet.java
0,LibraryBookListSearchServlet.java,src/main/java/com/coveros/training/library/LibraryBookListSearchServlet.java
0,Book.java,src/main/java/com/coveros/training/library/domainobjects/Book.java
0,Borrower.java,src/main/java/com/coveros/training/library/domainobjects/Borrower.java
0,User.java,src/main/java/com/coveros/training/authentication/domainobjects/User.java
0,UserTests.java,src/test/java/com/coveros/training/authentication/domainobjects/UserTests.java
0,PersistenceLayer.java,src/main/java/com/coveros/training/persistence/PersistenceLayer.java
0,SqlDataTests.java,src/test/java/com/coveros/training/persistence/SqlDataTests.java
0,EmptyDataSourceTests.java,src/test/java/com/coveros/training/persistence/EmptyDataSourceTests.java
0,EmptyDataSource.java,src/main/java/com/coveros/training/persistence/EmptyDataSource.java
0,NotImplementedException.java,src/main/java/com/coveros/training/persistence/NotImplementedException.java
0,package-info.java,src/main/java/com/coveros/training/persistence/package-info.java
0,package-info.java,src/main/java/com/coveros/training/expenses/package-info.java
0,package-info.java,src/main/java/com/coveros/training/authentication/package-info.java
0,package-info.java,src/main/java/com/coveros/training/authentication/domainobjects/package-info.java
0,package-info.java,src/main/java/com/coveros/training/tomcat/package-info.java
0,package-info.java,src/main/java/com/coveros/training/helpers/package-info.java
0,package-info.java,src/main/java/com/coveros/training/library/package-info.java
0,package-info.java,src/main/java/com/coveros/training/library/domainobjects/package-info.java
0,SqlRuntimeException.java,src/main/java/com/coveros/training/persistence/SqlRuntimeException.java
0,AssertionException.java,src/main/java/com/coveros/training/helpers/AssertionException.java
0,InvalidClaimsException.java,desktop_app/src/main/java/com/coveros/training/autoinsurance/InvalidClaimsException.java
0,SqlData.java,src/main/java/com/coveros/training/persistence/SqlData.java
0,LibraryRegisterBorrowerServlet.java,src/main/java/com/coveros/training/library/LibraryRegisterBorrowerServlet.java
0,LendingTests.java,src/test/java/com/coveros/training/library/LendingTests.java
0,LibraryUtilsTests.java,src/test/java/com/coveros/training/library/LibraryUtilsTests.java
0,PersistenceLayerTests.java,src/integration_test/java/com/coveros/training/persistence/PersistenceLayerTests.java
0,AddDeleteListSearchBooksAndBorrowersStepDefs.java,src/bdd_test/java/com/coveros/training/library/AddDeleteListSearchBooksAndBorrowersStepDefs.java
0,LoginStepDefs.java,src/bdd_test/java/com/coveros/training/authentication/LoginStepDefs.java
0,StringUtils.java,src/main/java/com/coveros/training/helpers/StringUtils.java
0,CheckUtils.java,src/main/java/com/coveros/training/helpers/CheckUtils.java
0,LoginUtilsTests.java,src/test/java/com/coveros/training/authentication/LoginUtilsTests.java
0,LoginUtils.java,src/main/java/com/coveros/training/authentication/LoginUtils.java
0,RegistrationUtils.java,src/main/java/com/coveros/training/authentication/RegistrationUtils.java
0,PasswordResultTests.java,src/test/java/com/coveros/training/authentication/domainobjects/PasswordResultTests.java
0,PasswordResult.java,src/main/java/com/coveros/training/authentication/domainobjects/PasswordResult.java
0,PasswordResultEnums.java,src/main/java/com/coveros/training/authentication/domainobjects/PasswordResultEnums.java
0,AlcoholResult.java,src/main/java/com/coveros/training/expenses/AlcoholResult.java
1,CartesianProductStepDefs.java,src/bdd_test/java/com/coveros/training/cartesianproduct/CartesianProductStepDefs.java
1,CartesianProduct.java,src/main/java/com/coveros/training/cartesianproduct/CartesianProduct.java
2,AutoInsuranceScriptClient.java,desktop_app/src/test/java/com/coveros/training/autoinsurance/AutoInsuranceScriptClient.java
2,ExecutionDataClient.java,desktop_app/src/test/java/com/coveros/training/autoinsurance/ExecutionDataClient.java
