{
    "all-groups": {
        "group0": [
            "include/shtty", 
            "lib/sh/shtty"
        ], 
        "group1": [
            "config", 
            "include/posixjmp", 
            "config-top", 
            "config-bot"
        ], 
        "group2": [
            "include/posixselect", 
            "lib/readline/posixselect"
        ], 
        "group3": [
            "lib/tilde/tilde", 
            "lib/readline/tilde", 
            "lib/readline/shell", 
            "lib/tilde/shell"
        ], 
        "group4": [
            "lib/readline/ansi_stdlib", 
            "lib/readline/posixstat"
        ], 
        "group5": [
            "builtins", 
            "builtins/builtins"
        ], 
        "group6": [
            "lib/glob/glob", 
            "lib/glob/glob_loop"
        ], 
        "group7": [
            "make_cmd", 
            "copy_cmd"
        ], 
        "group8": [
            "xmalloc", 
            "trap"
        ], 
        "group9": [
            "include/ansi_stdlib", 
            "include/shmbchar", 
            "include/posixstat", 
            "lib/sh/shmbchar", 
            "lib/sh/times", 
            "support/signames", 
            "signames"
        ], 
        "group10": [
            "lib/intl/eval-plural", 
            "lib/intl/plural-exp", 
            "lib/intl/plural"
        ], 
        "group11": [
            "lib/intl/gettextP", 
            "lib/intl/gettext"
        ], 
        "group12": [
            "lib/readline/complete", 
            "lib/readline/kill"
        ], 
        "group13": [
            "lib/readline/xmalloc", 
            "lib/malloc/xmalloc"
        ]
    }, 
    "groups-not-in-ground-truth": {
        "group0": [
            "include/shtty", 
            "lib/sh/shtty"
        ], 
        "group1": [
            "include/posixselect", 
            "lib/readline/posixselect"
        ], 
        "group2": [
            "lib/tilde/tilde", 
            "lib/readline/tilde", 
            "lib/readline/shell", 
            "lib/tilde/shell"
        ], 
        "group3": [
            "include/ansi_stdlib", 
            "include/shmbchar", 
            "include/posixstat", 
            "lib/sh/shmbchar", 
            "lib/sh/times", 
            "support/signames", 
            "signames"
        ], 
        "group4": [
            "lib/readline/xmalloc", 
            "lib/malloc/xmalloc"
        ]
    }, 
    "groups-in-gt-split-by-union": {
        "group0": [
            "config", 
            "include/posixjmp", 
            "config-top", 
            "config-bot"
        ], 
        "group1": [
            "lib/readline/ansi_stdlib", 
            "lib/readline/posixstat"
        ]
    }
}
