{
    "MEM": {
        "decomposition": {
            "0": [
                {
                    "id": "LineItemMapper"
                },
                {
                    "id": "AccountActionBeanTest"
                },
                {
                    "id": "OrderActionBeanTest"
                },
                {
                    "id": "CatalogActionBeanTest"
                },
                {
                    "id": "AccountMapper"
                },
                {
                    "id": "CategoryMapper"
                }
            ],
            "1": [
                {
                    "id": "AccountService"
                },
                {
                    "id": "LineItem"
                },
                {
                    "id": "CatalogService"
                },
                {
                    "id": "OrderService"
                },
                {
                    "id": "Cart"
                },
                {
                    "id": "Order"
                }
            ],
            "2": [
                {
                    "id": "ItemMapperTest"
                },
                {
                    "id": "SequenceMapperTest"
                },
                {
                    "id": "ProductMapperTest"
                },
                {
                    "id": "LineItemMapperTest"
                }
            ],
            "3": [
                {
                    "id": "Sequence"
                },
                {
                    "id": "Account"
                },
                {
                    "id": "Category"
                },
                {
                    "id": "CartItem"
                }
            ],
            "4": [
                {
                    "id": "OrderTest"
                },
                {
                    "id": "OrderMapperTest"
                },
                {
                    "id": "AccountMapperTest"
                },
                {
                    "id": "CartTest"
                },
                {
                    "id": "MapperTestContext"
                },
                {
                    "id": "CategoryMapperTest"
                }
            ]
        }
    }
}