{
    "tool": {
        "decomposition": {
            "0": [
                {
                    "id": "AccountMapper.insertSignon"
                },
                {
                    "id": "AccountMapper.insertProfile"
                },
                {
                    "id": "AccountMapper.insertAccount"
                },
                {
                    "id": "AccountMapper.updateProfile"
                },
                {
                    "id": "AccountMapper.updateSignon"
                },
                {
                    "id": "LineItemMapper.insertLineItem"
                },
                {
                    "id": "AccountMapper.updateAccount"
                },
                {
                    "id": "AccountMapper.getAccountByUsername"
                },
                {
                    "id": "CategoryMapper.getCategory"
                },
                {
                    "id": "LineItemMapper.getLineItemsByOrderId"
                },
                {
                    "id": "CategoryMapper.getCategoryList"
                },
                {
                    "id": "AccountMapper.getAccountByUsernameAndPassword"
                }
            ],
            "1": [
                {
                    "id": "LineItem.getItem"
                },
                {
                    "id": "Order.setBillAddress2"
                },
                {
                    "id": "Order.initOrder"
                },
                {
                    "id": "Order.setStatus"
                },
                {
                    "id": "AccountService.insertAccount"
                },
                {
                    "id": "CatalogService.isItemInStock"
                },
                {
                    "id": "Order.setShipCountry"
                },
                {
                    "id": "OrderService.OrderService"
                },
                {
                    "id": "Order.setBillZip"
                },
                {
                    "id": "Order.getOrderId"
                },
                {
                    "id": "Order.setBillToLastName"
                },
                {
                    "id": "Order.setOrderId"
                },
                {
                    "id": "CatalogService.getItemListByProduct"
                },
                {
                    "id": "Order.setShipAddress1"
                },
                {
                    "id": "Order.setCourier"
                },
                {
                    "id": "Order.setShipCity"
                },
                {
                    "id": "Order.setLocale"
                },
                {
                    "id": "OrderService.insertOrder"
                },
                {
                    "id": "Cart.removeItemById"
                },
                {
                    "id": "Cart.getCartItemList"
                },
                {
                    "id": "Order.getShipAddress1"
                },
                {
                    "id": "Cart.addItem"
                },
                {
                    "id": "CatalogService.getCategory"
                },
                {
                    "id": "Order.getBillState"
                },
                {
                    "id": "Order.getShipCountry"
                },
                {
                    "id": "AccountService.updateAccount"
                },
                {
                    "id": "Order.setShipToFirstName"
                },
                {
                    "id": "Order.getShipZip"
                },
                {
                    "id": "Order.getBillAddress1"
                },
                {
                    "id": "Order.getBillCountry"
                },
                {
                    "id": "AccountService.getAccount"
                },
                {
                    "id": "Cart.getAllCartItems"
                },
                {
                    "id": "OrderService.getOrdersByUsername"
                },
                {
                    "id": "Order.setTotalPrice"
                },
                {
                    "id": "Order.getShipState"
                },
                {
                    "id": "Cart.getCartItems"
                },
                {
                    "id": "Cart.setQuantityByItemId"
                },
                {
                    "id": "Cart.getSubTotal"
                },
                {
                    "id": "Order.getLineItems"
                },
                {
                    "id": "Order.getBillToLastName"
                },
                {
                    "id": "Order.setShipToLastName"
                },
                {
                    "id": "Order.setCardType"
                },
                {
                    "id": "Order.setBillAddress1"
                },
                {
                    "id": "Order.getBillAddress2"
                },
                {
                    "id": "Order.getBillToFirstName"
                },
                {
                    "id": "Order.getShipToFirstName"
                },
                {
                    "id": "LineItem.getItemId"
                },
                {
                    "id": "Order.Order"
                },
                {
                    "id": "Order.setExpiryDate"
                },
                {
                    "id": "LineItem.setItemId"
                },
                {
                    "id": "Order.setCreditCard"
                },
                {
                    "id": "Order.setBillToFirstName"
                },
                {
                    "id": "CatalogService.getProductListByCategory"
                },
                {
                    "id": "Order.getExpiryDate"
                },
                {
                    "id": "Order.setShipAddress2"
                },
                {
                    "id": "Order.setBillCity"
                },
                {
                    "id": "Order.getLocale"
                },
                {
                    "id": "LineItem.getQuantity"
                },
                {
                    "id": "LineItem.LineItem"
                },
                {
                    "id": "CatalogService.CatalogService"
                },
                {
                    "id": "Order.getShipCity"
                },
                {
                    "id": "AccountService.AccountService"
                },
                {
                    "id": "LineItem.setItem"
                },
                {
                    "id": "Order.setBillCountry"
                },
                {
                    "id": "Order.setShipZip"
                },
                {
                    "id": "Order.getOrderDate"
                },
                {
                    "id": "LineItem.getLineNumber"
                },
                {
                    "id": "CatalogService.searchProductList"
                },
                {
                    "id": "LineItem.getUnitPrice"
                },
                {
                    "id": "Cart.incrementQuantityByItemId"
                },
                {
                    "id": "Order.getCourier"
                },
                {
                    "id": "Cart.Cart"
                },
                {
                    "id": "CatalogService.getItem"
                },
                {
                    "id": "Order.setShipState"
                },
                {
                    "id": "Order.getShipToLastName"
                },
                {
                    "id": "Order.setOrderDate"
                },
                {
                    "id": "Order.getShipAddress2"
                },
                {
                    "id": "LineItem.setLineNumber"
                },
                {
                    "id": "Order.getStatus"
                },
                {
                    "id": "LineItem.getTotal"
                },
                {
                    "id": "LineItem.calculateTotal"
                },
                {
                    "id": "Cart.getNumberOfItems"
                },
                {
                    "id": "LineItem.setUnitPrice"
                },
                {
                    "id": "Order.setBillState"
                },
                {
                    "id": "Order.getBillCity"
                },
                {
                    "id": "LineItem.setOrderId"
                },
                {
                    "id": "Order.getCreditCard"
                },
                {
                    "id": "CatalogService.getCategoryList"
                },
                {
                    "id": "Order.getBillZip"
                },
                {
                    "id": "OrderService.getNextId"
                },
                {
                    "id": "OrderService.getOrder"
                },
                {
                    "id": "CatalogService.getProduct"
                },
                {
                    "id": "Order.setLineItems"
                },
                {
                    "id": "LineItem.setQuantity"
                },
                {
                    "id": "Order.getTotalPrice"
                },
                {
                    "id": "Order.getUsername"
                },
                {
                    "id": "Order.addLineItem"
                },
                {
                    "id": "Order.getCardType"
                },
                {
                    "id": "Cart.containsItemId"
                },
                {
                    "id": "Order.setUsername"
                },
                {
                    "id": "LineItem.getOrderId"
                }
            ],
            "3": [
                {
                    "id": "Account.getState"
                },
                {
                    "id": "Account.setLastName"
                },
                {
                    "id": "Account.setFirstName"
                },
                {
                    "id": "Account.getLastName"
                },
                {
                    "id": "Sequence.setNextId"
                },
                {
                    "id": "Account.setZip"
                },
                {
                    "id": "Account.setBannerName"
                },
                {
                    "id": "Account.getFavouriteCategoryId"
                },
                {
                    "id": "Account.getPassword"
                },
                {
                    "id": "Account.getFirstName"
                },
                {
                    "id": "Category.setCategoryId"
                },
                {
                    "id": "Category.setName"
                },
                {
                    "id": "Account.getLanguagePreference"
                },
                {
                    "id": "Account.getAddress2"
                },
                {
                    "id": "Account.setListOption"
                },
                {
                    "id": "Category.Category"
                },
                {
                    "id": "Category.getName"
                },
                {
                    "id": "Account.getBannerName"
                },
                {
                    "id": "Account.getCountry"
                },
                {
                    "id": "Sequence.getNextId"
                },
                {
                    "id": "Account.setCity"
                },
                {
                    "id": "CartItem.getTotal"
                },
                {
                    "id": "Account.setAddress2"
                },
                {
                    "id": "CartItem.calculateTotal"
                },
                {
                    "id": "Account.getPhone"
                },
                {
                    "id": "CartItem.incrementQuantity"
                },
                {
                    "id": "CartItem.setQuantity"
                },
                {
                    "id": "Sequence.Sequence"
                },
                {
                    "id": "Account.setUsername"
                },
                {
                    "id": "Account.setCountry"
                },
                {
                    "id": "Account.setFavouriteCategoryId"
                },
                {
                    "id": "Account.setBannerOption"
                },
                {
                    "id": "CartItem.getQuantity"
                },
                {
                    "id": "CartItem.getItem"
                },
                {
                    "id": "Sequence.getName"
                },
                {
                    "id": "Account.getStatus"
                },
                {
                    "id": "Account.setAddress1"
                },
                {
                    "id": "Account.setStatus"
                },
                {
                    "id": "CartItem.CartItem"
                },
                {
                    "id": "Account.setPhone"
                },
                {
                    "id": "Account.getAddress1"
                },
                {
                    "id": "CartItem.setItem"
                },
                {
                    "id": "Account.getCity"
                },
                {
                    "id": "Account.isListOption"
                },
                {
                    "id": "Category.setDescription"
                },
                {
                    "id": "Account.getZip"
                },
                {
                    "id": "Account.setEmail"
                },
                {
                    "id": "Account.setPassword"
                },
                {
                    "id": "Category.getCategoryId"
                },
                {
                    "id": "Category.getDescription"
                },
                {
                    "id": "Sequence.setName"
                },
                {
                    "id": "CartItem.isInStock"
                },
                {
                    "id": "Account.setLanguagePreference"
                },
                {
                    "id": "Category.toString"
                },
                {
                    "id": "Account.setState"
                },
                {
                    "id": "Account.isBannerOption"
                },
                {
                    "id": "CartItem.setInStock"
                },
                {
                    "id": "Account.getEmail"
                },
                {
                    "id": "Account.getUsername"
                },
                {
                    "id": "Account.Account"
                }
            ],
            "UNOBSERVED": []
        }
    }
}