partitionID,className,classID
0,LineItemMapper.java,src/main/java/org/mybatis/jpetstore/mapper/LineItemMapper.java
0,AccountActionBeanTest.java,src/test/java/org/mybatis/jpetstore/web/actions/AccountActionBeanTest.java
0,OrderActionBeanTest.java,src/test/java/org/mybatis/jpetstore/web/actions/OrderActionBeanTest.java
0,CatalogActionBeanTest.java,src/test/java/org/mybatis/jpetstore/web/actions/CatalogActionBeanTest.java
0,AccountMapper.java,src/main/java/org/mybatis/jpetstore/mapper/AccountMapper.java
0,CategoryMapper.java,src/main/java/org/mybatis/jpetstore/mapper/CategoryMapper.java
1,AccountService.java,src/main/java/org/mybatis/jpetstore/service/AccountService.java
1,LineItem.java,src/main/java/org/mybatis/jpetstore/domain/LineItem.java
1,CatalogService.java,src/main/java/org/mybatis/jpetstore/service/CatalogService.java
1,OrderService.java,src/main/java/org/mybatis/jpetstore/service/OrderService.java
1,Cart.java,src/main/java/org/mybatis/jpetstore/domain/Cart.java
1,Order.java,src/main/java/org/mybatis/jpetstore/domain/Order.java
2,ItemMapperTest.java,src/test/java/org/mybatis/jpetstore/mapper/ItemMapperTest.java
2,SequenceMapperTest.java,src/test/java/org/mybatis/jpetstore/mapper/SequenceMapperTest.java
2,ProductMapperTest.java,src/test/java/org/mybatis/jpetstore/mapper/ProductMapperTest.java
2,LineItemMapperTest.java,src/test/java/org/mybatis/jpetstore/mapper/LineItemMapperTest.java
3,Sequence.java,src/main/java/org/mybatis/jpetstore/domain/Sequence.java
3,Account.java,src/main/java/org/mybatis/jpetstore/domain/Account.java
3,Category.java,src/main/java/org/mybatis/jpetstore/domain/Category.java
3,CartItem.java,src/main/java/org/mybatis/jpetstore/domain/CartItem.java
4,OrderTest.java,src/test/java/org/mybatis/jpetstore/domain/OrderTest.java
4,OrderMapperTest.java,src/test/java/org/mybatis/jpetstore/mapper/OrderMapperTest.java
4,AccountMapperTest.java,src/test/java/org/mybatis/jpetstore/mapper/AccountMapperTest.java
4,CartTest.java,src/test/java/org/mybatis/jpetstore/domain/CartTest.java
4,MapperTestContext.java,src/test/java/org/mybatis/jpetstore/mapper/MapperTestContext.java
4,CategoryMapperTest.java,src/test/java/org/mybatis/jpetstore/mapper/CategoryMapperTest.java
