{
    "$schema": "https://schema.management.azure.com/schemas/2015-01-01/deploymentTemplate.json#",
    "contentVersion": "1.0.0.0",
    "parameters": {
        "jenkinsAdminUsername": {
            "type": "string",
            "minLength": 1,
            "metadata": {
                "description": "User name for the Jenkins Master Virtual Machine."
            },
            "defaultValue": "jenkinsadmin"
        },
        "jenkinsAdminPassword": {
            "type": "securestring",
            "metadata": {
                "description": "Password for the Jenkins Master Virtual Machine."
            }
        },
        "jenkinsDnsNameForPublicIP": {
            "type": "string",
            "minLength": 1,
            "metadata": {
                "description": "Globally unique DNS Name for the Public IP used to access the Jenkins Master Virtual Machine."
            }
        },
        "mrpAdminUsername": {
            "type": "string",
            "minLength": 1,
            "metadata": {
                "description": "User name for the MRP Virtual Machine."
            },
            "defaultValue": "mrpadmin"
        },
        "mrpAdminPassword": {
            "type": "securestring",
            "metadata": {
                "description": "Password for the MRP Virtual Machine."
            }
        },
        "mrpDnsNameForPublicIP": {
            "type": "string",
            "minLength": 1,
            "metadata": {
                "description": "Globally unique DNS Name for the Public IP used to access the MRP Virtual Machine."
            }
        }
    },
    "variables": {
        "jenkinsImagePublisher": "Canonical",
        "jenkinsImageOffer": "UbuntuServer",
        "jenkinsImageSku": "1404-LTS",
        "mrpImagePublisher": "Canonical",
        "mrpImageOffer": "UbuntuServer",
        "mrpImageSku": "1404-LTS",
        "mrpOSDiskName": "mrpOsdisk",
        "jenkinsOSDiskName": "jenkinsMasterOsdisk",
        "jenkinsNicName": "jenkinsNic",
        "mrpNicName": "mrpNic",
        "addressPrefix": "10.0.0.0/16",
        "subnetName": "Subnet",
        "subnetPrefix": "10.0.0.0/24",
        "storageType": "Standard_LRS",
        "publicIPAddressType": "Dynamic",
        "vhdStorageContainerName": "vhds",
        "jenkinsNsgName": "jenkinsNSG",
        "mrpNsgName": "mrpNSG",
        "jenkinsVmSize": "Standard_A3",
        "mrpVmSize": "Standard_A2",
        "jenkinsVmName": "[toLower(parameters('jenkinsDnsNameForPublicIP'))]",
        "mrpVmName": "[toLower(parameters('mrpDnsNameForPublicIP'))]",
        "virtualNetworkName": "jenkinsMRPvNET",
        "vnetId": "[resourceId('Microsoft.Network/virtualNetworks', variables('virtualNetworkName'))]",
        "subnetRef": "[concat(variables('vnetId'), '/subnets/', variables('subnetName'))]",
        "storageName": "[concat('vhdstorage', uniqueString(resourceGroup().id))]"
    },
    "resources": [
        {
            "type": "Microsoft.Storage/storageAccounts",
            "name": "[variables('storageName')]",
            "apiVersion": "2015-05-01-preview",
            "location": "[resourceGroup().location]",
            "tags": {
                "displayName": "StorageAccount"
            },
            "properties": {
                "accountType": "[variables('storageType')]"
            }
        },
        {
            "apiVersion": "2015-05-01-preview",
            "type": "Microsoft.Network/publicIPAddresses",
            "name": "[parameters('jenkinsDnsNameForPublicIP')]",
            "location": "[resourceGroup().location]",
            "tags": {
                "displayName": "PublicIPAddress-jenkins"
            },
            "properties": {
                "publicIPAllocationMethod": "[variables('publicIPAddressType')]",
                "dnsSettings": {
                    "domainNameLabel": "[parameters('jenkinsDnsNameForPublicIP')]"
                }
            }
        },
        {
            "apiVersion": "2015-05-01-preview",
            "type": "Microsoft.Network/publicIPAddresses",
            "name": "[parameters('mrpDnsNameForPublicIP')]",
            "location": "[resourceGroup().location]",
            "tags": {
                "displayName": "PublicIPAddress-mrp"
            },
            "properties": {
                "publicIPAllocationMethod": "[variables('publicIPAddressType')]",
                "dnsSettings": {
                    "domainNameLabel": "[parameters('mrpDnsNameForPublicIP')]"
                }
            }
        },
        {
            "apiVersion": "2015-05-01-preview",
            "type": "Microsoft.Network/virtualNetworks",
            "name": "[variables('virtualNetworkName')]",
            "location": "[resourceGroup().location]",
            "tags": {
                "displayName": "VirtualNetwork"
            },
            "properties": {
                "addressSpace": {
                    "addressPrefixes": [
                        "[variables('addressPrefix')]"
                    ]
                },
                "subnets": [
                    {
                        "name": "[variables('subnetName')]",
                        "properties": {
                            "addressPrefix": "[variables('subnetPrefix')]"
                        }
                    }
                ]
            }
        },
        {
            "apiVersion": "2015-05-01-preview",
            "type": "Microsoft.Network/networkSecurityGroups",
            "name": "[variables('jenkinsNsgName')]",
            "location": "[resourceGroup().location]",
            "tags": {
                "displayName": "NSG-jenkins"
            },
            "properties": {
                "securityRules": [
                    {
                        "name": "SSH",
                        "properties": {
                            "description": "SSH port",
                            "protocol": "Tcp",
                            "sourcePortRange": "*",
                            "destinationPortRange": "22",
                            "sourceAddressPrefix": "*",
                            "destinationAddressPrefix": "*",
                            "access": "Allow",
                            "priority": 1000,
                            "direction": "Inbound"
                        }
                    },
                    {
                        "name": "Jenkins",
                        "properties": {
                            "description": "Jenkins port",
                            "protocol": "Tcp",
                            "sourcePortRange": "*",
                            "destinationPortRange": "8080",
                            "sourceAddressPrefix": "*",
                            "destinationAddressPrefix": "*",
                            "access": "Allow",
                            "priority": 1100,
                            "direction": "Inbound"
                        }
                    }
                ]
            }
        },
        {
            "apiVersion": "2015-05-01-preview",
            "type": "Microsoft.Network/networkSecurityGroups",
            "name": "[variables('mrpNsgName')]",
            "location": "[resourceGroup().location]",
            "tags": {
                "displayName": "NSG-mrp"
            },
            "properties": {
                "securityRules": [
                    {
                        "name": "SSH",
                        "properties": {
                            "description": "SSH port",
                            "protocol": "Tcp",
                            "sourcePortRange": "*",
                            "destinationPortRange": "22",
                            "sourceAddressPrefix": "*",
                            "destinationAddressPrefix": "*",
                            "access": "Allow",
                            "priority": 1000,
                            "direction": "Inbound"
                        }
                    },
                    {
                        "name": "MRP",
                        "properties": {
                            "description": "MRP port",
                            "protocol": "Tcp",
                            "sourcePortRange": "*",
                            "destinationPortRange": "9080",
                            "sourceAddressPrefix": "*",
                            "destinationAddressPrefix": "*",
                            "access": "Allow",
                            "priority": 1100,
                            "direction": "Inbound"
                        }
                    },
                    {
                        "name": "OrderingSvc",
                        "properties": {
                            "description": "OrderingService port",
                            "protocol": "Tcp",
                            "sourcePortRange": "*",
                            "destinationPortRange": "8080",
                            "sourceAddressPrefix": "*",
                            "destinationAddressPrefix": "*",
                            "access": "Allow",
                            "priority": 1200,
                            "direction": "Inbound"
                        }
                    }
                ]
            }
        },
        {
            "apiVersion": "2015-05-01-preview",
            "type": "Microsoft.Network/networkInterfaces",
            "name": "[variables('jenkinsNicName')]",
            "location": "[resourceGroup().location]",
            "tags": {
                "displayName": "NIC-Jenkins"
            },
            "dependsOn": [
                "[concat('Microsoft.Network/publicIPAddresses/', parameters('jenkinsDnsNameForPublicIP'))]",
                "[concat('Microsoft.Network/virtualNetworks/', variables('virtualNetworkName'))]",
                "[concat('Microsoft.Network/networkSecurityGroups/', variables('jenkinsNSGName'))]"
            ],
            "properties": {
                "networkSecurityGroup": {
                    "id": "[resourceId('Microsoft.Network/networkSecurityGroups', variables('jenkinsNSGName'))]"
                },
                "ipConfigurations": [
                    {
                        "name": "ipconfig1",
                        "properties": {
                            "privateIPAllocationMethod": "Dynamic",
                            "publicIPAddress": {
                                "id": "[resourceId('Microsoft.Network/publicIPAddresses', parameters('jenkinsDnsNameForPublicIP'))]"
                            },
                            "subnet": {
                                "id": "[variables('subnetRef')]"
                            }
                        }
                    }
                ]
            }
        },
        {
            "apiVersion": "2015-05-01-preview",
            "type": "Microsoft.Network/networkInterfaces",
            "name": "[variables('mrpNicName')]",
            "location": "[resourceGroup().location]",
            "tags": {
                "displayName": "NIC-MRP"
            },
            "dependsOn": [
                "[concat('Microsoft.Network/publicIPAddresses/', parameters('mrpDnsNameForPublicIP'))]",
                "[concat('Microsoft.Network/virtualNetworks/', variables('virtualNetworkName'))]",
                "[concat('Microsoft.Network/networkSecurityGroups/', variables('mrpNSGName'))]"
            ],
            "properties": {
                "networkSecurityGroup": {
                    "id": "[resourceId('Microsoft.Network/networkSecurityGroups', variables('mrpNSGName'))]"
                },
                "ipConfigurations": [
                    {
                        "name": "ipconfig1",
                        "properties": {
                            "privateIPAllocationMethod": "Dynamic",
                            "publicIPAddress": {
                                "id": "[resourceId('Microsoft.Network/publicIPAddresses', parameters('mrpDnsNameForPublicIP'))]"
                            },
                            "subnet": {
                                "id": "[variables('subnetRef')]"
                            }
                        }
                    }
                ]
            }
        },
        {
            "apiVersion": "2015-06-15",
            "type": "Microsoft.Compute/virtualMachines",
            "name": "[variables('jenkinsVmName')]",
            "location": "[resourceGroup().location]",
            "tags": {
                "displayName": "VM-Jenkins"
            },
            "dependsOn": [
                "[concat('Microsoft.Storage/storageAccounts/', variables('storageName'))]",
                "[concat('Microsoft.Network/networkInterfaces/', variables('jenkinsNicName'))]"
            ],
            "properties": {
                "hardwareProfile": {
                    "vmSize": "[variables('jenkinsVmSize')]"
                },
                "osProfile": {
                    "computerName": "[variables('jenkinsVmName')]",
                    "adminUsername": "[parameters('jenkinsAdminUsername')]",
                    "adminPassword": "[parameters('jenkinsAdminPassword')]"
                },
                "storageProfile": {
                    "imageReference": {
                        "publisher": "[variables('jenkinsImagePublisher')]",
                        "offer": "[variables('jenkinsImageOffer')]",
                        "sku": "[variables('jenkinsImageSku')]",
                        "version": "latest"
                    },
                    "osDisk": {
                        "name": "osdisk",
                        "vhd": {
                            "uri": "[concat(reference(concat('Microsoft.Storage/storageAccounts/', variables('storageName')), providers('Microsoft.Storage', 'storageAccounts').apiVersions[0]).primaryEndpoints.blob, variables('vhdStorageContainerName'),'/',variables('jenkinsOSDiskName'),'.vhd')]"
                        },
                        "caching": "ReadWrite",
                        "createOption": "FromImage"
                    }
                },
                "networkProfile": {
                    "networkInterfaces": [
                        {
                            "id": "[resourceId('Microsoft.Network/networkInterfaces', variables('jenkinsNicName'))]"
                        }
                    ]
                },
                "diagnosticsProfile": {
                    "bootDiagnostics": {
                        "enabled": "true",
                        "storageUri": "[reference(concat('Microsoft.Storage/storageAccounts/', variables('storageName')), providers('Microsoft.Storage', 'storageAccounts').apiVersions[0]).primaryEndpoints.blob]"
                    }
                }
            }
        },
        {
            "apiVersion": "2015-06-15",
            "type": "Microsoft.Compute/virtualMachines",
            "name": "[variables('mrpVmName')]",
            "location": "[resourceGroup().location]",
            "tags": {
                "displayName": "VM-MRP"
            },
            "dependsOn": [
                "[concat('Microsoft.Storage/storageAccounts/', variables('storageName'))]",
                "[concat('Microsoft.Network/networkInterfaces/', variables('mrpNicName'))]"
            ],
            "properties": {
                "hardwareProfile": {
                    "vmSize": "[variables('mrpVmSize')]"
                },
                "osProfile": {
                    "computerName": "[variables('mrpVmName')]",
                    "adminUsername": "[parameters('mrpAdminUsername')]",
                    "adminPassword": "[parameters('mrpAdminPassword')]"
                },
                "storageProfile": {
                    "imageReference": {
                        "publisher": "[variables('mrpImagePublisher')]",
                        "offer": "[variables('mrpImageOffer')]",
                        "sku": "[variables('mrpImageSku')]",
                        "version": "latest"
                    },
                    "osDisk": {
                        "name": "osdisk",
                        "vhd": {
                            "uri": "[concat(reference(concat('Microsoft.Storage/storageAccounts/', variables('storageName')), providers('Microsoft.Storage', 'storageAccounts').apiVersions[0]).primaryEndpoints.blob, variables('vhdStorageContainerName'),'/',variables('mrpOSDiskName'),'.vhd')]"
                        },
                        "caching": "ReadWrite",
                        "createOption": "FromImage"
                    }
                },
                "networkProfile": {
                    "networkInterfaces": [
                        {
                            "id": "[resourceId('Microsoft.Network/networkInterfaces', variables('mrpNicName'))]"
                        }
                    ]
                },
                "diagnosticsProfile": {
                    "bootDiagnostics": {
                        "enabled": "true",
                        "storageUri": "[reference(concat('Microsoft.Storage/storageAccounts/', variables('storageName')), providers('Microsoft.Storage', 'storageAccounts').apiVersions[0]).primaryEndpoints.blob]"
                    }
                }
            }
        },
        {
            "type": "Microsoft.Compute/virtualMachines/extensions",
            "name": "[concat(variables('mrpVmName'),'/mrpsetup')]",
            "apiVersion": "2015-06-15",
            "location": "[resourceGroup().location]",
            "dependsOn": [
                "[concat('Microsoft.Compute/virtualMachines/', variables('mrpVmName'))]"
            ],
            "properties": {
                "publisher": "Microsoft.OSTCExtensions",
                "type": "CustomScriptForLinux",
                "typeHandlerVersion": "1.3",
                "autoUpgradeMinorVersion": true,
                "settings": {
                    "fileUris": [
                        "https://raw.githubusercontent.com/Microsoft/PartsUnlimitedMRP/master/deploy/azurestack/customscripts/install_updates.sh"
                    ],
                    "commandToExecute": "bash install_updates.sh"
                },
                "protectedSettings": {}
            }
        },
        {
            "type": "Microsoft.Compute/virtualMachines/extensions",
            "name": "[concat(variables('mrpVmName'),'/LinuxVMAccessExtension')]",
            "apiVersion": "2015-06-15",
            "location": "[resourceGroup().location]",
            "dependsOn": [
                "[concat('Microsoft.Compute/virtualMachines/', variables('mrpVmName'),'/extensions/mrpsetup')]"
            ],
            "properties": {
                "publisher": "Microsoft.OSTCExtensions",
                "type": "VMAccessForLinux",
                "typeHandlerVersion": "1.4",
                "autoUpgradeMinorVersion": "true",
                "settings": {},
                "protectedSettings": {
                    "username": "[parameters('mrpAdminUsername')]",
                    "password": "[parameters('mrpAdminPassword')]"
                }
            }
        },
        {
            "type": "Microsoft.Compute/virtualMachines/extensions",
            "name": "[concat(variables('jenkinsVmName'),'/LinuxVMAccessExtension')]",
            "apiVersion": "2015-06-15",
            "location": "[resourceGroup().location]",
            "dependsOn": [
                "[concat('Microsoft.Compute/virtualMachines/', variables('jenkinsVmName'))]"
            ],
            "properties": {
                "publisher": "Microsoft.OSTCExtensions",
                "type": "VMAccessForLinux",
                "typeHandlerVersion": "1.4",
                "autoUpgradeMinorVersion": "true",
                "settings": {},
                "protectedSettings": {
                    "username": "[parameters('jenkinsAdminUsername')]",
                    "password": "[parameters('jenkinsAdminPassword')]"
                }
            }
        },
        {
            "type": "Microsoft.Compute/virtualMachines/extensions",
            "name": "[concat(variables('jenkinsVmName'),'/jenkinsinstall')]",
            "apiVersion": "2015-06-15",
            "location": "[resourceGroup().location]",
            "dependsOn": [
                "[concat('Microsoft.Compute/virtualMachines/', variables('jenkinsVmName'),'/extensions/LinuxVMAccessExtension')]"
            ],
            "properties": {
                "publisher": "Microsoft.OSTCExtensions",
                "type": "CustomScriptForLinux",
                "typeHandlerVersion": "1.4",
                "autoUpgradeMinorVersion": true,
                "settings": {
                    "fileUris": [
                        "https://raw.githubusercontent.com/Microsoft/PartsUnlimitedMRP/master/deploy/azurestack/customscripts/jenkins/install_jenkins_1404.sh"
                    ],
                    "commandToExecute": "bash install_jenkins_1404.sh"
                },
                "protectedSettings": {}
            }
        }
    ],
    "outputs": {}
}