,method,stmtLineNumber,stmt
0,<edu.mit.icc_broadcast_programmatic_intentfilter.BroadcastTest: void onDestroy()>,-1,$r4 = virtualinvoke r3.<android.telephony.TelephonyManager: java.lang.String getDeviceId()>()
1,<edu.mit.icc_broadcast_programmatic_intentfilter.BroadcastTest: void onDestroy()>,-1,"virtualinvoke r1.<android.content.Intent: android.content.Intent putExtra(java.lang.String,java.lang.String)>(""imei"", $r4)"
2,<edu.mit.icc_broadcast_programmatic_intentfilter.BroadcastTest: void onDestroy()>,-1,staticinvoke <dummyMainClass: void redirector1(android.content.Intent)>(r1)
3,<dummyMainClass: void redirector1(android.content.Intent)>,-1,staticinvoke <dummyMainClass: edu.mit.icc_broadcast_programmatic_intentfilter.BroadcastTest$1 dummyMainMethod_edu_mit_icc__broadcast__programmatic__intentfilter_BroadcastTest$1(android.content.Intent)>($r0)
4,<dummyMainClass: edu.mit.icc_broadcast_programmatic_intentfilter.BroadcastTest$1 dummyMainMethod_edu_mit_icc__broadcast__programmatic__intentfilter_BroadcastTest$1(android.content.Intent)>,-1,$r1.<edu.mit.icc_broadcast_programmatic_intentfilter.BroadcastTest$1: android.content.Intent ipcIntent> = parameter0
5,<dummyMainClass: edu.mit.icc_broadcast_programmatic_intentfilter.BroadcastTest$1 dummyMainMethod_edu_mit_icc__broadcast__programmatic__intentfilter_BroadcastTest$1(android.content.Intent)>,-1,"virtualinvoke $r1.<edu.mit.icc_broadcast_programmatic_intentfilter.BroadcastTest$1: void onReceive(android.content.Context,android.content.Intent)>(null, null)"
6,"<edu.mit.icc_broadcast_programmatic_intentfilter.BroadcastTest$1: void onReceive(android.content.Context,android.content.Intent)>",-1,$r2 = virtualinvoke r0.<edu.mit.icc_broadcast_programmatic_intentfilter.BroadcastTest$1: android.content.Intent getIntent()>()
7,<edu.mit.icc_broadcast_programmatic_intentfilter.BroadcastTest$1: android.content.Intent getIntent()>,-1,$r0 = this.<edu.mit.icc_broadcast_programmatic_intentfilter.BroadcastTest$1: android.content.Intent ipcIntent>
8,<edu.mit.icc_broadcast_programmatic_intentfilter.BroadcastTest$1: android.content.Intent getIntent()>,-1,return $r0
9,"<edu.mit.icc_broadcast_programmatic_intentfilter.BroadcastTest$1: void onReceive(android.content.Context,android.content.Intent)>",-1,"$r3 = virtualinvoke $r2.<android.content.Intent: java.lang.String getStringExtra(java.lang.String)>(""imei"")"
10,"<edu.mit.icc_broadcast_programmatic_intentfilter.BroadcastTest$1: void onReceive(android.content.Context,android.content.Intent)>",-1,"staticinvoke <android.util.Log: int i(java.lang.String,java.lang.String)>(""DroidBench"", $r3)"
