,method,stmtLineNumber,stmt
0,<edu.mit.dynamic_dispatch.B: java.lang.String f()>,-1,$r1 = virtualinvoke $r2.<android.telephony.TelephonyManager: java.lang.String getDeviceId()>()
1,<edu.mit.dynamic_dispatch.B: java.lang.String f()>,-1,return $r1
2,<edu.mit.dynamic_dispatch.Test: java.lang.String method(edu.mit.dynamic_dispatch.A)>,-1,return $r2
3,<edu.mit.dynamic_dispatch.MainActivity: void onCreate(android.os.Bundle)>,-1,"staticinvoke <android.util.Log: int i(java.lang.String,java.lang.String)>(""DroidBench"", $r9)"
