,method,stmtLineNumber,stmt
0,<de.ecspride.Button2: void clickOnButton3(android.view.View)>,-1,$r4 = virtualinvoke r3.<android.telephony.TelephonyManager: java.lang.String getDeviceId()>()
1,<de.ecspride.Button2: void clickOnButton3(android.view.View)>,-1,r0.<de.ecspride.Button2: java.lang.String imei> = $r4
2,<de.ecspride.Button2: void clickOnButton3(android.view.View)>,-1,$r4 = r0.<de.ecspride.Button2: java.lang.String imei>
3,<de.ecspride.Button2: void clickOnButton3(android.view.View)>,-1,$r5 = virtualinvoke $r5.<java.lang.StringBuilder: java.lang.StringBuilder append(java.lang.String)>($r4)
4,<de.ecspride.Button2: void clickOnButton3(android.view.View)>,-1,$r4 = virtualinvoke $r5.<java.lang.StringBuilder: java.lang.String toString()>()
5,<de.ecspride.Button2: void clickOnButton3(android.view.View)>,-1,"staticinvoke <android.util.Log: int i(java.lang.String,java.lang.String)>(""TAG"", $r4)"
