,method,stmtLineNumber,stmt
0,<de.ecspride.Button2: void clickOnButton3(android.view.View)>,-1,$r4 = virtualinvoke r3.<android.telephony.TelephonyManager: java.lang.String getDeviceId()>()
1,<de.ecspride.Button2: void clickOnButton3(android.view.View)>,-1,r0.<de.ecspride.Button2: java.lang.String imei> = $r4
2,<de.ecspride.Button2: void clickOnButton3(android.view.View)>,-1,return
3,<dummyMainClass: de.ecspride.Button2 dummyMainMethod_de_ecspride_Button2(android.content.Intent)>,-1,specialinvoke $r1.<de.ecspride.Button2$1: void <init>(de.ecspride.Button2)>($r0)
4,<de.ecspride.Button2$1: void <init>(de.ecspride.Button2)>,-1,r0.<de.ecspride.Button2$1: de.ecspride.Button2 this$0> = $r1
5,<de.ecspride.Button2$1: void <init>(de.ecspride.Button2)>,-1,return
6,<dummyMainClass: de.ecspride.Button2 dummyMainMethod_de_ecspride_Button2(android.content.Intent)>,-1,virtualinvoke $r1.<de.ecspride.Button2$1: void onClick(android.view.View)>(null)
7,<de.ecspride.Button2$1: void onClick(android.view.View)>,-1,$r3 = r0.<de.ecspride.Button2$1: de.ecspride.Button2 this$0>
8,<de.ecspride.Button2$1: void onClick(android.view.View)>,-1,$r4 = staticinvoke <de.ecspride.Button2: java.lang.String access$0(de.ecspride.Button2)>($r3)
9,<de.ecspride.Button2: java.lang.String access$0(de.ecspride.Button2)>,-1,r1 = $r0.<de.ecspride.Button2: java.lang.String imei>
10,<de.ecspride.Button2: java.lang.String access$0(de.ecspride.Button2)>,-1,return r1
11,<de.ecspride.Button2$1: void onClick(android.view.View)>,-1,$r5 = virtualinvoke $r5.<java.lang.StringBuilder: java.lang.StringBuilder append(java.lang.String)>($r4)
12,<de.ecspride.Button2$1: void onClick(android.view.View)>,-1,$r4 = virtualinvoke $r5.<java.lang.StringBuilder: java.lang.String toString()>()
13,<de.ecspride.Button2$1: void onClick(android.view.View)>,-1,"staticinvoke <android.util.Log: int i(java.lang.String,java.lang.String)>(""TAG"", $r4)"
