{
    "1_structural_static": {
        "decomposition": {
            "authentication": [
                {
                    "id": "RegistrationResult"
                },
                {
                    "id": "[duplicate (authentication)] NotImplementedException"
                },
                {
                    "id": "LoginServlet"
                },
                {
                    "id": "RegisterServlet"
                },
                {
                    "id": "[duplicate (authentication)] StringUtils"
                },
                {
                    "id": "LoginUtils"
                },
                {
                    "id": "RegistrationStatusEnums"
                },
                {
                    "id": "[duplicate (authentication)] IPersistenceLayer"
                },
                {
                    "id": "PasswordResult"
                },
                {
                    "id": "[duplicate (authentication)] ParameterObject"
                },
                {
                    "id": "[duplicate (authentication)] ServletUtils"
                },
                {
                    "id": "[duplicate (authentication)] WebAppListener"
                },
                {
                    "id": "[duplicate (authentication)] SqlRuntimeException"
                },
                {
                    "id": "[duplicate (authentication)] AssertionException"
                },
                {
                    "id": "[duplicate (authentication)] PersistenceLayer"
                },
                {
                    "id": "[duplicate (authentication)] EmptyDataSource"
                },
                {
                    "id": "RegistrationUtils"
                },
                {
                    "id": "User"
                },
                {
                    "id": "PasswordResultEnums"
                },
                {
                    "id": "[duplicate (authentication)] SqlData"
                },
                {
                    "id": "[duplicate (authentication)] CheckUtils"
                }
            ],
            "library": [
                {
                    "id": "LibraryUtils"
                },
                {
                    "id": "[duplicate (library)] NotImplementedException"
                },
                {
                    "id": "LibraryRegisterBookServlet"
                },
                {
                    "id": "[duplicate (library)] StringUtils"
                },
                {
                    "id": "[duplicate (library)] IPersistenceLayer"
                },
                {
                    "id": "[duplicate (library)] ParameterObject"
                },
                {
                    "id": "[duplicate (library)] ServletUtils"
                },
                {
                    "id": "LibraryBookListAvailableServlet"
                },
                {
                    "id": "Book"
                },
                {
                    "id": "[duplicate (library)] WebAppListener"
                },
                {
                    "id": "LibraryRegisterBorrowerServlet"
                },
                {
                    "id": "[duplicate (library)] SqlRuntimeException"
                },
                {
                    "id": "LibraryActionResults"
                },
                {
                    "id": "[duplicate (library)] PersistenceLayer"
                },
                {
                    "id": "Borrower"
                },
                {
                    "id": "[duplicate (library)] EmptyDataSource"
                },
                {
                    "id": "Loan"
                },
                {
                    "id": "LibraryLendServlet"
                },
                {
                    "id": "LibraryBookListSearchServlet"
                },
                {
                    "id": "[duplicate (library)] SqlData"
                },
                {
                    "id": "LibraryBorrowerListSearchServlet"
                }
            ],
            "mathematics": [
                {
                    "id": "MathServlet"
                },
                {
                    "id": "[duplicate (mathematics)] ServletUtils"
                },
                {
                    "id": "DinnerPrices"
                },
                {
                    "id": "TailRecursive"
                },
                {
                    "id": "AlcoholResult"
                },
                {
                    "id": "AckermannIterative"
                },
                {
                    "id": "CartesianProduct"
                },
                {
                    "id": "FibonacciIterative"
                },
                {
                    "id": "FunctionalField"
                },
                {
                    "id": "Calculator"
                },
                {
                    "id": "Fibonacci"
                },
                {
                    "id": "FibServlet"
                },
                {
                    "id": "AlcoholCalculator"
                },
                {
                    "id": "Ackermann"
                },
                {
                    "id": "AckServlet"
                }
            ],
            "persistence": [
                {
                    "id": "[duplicate (persistence)] EmptyDataSource"
                },
                {
                    "id": "[duplicate (persistence)] ServletUtils"
                },
                {
                    "id": "[duplicate (persistence)] StringUtils"
                },
                {
                    "id": "[duplicate (persistence)] IPersistenceLayer"
                },
                {
                    "id": "[duplicate (persistence)] ParameterObject"
                },
                {
                    "id": "[duplicate (persistence)] WebAppListener"
                },
                {
                    "id": "[duplicate (persistence)] SqlRuntimeException"
                },
                {
                    "id": "[duplicate (persistence)] NotImplementedException"
                },
                {
                    "id": "[duplicate (persistence)] AssertionException"
                },
                {
                    "id": "[duplicate (persistence)] PersistenceLayer"
                },
                {
                    "id": "[duplicate (persistence)] SqlData"
                },
                {
                    "id": "DbServlet"
                },
                {
                    "id": "[duplicate (persistence)] CheckUtils"
                }
            ]
        },
        "links": [
            {
                "source": "LoginServlet",
                "target": "LoginUtils",
                "weight": "2"
            },
            {
                "source": "LoginServlet",
                "target": "[duplicate (authentication)] ServletUtils",
                "weight": "1"
            },
            {
                "source": "LoginServlet",
                "target": "[duplicate (authentication)] StringUtils",
                "weight": "1"
            },
            {
                "source": "LoginUtils",
                "target": "[duplicate (authentication)] PersistenceLayer",
                "weight": "2"
            },
            {
                "source": "LoginUtils",
                "target": "[duplicate (authentication)] IPersistenceLayer",
                "weight": "2"
            },
            {
                "source": "LoginUtils",
                "target": "[duplicate (authentication)] CheckUtils",
                "weight": "1"
            },
            {
                "source": "RegisterServlet",
                "target": "RegistrationUtils",
                "weight": "2"
            },
            {
                "source": "RegisterServlet",
                "target": "RegistrationResult",
                "weight": "1"
            },
            {
                "source": "RegisterServlet",
                "target": "[duplicate (authentication)] StringUtils",
                "weight": "1"
            },
            {
                "source": "RegisterServlet",
                "target": "[duplicate (authentication)] ServletUtils",
                "weight": "1"
            },
            {
                "source": "RegistrationUtils",
                "target": "[duplicate (authentication)] PersistenceLayer",
                "weight": "2"
            },
            {
                "source": "RegistrationUtils",
                "target": "[duplicate (authentication)] IPersistenceLayer",
                "weight": "4"
            },
            {
                "source": "RegistrationUtils",
                "target": "PasswordResult",
                "weight": "4"
            },
            {
                "source": "RegistrationUtils",
                "target": "PasswordResultEnums",
                "weight": "6"
            },
            {
                "source": "RegistrationUtils",
                "target": "[duplicate (authentication)] CheckUtils",
                "weight": "3"
            },
            {
                "source": "RegistrationUtils",
                "target": "RegistrationResult",
                "weight": "2"
            },
            {
                "source": "RegistrationUtils",
                "target": "RegistrationStatusEnums",
                "weight": "3"
            },
            {
                "source": "PasswordResult",
                "target": "PasswordResultEnums",
                "weight": "1"
            },
            {
                "source": "RegistrationResult",
                "target": "RegistrationStatusEnums",
                "weight": "1"
            },
            {
                "source": "AlcoholCalculator",
                "target": "AlcoholResult",
                "weight": "1"
            },
            {
                "source": "[duplicate (authentication)] CheckUtils",
                "target": "[duplicate (authentication)] AssertionException",
                "weight": "1"
            },
            {
                "source": "[duplicate (persistence)] CheckUtils",
                "target": "[duplicate (persistence)] AssertionException",
                "weight": "1"
            },
            {
                "source": "LibraryBookListAvailableServlet",
                "target": "[duplicate (library)] ServletUtils",
                "weight": "1"
            },
            {
                "source": "LibraryBookListAvailableServlet",
                "target": "LibraryUtils",
                "weight": "2"
            },
            {
                "source": "LibraryBookListSearchServlet",
                "target": "[duplicate (library)] ServletUtils",
                "weight": "1"
            },
            {
                "source": "LibraryBookListSearchServlet",
                "target": "[duplicate (library)] StringUtils",
                "weight": "1"
            },
            {
                "source": "LibraryBookListSearchServlet",
                "target": "LibraryUtils",
                "weight": "4"
            },
            {
                "source": "LibraryBookListSearchServlet",
                "target": "Book",
                "weight": "4"
            },
            {
                "source": "LibraryBorrowerListSearchServlet",
                "target": "[duplicate (library)] ServletUtils",
                "weight": "1"
            },
            {
                "source": "LibraryBorrowerListSearchServlet",
                "target": "[duplicate (library)] StringUtils",
                "weight": "1"
            },
            {
                "source": "LibraryBorrowerListSearchServlet",
                "target": "LibraryUtils",
                "weight": "4"
            },
            {
                "source": "LibraryBorrowerListSearchServlet",
                "target": "Borrower",
                "weight": "4"
            },
            {
                "source": "LibraryLendServlet",
                "target": "[duplicate (library)] ServletUtils",
                "weight": "1"
            },
            {
                "source": "LibraryLendServlet",
                "target": "[duplicate (library)] StringUtils",
                "weight": "1"
            },
            {
                "source": "LibraryLendServlet",
                "target": "LibraryUtils",
                "weight": "2"
            },
            {
                "source": "LibraryLendServlet",
                "target": "LibraryActionResults",
                "weight": "3"
            },
            {
                "source": "LibraryRegisterBookServlet",
                "target": "[duplicate (library)] ServletUtils",
                "weight": "1"
            },
            {
                "source": "LibraryRegisterBookServlet",
                "target": "[duplicate (library)] StringUtils",
                "weight": "1"
            },
            {
                "source": "LibraryRegisterBookServlet",
                "target": "LibraryUtils",
                "weight": "2"
            },
            {
                "source": "LibraryRegisterBookServlet",
                "target": "LibraryActionResults",
                "weight": "2"
            },
            {
                "source": "LibraryRegisterBorrowerServlet",
                "target": "[duplicate (library)] ServletUtils",
                "weight": "1"
            },
            {
                "source": "LibraryRegisterBorrowerServlet",
                "target": "[duplicate (library)] StringUtils",
                "weight": "1"
            },
            {
                "source": "LibraryRegisterBorrowerServlet",
                "target": "LibraryUtils",
                "weight": "2"
            },
            {
                "source": "LibraryRegisterBorrowerServlet",
                "target": "LibraryActionResults",
                "weight": "2"
            },
            {
                "source": "LibraryUtils",
                "target": "[duplicate (library)] PersistenceLayer",
                "weight": "2"
            },
            {
                "source": "LibraryUtils",
                "target": "Book",
                "weight": "14"
            },
            {
                "source": "LibraryUtils",
                "target": "Borrower",
                "weight": "14"
            },
            {
                "source": "LibraryUtils",
                "target": "[duplicate (library)] IPersistenceLayer",
                "weight": "15"
            },
            {
                "source": "LibraryUtils",
                "target": "LibraryActionResults",
                "weight": "12"
            },
            {
                "source": "LibraryUtils",
                "target": "Loan",
                "weight": "3"
            },
            {
                "source": "Book",
                "target": "[duplicate (library)] StringUtils",
                "weight": "1"
            },
            {
                "source": "Borrower",
                "target": "[duplicate (library)] StringUtils",
                "weight": "1"
            },
            {
                "source": "Loan",
                "target": "Book",
                "weight": "1"
            },
            {
                "source": "Loan",
                "target": "Borrower",
                "weight": "1"
            },
            {
                "source": "AckServlet",
                "target": "[duplicate (mathematics)] ServletUtils",
                "weight": "1"
            },
            {
                "source": "AckServlet",
                "target": "Ackermann",
                "weight": "1"
            },
            {
                "source": "AckServlet",
                "target": "AckermannIterative",
                "weight": "1"
            },
            {
                "source": "FibServlet",
                "target": "Fibonacci",
                "weight": "1"
            },
            {
                "source": "FibServlet",
                "target": "[duplicate (mathematics)] ServletUtils",
                "weight": "1"
            },
            {
                "source": "FibServlet",
                "target": "FibonacciIterative",
                "weight": "2"
            },
            {
                "source": "MathServlet",
                "target": "[duplicate (mathematics)] ServletUtils",
                "weight": "1"
            },
            {
                "source": "MathServlet",
                "target": "Calculator",
                "weight": "1"
            },
            {
                "source": "DbServlet",
                "target": "[duplicate (persistence)] PersistenceLayer",
                "weight": "1"
            },
            {
                "source": "DbServlet",
                "target": "[duplicate (persistence)] ServletUtils",
                "weight": "1"
            },
            {
                "source": "DbServlet",
                "target": "[duplicate (persistence)] StringUtils",
                "weight": "1"
            },
            {
                "source": "DbServlet",
                "target": "[duplicate (persistence)] IPersistenceLayer",
                "weight": "3"
            },
            {
                "source": "[duplicate (authentication)] EmptyDataSource",
                "target": "[duplicate (authentication)] NotImplementedException",
                "weight": "9"
            },
            {
                "source": "[duplicate (library)] EmptyDataSource",
                "target": "[duplicate (library)] NotImplementedException",
                "weight": "9"
            },
            {
                "source": "[duplicate (persistence)] EmptyDataSource",
                "target": "[duplicate (persistence)] NotImplementedException",
                "weight": "9"
            },
            {
                "source": "[duplicate (authentication)] PersistenceLayer",
                "target": "[duplicate (authentication)] SqlData",
                "weight": "21"
            },
            {
                "source": "[duplicate (library)] PersistenceLayer",
                "target": "[duplicate (library)] SqlData",
                "weight": "21"
            },
            {
                "source": "[duplicate (persistence)] PersistenceLayer",
                "target": "[duplicate (persistence)] SqlData",
                "weight": "21"
            },
            {
                "source": "[duplicate (authentication)] PersistenceLayer",
                "target": "[duplicate (authentication)] EmptyDataSource",
                "weight": "1"
            },
            {
                "source": "[duplicate (library)] PersistenceLayer",
                "target": "[duplicate (library)] EmptyDataSource",
                "weight": "1"
            },
            {
                "source": "[duplicate (persistence)] PersistenceLayer",
                "target": "[duplicate (persistence)] EmptyDataSource",
                "weight": "1"
            },
            {
                "source": "[duplicate (authentication)] PersistenceLayer",
                "target": "[duplicate (authentication)] CheckUtils",
                "weight": "15"
            },
            {
                "source": "[duplicate (persistence)] PersistenceLayer",
                "target": "[duplicate (persistence)] CheckUtils",
                "weight": "15"
            },
            {
                "source": "[duplicate (authentication)] PersistenceLayer",
                "target": "[duplicate (authentication)] SqlRuntimeException",
                "weight": "8"
            },
            {
                "source": "[duplicate (library)] PersistenceLayer",
                "target": "[duplicate (library)] SqlRuntimeException",
                "weight": "8"
            },
            {
                "source": "[duplicate (persistence)] PersistenceLayer",
                "target": "[duplicate (persistence)] SqlRuntimeException",
                "weight": "8"
            },
            {
                "source": "[duplicate (library)] PersistenceLayer",
                "target": "Book",
                "weight": "6"
            },
            {
                "source": "[duplicate (library)] PersistenceLayer",
                "target": "Borrower",
                "weight": "6"
            },
            {
                "source": "[duplicate (authentication)] PersistenceLayer",
                "target": "[duplicate (authentication)] StringUtils",
                "weight": "8"
            },
            {
                "source": "[duplicate (library)] PersistenceLayer",
                "target": "[duplicate (library)] StringUtils",
                "weight": "8"
            },
            {
                "source": "[duplicate (persistence)] PersistenceLayer",
                "target": "[duplicate (persistence)] StringUtils",
                "weight": "8"
            },
            {
                "source": "[duplicate (library)] PersistenceLayer",
                "target": "Loan",
                "weight": "2"
            },
            {
                "source": "[duplicate (authentication)] PersistenceLayer",
                "target": "User",
                "weight": "1"
            },
            {
                "source": "[duplicate (authentication)] SqlData",
                "target": "[duplicate (authentication)] ParameterObject",
                "weight": "3"
            },
            {
                "source": "[duplicate (library)] SqlData",
                "target": "[duplicate (library)] ParameterObject",
                "weight": "3"
            },
            {
                "source": "[duplicate (persistence)] SqlData",
                "target": "[duplicate (persistence)] ParameterObject",
                "weight": "3"
            },
            {
                "source": "[duplicate (authentication)] SqlData",
                "target": "[duplicate (authentication)] SqlRuntimeException",
                "weight": "1"
            },
            {
                "source": "[duplicate (library)] SqlData",
                "target": "[duplicate (library)] SqlRuntimeException",
                "weight": "1"
            },
            {
                "source": "[duplicate (persistence)] SqlData",
                "target": "[duplicate (persistence)] SqlRuntimeException",
                "weight": "1"
            },
            {
                "source": "[duplicate (authentication)] WebAppListener",
                "target": "[duplicate (authentication)] PersistenceLayer",
                "weight": "1"
            },
            {
                "source": "[duplicate (library)] WebAppListener",
                "target": "[duplicate (library)] PersistenceLayer",
                "weight": "1"
            },
            {
                "source": "[duplicate (persistence)] WebAppListener",
                "target": "[duplicate (persistence)] PersistenceLayer",
                "weight": "1"
            },
            {
                "source": "[duplicate (authentication)] WebAppListener",
                "target": "[duplicate (authentication)] IPersistenceLayer",
                "weight": "1"
            },
            {
                "source": "[duplicate (library)] WebAppListener",
                "target": "[duplicate (library)] IPersistenceLayer",
                "weight": "1"
            },
            {
                "source": "[duplicate (persistence)] WebAppListener",
                "target": "[duplicate (persistence)] IPersistenceLayer",
                "weight": "1"
            }
        ]
    },
    "3_business_use_cases": {
        "decomposition": {
            "Authentication USE CASE": [
                {
                    "id": "AUTHENTICATION USE CASE"
                }
            ],
            "Library USE CASE": [
                {
                    "id": "LIBRARY USE CASE"
                }
            ],
            "Mathematics USE CASE": [
                {
                    "id": "MATHEMATICS USE CASE"
                }
            ],
            "Persistence USE CASE": [
                {
                    "id": "PERSISTENCE USE CASE"
                }
            ],
            "authentication": [
                {
                    "id": "RegistrationResult"
                },
                {
                    "id": "[duplicate (authentication)] NotImplementedException"
                },
                {
                    "id": "LoginServlet"
                },
                {
                    "id": "RegisterServlet"
                },
                {
                    "id": "[duplicate (authentication)] StringUtils"
                },
                {
                    "id": "LoginUtils"
                },
                {
                    "id": "RegistrationStatusEnums"
                },
                {
                    "id": "[duplicate (authentication)] IPersistenceLayer"
                },
                {
                    "id": "PasswordResult"
                },
                {
                    "id": "[duplicate (authentication)] ParameterObject"
                },
                {
                    "id": "[duplicate (authentication)] ServletUtils"
                },
                {
                    "id": "[duplicate (authentication)] WebAppListener"
                },
                {
                    "id": "[duplicate (authentication)] SqlRuntimeException"
                },
                {
                    "id": "[duplicate (authentication)] AssertionException"
                },
                {
                    "id": "[duplicate (authentication)] PersistenceLayer"
                },
                {
                    "id": "[duplicate (authentication)] EmptyDataSource"
                },
                {
                    "id": "RegistrationUtils"
                },
                {
                    "id": "User"
                },
                {
                    "id": "PasswordResultEnums"
                },
                {
                    "id": "[duplicate (authentication)] SqlData"
                },
                {
                    "id": "[duplicate (authentication)] CheckUtils"
                }
            ],
            "library": [
                {
                    "id": "LibraryUtils"
                },
                {
                    "id": "[duplicate (library)] NotImplementedException"
                },
                {
                    "id": "LibraryRegisterBookServlet"
                },
                {
                    "id": "[duplicate (library)] StringUtils"
                },
                {
                    "id": "[duplicate (library)] IPersistenceLayer"
                },
                {
                    "id": "[duplicate (library)] ParameterObject"
                },
                {
                    "id": "[duplicate (library)] ServletUtils"
                },
                {
                    "id": "LibraryBookListAvailableServlet"
                },
                {
                    "id": "Book"
                },
                {
                    "id": "[duplicate (library)] WebAppListener"
                },
                {
                    "id": "LibraryRegisterBorrowerServlet"
                },
                {
                    "id": "[duplicate (library)] SqlRuntimeException"
                },
                {
                    "id": "LibraryActionResults"
                },
                {
                    "id": "[duplicate (library)] PersistenceLayer"
                },
                {
                    "id": "Borrower"
                },
                {
                    "id": "[duplicate (library)] EmptyDataSource"
                },
                {
                    "id": "Loan"
                },
                {
                    "id": "LibraryLendServlet"
                },
                {
                    "id": "LibraryBookListSearchServlet"
                },
                {
                    "id": "[duplicate (library)] SqlData"
                },
                {
                    "id": "LibraryBorrowerListSearchServlet"
                }
            ],
            "mathematics": [
                {
                    "id": "MathServlet"
                },
                {
                    "id": "[duplicate (mathematics)] ServletUtils"
                },
                {
                    "id": "DinnerPrices"
                },
                {
                    "id": "TailRecursive"
                },
                {
                    "id": "AlcoholResult"
                },
                {
                    "id": "AckermannIterative"
                },
                {
                    "id": "CartesianProduct"
                },
                {
                    "id": "FibonacciIterative"
                },
                {
                    "id": "FunctionalField"
                },
                {
                    "id": "Calculator"
                },
                {
                    "id": "Fibonacci"
                },
                {
                    "id": "FibServlet"
                },
                {
                    "id": "AlcoholCalculator"
                },
                {
                    "id": "Ackermann"
                },
                {
                    "id": "AckServlet"
                }
            ],
            "persistence": [
                {
                    "id": "[duplicate (persistence)] EmptyDataSource"
                },
                {
                    "id": "[duplicate (persistence)] ServletUtils"
                },
                {
                    "id": "[duplicate (persistence)] StringUtils"
                },
                {
                    "id": "[duplicate (persistence)] IPersistenceLayer"
                },
                {
                    "id": "[duplicate (persistence)] ParameterObject"
                },
                {
                    "id": "[duplicate (persistence)] WebAppListener"
                },
                {
                    "id": "[duplicate (persistence)] SqlRuntimeException"
                },
                {
                    "id": "[duplicate (persistence)] NotImplementedException"
                },
                {
                    "id": "[duplicate (persistence)] AssertionException"
                },
                {
                    "id": "[duplicate (persistence)] PersistenceLayer"
                },
                {
                    "id": "[duplicate (persistence)] SqlData"
                },
                {
                    "id": "DbServlet"
                },
                {
                    "id": "[duplicate (persistence)] CheckUtils"
                }
            ]
        },
        "links": [
            {
                "source": "AUTHENTICATION USE CASE",
                "target": "CheckUtils",
                "weight": "12"
            },
            {
                "source": "AUTHENTICATION USE CASE",
                "target": "LoginServlet",
                "weight": "3"
            },
            {
                "source": "AUTHENTICATION USE CASE",
                "target": "LoginUtils",
                "weight": "1"
            },
            {
                "source": "AUTHENTICATION USE CASE",
                "target": "PersistenceLayer",
                "weight": "20"
            },
            {
                "source": "AUTHENTICATION USE CASE",
                "target": "RegisterServlet",
                "weight": "8"
            },
            {
                "source": "AUTHENTICATION USE CASE",
                "target": "RegistrationResult",
                "weight": "1"
            },
            {
                "source": "AUTHENTICATION USE CASE",
                "target": "RegistrationUtils",
                "weight": "4"
            },
            {
                "source": "AUTHENTICATION USE CASE",
                "target": "ServletUtils",
                "weight": "7"
            },
            {
                "source": "AUTHENTICATION USE CASE",
                "target": "SqlData",
                "weight": "14"
            },
            {
                "source": "AUTHENTICATION USE CASE",
                "target": "StringUtils",
                "weight": "14"
            },
            {
                "source": "LIBRARY USE CASE",
                "target": "Book",
                "weight": "56"
            },
            {
                "source": "LIBRARY USE CASE",
                "target": "Borrower",
                "weight": "44"
            },
            {
                "source": "LIBRARY USE CASE",
                "target": "CheckUtils",
                "weight": "17"
            },
            {
                "source": "LIBRARY USE CASE",
                "target": "LibraryBookListAvailableServlet",
                "weight": "4"
            },
            {
                "source": "LIBRARY USE CASE",
                "target": "LibraryBookListSearchServlet",
                "weight": "17"
            },
            {
                "source": "LIBRARY USE CASE",
                "target": "LibraryBorrowerListSearchServlet",
                "weight": "21"
            },
            {
                "source": "LIBRARY USE CASE",
                "target": "LibraryLendServlet",
                "weight": "4"
            },
            {
                "source": "LIBRARY USE CASE",
                "target": "LibraryRegisterBookServlet",
                "weight": "2"
            },
            {
                "source": "LIBRARY USE CASE",
                "target": "LibraryRegisterBorrowerServlet",
                "weight": "2"
            },
            {
                "source": "LIBRARY USE CASE",
                "target": "LibraryUtils",
                "weight": "33"
            },
            {
                "source": "LIBRARY USE CASE",
                "target": "Loan",
                "weight": "4"
            },
            {
                "source": "LIBRARY USE CASE",
                "target": "PersistenceLayer",
                "weight": "123"
            },
            {
                "source": "LIBRARY USE CASE",
                "target": "ServletUtils",
                "weight": "31"
            },
            {
                "source": "LIBRARY USE CASE",
                "target": "SqlData",
                "weight": "69"
            },
            {
                "source": "LIBRARY USE CASE",
                "target": "StringUtils",
                "weight": "72"
            },
            {
                "source": "MATHEMATICS USE CASE",
                "target": "AckServlet",
                "weight": "10"
            },
            {
                "source": "MATHEMATICS USE CASE",
                "target": "Ackermann",
                "weight": "45"
            },
            {
                "source": "MATHEMATICS USE CASE",
                "target": "AckermannIterative$$",
                "weight": "3"
            },
            {
                "source": "MATHEMATICS USE CASE",
                "target": "AckermannIterative$$$Field",
                "weight": "1"
            },
            {
                "source": "MATHEMATICS USE CASE",
                "target": "Calculator",
                "weight": "1"
            },
            {
                "source": "MATHEMATICS USE CASE",
                "target": "FibServlet",
                "weight": "12"
            },
            {
                "source": "MATHEMATICS USE CASE",
                "target": "Fibonacci",
                "weight": "3"
            },
            {
                "source": "MATHEMATICS USE CASE",
                "target": "FibonacciIterative",
                "weight": "2"
            },
            {
                "source": "MATHEMATICS USE CASE",
                "target": "MathServlet",
                "weight": "5"
            },
            {
                "source": "MATHEMATICS USE CASE",
                "target": "ServletUtils",
                "weight": "6"
            },
            {
                "source": "MATHEMATICS USE CASE",
                "target": "TailRecursive$$",
                "weight": "1"
            },
            {
                "source": "PERSISTENCE USE CASE",
                "target": "DbServlet",
                "weight": "3"
            },
            {
                "source": "PERSISTENCE USE CASE",
                "target": "PersistenceLayer",
                "weight": "9"
            },
            {
                "source": "PERSISTENCE USE CASE",
                "target": "ServletUtils",
                "weight": "3"
            },
            {
                "source": "PERSISTENCE USE CASE",
                "target": "StringUtils",
                "weight": "3"
            }
        ]
    },
    "4_database_access": {
        "decomposition": {
            "BOOK TABLE": [
                {
                    "id": "BOOK TABLE"
                }
            ],
            "BORROWER TABLE": [
                {
                    "id": "BORROWER TABLE"
                }
            ],
            "LOAN TABLE": [
                {
                    "id": "LOAN TABLE"
                }
            ],
            "USER TABLE": [
                {
                    "id": "USER TABLE"
                }
            ],
            "authentication": [
                {
                    "id": "RegistrationResult"
                },
                {
                    "id": "[duplicate (authentication)] NotImplementedException"
                },
                {
                    "id": "LoginServlet"
                },
                {
                    "id": "RegisterServlet"
                },
                {
                    "id": "[duplicate (authentication)] StringUtils"
                },
                {
                    "id": "LoginUtils"
                },
                {
                    "id": "RegistrationStatusEnums"
                },
                {
                    "id": "[duplicate (authentication)] IPersistenceLayer"
                },
                {
                    "id": "PasswordResult"
                },
                {
                    "id": "[duplicate (authentication)] ParameterObject"
                },
                {
                    "id": "[duplicate (authentication)] ServletUtils"
                },
                {
                    "id": "[duplicate (authentication)] WebAppListener"
                },
                {
                    "id": "[duplicate (authentication)] SqlRuntimeException"
                },
                {
                    "id": "[duplicate (authentication)] AssertionException"
                },
                {
                    "id": "[duplicate (authentication)] PersistenceLayer"
                },
                {
                    "id": "[duplicate (authentication)] EmptyDataSource"
                },
                {
                    "id": "RegistrationUtils"
                },
                {
                    "id": "User"
                },
                {
                    "id": "PasswordResultEnums"
                },
                {
                    "id": "[duplicate (authentication)] SqlData"
                },
                {
                    "id": "[duplicate (authentication)] CheckUtils"
                }
            ],
            "library": [
                {
                    "id": "LibraryUtils"
                },
                {
                    "id": "[duplicate (library)] NotImplementedException"
                },
                {
                    "id": "LibraryRegisterBookServlet"
                },
                {
                    "id": "[duplicate (library)] StringUtils"
                },
                {
                    "id": "[duplicate (library)] IPersistenceLayer"
                },
                {
                    "id": "[duplicate (library)] ParameterObject"
                },
                {
                    "id": "[duplicate (library)] ServletUtils"
                },
                {
                    "id": "LibraryBookListAvailableServlet"
                },
                {
                    "id": "Book"
                },
                {
                    "id": "[duplicate (library)] WebAppListener"
                },
                {
                    "id": "LibraryRegisterBorrowerServlet"
                },
                {
                    "id": "[duplicate (library)] SqlRuntimeException"
                },
                {
                    "id": "LibraryActionResults"
                },
                {
                    "id": "[duplicate (library)] PersistenceLayer"
                },
                {
                    "id": "Borrower"
                },
                {
                    "id": "[duplicate (library)] EmptyDataSource"
                },
                {
                    "id": "Loan"
                },
                {
                    "id": "LibraryLendServlet"
                },
                {
                    "id": "LibraryBookListSearchServlet"
                },
                {
                    "id": "[duplicate (library)] SqlData"
                },
                {
                    "id": "LibraryBorrowerListSearchServlet"
                }
            ],
            "mathematics": [
                {
                    "id": "MathServlet"
                },
                {
                    "id": "[duplicate (mathematics)] ServletUtils"
                },
                {
                    "id": "DinnerPrices"
                },
                {
                    "id": "TailRecursive"
                },
                {
                    "id": "AlcoholResult"
                },
                {
                    "id": "AckermannIterative"
                },
                {
                    "id": "CartesianProduct"
                },
                {
                    "id": "FibonacciIterative"
                },
                {
                    "id": "FunctionalField"
                },
                {
                    "id": "Calculator"
                },
                {
                    "id": "Fibonacci"
                },
                {
                    "id": "FibServlet"
                },
                {
                    "id": "AlcoholCalculator"
                },
                {
                    "id": "Ackermann"
                },
                {
                    "id": "AckServlet"
                }
            ],
            "persistence": [
                {
                    "id": "[duplicate (persistence)] EmptyDataSource"
                },
                {
                    "id": "[duplicate (persistence)] ServletUtils"
                },
                {
                    "id": "[duplicate (persistence)] StringUtils"
                },
                {
                    "id": "[duplicate (persistence)] IPersistenceLayer"
                },
                {
                    "id": "[duplicate (persistence)] ParameterObject"
                },
                {
                    "id": "[duplicate (persistence)] WebAppListener"
                },
                {
                    "id": "[duplicate (persistence)] SqlRuntimeException"
                },
                {
                    "id": "[duplicate (persistence)] NotImplementedException"
                },
                {
                    "id": "[duplicate (persistence)] AssertionException"
                },
                {
                    "id": "[duplicate (persistence)] PersistenceLayer"
                },
                {
                    "id": "[duplicate (persistence)] SqlData"
                },
                {
                    "id": "DbServlet"
                },
                {
                    "id": "[duplicate (persistence)] CheckUtils"
                }
            ]
        },
        "links": [
            {
                "source": "DbServlet",
                "target": "BORROWER TABLE",
                "weight": "1"
            },
            {
                "source": "IPersistenceLayer",
                "target": "BORROWER TABLE",
                "weight": "12"
            },
            {
                "source": "LibraryBorrowerListSearchServlet",
                "target": "BORROWER TABLE",
                "weight": "4"
            },
            {
                "source": "LibraryLendServlet",
                "target": "BORROWER TABLE",
                "weight": "1"
            },
            {
                "source": "LibraryRegisterBorrowerServlet",
                "target": "BORROWER TABLE",
                "weight": "1"
            },
            {
                "source": "LibraryUtils",
                "target": "BORROWER TABLE",
                "weight": "8"
            },
            {
                "source": "PersistenceLayer",
                "target": "BORROWER TABLE",
                "weight": "13"
            },
            {
                "source": "DbServlet",
                "target": "BOOK TABLE",
                "weight": "1"
            },
            {
                "source": "IPersistenceLayer",
                "target": "BOOK TABLE",
                "weight": "11"
            },
            {
                "source": "LibraryBookListAvailableServlet",
                "target": "BOOK TABLE",
                "weight": "1"
            },
            {
                "source": "LibraryBookListSearchServlet",
                "target": "BOOK TABLE",
                "weight": "4"
            },
            {
                "source": "LibraryLendServlet",
                "target": "BOOK TABLE",
                "weight": "1"
            },
            {
                "source": "LibraryRegisterBookServlet",
                "target": "BOOK TABLE",
                "weight": "1"
            },
            {
                "source": "LibraryUtils",
                "target": "BOOK TABLE",
                "weight": "9"
            },
            {
                "source": "PersistenceLayer",
                "target": "BOOK TABLE",
                "weight": "12"
            },
            {
                "source": "DbServlet",
                "target": "LOAN TABLE",
                "weight": "1"
            },
            {
                "source": "IPersistenceLayer",
                "target": "LOAN TABLE",
                "weight": "7"
            },
            {
                "source": "LibraryLendServlet",
                "target": "LOAN TABLE",
                "weight": "1"
            },
            {
                "source": "LibraryUtils",
                "target": "LOAN TABLE",
                "weight": "4"
            },
            {
                "source": "PersistenceLayer",
                "target": "LOAN TABLE",
                "weight": "8"
            },
            {
                "source": "DbServlet",
                "target": "USER TABLE",
                "weight": "1"
            },
            {
                "source": "IPersistenceLayer",
                "target": "USER TABLE",
                "weight": "8"
            },
            {
                "source": "LoginServlet",
                "target": "USER TABLE",
                "weight": "1"
            },
            {
                "source": "LoginUtils",
                "target": "USER TABLE",
                "weight": "1"
            },
            {
                "source": "PersistenceLayer",
                "target": "USER TABLE",
                "weight": "9"
            },
            {
                "source": "RegisterServlet",
                "target": "USER TABLE",
                "weight": "1"
            },
            {
                "source": "RegistrationUtils",
                "target": "USER TABLE",
                "weight": "3"
            }
        ]
    }
}