{
    "tool": {
        "decomposition": {
            "authentication": [
                {
                    "id": "RegistrationResult"
                },
                {
                    "id": "NotImplementedException"
                },
                {
                    "id": "LoginServlet"
                },
                {
                    "id": "RegisterServlet"
                },
                {
                    "id": "StringUtils"
                },
                {
                    "id": "LoginUtils"
                },
                {
                    "id": "RegistrationStatusEnums"
                },
                {
                    "id": "IPersistenceLayer"
                },
                {
                    "id": "PasswordResult"
                },
                {
                    "id": "ParameterObject"
                },
                {
                    "id": "ServletUtils"
                },
                {
                    "id": "WebAppListener"
                },
                {
                    "id": "SqlRuntimeException"
                },
                {
                    "id": "AssertionException"
                },
                {
                    "id": "PersistenceLayer"
                },
                {
                    "id": "EmptyDataSource"
                },
                {
                    "id": "RegistrationUtils"
                },
                {
                    "id": "User"
                },
                {
                    "id": "PasswordResultEnums"
                },
                {
                    "id": "SqlData"
                },
                {
                    "id": "CheckUtils"
                }
            ],
            "library": [
                {
                    "id": "LibraryUtils"
                },
                {
                    "id": "NotImplementedException"
                },
                {
                    "id": "LibraryRegisterBookServlet"
                },
                {
                    "id": "StringUtils"
                },
                {
                    "id": "IPersistenceLayer"
                },
                {
                    "id": "ParameterObject"
                },
                {
                    "id": "ServletUtils"
                },
                {
                    "id": "LibraryBookListAvailableServlet"
                },
                {
                    "id": "Book"
                },
                {
                    "id": "WebAppListener"
                },
                {
                    "id": "LibraryRegisterBorrowerServlet"
                },
                {
                    "id": "SqlRuntimeException"
                },
                {
                    "id": "LibraryActionResults"
                },
                {
                    "id": "PersistenceLayer"
                },
                {
                    "id": "Borrower"
                },
                {
                    "id": "EmptyDataSource"
                },
                {
                    "id": "Loan"
                },
                {
                    "id": "LibraryLendServlet"
                },
                {
                    "id": "LibraryBookListSearchServlet"
                },
                {
                    "id": "SqlData"
                },
                {
                    "id": "LibraryBorrowerListSearchServlet"
                }
            ],
            "mathematics": [
                {
                    "id": "MathServlet"
                },
                {
                    "id": "ServletUtils"
                },
                {
                    "id": "DinnerPrices"
                },
                {
                    "id": "TailRecursive"
                },
                {
                    "id": "AlcoholResult"
                },
                {
                    "id": "AckermannIterative"
                },
                {
                    "id": "CartesianProduct"
                },
                {
                    "id": "FibonacciIterative"
                },
                {
                    "id": "FunctionalField"
                },
                {
                    "id": "Calculator"
                },
                {
                    "id": "Fibonacci"
                },
                {
                    "id": "FibServlet"
                },
                {
                    "id": "AlcoholCalculator"
                },
                {
                    "id": "Ackermann"
                },
                {
                    "id": "AckServlet"
                }
            ],
            "persistence": [
                {
                    "id": "EmptyDataSource"
                },
                {
                    "id": "ServletUtils"
                },
                {
                    "id": "StringUtils"
                },
                {
                    "id": "IPersistenceLayer"
                },
                {
                    "id": "ParameterObject"
                },
                {
                    "id": "WebAppListener"
                },
                {
                    "id": "SqlRuntimeException"
                },
                {
                    "id": "NotImplementedException"
                },
                {
                    "id": "AssertionException"
                },
                {
                    "id": "PersistenceLayer"
                },
                {
                    "id": "SqlData"
                },
                {
                    "id": "DbServlet"
                },
                {
                    "id": "CheckUtils"
                }
            ],
            "UNOBSERVED": []
        }
    }
}