partitionID,className,classID
0,SqlDataTests.java,src/test/java/com/coveros/training/persistence/SqlDataTests.java
0,SqlData.java,src/main/java/com/coveros/training/persistence/SqlData.java
1,RegistrationResultTests.java,src/test/java/com/coveros/training/authentication/domainobjects/RegistrationResultTests.java
1,StringUtilsTests.java,src/test/java/com/coveros/training/helpers/StringUtilsTests.java
1,AlcoholCalculator.java,src/main/java/com/coveros/training/expenses/AlcoholCalculator.java
1,AlcoholStepDefs.java,src/bdd_test/java/com/coveros/training/expenses/AlcoholStepDefs.java
1,AlcoholResult.java,src/main/java/com/coveros/training/expenses/AlcoholResult.java
1,DinnerPrices.java,src/main/java/com/coveros/training/expenses/DinnerPrices.java
1,PasswordResultTests.java,src/test/java/com/coveros/training/authentication/domainobjects/PasswordResultTests.java
1,PasswordResult.java,src/main/java/com/coveros/training/authentication/domainobjects/PasswordResult.java
1,PasswordResultEnums.java,src/main/java/com/coveros/training/authentication/domainobjects/PasswordResultEnums.java
2,NotImplementedException.java,src/main/java/com/coveros/training/persistence/NotImplementedException.java
2,EmptyDataSource.java,src/main/java/com/coveros/training/persistence/EmptyDataSource.java
2,EmptyDataSourceTests.java,src/test/java/com/coveros/training/persistence/EmptyDataSourceTests.java
3,package-info.java,src/main/java/com/coveros/training/persistence/package-info.java
3,package-info.java,src/main/java/com/coveros/training/expenses/package-info.java
3,package-info.java,src/main/java/com/coveros/training/authentication/package-info.java
3,package-info.java,src/main/java/com/coveros/training/authentication/domainobjects/package-info.java
3,package-info.java,src/main/java/com/coveros/training/tomcat/package-info.java
3,package-info.java,src/main/java/com/coveros/training/helpers/package-info.java
3,package-info.java,src/main/java/com/coveros/training/library/package-info.java
3,package-info.java,src/main/java/com/coveros/training/library/domainobjects/package-info.java
3,LibraryRegisterBorrowerServlet.java,src/main/java/com/coveros/training/library/LibraryRegisterBorrowerServlet.java
3,LibraryLendServlet.java,src/main/java/com/coveros/training/library/LibraryLendServlet.java
3,LibraryLendServletTests.java,src/test/java/com/coveros/training/library/LibraryLendServletTests.java
3,DateUtilsTests.java,src/test/java/com/coveros/training/helpers/DateUtilsTests.java
3,LoanTests.java,src/test/java/com/coveros/training/library/domainobjects/LoanTests.java
3,BorrowerTests.java,src/test/java/com/coveros/training/library/domainobjects/BorrowerTests.java
3,DateUtils.java,src/test/java/com/coveros/training/helpers/DateUtils.java
3,LibraryUtils.java,src/main/java/com/coveros/training/library/LibraryUtils.java
3,LibraryActionResults.java,src/main/java/com/coveros/training/library/domainobjects/LibraryActionResults.java
3,librarianStepDefs.py,src/ui_tests/behave/features/steps/librarianStepDefs.py
3,basic_test.py,src/ui_tests/python/basic_test.py
3,WarningLetterEnum.java,desktop_app/src/main/java/com/coveros/training/autoinsurance/WarningLetterEnum.java
3,AutoInsuranceProcessorTests.java,desktop_app/src/test/java/com/coveros/training/autoinsurance/AutoInsuranceProcessorTests.java
3,AutoInsuranceAction.java,desktop_app/src/main/java/com/coveros/training/autoinsurance/AutoInsuranceAction.java
3,AutoInsuranceProcessor.java,desktop_app/src/main/java/com/coveros/training/autoinsurance/AutoInsuranceProcessor.java
3,AutoInsuranceUI.java,desktop_app/src/main/java/com/coveros/training/autoinsurance/AutoInsuranceUI.java
3,InvalidClaimsException.java,desktop_app/src/main/java/com/coveros/training/autoinsurance/InvalidClaimsException.java
3,AutoInsuranceScriptServer.java,desktop_app/src/main/java/com/coveros/training/autoinsurance/AutoInsuranceScriptServer.java
3,TailRecursive.java,src/main/java/com/coveros/training/mathematics/TailRecursive.java
3,DesktopTester.java,desktop_app/src/test/java/com/coveros/training/autoinsurance/DesktopTester.java
3,AutoInsuranceActionTests.java,desktop_app/src/test/java/com/coveros/training/autoinsurance/AutoInsuranceActionTests.java
3,DesktopUiTests.java,desktop_app/src/test/java/com/coveros/training/autoinsurance/DesktopUiTests.java
3,authenticationStepDefs.py,src/ui_tests/behave/features/steps/authenticationStepDefs.py
3,environment.py,src/ui_tests/behave/features/environment.py
3,fibonacciStepDefs.py,src/ui_tests/behave/features/steps/fibonacciStepDefs.py
3,Fibonacci.java,src/main/java/com/coveros/training/mathematics/Fibonacci.java
3,FibonacciStepDefs.java,src/bdd_test/java/com/coveros/training/math/FibonacciStepDefs.java
3,MathStepDefs.java,src/bdd_test/java/com/coveros/training/math/MathStepDefs.java
3,CartesianProductStepDefs.java,src/bdd_test/java/com/coveros/training/cartesianproduct/CartesianProductStepDefs.java
3,CartesianProduct.java,src/main/java/com/coveros/training/cartesianproduct/CartesianProduct.java
3,package-info.java,src/main/java/com/coveros/training/cartesianproduct/package-info.java
3,ackermannStepDefs.py,src/ui_tests/behave/features/steps/ackermannStepDefs.py
3,SeleniumTests.java,src/ui_tests/java/src/test/java/com/coveros/training/SeleniumTests.java
3,SelenifiedSample.java,src/selenified_tests/java/com/coveros/training/selenified/SelenifiedSample.java
3,ApiCalls.java,src/ui_tests/java/src/test/java/com/coveros/training/ApiCalls.java
3,test_api.py,src/api_tests/test_api.py
3,HtmlUnitTests.java,src/ui_tests/java/src/test/java/com/coveros/training/HtmlUnitTests.java
3,RegistrationUtils.java,src/main/java/com/coveros/training/authentication/RegistrationUtils.java
3,NbvcxzTests.java,src/test/java/com/coveros/training/authentication/NbvcxzTests.java
3,LoginUtils.java,src/main/java/com/coveros/training/authentication/LoginUtils.java
3,LoginUtilsTests.java,src/test/java/com/coveros/training/authentication/LoginUtilsTests.java
3,LoginStepDefs.java,src/bdd_test/java/com/coveros/training/authentication/LoginStepDefs.java
3,StringUtils.java,src/main/java/com/coveros/training/helpers/StringUtils.java
3,LoginServlet.java,src/main/java/com/coveros/training/authentication/LoginServlet.java
3,RegisterServlet.java,src/main/java/com/coveros/training/authentication/RegisterServlet.java
3,Loan.java,src/main/java/com/coveros/training/library/domainobjects/Loan.java
3,IPersistenceLayer.java,src/main/java/com/coveros/training/persistence/IPersistenceLayer.java
3,PersistenceLayer.java,src/main/java/com/coveros/training/persistence/PersistenceLayer.java
3,LibraryBorrowerListSearchServlet.java,src/main/java/com/coveros/training/library/LibraryBorrowerListSearchServlet.java
3,LibraryBookListSearchServlet.java,src/main/java/com/coveros/training/library/LibraryBookListSearchServlet.java
3,Book.java,src/main/java/com/coveros/training/library/domainobjects/Book.java
3,Borrower.java,src/main/java/com/coveros/training/library/domainobjects/Borrower.java
3,User.java,src/main/java/com/coveros/training/authentication/domainobjects/User.java
3,UserTests.java,src/test/java/com/coveros/training/authentication/domainobjects/UserTests.java
3,LibraryRegisterBookServlet.java,src/main/java/com/coveros/training/library/LibraryRegisterBookServlet.java
3,BookCheckOutStepDefs.java,src/bdd_test/java/com/coveros/training/library/BookCheckOutStepDefs.java
3,BookTests.java,src/test/java/com/coveros/training/library/domainobjects/BookTests.java
3,LibraryBookListAvailableServletTests.java,src/test/java/com/coveros/training/library/LibraryBookListAvailableServletTests.java
3,LibraryBookListAvailableServlet.java,src/main/java/com/coveros/training/library/LibraryBookListAvailableServlet.java
3,LibraryBookListSearchServletTests.java,src/test/java/com/coveros/training/library/LibraryBookListSearchServletTests.java
3,LibraryBorrowerListSearchServletTests.java,src/test/java/com/coveros/training/library/LibraryBorrowerListSearchServletTests.java
3,LibraryRegisterBorrowerServletTests.java,src/test/java/com/coveros/training/library/LibraryRegisterBorrowerServletTests.java
3,LibraryRegisterBookServletTests.java,src/test/java/com/coveros/training/library/LibraryRegisterBookServletTests.java
3,RegisterServletTests.java,src/test/java/com/coveros/training/authentication/RegisterServletTests.java
3,LoginServletTests.java,src/test/java/com/coveros/training/authentication/LoginServletTests.java
3,MathServletTests.java,src/test/java/com/coveros/training/mathematics/MathServletTests.java
3,ServletUtils.java,src/main/java/com/coveros/training/helpers/ServletUtils.java
3,DbServletTests.java,src/test/java/com/coveros/training/persistence/DbServletTests.java
3,DbServlet.java,src/main/java/com/coveros/training/persistence/DbServlet.java
3,WebAppListener.java,src/main/java/com/coveros/training/tomcat/WebAppListener.java
3,WebAppListenerTests.java,src/test/java/com/coveros/training/tomcat/WebAppListenerTests.java
3,FibServletTests.java,src/test/java/com/coveros/training/mathematics/FibServletTests.java
3,AckServletTests.java,src/test/java/com/coveros/training/mathematics/AckServletTests.java
3,LendingTests.java,src/test/java/com/coveros/training/library/LendingTests.java
3,LibraryUtilsTests.java,src/test/java/com/coveros/training/library/LibraryUtilsTests.java
3,PersistenceLayerTests.java,src/integration_test/java/com/coveros/training/persistence/PersistenceLayerTests.java
3,AddDeleteListSearchBooksAndBorrowersStepDefs.java,src/bdd_test/java/com/coveros/training/library/AddDeleteListSearchBooksAndBorrowersStepDefs.java
4,FibonacciIterative.java,src/main/java/com/coveros/training/mathematics/FibonacciIterative.java
4,AckermannParameterizedTests.java,src/test/java/com/coveros/training/mathematics/AckermannParameterizedTests.java
4,AckermannIterativeParameterizedTests.java,src/test/java/com/coveros/training/mathematics/AckermannIterativeParameterizedTests.java
4,FibonacciParameterizedTests.java,src/test/java/com/coveros/training/mathematics/FibonacciParameterizedTests.java
4,Calculator.java,src/main/java/com/coveros/training/mathematics/Calculator.java
4,CheckUtilsTests.java,src/test/java/com/coveros/training/helpers/CheckUtilsTests.java
4,CalculatorTests.java,src/test/java/com/coveros/training/mathematics/CalculatorTests.java
4,CheckUtils.java,src/main/java/com/coveros/training/helpers/CheckUtils.java
4,AssertionException.java,src/main/java/com/coveros/training/helpers/AssertionException.java
4,FibonacciTests.java,src/test/java/com/coveros/training/mathematics/FibonacciTests.java
4,FibServlet.java,src/main/java/com/coveros/training/mathematics/FibServlet.java
4,AutoInsuranceScriptClient.java,desktop_app/src/test/java/com/coveros/training/autoinsurance/AutoInsuranceScriptClient.java
4,ExecutionDataClient.java,desktop_app/src/test/java/com/coveros/training/autoinsurance/ExecutionDataClient.java
4,AckServlet.java,src/main/java/com/coveros/training/mathematics/AckServlet.java
4,MathServlet.java,src/main/java/com/coveros/training/mathematics/MathServlet.java
4,AckermannStepDefs.java,src/bdd_test/java/com/coveros/training/math/AckermannStepDefs.java
4,package-info.java,src/main/java/com/coveros/training/mathematics/package-info.java
4,FunctionalField.java,src/main/java/com/coveros/training/mathematics/FunctionalField.java
4,AckermannIterative.java,src/main/java/com/coveros/training/mathematics/AckermannIterative.java
4,Ackermann.java,src/main/java/com/coveros/training/mathematics/Ackermann.java
5,ParameterObject.java,src/main/java/com/coveros/training/persistence/ParameterObject.java
5,ParameterObjectTests.java,src/test/java/com/coveros/training/persistence/ParameterObjectTests.java
