partitionID,className,classID
0,WebAppListenerTests.java,src/test/java/com/coveros/training/tomcat/WebAppListenerTests.java
0,LendingTests.java,src/test/java/com/coveros/training/library/LendingTests.java
0,Ackermann.java,src/main/java/com/coveros/training/mathematics/Ackermann.java
1,AlcoholStepDefs.java,src/bdd_test/java/com/coveros/training/expenses/AlcoholStepDefs.java
1,BookTests.java,src/test/java/com/coveros/training/library/domainobjects/BookTests.java
2,SeleniumTests.java,src/ui_tests/java/src/test/java/com/coveros/training/SeleniumTests.java
2,ApiCalls.java,src/ui_tests/java/src/test/java/com/coveros/training/ApiCalls.java
2,HtmlUnitTests.java,src/ui_tests/java/src/test/java/com/coveros/training/HtmlUnitTests.java
3,fibonacciStepDefs.py,src/ui_tests/behave/features/steps/fibonacciStepDefs.py
3,librarianStepDefs.py,src/ui_tests/behave/features/steps/librarianStepDefs.py
3,environment.py,src/ui_tests/behave/features/environment.py
3,authenticationStepDefs.py,src/ui_tests/behave/features/steps/authenticationStepDefs.py
3,ackermannStepDefs.py,src/ui_tests/behave/features/steps/ackermannStepDefs.py
3,basic_test.py,src/ui_tests/python/basic_test.py
4,WebAppListener.java,src/main/java/com/coveros/training/tomcat/WebAppListener.java
4,LibraryUtils.java,src/main/java/com/coveros/training/library/LibraryUtils.java
4,LibraryRegisterBorrowerServletTests.java,src/test/java/com/coveros/training/library/LibraryRegisterBorrowerServletTests.java
4,PasswordResult.java,src/main/java/com/coveros/training/authentication/domainobjects/PasswordResult.java
4,User.java,src/main/java/com/coveros/training/authentication/domainobjects/User.java
4,LibraryRegisterBookServletTests.java,src/test/java/com/coveros/training/library/LibraryRegisterBookServletTests.java
4,LibraryBorrowerListSearchServletTests.java,src/test/java/com/coveros/training/library/LibraryBorrowerListSearchServletTests.java
4,Book.java,src/main/java/com/coveros/training/library/domainobjects/Book.java
5,AutoInsuranceActionTests.java,desktop_app/src/test/java/com/coveros/training/autoinsurance/AutoInsuranceActionTests.java
5,ExecutionDataClient.java,desktop_app/src/test/java/com/coveros/training/autoinsurance/ExecutionDataClient.java
5,DesktopUiTests.java,desktop_app/src/test/java/com/coveros/training/autoinsurance/DesktopUiTests.java
6,AckermannIterativeParameterizedTests.java,src/test/java/com/coveros/training/mathematics/AckermannIterativeParameterizedTests.java
6,AssertionException.java,src/main/java/com/coveros/training/helpers/AssertionException.java
7,LibraryBookListAvailableServlet.java,src/main/java/com/coveros/training/library/LibraryBookListAvailableServlet.java
7,BorrowerTests.java,src/test/java/com/coveros/training/library/domainobjects/BorrowerTests.java
7,UserTests.java,src/test/java/com/coveros/training/authentication/domainobjects/UserTests.java
7,MathStepDefs.java,src/bdd_test/java/com/coveros/training/math/MathStepDefs.java
7,PasswordResultTests.java,src/test/java/com/coveros/training/authentication/domainobjects/PasswordResultTests.java
7,RegistrationResultTests.java,src/test/java/com/coveros/training/authentication/domainobjects/RegistrationResultTests.java
8,BookCheckOutStepDefs.java,src/bdd_test/java/com/coveros/training/library/BookCheckOutStepDefs.java
8,DbServlet.java,src/main/java/com/coveros/training/persistence/DbServlet.java
8,RegistrationStepDefs.java,src/bdd_test/java/com/coveros/training/authentication/RegistrationStepDefs.java
8,StringUtils.java,src/main/java/com/coveros/training/helpers/StringUtils.java
8,FibonacciParameterizedTests.java,src/test/java/com/coveros/training/mathematics/FibonacciParameterizedTests.java
8,Fibonacci.java,src/main/java/com/coveros/training/mathematics/Fibonacci.java
8,AddDeleteListSearchBooksAndBorrowersStepDefs.java,src/bdd_test/java/com/coveros/training/library/AddDeleteListSearchBooksAndBorrowersStepDefs.java
8,AckermannStepDefs.java,src/bdd_test/java/com/coveros/training/math/AckermannStepDefs.java
8,FibonacciStepDefs.java,src/bdd_test/java/com/coveros/training/math/FibonacciStepDefs.java
8,LoginStepDefs.java,src/bdd_test/java/com/coveros/training/authentication/LoginStepDefs.java
9,RegistrationUtilsTests.java,src/test/java/com/coveros/training/authentication/RegistrationUtilsTests.java
9,NbvcxzTests.java,src/test/java/com/coveros/training/authentication/NbvcxzTests.java
9,LoginServlet.java,src/main/java/com/coveros/training/authentication/LoginServlet.java
9,LoginServletTests.java,src/test/java/com/coveros/training/authentication/LoginServletTests.java
9,RegisterServlet.java,src/main/java/com/coveros/training/authentication/RegisterServlet.java
9,PasswordResultEnums.java,src/main/java/com/coveros/training/authentication/domainobjects/PasswordResultEnums.java
9,DateUtils.java,src/test/java/com/coveros/training/helpers/DateUtils.java
10,AutoInsuranceProcessor.java,desktop_app/src/main/java/com/coveros/training/autoinsurance/AutoInsuranceProcessor.java
10,AutoInsuranceUI.java,desktop_app/src/main/java/com/coveros/training/autoinsurance/AutoInsuranceUI.java
10,AutoInsuranceAction.java,desktop_app/src/main/java/com/coveros/training/autoinsurance/AutoInsuranceAction.java
10,InvalidClaimsException.java,desktop_app/src/main/java/com/coveros/training/autoinsurance/InvalidClaimsException.java
10,DesktopTester.java,desktop_app/src/test/java/com/coveros/training/autoinsurance/DesktopTester.java
10,WarningLetterEnum.java,desktop_app/src/main/java/com/coveros/training/autoinsurance/WarningLetterEnum.java
11,CheckUtilsTests.java,src/test/java/com/coveros/training/helpers/CheckUtilsTests.java
11,LoginUtils.java,src/main/java/com/coveros/training/authentication/LoginUtils.java
12,CartesianProduct.java,src/main/java/com/coveros/training/cartesianproduct/CartesianProduct.java
12,AlcoholCalculator.java,src/main/java/com/coveros/training/expenses/AlcoholCalculator.java
12,DinnerPrices.java,src/main/java/com/coveros/training/expenses/DinnerPrices.java
