partitionID,className,classID
0,WebAppListenerTests.java,src/test/java/com/coveros/training/tomcat/WebAppListenerTests.java
0,LendingTests.java,src/test/java/com/coveros/training/library/LendingTests.java
0,Ackermann.java,src/main/java/com/coveros/training/mathematics/Ackermann.java
1,RegistrationUtilsTests.java,src/test/java/com/coveros/training/authentication/RegistrationUtilsTests.java
1,LoginServlet.java,src/main/java/com/coveros/training/authentication/LoginServlet.java
1,NbvcxzTests.java,src/test/java/com/coveros/training/authentication/NbvcxzTests.java
2,AlcoholStepDefs.java,src/bdd_test/java/com/coveros/training/expenses/AlcoholStepDefs.java
2,BookTests.java,src/test/java/com/coveros/training/library/domainobjects/BookTests.java
3,SeleniumTests.java,src/ui_tests/java/src/test/java/com/coveros/training/SeleniumTests.java
3,ApiCalls.java,src/ui_tests/java/src/test/java/com/coveros/training/ApiCalls.java
3,HtmlUnitTests.java,src/ui_tests/java/src/test/java/com/coveros/training/HtmlUnitTests.java
4,BookCheckOutStepDefs.java,src/bdd_test/java/com/coveros/training/library/BookCheckOutStepDefs.java
4,DbServlet.java,src/main/java/com/coveros/training/persistence/DbServlet.java
4,LoginStepDefs.java,src/bdd_test/java/com/coveros/training/authentication/LoginStepDefs.java
4,RegistrationStepDefs.java,src/bdd_test/java/com/coveros/training/authentication/RegistrationStepDefs.java
4,StringUtils.java,src/main/java/com/coveros/training/helpers/StringUtils.java
4,FibonacciParameterizedTests.java,src/test/java/com/coveros/training/mathematics/FibonacciParameterizedTests.java
4,Fibonacci.java,src/main/java/com/coveros/training/mathematics/Fibonacci.java
4,AddDeleteListSearchBooksAndBorrowersStepDefs.java,src/bdd_test/java/com/coveros/training/library/AddDeleteListSearchBooksAndBorrowersStepDefs.java
4,AckermannStepDefs.java,src/bdd_test/java/com/coveros/training/math/AckermannStepDefs.java
4,FibonacciStepDefs.java,src/bdd_test/java/com/coveros/training/math/FibonacciStepDefs.java
5,fibonacciStepDefs.py,src/ui_tests/behave/features/steps/fibonacciStepDefs.py
5,librarianStepDefs.py,src/ui_tests/behave/features/steps/librarianStepDefs.py
5,environment.py,src/ui_tests/behave/features/environment.py
5,authenticationStepDefs.py,src/ui_tests/behave/features/steps/authenticationStepDefs.py
5,ackermannStepDefs.py,src/ui_tests/behave/features/steps/ackermannStepDefs.py
5,basic_test.py,src/ui_tests/python/basic_test.py
6,WebAppListener.java,src/main/java/com/coveros/training/tomcat/WebAppListener.java
6,LibraryUtils.java,src/main/java/com/coveros/training/library/LibraryUtils.java
6,LibraryRegisterBorrowerServletTests.java,src/test/java/com/coveros/training/library/LibraryRegisterBorrowerServletTests.java
6,PasswordResult.java,src/main/java/com/coveros/training/authentication/domainobjects/PasswordResult.java
6,User.java,src/main/java/com/coveros/training/authentication/domainobjects/User.java
6,LibraryRegisterBookServletTests.java,src/test/java/com/coveros/training/library/LibraryRegisterBookServletTests.java
6,LibraryBorrowerListSearchServletTests.java,src/test/java/com/coveros/training/library/LibraryBorrowerListSearchServletTests.java
6,Book.java,src/main/java/com/coveros/training/library/domainobjects/Book.java
7,RegistrationStatusEnums.java,src/main/java/com/coveros/training/authentication/domainobjects/RegistrationStatusEnums.java
7,MathServlet.java,src/main/java/com/coveros/training/mathematics/MathServlet.java
7,RegistrationResult.java,src/main/java/com/coveros/training/authentication/domainobjects/RegistrationResult.java
7,PasswordResultEnums.java,src/main/java/com/coveros/training/authentication/domainobjects/PasswordResultEnums.java
7,DateUtils.java,src/test/java/com/coveros/training/helpers/DateUtils.java
7,RegisterServlet.java,src/main/java/com/coveros/training/authentication/RegisterServlet.java
7,LoginServletTests.java,src/test/java/com/coveros/training/authentication/LoginServletTests.java
8,AutoInsuranceActionTests.java,desktop_app/src/test/java/com/coveros/training/autoinsurance/AutoInsuranceActionTests.java
8,ExecutionDataClient.java,desktop_app/src/test/java/com/coveros/training/autoinsurance/ExecutionDataClient.java
8,DesktopUiTests.java,desktop_app/src/test/java/com/coveros/training/autoinsurance/DesktopUiTests.java
9,AutoInsuranceProcessor.java,desktop_app/src/main/java/com/coveros/training/autoinsurance/AutoInsuranceProcessor.java
9,AutoInsuranceUI.java,desktop_app/src/main/java/com/coveros/training/autoinsurance/AutoInsuranceUI.java
9,DesktopTester.java,desktop_app/src/test/java/com/coveros/training/autoinsurance/DesktopTester.java
9,WarningLetterEnum.java,desktop_app/src/main/java/com/coveros/training/autoinsurance/WarningLetterEnum.java
9,AutoInsuranceAction.java,desktop_app/src/main/java/com/coveros/training/autoinsurance/AutoInsuranceAction.java
9,InvalidClaimsException.java,desktop_app/src/main/java/com/coveros/training/autoinsurance/InvalidClaimsException.java
10,AckermannIterativeParameterizedTests.java,src/test/java/com/coveros/training/mathematics/AckermannIterativeParameterizedTests.java
10,AssertionException.java,src/main/java/com/coveros/training/helpers/AssertionException.java
11,CheckUtilsTests.java,src/test/java/com/coveros/training/helpers/CheckUtilsTests.java
11,LoginUtils.java,src/main/java/com/coveros/training/authentication/LoginUtils.java
12,UserTests.java,src/test/java/com/coveros/training/authentication/domainobjects/UserTests.java
12,RegistrationResultTests.java,src/test/java/com/coveros/training/authentication/domainobjects/RegistrationResultTests.java
12,MathStepDefs.java,src/bdd_test/java/com/coveros/training/math/MathStepDefs.java
12,PasswordResultTests.java,src/test/java/com/coveros/training/authentication/domainobjects/PasswordResultTests.java
13,CartesianProduct.java,src/main/java/com/coveros/training/cartesianproduct/CartesianProduct.java
13,AlcoholCalculator.java,src/main/java/com/coveros/training/expenses/AlcoholCalculator.java
13,DinnerPrices.java,src/main/java/com/coveros/training/expenses/DinnerPrices.java
