partitionID,className,classID
0,Utility.java,src/Backend/OrderService/src/main/java/smpl/ordering/Utility.java
0,MongoShipmentRepository.java,src/Backend/OrderService/src/main/java/smpl/ordering/repositories/mongodb/MongoShipmentRepository.java
0,OrderController.java,src/Backend/OrderService/src/main/java/smpl/ordering/controllers/OrderController.java
0,OrderUpdateInfo.java,src/Backend/OrderService/src/main/java/smpl/ordering/models/OrderUpdateInfo.java
0,MongoDealersRepository.java,src/Backend/OrderService/src/main/java/smpl/ordering/repositories/mongodb/MongoDealersRepository.java
0,MockDealersRepositoryTest.java,src/Backend/OrderService/src/test/java/smpl/ordering/repositories/mock/test/MockDealersRepositoryTest.java
0,MockCatalogItemsRepositoryTest.java,src/Backend/OrderService/src/test/java/smpl/ordering/repositories/mock/test/MockCatalogItemsRepositoryTest.java
0,MongoOrderRepository.java,src/Backend/OrderService/src/main/java/smpl/ordering/repositories/mongodb/MongoOrderRepository.java
1,default.rb,Labfiles/AZ-400T05-ImplemntgAppInfra/Labfiles/M04/DeployusingChef/final/default.rb
1,app.py,Labfiles/DevOps200.1x-PracticesandPrinciples/Mod04/load_testing_locust-master/app/app.py
2,OrderRepositoryTest.java,src/Backend/OrderService/src/test/java/smpl/ordering/repositories/OrderRepositoryTest.java
2,MockOrderRepositoryTest.java,src/Backend/OrderService/src/test/java/smpl/ordering/repositories/mock/test/MockOrderRepositoryTest.java
2,SimpleCORSFilter.java,src/Backend/OrderService/src/main/java/smpl/ordering/SimpleCORSFilter.java
3,OrderStatus.java,src/Backend/OrderService/src/main/java/smpl/ordering/models/OrderStatus.java
3,Delivery.java,src/Backend/OrderService/src/main/java/smpl/ordering/models/Delivery.java
4,MockOrderRepository.java,src/Backend/OrderService/src/main/java/smpl/ordering/repositories/mock/MockOrderRepository.java
4,OrderingConfiguration.java,src/Backend/OrderService/src/main/java/smpl/ordering/OrderingConfiguration.java
4,QuoteItemInfo.java,src/Backend/OrderService/src/main/java/smpl/ordering/models/QuoteItemInfo.java
4,Quote.java,src/Backend/OrderService/src/main/java/smpl/ordering/models/Quote.java
4,ShipmentEventInfo.java,src/Backend/OrderService/src/main/java/smpl/ordering/models/ShipmentEventInfo.java
4,OrderRepository.java,src/Backend/OrderService/src/main/java/smpl/ordering/repositories/OrderRepository.java
4,AppInsightsFilter.java,src/Backend/OrderService/src/main/java/smpl/ordering/AppInsightsFilter.java
4,MockQuoteRepositoryTest.java,src/Backend/OrderService/src/test/java/smpl/ordering/repositories/mock/test/MockQuoteRepositoryTest.java
4,MongoCatalogItemsRepositoryTest.java,src/Backend/OrderService/src/test/java/smpl/ordering/repositories/mongodb/test/MongoCatalogItemsRepositoryTest.java
4,CatalogItem.java,src/Backend/OrderService/src/main/java/smpl/ordering/models/CatalogItem.java
5,DealersRepository.java,src/Backend/OrderService/src/main/java/smpl/ordering/repositories/DealersRepository.java
5,QuoteDetails.java,src/Backend/OrderService/src/main/java/smpl/ordering/repositories/mongodb/models/QuoteDetails.java
5,OrderControllerTest.java,src/Backend/OrderService/src/test/java/smpl/ordering/controllers/OrderControllerTest.java
5,MockDealersRepository.java,src/Backend/OrderService/src/main/java/smpl/ordering/repositories/mock/MockDealersRepository.java
5,CatalogItem.java,src/Backend/OrderService/src/main/java/smpl/ordering/repositories/mongodb/models/CatalogItem.java
6,DeliveryAddress.java,src/Backend/OrderService/src/main/java/smpl/ordering/models/DeliveryAddress.java
6,CatalogControllerTest.java,src/Backend/OrderService/src/test/java/smpl/ordering/controllers/CatalogControllerTest.java
6,RepositoryFactory.java,src/Backend/OrderService/src/main/java/smpl/ordering/repositories/RepositoryFactory.java
6,MongoQuoteRepository.java,src/Backend/OrderService/src/main/java/smpl/ordering/repositories/mongodb/MongoQuoteRepository.java
7,DealerInfo.java,src/Backend/OrderService/src/main/java/smpl/ordering/models/DealerInfo.java
7,ConfigurationRule.java,src/Backend/OrderService/src/test/java/smpl/ordering/ConfigurationRule.java
7,CatalogController.java,src/Backend/OrderService/src/main/java/smpl/ordering/controllers/CatalogController.java
7,DealerControllerTest.java,src/Backend/OrderService/src/test/java/smpl/ordering/controllers/DealerControllerTest.java
7,MongoOperationsWithRetry.java,src/Backend/OrderService/src/main/java/smpl/ordering/repositories/mongodb/MongoOperationsWithRetry.java
7,DealerController.java,src/Backend/OrderService/src/main/java/smpl/ordering/controllers/DealerController.java
7,MongoDealersRepositoryTest.java,src/Backend/OrderService/src/test/java/smpl/ordering/repositories/mongodb/test/MongoDealersRepositoryTest.java
7,MongoShipmentRepositoryTest.java,src/Backend/OrderService/src/test/java/smpl/ordering/repositories/mongodb/test/MongoShipmentRepositoryTest.java
8,MongoQuoteRepositoryTest.java,src/Backend/OrderService/src/test/java/smpl/ordering/repositories/mongodb/test/MongoQuoteRepositoryTest.java
8,UtilityTest.java,src/Backend/OrderService/src/test/java/smpl/ordering/UtilityTest.java
8,QuoteController.java,src/Backend/OrderService/src/main/java/smpl/ordering/controllers/QuoteController.java
8,ShipmentController.java,src/Backend/OrderService/src/main/java/smpl/ordering/controllers/ShipmentController.java
9,ShipmentRecord.java,src/Backend/IntegrationService/src/main/java/integration/models/mrp/ShipmentRecord.java
9,TestPath.java,src/Backend/OrderService/src/main/java/smpl/ordering/TestPath.java
9,Quote.java,src/Backend/IntegrationService/src/main/java/integration/models/mrp/Quote.java
9,ProductMessage.java,src/Backend/IntegrationService/src/main/java/integration/models/website/ProductMessage.java
10,OrderEventInfo.java,src/Backend/OrderService/src/main/java/smpl/ordering/models/OrderEventInfo.java
10,CatalogItemsRepositoryTest.java,src/Backend/OrderService/src/test/java/smpl/ordering/repositories/CatalogItemsRepositoryTest.java
10,MockShipmentRepositoryTest.java,src/Backend/OrderService/src/test/java/smpl/ordering/repositories/mock/test/MockShipmentRepositoryTest.java
10,OrderingInitializer.java,src/Backend/OrderService/src/main/java/smpl/ordering/OrderingInitializer.java
10,MongoCatalogItemsRepository.java,src/Backend/OrderService/src/main/java/smpl/ordering/repositories/mongodb/MongoCatalogItemsRepository.java
11,PhoneInfo.java,src/Backend/OrderService/src/main/java/smpl/ordering/models/PhoneInfo.java
11,ShipmentRepositoryTest.java,src/Backend/OrderService/src/test/java/smpl/ordering/repositories/ShipmentRepositoryTest.java
11,QuoteControllerTest.java,src/Backend/OrderService/src/test/java/smpl/ordering/controllers/QuoteControllerTest.java
12,ShipmentRepository.java,src/Backend/OrderService/src/main/java/smpl/ordering/repositories/ShipmentRepository.java
12,ConfigurationManager.java,src/Backend/IntegrationService/src/main/java/integration/infrastructure/ConfigurationManager.java
12,MongoDBProperties.java,src/Backend/OrderService/src/main/java/smpl/ordering/MongoDBProperties.java
12,CatalogItemsRepository.java,src/Backend/OrderService/src/main/java/smpl/ordering/repositories/CatalogItemsRepository.java
12,PostgresqlProperties.java,src/Backend/OrderService/src/main/java/smpl/ordering/PostgresqlProperties.java
12,BadRequestException.java,src/Backend/OrderService/src/main/java/smpl/ordering/BadRequestException.java
12,QuoteRepositoryTest.java,src/Backend/OrderService/src/test/java/smpl/ordering/repositories/QuoteRepositoryTest.java
12,OrderingServiceProperties.java,src/Backend/OrderService/src/main/java/smpl/ordering/OrderingServiceProperties.java
12,ConflictingRequestException.java,src/Backend/OrderService/src/main/java/smpl/ordering/ConflictingRequestException.java
12,ShipmentControllerTest.java,src/Backend/OrderService/src/test/java/smpl/ordering/controllers/ShipmentControllerTest.java
