{"<clinit>()V":{"1":"    const\/16 v0, 0x1d","2":"    new-array v1, v0, [I","3":"    fill-array-data v1, :array_114","4":"    sput-object v1, Ledu\/mit\/icc_concat_action_string\/R$styleable;->ActionBar:[I","5":"    const\/4 v1, 0x1","6":"    new-array v2, v1, [I","7":"    const v3, 0x10100b3","8":"    const\/4 v4, 0x0","9":"    aput v3, v2, v4","10":"    sput-object v2, Ledu\/mit\/icc_concat_action_string\/R$styleable;->ActionBarLayout:[I","11":"    new-array v2, v1, [I","12":"    const v3, 0x101013f","13":"    aput v3, v2, v4","14":"    sput-object v2, Ledu\/mit\/icc_concat_action_string\/R$styleable;->ActionMenuItemView:[I","15":"    new-array v2, v4, [I","16":"    sput-object v2, Ledu\/mit\/icc_concat_action_string\/R$styleable;->ActionMenuView:[I","17":"    const\/4 v2, 0x6","18":"    new-array v3, v2, [I","19":"    fill-array-data v3, :array_152","20":"    sput-object v3, Ledu\/mit\/icc_concat_action_string\/R$styleable;->ActionMode:[I","21":"    const\/4 v3, 0x2","22":"    new-array v5, v3, [I","23":"    fill-array-data v5, :array_162","24":"    sput-object v5, Ledu\/mit\/icc_concat_action_string\/R$styleable;->ActivityChooserView:[I","25":"    const\/4 v5, 0x7","26":"    new-array v6, v5, [I","27":"    fill-array-data v6, :array_16a","28":"    sput-object v6, Ledu\/mit\/icc_concat_action_string\/R$styleable;->AlertDialog:[I","29":"    const\/4 v6, 0x4","30":"    new-array v7, v6, [I","31":"    fill-array-data v7, :array_17c","32":"    sput-object v7, Ledu\/mit\/icc_concat_action_string\/R$styleable;->AppCompatImageView:[I","33":"    new-array v7, v6, [I","34":"    fill-array-data v7, :array_188","35":"    sput-object v7, Ledu\/mit\/icc_concat_action_string\/R$styleable;->AppCompatSeekBar:[I","36":"    new-array v5, v5, [I","37":"    fill-array-data v5, :array_194","38":"    sput-object v5, Ledu\/mit\/icc_concat_action_string\/R$styleable;->AppCompatTextHelper:[I","39":"    const\/16 v5, 0x8","40":"    new-array v7, v5, [I","41":"    fill-array-data v7, :array_1a6","42":"    sput-object v7, Ledu\/mit\/icc_concat_action_string\/R$styleable;->AppCompatTextView:[I","43":"    const\/16 v7, 0x77","44":"    new-array v7, v7, [I","45":"    fill-array-data v7, :array_1ba","46":"    sput-object v7, Ledu\/mit\/icc_concat_action_string\/R$styleable;->AppCompatTheme:[I","47":"    new-array v7, v1, [I","48":"    const v8, 0x7f020026","49":"    aput v8, v7, v4","50":"    sput-object v7, Ledu\/mit\/icc_concat_action_string\/R$styleable;->ButtonBarLayout:[I","51":"    const\/4 v7, 0x3","52":"    new-array v8, v7, [I","53":"    fill-array-data v8, :array_2ac","54":"    sput-object v8, Ledu\/mit\/icc_concat_action_string\/R$styleable;->ColorStateListItem:[I","55":"    new-array v8, v7, [I","56":"    fill-array-data v8, :array_2b6","57":"    sput-object v8, Ledu\/mit\/icc_concat_action_string\/R$styleable;->CompoundButton:[I","58":"    new-array v5, v5, [I","59":"    fill-array-data v5, :array_2c0","60":"    sput-object v5, Ledu\/mit\/icc_concat_action_string\/R$styleable;->DrawerArrowToggle:[I","61":"    new-array v5, v2, [I","62":"    fill-array-data v5, :array_2d4","63":"    sput-object v5, Ledu\/mit\/icc_concat_action_string\/R$styleable;->FontFamily:[I","64":"    new-array v5, v7, [I","65":"    fill-array-data v5, :array_2e4","66":"    sput-object v5, Ledu\/mit\/icc_concat_action_string\/R$styleable;->FontFamilyFont:[I","67":"    const\/16 v5, 0x9","68":"    new-array v8, v5, [I","69":"    fill-array-data v8, :array_2ee","70":"    sput-object v8, Ledu\/mit\/icc_concat_action_string\/R$styleable;->LinearLayoutCompat:[I","71":"    new-array v6, v6, [I","72":"    fill-array-data v6, :array_304","73":"    sput-object v6, Ledu\/mit\/icc_concat_action_string\/R$styleable;->LinearLayoutCompat_Layout:[I","74":"    new-array v6, v3, [I","75":"    fill-array-data v6, :array_310","76":"    sput-object v6, Ledu\/mit\/icc_concat_action_string\/R$styleable;->ListPopupWindow:[I","77":"    new-array v2, v2, [I","78":"    fill-array-data v2, :array_318","79":"    sput-object v2, Ledu\/mit\/icc_concat_action_string\/R$styleable;->MenuGroup:[I","80":"    const\/16 v2, 0x17","81":"    new-array v2, v2, [I","82":"    fill-array-data v2, :array_328","83":"    sput-object v2, Ledu\/mit\/icc_concat_action_string\/R$styleable;->MenuItem:[I","84":"    new-array v2, v5, [I","85":"    fill-array-data v2, :array_35a","86":"    sput-object v2, Ledu\/mit\/icc_concat_action_string\/R$styleable;->MenuView:[I","87":"    new-array v2, v7, [I","88":"    fill-array-data v2, :array_370","89":"    sput-object v2, Ledu\/mit\/icc_concat_action_string\/R$styleable;->PopupWindow:[I","90":"    new-array v1, v1, [I","91":"    const v2, 0x7f0200c1","92":"    aput v2, v1, v4","93":"    sput-object v1, Ledu\/mit\/icc_concat_action_string\/R$styleable;->PopupWindowBackgroundState:[I","94":"    new-array v1, v3, [I","95":"    fill-array-data v1, :array_37a","96":"    sput-object v1, Ledu\/mit\/icc_concat_action_string\/R$styleable;->RecycleListView:[I","97":"    const\/16 v1, 0x11","98":"    new-array v1, v1, [I","99":"    fill-array-data v1, :array_382","100":"    sput-object v1, Ledu\/mit\/icc_concat_action_string\/R$styleable;->SearchView:[I","101":"    const\/4 v1, 0x5","102":"    new-array v2, v1, [I","103":"    fill-array-data v2, :array_3a8","104":"    sput-object v2, Ledu\/mit\/icc_concat_action_string\/R$styleable;->Spinner:[I","105":"    const\/16 v2, 0xe","106":"    new-array v2, v2, [I","107":"    fill-array-data v2, :array_3b6","108":"    sput-object v2, Ledu\/mit\/icc_concat_action_string\/R$styleable;->SwitchCompat:[I","109":"    const\/16 v2, 0xd","110":"    new-array v2, v2, [I","111":"    fill-array-data v2, :array_3d6","112":"    sput-object v2, Ledu\/mit\/icc_concat_action_string\/R$styleable;->TextAppearance:[I","113":"    new-array v0, v0, [I","114":"    fill-array-data v0, :array_3f4","115":"    sput-object v0, Ledu\/mit\/icc_concat_action_string\/R$styleable;->Toolbar:[I","116":"    new-array v0, v1, [I","117":"    fill-array-data v0, :array_432","118":"    sput-object v0, Ledu\/mit\/icc_concat_action_string\/R$styleable;->View:[I","119":"    new-array v0, v7, [I","120":"    fill-array-data v0, :array_440","121":"    sput-object v0, Ledu\/mit\/icc_concat_action_string\/R$styleable;->ViewBackgroundHelper:[I","122":"    new-array v0, v7, [I","123":"    fill-array-data v0, :array_44a","124":"    sput-object v0, Ledu\/mit\/icc_concat_action_string\/R$styleable;->ViewStubCompat:[I","125":"    return-void","126":"    nop"},"<init>()V":{"1":"    invoke-direct {p0}, Ljava\/lang\/Object;-><init>()V","2":"    return-void"}}