{"onCreate(Landroid\/os\/Bundle;)V":{"1":"    invoke-super {p0, p1}, Landroid\/app\/Activity;->onCreate(Landroid\/os\/Bundle;)V","2":"    const p1, 0x7f09001b","3":"    invoke-virtual {p0, p1}, Ledu\/mit\/icc_concat_action_string\/InFlowActivity;->setContentView(I)V","4":"    invoke-virtual {p0}, Ledu\/mit\/icc_concat_action_string\/InFlowActivity;->getIntent()Landroid\/content\/Intent;","5":"    move-result-object p1","6":"    const-string v0, \"DroidBench\"","7":"    invoke-virtual {p1, v0}, Landroid\/content\/Intent;->getStringExtra(Ljava\/lang\/String;)Ljava\/lang\/String;","8":"    move-result-object p1","9":"    invoke-static {v0, p1}, Landroid\/util\/Log;->i(Ljava\/lang\/String;Ljava\/lang\/String;)I","10":"    return-void"},"<init>()V":{"1":"    invoke-direct {p0}, Landroid\/app\/Activity;-><init>()V","2":"    return-void"}}