{"tool": {"decomposition": {"1": [{"id": "PetClinicApplication"}, {"id": "VetController"}, {"id": "Vets"}], "0": [{"id": "OwnerController"}, {"id": "Owner"}, {"id": "Person"}, {"id": "BaseEntity"}, {"id": "Visit"}, {"id": "VisitController"}, {"id": "Vet"}], "2": [{"id": "Pet"}, {"id": "NamedEntity"}, {"id": "PetType"}, {"id": "PetController"}, {"id": "PetTypeFormatter"}, {"id": "PetValidator"}, {"id": "Specialty"}], "3": [{"id": "PetClinicRuntimeHints"}, {"id": "CacheConfiguration"}, {"id": "WelcomeController"}, {"id": "CrashController"}]}}}