,method,stmtLineNumber,stmt
0,<org.cert.sendsms.Button1Listener: void onClick(android.view.View)>,-1,$r6 = virtualinvoke r5.<android.telephony.TelephonyManager: java.lang.String getDeviceId()>()
1,<org.cert.sendsms.Button1Listener: void onClick(android.view.View)>,-1,$r7 = virtualinvoke $r7.<java.lang.StringBuilder: java.lang.StringBuilder append(java.lang.String)>($r6)
2,<org.cert.sendsms.Button1Listener: void onClick(android.view.View)>,-1,$r6 = virtualinvoke $r7.<java.lang.StringBuilder: java.lang.String toString()>()
3,<org.cert.sendsms.Button1Listener: void onClick(android.view.View)>,-1,"staticinvoke <android.util.Log: int i(java.lang.String,java.lang.String)>(""SendSMS: "", $r6)"
