{"tool": {"decomposition": {"ShipmentService.ss": [{"id": "BadRequestException.BadRequestException"}, {"id": "BadRequestException.getMessage"}, {"id": "ConflictingRequestException.ConflictingRequestException"}, {"id": "ConflictingRequestException.getMessage"}, {"id": "SimpleCORSFilter.SimpleCORSFilter"}, {"id": "SimpleCORSFilter.destroy"}, {"id": "SimpleCORSFilter.doFilter"}, {"id": "SimpleCORSFilter.init"}, {"id": "TestPath.reset"}, {"id": "Utility.Utility"}, {"id": "Utility.getTelemetryClient"}, {"id": "Utility.isNullOrEmpty"}, {"id": "Utility.validateStringField"}, {"id": "ShipmentController.ShipmentController"}, {"id": "ShipmentController.addEvent"}, {"id": "ShipmentController.createShipmentRecord"}, {"id": "ShipmentController.deleteShipment"}, {"id": "ShipmentController.getDeliveries"}, {"id": "ShipmentController.getOrderRepository"}, {"id": "ShipmentController.getQuoteRepository"}, {"id": "ShipmentController.getShipment"}, {"id": "ShipmentController.getShipmentRepository"}, {"id": "ShipmentController.getShipments"}, {"id": "ShipmentController.updateShipment"}, {"id": "Delivery.Delivery"}, {"id": "Delivery.getOrder"}, {"id": "Delivery.getQuote"}, {"id": "Delivery.getShipmentRecord"}, {"id": "Delivery.setOrder"}, {"id": "Delivery.setQuote"}, {"id": "Delivery.setShipmentRecord"}, {"id": "DeliveryAddress.DeliveryAddress"}, {"id": "DeliveryAddress.DeliveryAddress"}, {"id": "DeliveryAddress.getCity"}, {"id": "DeliveryAddress.getPostalCode"}, {"id": "DeliveryAddress.getSpecialInstructions"}, {"id": "DeliveryAddress.getState"}, {"id": "DeliveryAddress.getStreet"}, {"id": "DeliveryAddress.isNotEmpty"}, {"id": "DeliveryAddress.setCity"}, {"id": "DeliveryAddress.setPostalCode"}, {"id": "DeliveryAddress.setSpecialInstructions"}, {"id": "DeliveryAddress.setState"}, {"id": "DeliveryAddress.setStreet"}, {"id": "DeliveryAddress.validate"}, {"id": "OrderStatus.OrderStatus"}, {"id": "OrderStatus.hashCode"}, {"id": "OrderStatus.valueOf"}, {"id": "OrderStatus.values"}, {"id": "PhoneInfo.PhoneInfo"}, {"id": "PhoneInfo.PhoneInfo"}, {"id": "PhoneInfo.getKind"}, {"id": "PhoneInfo.getPhoneNumber"}, {"id": "PhoneInfo.setKind"}, {"id": "PhoneInfo.setPhoneNumber"}, {"id": "ShipmentEventInfo.ShipmentEventInfo"}, {"id": "ShipmentEventInfo.ShipmentEventInfo"}, {"id": "ShipmentEventInfo.getComments"}, {"id": "ShipmentEventInfo.getDate"}, {"id": "ShipmentEventInfo.setComments"}, {"id": "ShipmentEventInfo.setDate"}, {"id": "ShipmentEventInfo.validate"}, {"id": "ShipmentRecord.ShipmentRecord"}, {"id": "ShipmentRecord.ShipmentRecord"}, {"id": "ShipmentRecord.addEvent"}, {"id": "ShipmentRecord.addEvent"}, {"id": "ShipmentRecord.getAlternateContactPhone"}, {"id": "ShipmentRecord.getContactName"}, {"id": "ShipmentRecord.getDeliveryAddress"}, {"id": "ShipmentRecord.getDeliveryDate"}, {"id": "ShipmentRecord.getEvents"}, {"id": "ShipmentRecord.getOrderId"}, {"id": "ShipmentRecord.getPrimaryContactPhone"}, {"id": "ShipmentRecord.setAlternateContactPhone"}, {"id": "ShipmentRecord.setContactName"}, {"id": "ShipmentRecord.setDeliveryAddress"}, {"id": "ShipmentRecord.setDeliveryDate"}, {"id": "ShipmentRecord.setOrderId"}, {"id": "ShipmentRecord.setPrimaryContactPhone"}, {"id": "ShipmentRecord.validate"}, {"id": "RepositoryFactory.RepositoryFactory"}, {"id": "RepositoryFactory.getCatalogItemsRepository"}, {"id": "RepositoryFactory.getDealersRepository"}, {"id": "RepositoryFactory.getFactory"}, {"id": "RepositoryFactory.getOrderRepository"}, {"id": "RepositoryFactory.getQuoteRepository"}, {"id": "RepositoryFactory.getShipmentRepository"}, {"id": "RepositoryFactory.init"}, {"id": "RepositoryFactory.reset"}, {"id": "ShipmentRepository.addEvent"}, {"id": "ShipmentRepository.createShipment"}, {"id": "ShipmentRepository.getShipmentById"}, {"id": "ShipmentRepository.getShipments"}, {"id": "ShipmentRepository.removeShipment"}, {"id": "ShipmentRepository.updateShipment"}, {"id": "MockShipmentRepository.MockShipmentRepository"}, {"id": "MockShipmentRepository.addEvent"}, {"id": "MockShipmentRepository.createShipment"}, {"id": "MockShipmentRepository.getShipmentById"}, {"id": "MockShipmentRepository.getShipments"}, {"id": "MockShipmentRepository.removeShipment"}, {"id": "MockShipmentRepository.reset"}, {"id": "MockShipmentRepository.updateShipment"}, {"id": "MongoShipmentRepository.MongoShipmentRepository"}, {"id": "MongoShipmentRepository.addEvent"}, {"id": "MongoShipmentRepository.createShipment"}, {"id": "MongoShipmentRepository.findExistingShipmentDetails"}, {"id": "MongoShipmentRepository.getShipmentById"}, {"id": "MongoShipmentRepository.getShipments"}, {"id": "MongoShipmentRepository.removeShipment"}, {"id": "MongoShipmentRepository.reset"}, {"id": "MongoShipmentRepository.saveUpdates"}, {"id": "MongoShipmentRepository.updateShipment"}, {"id": "ShipmentDetails.ShipmentDetails"}, {"id": "ShipmentDetails.ShipmentDetails"}, {"id": "ShipmentDetails.getId"}, {"id": "ShipmentDetails.setId"}, {"id": "ShipmentDetails.toShipmentRecord"}], "CatalogService.ss": [{"id": "CatalogController.CatalogController"}, {"id": "CatalogController.addCatalogItem"}, {"id": "CatalogController.getCatalogItem"}, {"id": "CatalogController.getCatalogItems"}, {"id": "CatalogController.getRepository"}, {"id": "CatalogController.removeCatalogItem"}, {"id": "CatalogController.upsertCatalogItem"}, {"id": "CatalogItem.CatalogItem"}, {"id": "CatalogItem.CatalogItem"}, {"id": "CatalogItem.CatalogItem"}, {"id": "CatalogItem.getDescription"}, {"id": "CatalogItem.getInventory"}, {"id": "CatalogItem.getLeadTime"}, {"id": "CatalogItem.getPrice"}, {"id": "CatalogItem.getSkuNumber"}, {"id": "CatalogItem.setDescription"}, {"id": "CatalogItem.setInventory"}, {"id": "CatalogItem.setLeadTime"}, {"id": "CatalogItem.setPrice"}, {"id": "CatalogItem.setSkuNumber"}, {"id": "CatalogItem.validate"}, {"id": "CatalogItemsRepository.getCatalogItem"}, {"id": "CatalogItemsRepository.getCatalogItems"}, {"id": "CatalogItemsRepository.removeCatalogItem"}, {"id": "CatalogItemsRepository.upsertCatalogItem"}, {"id": "MockCatalogItemsRepository.MockCatalogItemsRepository"}, {"id": "MockCatalogItemsRepository.compareSkuNumbers"}, {"id": "MockCatalogItemsRepository.getCatalogItem"}, {"id": "MockCatalogItemsRepository.getCatalogItems"}, {"id": "MockCatalogItemsRepository.removeCatalogItem"}, {"id": "MockCatalogItemsRepository.reset"}, {"id": "MockCatalogItemsRepository.upsertCatalogItem"}, {"id": "MongoCatalogItemsRepository.MongoCatalogItemsRepository"}, {"id": "MongoCatalogItemsRepository.findExistingCatalogItem"}, {"id": "MongoCatalogItemsRepository.getCatalogItem"}, {"id": "MongoCatalogItemsRepository.getCatalogItems"}, {"id": "MongoCatalogItemsRepository.removeCatalogItem"}, {"id": "MongoCatalogItemsRepository.reset"}, {"id": "MongoCatalogItemsRepository.upsertCatalogItem"}, {"id": "CatalogItem.CatalogItem"}, {"id": "CatalogItem.CatalogItem"}, {"id": "CatalogItem.getId"}, {"id": "CatalogItem.setId"}, {"id": "CatalogItem.toCatalogItem"}], "DealerService.ss": [{"id": "DealerController.DealerController"}, {"id": "DealerController.addDealer"}, {"id": "DealerController.getDealer"}, {"id": "DealerController.getDealers"}, {"id": "DealerController.getRepository"}, {"id": "DealerController.removeDealer"}, {"id": "DealerController.updateDealer"}, {"id": "MockDealersRepository.MockDealersRepository"}, {"id": "MockDealersRepository.compareDealerNames"}, {"id": "MockDealersRepository.getDealer"}, {"id": "MockDealersRepository.getDealers"}, {"id": "MockDealersRepository.removeDealer"}, {"id": "MockDealersRepository.reset"}, {"id": "MockDealersRepository.upsertDealer"}, {"id": "MongoDealersRepository.MongoDealersRepository"}, {"id": "MongoDealersRepository.getDealer"}, {"id": "MongoDealersRepository.getDealers"}, {"id": "MongoDealersRepository.removeDealer"}, {"id": "MongoDealersRepository.reset"}, {"id": "MongoDealersRepository.upsertDealer"}, {"id": "Dealer.Dealer"}, {"id": "Dealer.Dealer"}, {"id": "Dealer.getId"}, {"id": "Dealer.setId"}, {"id": "Dealer.toDealerInfo"}], "OrderService.ss": [{"id": "OrderController.OrderController"}, {"id": "OrderController.addEvent"}, {"id": "OrderController.createOrder"}, {"id": "OrderController.deleteOrder"}, {"id": "OrderController.getOrderById"}, {"id": "OrderController.getOrders"}, {"id": "OrderController.getOrdersByDealerName"}, {"id": "OrderController.getQuotes"}, {"id": "OrderController.updateOrder"}, {"id": "OrderController.updateStatus"}, {"id": "Order.Order"}, {"id": "Order.addEvent"}, {"id": "Order.equals"}, {"id": "Order.getEvents"}, {"id": "Order.getOrderDate"}, {"id": "Order.getOrderId"}, {"id": "Order.getQuoteId"}, {"id": "Order.getStatus"}, {"id": "Order.hashCode"}, {"id": "Order.setEvents"}, {"id": "Order.setOrderDate"}, {"id": "Order.setOrderId"}, {"id": "Order.setQuoteId"}, {"id": "Order.setStatus"}, {"id": "Order.validate"}, {"id": "OrderEventInfo.OrderEventInfo"}, {"id": "OrderEventInfo.OrderEventInfo"}, {"id": "OrderEventInfo.OrderEventInfo"}, {"id": "OrderEventInfo.getComments"}, {"id": "OrderEventInfo.getDate"}, {"id": "OrderEventInfo.setComments"}, {"id": "OrderEventInfo.setDate"}, {"id": "OrderUpdateInfo.OrderUpdateInfo"}, {"id": "OrderUpdateInfo.OrderUpdateInfo"}, {"id": "OrderUpdateInfo.getEventInfo"}, {"id": "OrderUpdateInfo.getStatus"}, {"id": "OrderUpdateInfo.setEventInfo"}, {"id": "OrderUpdateInfo.setStatus"}, {"id": "OrderRepository.createOrder"}, {"id": "OrderRepository.getOrder"}, {"id": "OrderRepository.getOrderByQuoteId"}, {"id": "OrderRepository.getOrdersByDealerName"}, {"id": "OrderRepository.getOrdersByStatus"}, {"id": "OrderRepository.hasOrder"}, {"id": "OrderRepository.removeOrder"}, {"id": "OrderRepository.updateOrder"}, {"id": "OrderRepository.updateOrder"}, {"id": "MockOrderRepository.MockOrderRepository"}, {"id": "MockOrderRepository.createOrder"}, {"id": "MockOrderRepository.getOrder"}, {"id": "MockOrderRepository.getOrderByQuoteId"}, {"id": "MockOrderRepository.getOrdersByDealerName"}, {"id": "MockOrderRepository.getOrdersByStatus"}, {"id": "MockOrderRepository.hasOrder"}, {"id": "MockOrderRepository.removeOrder"}, {"id": "MockOrderRepository.reset"}, {"id": "MockOrderRepository.updateOrder"}, {"id": "MockOrderRepository.updateOrder"}, {"id": "MongoOrderRepository.MongoOrderRepository"}, {"id": "MongoOrderRepository.createOrder"}, {"id": "MongoOrderRepository.findExistingOrder"}, {"id": "MongoOrderRepository.getOrder"}, {"id": "MongoOrderRepository.getOrderByQuoteId"}, {"id": "MongoOrderRepository.getOrdersByDealerName"}, {"id": "MongoOrderRepository.getOrdersByStatus"}, {"id": "MongoOrderRepository.hasOrder"}, {"id": "MongoOrderRepository.removeOrder"}, {"id": "MongoOrderRepository.reset"}, {"id": "MongoOrderRepository.saveOrder"}, {"id": "MongoOrderRepository.updateOrder"}, {"id": "MongoOrderRepository.updateOrder"}, {"id": "OrderDetails.OrderDetails"}, {"id": "OrderDetails.OrderDetails"}, {"id": "OrderDetails.getId"}, {"id": "OrderDetails.setId"}, {"id": "OrderDetails.toOrder"}], "QuoteService.ss": [{"id": "QuoteController.QuoteController"}, {"id": "QuoteController.createQuote"}, {"id": "QuoteController.deleteQuote"}, {"id": "QuoteController.getQuoteById"}, {"id": "QuoteController.getQuotesByCustomerName"}, {"id": "QuoteController.getRepository"}, {"id": "QuoteController.updateQuote"}, {"id": "Quote.Quote"}, {"id": "Quote.Quote"}, {"id": "Quote.addQuoteItem"}, {"id": "Quote.equals"}, {"id": "Quote.getCity"}, {"id": "Quote.getCustomerName"}, {"id": "Quote.getDealerName"}, {"id": "Quote.getDiscount"}, {"id": "Quote.getPostalCode"}, {"id": "Quote.getQuoteId"}, {"id": "Quote.getQuoteItems"}, {"id": "Quote.getState"}, {"id": "Quote.getTotalCost"}, {"id": "Quote.getValidUntil"}, {"id": "Quote.hashCode"}, {"id": "Quote.setCity"}, {"id": "Quote.setCustomerName"}, {"id": "Quote.setDealerName"}, {"id": "Quote.setDiscount"}, {"id": "Quote.setPostalCode"}, {"id": "Quote.setQuoteId"}, {"id": "Quote.setQuoteItems"}, {"id": "Quote.setState"}, {"id": "Quote.setTotalCost"}, {"id": "Quote.setValidUntil"}, {"id": "Quote.validate"}, {"id": "QuoteItemInfo.QuoteItemInfo"}, {"id": "QuoteItemInfo.QuoteItemInfo"}, {"id": "QuoteItemInfo.compareTo"}, {"id": "QuoteItemInfo.compareTo"}, {"id": "QuoteItemInfo.equals"}, {"id": "QuoteItemInfo.getAmount"}, {"id": "QuoteItemInfo.getSkuNumber"}, {"id": "QuoteItemInfo.hashCode"}, {"id": "QuoteItemInfo.setAmount"}, {"id": "QuoteItemInfo.setSkuNumber"}, {"id": "QuoteRepository.createQuote"}, {"id": "QuoteRepository.getQuote"}, {"id": "QuoteRepository.getQuoteIdsByDealerName"}, {"id": "QuoteRepository.getQuotesByCustomerName"}, {"id": "QuoteRepository.removeQuote"}, {"id": "QuoteRepository.updateQuote"}, {"id": "MockQuoteRepository.MockQuoteRepository"}, {"id": "MockQuoteRepository.createQuote"}, {"id": "MockQuoteRepository.getQuote"}, {"id": "MockQuoteRepository.getQuoteIdsByDealerName"}, {"id": "MockQuoteRepository.getQuotesByCustomerName"}, {"id": "MockQuoteRepository.removeQuote"}, {"id": "MockQuoteRepository.reset"}, {"id": "MockQuoteRepository.updateQuote"}, {"id": "MongoQuoteRepository.MongoQuoteRepository"}, {"id": "MongoQuoteRepository.createQuote"}, {"id": "MongoQuoteRepository.findExistingQuote"}, {"id": "MongoQuoteRepository.getQuote"}, {"id": "MongoQuoteRepository.getQuoteIdsByDealerName"}, {"id": "MongoQuoteRepository.getQuotesByCustomerName"}, {"id": "MongoQuoteRepository.removeQuote"}, {"id": "MongoQuoteRepository.reset"}, {"id": "MongoQuoteRepository.updateQuote"}, {"id": "QuoteDetails.QuoteDetails"}, {"id": "QuoteDetails.QuoteDetails"}, {"id": "QuoteDetails.getCustomerName"}, {"id": "QuoteDetails.getDealerName"}, {"id": "QuoteDetails.getId"}, {"id": "QuoteDetails.getQuoteId"}, {"id": "QuoteDetails.setId"}, {"id": "QuoteDetails.toQuote"}]}}}