{
  "tool": {
    "decomposition": {
      "microservice0": [
        {
          "id": "OrderEventInfo.getComments"
        },
        {
          "id": "Order.getEvents"
        },
        {
          "id": "OrderEventInfo.getDate"
        },
        {
          "id": "RepositoryFactory$Repositories.RepositoryFactory$Repositories"
        },
        {
          "id": "MongoShipmentRepository.addEvent"
        },
        {
          "id": "OrderRepository.getOrdersByDealerName"
        },
        {
          "id": "MongoOrderRepository.updateOrder"
        },
        {
          "id": "QuoteRepository.createQuote"
        },
        {
          "id": "MongoOrderRepository.saveOrder"
        }
      ],
      "microservice1": [
        {
          "id": "MongoQuoteRepository.createQuote"
        },
        {
          "id": "QuoteDetails.QuoteDetails"
        },
        {
          "id": "DeliveryAddress.isNotEmpty"
        },
        {
          "id": "DeliveryAddress.validate"
        },
        {
          "id": "MongoQuoteRepository.updateQuote"
        },
        {
          "id": "MongoShipmentRepository.updateShipment"
        },
        {
          "id": "ShipmentRepository.createShipment"
        },
        {
          "id": "MongoDealersRepository.upsertDealer"
        },
        {
          "id": "ShipmentRepository.updateShipment"
        }
      ],
      "microservice2": [
        {
          "id": "ShipmentRecord.ShipmentRecord"
        },
        {
          "id": "ShipmentDetails.ShipmentDetails"
        },
        {
          "id": "CatalogController.removeCatalogItem"
        },
        {
          "id": "MockCatalogItemsRepository.removeCatalogItem"
        },
        {
          "id": "ShipmentRepository.getShipments"
        },
        {
          "id": "ShipmentRepository.addEvent"
        },
        {
          "id": "OrderController.updateOrder"
        },
        {
          "id": "CatalogItem.CatalogItem"
        },
        {
          "id": "MockCatalogItemsRepository.getCatalogItems"
        }
      ],
      "microservice3": [
        {
          "id": "OrderController.addEvent"
        },
        {
          "id": "MockQuoteRepository.getQuote"
        },
        {
          "id": "RepositoryFactory.getOrderRepository"
        },
        {
          "id": "RepositoryFactory.getDealersRepository"
        },
        {
          "id": "RepositoryFactory.getQuoteRepository"
        },
        {
          "id": "MockQuoteRepository.reset"
        },
        {
          "id": "MockOrderRepository.updateOrder"
        },
        {
          "id": "Order.getStatus"
        },
        {
          "id": "Quote.equals"
        },
        {
          "id": "OrderEventInfo.setComments"
        },
        {
          "id": "QuoteController.deleteQuote"
        },
        {
          "id": "QuoteController.getQuoteById"
        },
        {
          "id": "Quote.getDealerName"
        },
        {
          "id": "Quote.setDealerName"
        },
        {
          "id": "Quote.validate"
        },
        {
          "id": "QuoteController.updateQuote"
        },
        {
          "id": "MockQuoteRepository.getQuotesByCustomerName"
        },
        {
          "id": "OrderEventInfo.setDate"
        },
        {
          "id": "MockOrderRepository.reset"
        },
        {
          "id": "MockQuoteRepository.createQuote"
        },
        {
          "id": "QuoteController.getRepository"
        },
        {
          "id": "Utility.isNullOrEmpty"
        },
        {
          "id": "Utility.validateStringField"
        },
        {
          "id": "OrderController.getOrderById"
        },
        {
          "id": "Order.setOrderId"
        },
        {
          "id": "MockDealersRepository.removeDealer"
        },
        {
          "id": "ShipmentRecord.setOrderId"
        },
        {
          "id": "MockOrderRepository.getOrdersByStatus"
        },
        {
          "id": "CatalogController.addCatalogItem"
        },
        {
          "id": "Quote.getQuoteId"
        },
        {
          "id": "Quote.setQuoteId"
        },
        {
          "id": "QuoteController.createQuote"
        },
        {
          "id": "MockCatalogItemsRepository.reset"
        },
        {
          "id": "RepositoryFactory.reset"
        },
        {
          "id": "MockOrderRepository.getOrdersByDealerName"
        },
        {
          "id": "CatalogController.upsertCatalogItem"
        },
        {
          "id": "MockCatalogItemsRepository.getCatalogItem"
        },
        {
          "id": "Quote.setCustomerName"
        },
        {
          "id": "DealerInfo.getName"
        },
        {
          "id": "CatalogItem.getSkuNumber"
        },
        {
          "id": "MockCatalogItemsRepository.compareSkuNumbers"
        },
        {
          "id": "DealerInfo.setAddress"
        },
        {
          "id": "MockDealersRepository.upsertDealer"
        },
        {
          "id": "CatalogController.getCatalogItem"
        },
        {
          "id": "MockCatalogItemsRepository.upsertCatalogItem"
        },
        {
          "id": "DealerController.updateDealer"
        },
        {
          "id": "OrderingInitializer.getApplicationPath"
        },
        {
          "id": "RepositoryFactory.getCatalogItemsRepository"
        },
        {
          "id": "MockQuoteRepository.updateQuote"
        },
        {
          "id": "OrderUpdateInfo.getStatus"
        },
        {
          "id": "MockDealersRepository.compareDealerNames"
        },
        {
          "id": "Order.getOrderId"
        },
        {
          "id": "DealerInfo.setName"
        },
        {
          "id": "DealerInfo.setPhone"
        },
        {
          "id": "MockDealersRepository.reset"
        },
        {
          "id": "MockQuoteRepository.removeQuote"
        },
        {
          "id": "CatalogItem.validate"
        },
        {
          "id": "MockDealersRepository.getDealer"
        },
        {
          "id": "OrderController.createOrder"
        },
        {
          "id": "MockOrderRepository.getOrder"
        },
        {
          "id": "MockShipmentRepository.reset"
        },
        {
          "id": "Order.getQuoteId"
        },
        {
          "id": "MockOrderRepository.createOrder"
        },
        {
          "id": "Order.setStatus"
        },
        {
          "id": "ShipmentRecord.getEvents"
        },
        {
          "id": "ShipmentController.createShipmentRecord"
        },
        {
          "id": "OrderController.getOrders"
        },
        {
          "id": "ShipmentRecord.getOrderId"
        },
        {
          "id": "ShipmentController.addEvent"
        },
        {
          "id": "ShipmentController.updateShipment"
        },
        {
          "id": "ShipmentController.getShipment"
        },
        {
          "id": "ShipmentRecord.setAlternateContactPhone"
        },
        {
          "id": "MockShipmentRepository.getShipmentById"
        },
        {
          "id": "RepositoryFactory.getShipmentRepository"
        },
        {
          "id": "OrderController.getOrdersByDealerName"
        },
        {
          "id": "MockShipmentRepository.createShipment"
        },
        {
          "id": "MockShipmentRepository.updateShipment"
        },
        {
          "id": "DealerInfo.setContact"
        },
        {
          "id": "MockShipmentRepository.addEvent"
        },
        {
          "id": "Order.setOrderDate"
        },
        {
          "id": "ShipmentRecord.setPrimaryContactPhone"
        },
        {
          "id": "RepositoryFactory.init"
        },
        {
          "id": "Quote.addQuoteItem"
        },
        {
          "id": "ShipmentRecord.addEvent"
        },
        {
          "id": "Order.setQuoteId"
        },
        {
          "id": "CatalogController.getRepository"
        },
        {
          "id": "Order.equals"
        },
        {
          "id": "MockDealersRepository.getDealers"
        },
        {
          "id": "Order.addEvent"
        },
        {
          "id": "OrderUpdateInfo.getEventInfo"
        },
        {
          "id": "ShipmentRecord.setDeliveryDate"
        },
        {
          "id": "ShipmentEventInfo.getComments"
        },
        {
          "id": "DealersRepository.upsertDealer"
        },
        {
          "id": "DealerController.addDealer"
        },
        {
          "id": "DealerController.getRepository"
        },
        {
          "id": "OrderingConfiguration.getApplicationContext"
        },
        {
          "id": "OrderController.updateStatus"
        },
        {
          "id": "MockOrderRepository.hasOrder"
        },
        {
          "id": "CatalogItemsRepository.upsertCatalogItem"
        },
        {
          "id": "ShipmentRecord.setContactName"
        },
        {
          "id": "ShipmentEventInfo.getDate"
        },
        {
          "id": "ShipmentEventInfo.validate"
        },
        {
          "id": "DealerInfo.validate"
        },
        {
          "id": "QuoteController.getQuotesByCustomerName"
        },
        {
          "id": "CatalogItem.getPrice"
        },
        {
          "id": "CatalogItem.getLeadTime"
        },
        {
          "id": "Quote.getCustomerName"
        },
        {
          "id": "OrderController.getQuotes"
        },
        {
          "id": "MockShipmentRepository.getShipments"
        },
        {
          "id": "ShipmentRecord.validate"
        },
        {
          "id": "OrderRepository.updateOrder"
        },
        {
          "id": "OrderRepository.getOrdersByStatus"
        },
        {
          "id": "CatalogController.getCatalogItems"
        },
        {
          "id": "CatalogItem.getInventory"
        },
        {
          "id": "DealerController.getDealer"
        },
        {
          "id": "ShipmentRecord.setDeliveryAddress"
        },
        {
          "id": "CatalogItem.getDescription"
        },
        {
          "id": "MockOrderRepository.getOrderByQuoteId"
        },
        {
          "id": "DealerInfo.setEmail"
        },
        {
          "id": "ShipmentController.getShipments"
        },
        {
          "id": "ShipmentController.getShipmentRepository"
        },
        {
          "id": "ShipmentEventInfo.setDate"
        },
        {
          "id": "ShipmentRecord.getContactName"
        },
        {
          "id": "MongoShipmentRepository.saveUpdates"
        },
        {
          "id": "OrderDetails.OrderDetails"
        }
      ],
      "microservice4": [
        {
          "id": "DealerController.getDealers"
        },
        {
          "id": "DealerInfo.getContact"
        },
        {
          "id": "DealerController.removeDealer"
        },
        {
          "id": "MongoShipmentRepository.getShipments"
        },
        {
          "id": "MongoCatalogItemsRepository.upsertCatalogItem"
        },
        {
          "id": "Dealer.Dealer"
        },
        {
          "id": "MongoShipmentRepository.createShipment"
        },
        {
          "id": "QuoteRepository.updateQuote"
        },
        {
          "id": "Quote.Quote"
        }
      ]
    }
  }
}