,className1,className2,ClassNameRel
0,smpl.ordering.PostgresqlProperties,smpl.ordering.OrderingServiceProperties,0.3333333333333333
1,smpl.ordering.PostgresqlProperties,smpl.ordering.PropertyHelper,0.3333333333333333
2,smpl.ordering.PostgresqlProperties,smpl.ordering.MongoDBProperties,0.3333333333333333
3,smpl.ordering.OrderingServiceProperties,smpl.ordering.OrderingConfiguration,0.3333333333333333
4,smpl.ordering.OrderingServiceProperties,smpl.ordering.PropertyHelper,0.3333333333333333
5,smpl.ordering.OrderingServiceProperties,smpl.ordering.MongoDBProperties,0.3333333333333333
6,smpl.ordering.OrderingServiceProperties,smpl.ordering.OrderingInitializer,0.3333333333333333
7,smpl.ordering.OrderingConfiguration,smpl.ordering.OrderingInitializer,0.3333333333333333
8,smpl.ordering.PropertyHelper,smpl.ordering.MongoDBProperties,0.3333333333333333
9,smpl.ordering.repositories.OrderRepository,smpl.ordering.repositories.mock.MockOrderRepository,1.0
10,smpl.ordering.repositories.OrderRepository,smpl.ordering.repositories.mongodb.MongoOrderRepository,1.0
11,smpl.ordering.repositories.OrderRepository,smpl.ordering.repositories.mongodb.models.OrderDetails,1.0
12,smpl.ordering.repositories.OrderRepository,smpl.ordering.models.Order,1.0
13,smpl.ordering.repositories.OrderRepository,smpl.ordering.models.OrderStatus,1.0
14,smpl.ordering.repositories.OrderRepository,smpl.ordering.models.OrderUpdateInfo,1.0
15,smpl.ordering.repositories.OrderRepository,smpl.ordering.models.OrderEventInfo,1.0
16,smpl.ordering.repositories.OrderRepository,smpl.ordering.controllers.OrderController,1.0
17,smpl.ordering.repositories.DealersRepository,smpl.ordering.repositories.mock.MockDealersRepository,1.0
18,smpl.ordering.repositories.DealersRepository,smpl.ordering.repositories.mongodb.MongoDealersRepository,1.0
19,smpl.ordering.repositories.DealersRepository,smpl.ordering.repositories.mongodb.models.Dealer,1.0
20,smpl.ordering.repositories.DealersRepository,smpl.ordering.models.DealerInfo,1.0
21,smpl.ordering.repositories.DealersRepository,smpl.ordering.controllers.DealerController,1.0
22,smpl.ordering.repositories.ShipmentRepository,smpl.ordering.repositories.mock.MockShipmentRepository,1.0
23,smpl.ordering.repositories.ShipmentRepository,smpl.ordering.repositories.mongodb.MongoShipmentRepository,1.0
24,smpl.ordering.repositories.ShipmentRepository,smpl.ordering.repositories.mongodb.models.ShipmentDetails,1.0
25,smpl.ordering.repositories.ShipmentRepository,smpl.ordering.models.ShipmentRecord,1.0
26,smpl.ordering.repositories.ShipmentRepository,smpl.ordering.models.ShipmentEventInfo,1.0
27,smpl.ordering.repositories.ShipmentRepository,smpl.ordering.controllers.ShipmentController,1.0
28,smpl.ordering.repositories.CatalogItemsRepository,smpl.ordering.repositories.mock.MockCatalogItemsRepository,1.0
29,smpl.ordering.repositories.CatalogItemsRepository,smpl.ordering.repositories.mongodb.MongoCatalogItemsRepository,1.0
30,smpl.ordering.repositories.CatalogItemsRepository,smpl.ordering.repositories.mongodb.models.CatalogItem,1.0
31,smpl.ordering.repositories.CatalogItemsRepository,smpl.ordering.models.CatalogItem,1.0
32,smpl.ordering.repositories.CatalogItemsRepository,smpl.ordering.controllers.CatalogController,1.0
33,smpl.ordering.repositories.QuoteRepository,smpl.ordering.repositories.mock.MockQuoteRepository,1.0
34,smpl.ordering.repositories.QuoteRepository,smpl.ordering.repositories.mongodb.MongoQuoteRepository,1.0
35,smpl.ordering.repositories.QuoteRepository,smpl.ordering.repositories.mongodb.models.QuoteDetails,1.0
36,smpl.ordering.repositories.QuoteRepository,smpl.ordering.models.QuoteItemInfo,1.0
37,smpl.ordering.repositories.QuoteRepository,smpl.ordering.models.Quote,1.0
38,smpl.ordering.repositories.QuoteRepository,smpl.ordering.controllers.QuoteController,1.0
39,smpl.ordering.repositories.mock.MockOrderRepository,smpl.ordering.repositories.mongodb.MongoOrderRepository,1.0
40,smpl.ordering.repositories.mock.MockOrderRepository,smpl.ordering.repositories.mongodb.models.OrderDetails,1.0
41,smpl.ordering.repositories.mock.MockOrderRepository,smpl.ordering.models.Order,1.0
42,smpl.ordering.repositories.mock.MockOrderRepository,smpl.ordering.models.OrderStatus,1.0
43,smpl.ordering.repositories.mock.MockOrderRepository,smpl.ordering.models.OrderUpdateInfo,1.0
44,smpl.ordering.repositories.mock.MockOrderRepository,smpl.ordering.models.OrderEventInfo,1.0
45,smpl.ordering.repositories.mock.MockOrderRepository,smpl.ordering.controllers.OrderController,1.0
46,smpl.ordering.repositories.mock.MockShipmentRepository,smpl.ordering.repositories.mongodb.MongoShipmentRepository,1.0
47,smpl.ordering.repositories.mock.MockShipmentRepository,smpl.ordering.repositories.mongodb.models.ShipmentDetails,1.0
48,smpl.ordering.repositories.mock.MockShipmentRepository,smpl.ordering.models.ShipmentRecord,1.0
49,smpl.ordering.repositories.mock.MockShipmentRepository,smpl.ordering.models.ShipmentEventInfo,1.0
50,smpl.ordering.repositories.mock.MockShipmentRepository,smpl.ordering.controllers.ShipmentController,1.0
51,smpl.ordering.repositories.mock.MockDealersRepository,smpl.ordering.repositories.mongodb.MongoDealersRepository,1.0
52,smpl.ordering.repositories.mock.MockDealersRepository,smpl.ordering.repositories.mongodb.models.Dealer,1.0
53,smpl.ordering.repositories.mock.MockDealersRepository,smpl.ordering.models.DealerInfo,1.0
54,smpl.ordering.repositories.mock.MockDealersRepository,smpl.ordering.controllers.DealerController,1.0
55,smpl.ordering.repositories.mock.MockQuoteRepository,smpl.ordering.repositories.mongodb.MongoQuoteRepository,1.0
56,smpl.ordering.repositories.mock.MockQuoteRepository,smpl.ordering.repositories.mongodb.models.QuoteDetails,1.0
57,smpl.ordering.repositories.mock.MockQuoteRepository,smpl.ordering.models.QuoteItemInfo,1.0
58,smpl.ordering.repositories.mock.MockQuoteRepository,smpl.ordering.models.Quote,1.0
59,smpl.ordering.repositories.mock.MockQuoteRepository,smpl.ordering.controllers.QuoteController,1.0
60,smpl.ordering.repositories.mock.MockCatalogItemsRepository,smpl.ordering.repositories.mongodb.MongoCatalogItemsRepository,1.0
61,smpl.ordering.repositories.mock.MockCatalogItemsRepository,smpl.ordering.repositories.mongodb.models.CatalogItem,1.0
62,smpl.ordering.repositories.mock.MockCatalogItemsRepository,smpl.ordering.models.CatalogItem,1.0
63,smpl.ordering.repositories.mock.MockCatalogItemsRepository,smpl.ordering.controllers.CatalogController,1.0
64,smpl.ordering.repositories.mongodb.MongoQuoteRepository,smpl.ordering.repositories.mongodb.models.QuoteDetails,1.0
65,smpl.ordering.repositories.mongodb.MongoQuoteRepository,smpl.ordering.models.QuoteItemInfo,1.0
66,smpl.ordering.repositories.mongodb.MongoQuoteRepository,smpl.ordering.models.Quote,1.0
67,smpl.ordering.repositories.mongodb.MongoQuoteRepository,smpl.ordering.controllers.QuoteController,1.0
68,smpl.ordering.repositories.mongodb.MongoCatalogItemsRepository,smpl.ordering.repositories.mongodb.models.CatalogItem,1.0
69,smpl.ordering.repositories.mongodb.MongoCatalogItemsRepository,smpl.ordering.models.CatalogItem,1.0
70,smpl.ordering.repositories.mongodb.MongoCatalogItemsRepository,smpl.ordering.controllers.CatalogController,1.0
71,smpl.ordering.repositories.mongodb.MongoShipmentRepository,smpl.ordering.repositories.mongodb.models.ShipmentDetails,1.0
72,smpl.ordering.repositories.mongodb.MongoShipmentRepository,smpl.ordering.models.ShipmentRecord,1.0
73,smpl.ordering.repositories.mongodb.MongoShipmentRepository,smpl.ordering.models.ShipmentEventInfo,1.0
74,smpl.ordering.repositories.mongodb.MongoShipmentRepository,smpl.ordering.controllers.ShipmentController,1.0
75,smpl.ordering.repositories.mongodb.MongoOrderRepository,smpl.ordering.repositories.mongodb.models.OrderDetails,1.0
76,smpl.ordering.repositories.mongodb.MongoOrderRepository,smpl.ordering.models.Order,1.0
77,smpl.ordering.repositories.mongodb.MongoOrderRepository,smpl.ordering.models.OrderStatus,1.0
78,smpl.ordering.repositories.mongodb.MongoOrderRepository,smpl.ordering.models.OrderUpdateInfo,1.0
79,smpl.ordering.repositories.mongodb.MongoOrderRepository,smpl.ordering.models.OrderEventInfo,1.0
80,smpl.ordering.repositories.mongodb.MongoOrderRepository,smpl.ordering.controllers.OrderController,1.0
81,smpl.ordering.repositories.mongodb.MongoDealersRepository,smpl.ordering.repositories.mongodb.models.Dealer,1.0
82,smpl.ordering.repositories.mongodb.MongoDealersRepository,smpl.ordering.models.DealerInfo,1.0
83,smpl.ordering.repositories.mongodb.MongoDealersRepository,smpl.ordering.controllers.DealerController,1.0
84,smpl.ordering.repositories.mongodb.models.QuoteDetails,smpl.ordering.models.QuoteItemInfo,1.0
85,smpl.ordering.repositories.mongodb.models.QuoteDetails,smpl.ordering.models.Quote,1.0
86,smpl.ordering.repositories.mongodb.models.QuoteDetails,smpl.ordering.controllers.QuoteController,1.0
87,smpl.ordering.repositories.mongodb.models.OrderDetails,smpl.ordering.models.Order,1.0
88,smpl.ordering.repositories.mongodb.models.OrderDetails,smpl.ordering.models.OrderStatus,1.0
89,smpl.ordering.repositories.mongodb.models.OrderDetails,smpl.ordering.models.OrderUpdateInfo,1.0
90,smpl.ordering.repositories.mongodb.models.OrderDetails,smpl.ordering.models.OrderEventInfo,1.0
91,smpl.ordering.repositories.mongodb.models.OrderDetails,smpl.ordering.controllers.OrderController,1.0
92,smpl.ordering.repositories.mongodb.models.ShipmentDetails,smpl.ordering.models.ShipmentRecord,1.0
93,smpl.ordering.repositories.mongodb.models.ShipmentDetails,smpl.ordering.models.ShipmentEventInfo,1.0
94,smpl.ordering.repositories.mongodb.models.ShipmentDetails,smpl.ordering.controllers.ShipmentController,1.0
95,smpl.ordering.repositories.mongodb.models.Dealer,smpl.ordering.models.DealerInfo,1.0
96,smpl.ordering.repositories.mongodb.models.Dealer,smpl.ordering.controllers.DealerController,1.0
97,smpl.ordering.repositories.mongodb.models.CatalogItem,smpl.ordering.models.CatalogItem,1.0
98,smpl.ordering.repositories.mongodb.models.CatalogItem,smpl.ordering.controllers.CatalogController,1.0
99,smpl.ordering.models.DeliveryAddress,smpl.ordering.models.Delivery,0.5
100,smpl.ordering.models.Order,smpl.ordering.models.OrderStatus,1.0
101,smpl.ordering.models.Order,smpl.ordering.models.OrderUpdateInfo,1.0
102,smpl.ordering.models.Order,smpl.ordering.models.OrderEventInfo,1.0
103,smpl.ordering.models.Order,smpl.ordering.controllers.OrderController,1.0
104,smpl.ordering.models.DealerInfo,smpl.ordering.controllers.DealerController,1.0
105,smpl.ordering.models.OrderStatus,smpl.ordering.models.OrderUpdateInfo,1.0
106,smpl.ordering.models.OrderStatus,smpl.ordering.models.OrderEventInfo,1.0
107,smpl.ordering.models.OrderStatus,smpl.ordering.controllers.OrderController,1.0
108,smpl.ordering.models.QuoteItemInfo,smpl.ordering.models.Quote,1.0
109,smpl.ordering.models.QuoteItemInfo,smpl.ordering.controllers.QuoteController,1.0
110,smpl.ordering.models.ShipmentRecord,smpl.ordering.models.ShipmentEventInfo,1.0
111,smpl.ordering.models.ShipmentRecord,smpl.ordering.controllers.ShipmentController,1.0
112,smpl.ordering.models.Quote,smpl.ordering.controllers.QuoteController,1.0
113,smpl.ordering.models.ShipmentEventInfo,smpl.ordering.controllers.ShipmentController,1.0
114,smpl.ordering.models.OrderUpdateInfo,smpl.ordering.models.OrderEventInfo,1.0
115,smpl.ordering.models.OrderUpdateInfo,smpl.ordering.controllers.OrderController,1.0
116,smpl.ordering.models.OrderEventInfo,smpl.ordering.controllers.OrderController,1.0
117,smpl.ordering.models.CatalogItem,smpl.ordering.controllers.CatalogController,1.0
