,ClassA,ClassB,ReferenceCount
0,smpl.ordering.AppInsightsFilter,smpl.ordering.Utility,2
0,smpl.ordering.ConflictingRequestException,smpl.ordering.BadRequestException,1
0,smpl.ordering.OrderingConfiguration,smpl.ordering.OrderingServiceProperties,2
0,smpl.ordering.OrderingConfiguration,smpl.ordering.Utility,2
0,smpl.ordering.OrderingConfiguration,smpl.ordering.MongoDBProperties,2
0,smpl.ordering.OrderingConfiguration,smpl.ordering.repositories.RepositoryFactory,2
0,smpl.ordering.Utility,smpl.ordering.OrderingConfiguration,1
0,smpl.ordering.controllers.CatalogController,smpl.ordering.OrderingInitializer,1
0,smpl.ordering.controllers.CatalogController,smpl.ordering.Utility,5
0,smpl.ordering.controllers.CatalogController,smpl.ordering.models.CatalogItem,3
0,smpl.ordering.controllers.CatalogController,smpl.ordering.repositories.CatalogItemsRepository,7
0,smpl.ordering.controllers.CatalogController,smpl.ordering.repositories.RepositoryFactory,1
0,smpl.ordering.controllers.DealerController,smpl.ordering.OrderingInitializer,1
0,smpl.ordering.controllers.DealerController,smpl.ordering.Utility,5
0,smpl.ordering.controllers.DealerController,smpl.ordering.models.DealerInfo,3
0,smpl.ordering.controllers.DealerController,smpl.ordering.repositories.DealersRepository,7
0,smpl.ordering.controllers.DealerController,smpl.ordering.repositories.RepositoryFactory,1
0,smpl.ordering.controllers.OrderController,smpl.ordering.Utility,7
0,smpl.ordering.controllers.OrderController,smpl.ordering.models.Order,4
0,smpl.ordering.controllers.OrderController,smpl.ordering.models.OrderEventInfo,2
0,smpl.ordering.controllers.OrderController,smpl.ordering.repositories.OrderRepository,10
0,smpl.ordering.controllers.OrderController,smpl.ordering.BadRequestException,2
0,smpl.ordering.controllers.OrderController,smpl.ordering.ConflictingRequestException,1
0,smpl.ordering.controllers.OrderController,smpl.ordering.OrderingInitializer,1
0,smpl.ordering.controllers.OrderController,smpl.ordering.repositories.QuoteRepository,1
0,smpl.ordering.controllers.OrderController,smpl.ordering.repositories.RepositoryFactory,2
0,smpl.ordering.controllers.OrderController,smpl.ordering.models.OrderUpdateInfo,1
0,smpl.ordering.controllers.PingController,smpl.ordering.OrderingServiceProperties,2
0,smpl.ordering.controllers.PingController,smpl.ordering.PropertyHelper,1
0,smpl.ordering.controllers.PingController,smpl.ordering.Utility,1
0,smpl.ordering.controllers.QuoteController,smpl.ordering.BadRequestException,1
0,smpl.ordering.controllers.QuoteController,smpl.ordering.OrderingInitializer,1
0,smpl.ordering.controllers.QuoteController,smpl.ordering.Utility,5
0,smpl.ordering.controllers.QuoteController,smpl.ordering.models.Quote,3
0,smpl.ordering.controllers.QuoteController,smpl.ordering.repositories.QuoteRepository,5
0,smpl.ordering.controllers.QuoteController,smpl.ordering.repositories.RepositoryFactory,1
0,smpl.ordering.controllers.ShipmentController,smpl.ordering.Utility,6
0,smpl.ordering.controllers.ShipmentController,smpl.ordering.models.ShipmentEventInfo,2
0,smpl.ordering.controllers.ShipmentController,smpl.ordering.repositories.ShipmentRepository,10
0,smpl.ordering.controllers.ShipmentController,smpl.ordering.BadRequestException,1
0,smpl.ordering.controllers.ShipmentController,smpl.ordering.OrderingInitializer,1
0,smpl.ordering.controllers.ShipmentController,smpl.ordering.models.ShipmentRecord,5
0,smpl.ordering.controllers.ShipmentController,smpl.ordering.models.Delivery,4
0,smpl.ordering.controllers.ShipmentController,smpl.ordering.models.Order,1
0,smpl.ordering.controllers.ShipmentController,smpl.ordering.models.OrderStatus,1
0,smpl.ordering.controllers.ShipmentController,smpl.ordering.repositories.OrderRepository,1
0,smpl.ordering.controllers.ShipmentController,smpl.ordering.repositories.QuoteRepository,1
0,smpl.ordering.controllers.ShipmentController,smpl.ordering.repositories.RepositoryFactory,3
0,smpl.ordering.models.CatalogItem,smpl.ordering.Utility,1
0,smpl.ordering.models.DealerInfo,smpl.ordering.Utility,1
0,smpl.ordering.models.Order,smpl.ordering.models.OrderStatus,2
0,smpl.ordering.models.Order,smpl.ordering.Utility,1
0,smpl.ordering.models.OrderStatus,smpl.ordering.models.OrderStatus[],1
0,smpl.ordering.models.OrderUpdateInfo,smpl.ordering.models.OrderEventInfo,1
0,smpl.ordering.models.Quote,smpl.ordering.models.QuoteItemInfo,1
0,smpl.ordering.models.Quote,smpl.ordering.Utility,1
0,smpl.ordering.models.ShipmentRecord,smpl.ordering.models.ShipmentEventInfo,4
0,smpl.ordering.models.ShipmentRecord,smpl.ordering.models.DeliveryAddress,1
0,smpl.ordering.repositories.RepositoryFactory,smpl.ordering.repositories.RepositoryFactory$Repositories,11
0,smpl.ordering.repositories.RepositoryFactory,smpl.ordering.OrderingConfiguration,1
0,smpl.ordering.repositories.RepositoryFactory,smpl.ordering.repositories.mock.MockCatalogItemsRepository,1
0,smpl.ordering.repositories.RepositoryFactory,smpl.ordering.repositories.mock.MockDealersRepository,1
0,smpl.ordering.repositories.RepositoryFactory,smpl.ordering.repositories.mock.MockOrderRepository,1
0,smpl.ordering.repositories.RepositoryFactory,smpl.ordering.repositories.mock.MockQuoteRepository,1
0,smpl.ordering.repositories.RepositoryFactory,smpl.ordering.repositories.mock.MockShipmentRepository,1
0,smpl.ordering.repositories.RepositoryFactory,smpl.ordering.repositories.mongodb.MongoCatalogItemsRepository,1
0,smpl.ordering.repositories.RepositoryFactory,smpl.ordering.repositories.mongodb.MongoDealersRepository,1
0,smpl.ordering.repositories.RepositoryFactory,smpl.ordering.repositories.mongodb.MongoOrderRepository,1
0,smpl.ordering.repositories.RepositoryFactory,smpl.ordering.repositories.mongodb.MongoQuoteRepository,1
0,smpl.ordering.repositories.RepositoryFactory,smpl.ordering.repositories.mongodb.MongoShipmentRepository,1
0,smpl.ordering.repositories.mock.MockCatalogItemsRepository,smpl.ordering.models.CatalogItem,4
0,smpl.ordering.repositories.mock.MockDealersRepository,smpl.ordering.models.DealerInfo,4
0,smpl.ordering.repositories.mock.MockOrderRepository,smpl.ordering.BadRequestException,2
0,smpl.ordering.repositories.mock.MockOrderRepository,smpl.ordering.ConflictingRequestException,1
0,smpl.ordering.repositories.mock.MockOrderRepository,smpl.ordering.models.Order,14
0,smpl.ordering.repositories.mock.MockOrderRepository,smpl.ordering.models.OrderStatus,3
0,smpl.ordering.repositories.mock.MockOrderRepository,smpl.ordering.repositories.QuoteRepository,2
0,smpl.ordering.repositories.mock.MockOrderRepository,smpl.ordering.models.Quote,1
0,smpl.ordering.repositories.mock.MockOrderRepository,smpl.ordering.models.OrderUpdateInfo,2
0,smpl.ordering.repositories.mock.MockQuoteRepository,smpl.ordering.BadRequestException,1
0,smpl.ordering.repositories.mock.MockQuoteRepository,smpl.ordering.models.DealerInfo,2
0,smpl.ordering.repositories.mock.MockQuoteRepository,smpl.ordering.models.Quote,9
0,smpl.ordering.repositories.mock.MockQuoteRepository,smpl.ordering.repositories.DealersRepository,4
0,smpl.ordering.repositories.mock.MockShipmentRepository,smpl.ordering.models.ShipmentEventInfo,3
0,smpl.ordering.repositories.mock.MockShipmentRepository,smpl.ordering.models.ShipmentRecord,10
0,smpl.ordering.repositories.mock.MockShipmentRepository,smpl.ordering.BadRequestException,1
0,smpl.ordering.repositories.mock.MockShipmentRepository,smpl.ordering.repositories.OrderRepository,2
0,smpl.ordering.repositories.mock.MockShipmentRepository,smpl.ordering.models.Order,1
0,smpl.ordering.repositories.mock.MockShipmentRepository,smpl.ordering.models.OrderStatus,1
0,smpl.ordering.repositories.mongodb.MongoCatalogItemsRepository,smpl.ordering.repositories.mongodb.MongoOperationsWithRetry,1
0,smpl.ordering.repositories.mongodb.MongoCatalogItemsRepository,smpl.ordering.repositories.mongodb.models.CatalogItem,5
0,smpl.ordering.repositories.mongodb.MongoDealersRepository,smpl.ordering.repositories.mongodb.MongoOperationsWithRetry,1
0,smpl.ordering.repositories.mongodb.MongoDealersRepository,smpl.ordering.repositories.mongodb.models.Dealer,5
0,smpl.ordering.repositories.mongodb.MongoDealersRepository,smpl.ordering.models.DealerInfo,1
0,smpl.ordering.repositories.mongodb.MongoOperationsWithRetry,smpl.ordering.Utility,1
0,smpl.ordering.repositories.mongodb.MongoOrderRepository,smpl.ordering.repositories.mongodb.MongoOperationsWithRetry,1
0,smpl.ordering.repositories.mongodb.MongoOrderRepository,smpl.ordering.BadRequestException,1
0,smpl.ordering.repositories.mongodb.MongoOrderRepository,smpl.ordering.ConflictingRequestException,1
0,smpl.ordering.repositories.mongodb.MongoOrderRepository,smpl.ordering.models.Order,9
0,smpl.ordering.repositories.mongodb.MongoOrderRepository,smpl.ordering.models.OrderStatus,3
0,smpl.ordering.repositories.mongodb.MongoOrderRepository,smpl.ordering.repositories.QuoteRepository,2
0,smpl.ordering.repositories.mongodb.MongoOrderRepository,smpl.ordering.repositories.mongodb.models.OrderDetails,9
0,smpl.ordering.repositories.mongodb.MongoOrderRepository,smpl.ordering.models.OrderUpdateInfo,2
0,smpl.ordering.repositories.mongodb.MongoQuoteRepository,smpl.ordering.repositories.mongodb.MongoOperationsWithRetry,1
0,smpl.ordering.repositories.mongodb.MongoQuoteRepository,smpl.ordering.BadRequestException,1
0,smpl.ordering.repositories.mongodb.MongoQuoteRepository,smpl.ordering.models.DealerInfo,2
0,smpl.ordering.repositories.mongodb.MongoQuoteRepository,smpl.ordering.models.Quote,6
0,smpl.ordering.repositories.mongodb.MongoQuoteRepository,smpl.ordering.repositories.DealersRepository,4
0,smpl.ordering.repositories.mongodb.MongoQuoteRepository,smpl.ordering.repositories.mongodb.models.QuoteDetails,8
0,smpl.ordering.repositories.mongodb.MongoShipmentRepository,smpl.ordering.repositories.mongodb.MongoOperationsWithRetry,1
0,smpl.ordering.repositories.mongodb.MongoShipmentRepository,smpl.ordering.models.ShipmentRecord,4
0,smpl.ordering.repositories.mongodb.MongoShipmentRepository,smpl.ordering.repositories.mongodb.models.ShipmentDetails,7
0,smpl.ordering.repositories.mongodb.MongoShipmentRepository,smpl.ordering.BadRequestException,1
0,smpl.ordering.repositories.mongodb.MongoShipmentRepository,smpl.ordering.ConflictingRequestException,1
0,smpl.ordering.repositories.mongodb.MongoShipmentRepository,smpl.ordering.repositories.OrderRepository,2
0,smpl.ordering.repositories.mongodb.MongoShipmentRepository,smpl.ordering.models.Order,1
0,smpl.ordering.repositories.mongodb.models.CatalogItem,smpl.ordering.models.CatalogItem,11
0,smpl.ordering.repositories.mongodb.models.Dealer,smpl.ordering.models.DealerInfo,11
0,smpl.ordering.repositories.mongodb.models.OrderDetails,smpl.ordering.models.Order,11
0,smpl.ordering.repositories.mongodb.models.QuoteDetails,smpl.ordering.models.Quote,21
0,smpl.ordering.repositories.mongodb.models.QuoteDetails,smpl.ordering.models.QuoteItemInfo,2
0,smpl.ordering.repositories.mongodb.models.ShipmentDetails,smpl.ordering.models.ShipmentRecord,13
