{
    "tool": {
        "decomposition": {
            "7": [
                {
                    "id": "LoginServlet"
                }
            ],
            "15": [
                {
                    "id": "LoginUtils"
                }
            ],
            "9": [
                {
                    "id": "RegisterServlet"
                }
            ],
            "0": [
                {
                    "id": "RegistrationUtils"
                },
                {
                    "id": "RegistrationResult"
                },
                {
                    "id": "StringUtils"
                }
            ],
            "10": [
                {
                    "id": "PasswordResult"
                }
            ],
            "3": [
                {
                    "id": "AssertionException"
                }
            ],
            "2": [
                {
                    "id": "LibraryUtils"
                },
                {
                    "id": "Loan"
                },
                {
                    "id": "Book"
                },
                {
                    "id": "LibraryBookListSearchServlet"
                },
                {
                    "id": "PersistenceLayer"
                },
                {
                    "id": "CheckUtils"
                }
            ],
            "1": [
                {
                    "id": "ServletUtils"
                }
            ],
            "8": [
                {
                    "id": "LibraryBookListAvailableServlet"
                }
            ],
            "12": [
                {
                    "id": "ParameterObject"
                },
                {
                    "id": "SqlRuntimeException"
                },
                {
                    "id": "SqlData"
                },
                {
                    "id": "LibraryBorrowerListSearchServlet"
                },
                {
                    "id": "Borrower"
                }
            ],
            "11": [
                {
                    "id": "LibraryLendServlet"
                }
            ],
            "13": [
                {
                    "id": "LibraryRegisterBookServlet"
                }
            ],
            "14": [
                {
                    "id": "LibraryRegisterBorrowerServlet"
                }
            ],
            "21": [
                {
                    "id": "AckServlet"
                }
            ],
            "20": [
                {
                    "id": "Ackermann"
                }
            ],
            "19": [
                {
                    "id": "AckermannIterative"
                }
            ],
            "17": [
                {
                    "id": "MathServlet"
                },
                {
                    "id": "Calculator"
                }
            ],
            "18": [
                {
                    "id": "FibServlet"
                }
            ],
            "23": [
                {
                    "id": "Fibonacci"
                }
            ],
            "22": [
                {
                    "id": "FibonacciIterative"
                }
            ],
            "6": [
                {
                    "id": "TailRecursive"
                }
            ],
            "5": [
                {
                    "id": "DbServlet"
                }
            ],
            "4": [
                {
                    "id": "WebAppListener"
                }
            ],
            "UNOBSERVED": [
                {
                    "id": "EmptyDataSource"
                },
                {
                    "id": "DinnerPrices"
                },
                {
                    "id": "IPersistenceLayer"
                },
                {
                    "id": "RegistrationStatusEnums"
                },
                {
                    "id": "AlcoholResult"
                },
                {
                    "id": "User"
                },
                {
                    "id": "PasswordResultEnums"
                },
                {
                    "id": "CartesianProduct"
                },
                {
                    "id": "NotImplementedException"
                },
                {
                    "id": "LibraryActionResults"
                },
                {
                    "id": "FunctionalField"
                },
                {
                    "id": "AlcoholCalculator"
                }
            ]
        }
    }
}