{"tool": {"decomposition": {"15": [{"id": "LoginServlet.LoginServlet"}, {"id": "LoginServlet.doPost"}, {"id": "LoginUtils.LoginUtils"}, {"id": "PersistenceLayer.areCredentialsValid"}], "2": [{"id": "LoginUtils.isUserRegistered"}, {"id": "StringUtils.makeNotNullable"}, {"id": "LibraryBookListAvailableServlet.LibraryBookListAvailableServlet"}, {"id": "LibraryBookListAvailableServlet.doGet"}, {"id": "LibraryBookListSearchServlet.LibraryBookListSearchServlet"}, {"id": "LibraryBookListSearchServlet.listAllBooks"}, {"id": "LibraryBookListSearchServlet.searchById"}, {"id": "LibraryBookListSearchServlet.searchByTitle"}, {"id": "LibraryBorrowerListSearchServlet.LibraryBorrowerListSearchServlet"}, {"id": "LibraryBorrowerListSearchServlet.listAllBorrowers"}, {"id": "LibraryBorrowerListSearchServlet.searchById"}, {"id": "LibraryBorrowerListSearchServlet.searchByName"}, {"id": "LibraryLendServlet.LibraryLendServlet"}, {"id": "LibraryLendServlet.doPost"}, {"id": "LibraryLendServlet.getDateNow"}, {"id": "LibraryRegisterBookServlet.LibraryRegisterBookServlet"}, {"id": "LibraryRegisterBookServlet.doPost"}, {"id": "LibraryRegisterBorrowerServlet.LibraryRegisterBorrowerServlet"}, {"id": "LibraryRegisterBorrowerServlet.doPost"}, {"id": "LibraryUtils.LibraryUtils"}, {"id": "LibraryUtils.createLoan"}, {"id": "LibraryUtils.lendBook"}, {"id": "LibraryUtils.listAllBooks"}, {"id": "LibraryUtils.listAvailableBooks"}, {"id": "LibraryUtils.registerBook"}, {"id": "LibraryUtils.registerBorrower"}, {"id": "LibraryUtils.saveNewBook"}, {"id": "LibraryUtils.saveNewBorrower"}, {"id": "LibraryUtils.searchForBookById"}, {"id": "LibraryUtils.searchForBookByTitle"}, {"id": "LibraryUtils.searchForBorrowerByName"}, {"id": "LibraryUtils.searchForLoanByBook"}, {"id": "Book.createEmpty"}, {"id": "Borrower.createEmpty"}, {"id": "Loan.createEmpty"}, {"id": "DbServlet.DbServlet"}, {"id": "DbServlet.doGet"}, {"id": "PersistenceLayer.PersistenceLayer"}, {"id": "PersistenceLayer.cleanAndMigrateDatabase"}, {"id": "PersistenceLayer.cleanDatabase"}, {"id": "PersistenceLayer.createExtractor"}, {"id": "PersistenceLayer.executeInsertTemplate"}, {"id": "PersistenceLayer.listAllBooks"}, {"id": "PersistenceLayer.listAvailableBooks"}, {"id": "PersistenceLayer.listBooks"}, {"id": "PersistenceLayer.migrateDatabase"}, {"id": "PersistenceLayer.prepareStatementWithKeys"}, {"id": "PersistenceLayer.saveNewBorrower"}, {"id": "PersistenceLayer.searchBooksByTitle"}, {"id": "PersistenceLayer.searchBorrowerDataByName"}, {"id": "PersistenceLayer.searchForLoanByBook"}, {"id": "PersistenceLayer.throwingFunctionWrapper"}, {"id": "WebAppListener.WebAppListener"}, {"id": "WebAppListener.contextInitialized"}], "0": [{"id": "RegisterServlet.RegisterServlet"}, {"id": "RegisterServlet.doPost"}, {"id": "RegistrationUtils.RegistrationUtils"}, {"id": "RegistrationUtils.isUserInDatabase"}, {"id": "RegistrationUtils.processRegistration"}, {"id": "RegistrationUtils.saveToDatabase"}, {"id": "PasswordResult.createDefault"}, {"id": "RegistrationResult.RegistrationResult"}, {"id": "LibraryBookListSearchServlet.doGet"}, {"id": "LibraryBorrowerListSearchServlet.doGet"}, {"id": "PersistenceLayer.saveNewUser"}, {"id": "PersistenceLayer.searchForUserByName"}], "1": [{"id": "RegisterServlet.forwardToResult"}, {"id": "AckServlet.forwardToResult"}, {"id": "FibServlet.forwardToResult"}, {"id": "MathServlet.forwardToResult"}], "10": [{"id": "RegistrationUtils.isPasswordGood"}, {"id": "PasswordResult.PasswordResult"}], "3": [{"id": "CheckUtils.mustBeTrueAtThisPoint"}], "12": [{"id": "LibraryUtils.listAllBorrowers"}, {"id": "LibraryUtils.searchForBorrowerById"}, {"id": "PersistenceLayer.bytesToHex"}, {"id": "PersistenceLayer.createHashedValueFromPassword"}, {"id": "PersistenceLayer.createLoan"}, {"id": "PersistenceLayer.executeInsertOnPreparedStatement"}, {"id": "PersistenceLayer.executeUpdateOnPreparedStatement"}, {"id": "PersistenceLayer.executeUpdateTemplate"}, {"id": "PersistenceLayer.listAllBorrowers"}, {"id": "PersistenceLayer.runQuery"}, {"id": "PersistenceLayer.saveNewBook"}, {"id": "PersistenceLayer.searchBooksById"}, {"id": "PersistenceLayer.searchBorrowersById"}, {"id": "PersistenceLayer.updateUserWithPassword"}, {"id": "SqlData.SqlData"}, {"id": "SqlData.addParameter"}, {"id": "SqlData.applyParametersToPreparedStatement"}, {"id": "SqlData.generateParams"}], "20": [{"id": "AckServlet.doPost"}, {"id": "AckServlet.regularRecursive"}, {"id": "Ackermann.ack"}], "21": [{"id": "AckServlet.putNumberInRequest"}, {"id": "Ackermann.calculate"}], "19": [{"id": "AckServlet.tailRecursive"}, {"id": "AckermannIterative$$.main"}], "6": [{"id": "AckermannIterative$$.AckermannIterative$$"}], "16": [{"id": "AckermannIterative.calculate"}, {"id": "TailRecursive.tailie"}], "17": [{"id": "Calculator.add"}, {"id": "MathServlet.doPost"}, {"id": "MathServlet.putNumberInRequest"}, {"id": "MathServlet.setResultToSum"}], "23": [{"id": "FibServlet.defaultRecursiveCalculation"}], "22": [{"id": "FibServlet.doPost"}, {"id": "FibServlet.tailRecursiveAlgo1Calc"}, {"id": "FibServlet.tailRecursiveAlgo2Calc"}], "18": [{"id": "FibServlet.putNumberInRequest"}, {"id": "Fibonacci.calculate"}, {"id": "FibonacciIterative.fibAlgo1"}, {"id": "FibonacciIterative.fibAlgo2"}]}}}