partitionID,className,classID
0,AutoInsuranceActionTests.java,desktop_app/src/test/java/com/coveros/training/autoinsurance/AutoInsuranceActionTests.java
0,AutoInsuranceScriptServer.java,desktop_app/src/main/java/com/coveros/training/autoinsurance/AutoInsuranceScriptServer.java
0,AutoInsuranceScriptClient.java,desktop_app/src/test/java/com/coveros/training/autoinsurance/AutoInsuranceScriptClient.java
0,ExecutionDataClient.java,desktop_app/src/test/java/com/coveros/training/autoinsurance/ExecutionDataClient.java
0,DesktopUiTests.java,desktop_app/src/test/java/com/coveros/training/autoinsurance/DesktopUiTests.java
1,package-info.java,src/main/java/com/coveros/training/authentication/package-info.java
1,package-info.java,src/main/java/com/coveros/training/authentication/domainobjects/package-info.java
2,SqlRuntimeException.java,src/main/java/com/coveros/training/persistence/SqlRuntimeException.java
2,InvalidClaimsException.java,desktop_app/src/main/java/com/coveros/training/autoinsurance/InvalidClaimsException.java
2,AutoInsuranceUI.java,desktop_app/src/main/java/com/coveros/training/autoinsurance/AutoInsuranceUI.java
2,NotImplementedException.java,src/main/java/com/coveros/training/persistence/NotImplementedException.java
2,EmptyDataSource.java,src/main/java/com/coveros/training/persistence/EmptyDataSource.java
2,EmptyDataSourceTests.java,src/test/java/com/coveros/training/persistence/EmptyDataSourceTests.java
3,authenticationStepDefs.py,src/ui_tests/behave/features/steps/authenticationStepDefs.py
3,librarianStepDefs.py,src/ui_tests/behave/features/steps/librarianStepDefs.py
3,basic_test.py,src/ui_tests/python/basic_test.py
3,WarningLetterEnum.java,desktop_app/src/main/java/com/coveros/training/autoinsurance/WarningLetterEnum.java
3,AutoInsuranceProcessorTests.java,desktop_app/src/test/java/com/coveros/training/autoinsurance/AutoInsuranceProcessorTests.java
3,AutoInsuranceAction.java,desktop_app/src/main/java/com/coveros/training/autoinsurance/AutoInsuranceAction.java
3,environment.py,src/ui_tests/behave/features/environment.py
3,fibonacciStepDefs.py,src/ui_tests/behave/features/steps/fibonacciStepDefs.py
3,ackermannStepDefs.py,src/ui_tests/behave/features/steps/ackermannStepDefs.py
4,LibraryLendServlet.java,src/main/java/com/coveros/training/library/LibraryLendServlet.java
4,LibraryLendServletTests.java,src/test/java/com/coveros/training/library/LibraryLendServletTests.java
4,LibraryRegisterBorrowerServlet.java,src/main/java/com/coveros/training/library/LibraryRegisterBorrowerServlet.java
4,LibraryRegisterBookServlet.java,src/main/java/com/coveros/training/library/LibraryRegisterBookServlet.java
5,AckermannIterativeParameterizedTests.java,src/test/java/com/coveros/training/mathematics/AckermannIterativeParameterizedTests.java
5,FibonacciParameterizedTests.java,src/test/java/com/coveros/training/mathematics/FibonacciParameterizedTests.java
5,Fibonacci.java,src/main/java/com/coveros/training/mathematics/Fibonacci.java
5,AckermannParameterizedTests.java,src/test/java/com/coveros/training/mathematics/AckermannParameterizedTests.java
6,WebAppListener.java,src/main/java/com/coveros/training/tomcat/WebAppListener.java
6,DbServlet.java,src/main/java/com/coveros/training/persistence/DbServlet.java
6,DbServletTests.java,src/test/java/com/coveros/training/persistence/DbServletTests.java
6,WebAppListenerTests.java,src/test/java/com/coveros/training/tomcat/WebAppListenerTests.java
7,LoginStepDefs.java,src/bdd_test/java/com/coveros/training/authentication/LoginStepDefs.java
7,StringUtils.java,src/main/java/com/coveros/training/helpers/StringUtils.java
7,AddDeleteListSearchBooksAndBorrowersStepDefs.java,src/bdd_test/java/com/coveros/training/library/AddDeleteListSearchBooksAndBorrowersStepDefs.java
7,BookCheckOutStepDefs.java,src/bdd_test/java/com/coveros/training/library/BookCheckOutStepDefs.java
7,LibraryUtilsTests.java,src/test/java/com/coveros/training/library/LibraryUtilsTests.java
7,PersistenceLayerTests.java,src/integration_test/java/com/coveros/training/persistence/PersistenceLayerTests.java
7,RegistrationStepDefs.java,src/bdd_test/java/com/coveros/training/authentication/RegistrationStepDefs.java
8,LibraryBookListAvailableServlet.java,src/main/java/com/coveros/training/library/LibraryBookListAvailableServlet.java
8,RegisterServlet.java,src/main/java/com/coveros/training/authentication/RegisterServlet.java
8,LoginServlet.java,src/main/java/com/coveros/training/authentication/LoginServlet.java
8,LoginServletTests.java,src/test/java/com/coveros/training/authentication/LoginServletTests.java
9,BorrowerTests.java,src/test/java/com/coveros/training/library/domainobjects/BorrowerTests.java
9,UserTests.java,src/test/java/com/coveros/training/authentication/domainobjects/UserTests.java
9,LoanTests.java,src/test/java/com/coveros/training/library/domainobjects/LoanTests.java
9,BookTests.java,src/test/java/com/coveros/training/library/domainobjects/BookTests.java
10,LibraryBookListSearchServletTests.java,src/test/java/com/coveros/training/library/LibraryBookListSearchServletTests.java
10,LibraryBorrowerListSearchServletTests.java,src/test/java/com/coveros/training/library/LibraryBorrowerListSearchServletTests.java
10,LibraryRegisterBorrowerServletTests.java,src/test/java/com/coveros/training/library/LibraryRegisterBorrowerServletTests.java
10,LibraryBookListAvailableServletTests.java,src/test/java/com/coveros/training/library/LibraryBookListAvailableServletTests.java
11,AlcoholResult.java,src/main/java/com/coveros/training/expenses/AlcoholResult.java
11,DinnerPrices.java,src/main/java/com/coveros/training/expenses/DinnerPrices.java
12,CartesianProductStepDefs.java,src/bdd_test/java/com/coveros/training/cartesianproduct/CartesianProductStepDefs.java
12,MathStepDefs.java,src/bdd_test/java/com/coveros/training/math/MathStepDefs.java
12,FibonacciStepDefs.java,src/bdd_test/java/com/coveros/training/math/FibonacciStepDefs.java
12,AckermannStepDefs.java,src/bdd_test/java/com/coveros/training/math/AckermannStepDefs.java
12,CartesianProduct.java,src/main/java/com/coveros/training/cartesianproduct/CartesianProduct.java
13,PasswordResultEnums.java,src/main/java/com/coveros/training/authentication/domainobjects/PasswordResultEnums.java
13,RegistrationStatusEnums.java,src/main/java/com/coveros/training/authentication/domainobjects/RegistrationStatusEnums.java
14,LoginUtils.java,src/main/java/com/coveros/training/authentication/LoginUtils.java
14,LoginUtilsTests.java,src/test/java/com/coveros/training/authentication/LoginUtilsTests.java
15,IPersistenceLayer.java,src/main/java/com/coveros/training/persistence/IPersistenceLayer.java
15,PersistenceLayer.java,src/main/java/com/coveros/training/persistence/PersistenceLayer.java
16,SqlDataTests.java,src/test/java/com/coveros/training/persistence/SqlDataTests.java
16,SqlData.java,src/main/java/com/coveros/training/persistence/SqlData.java
17,CheckUtilsTests.java,src/test/java/com/coveros/training/helpers/CheckUtilsTests.java
17,ParameterObjectTests.java,src/test/java/com/coveros/training/persistence/ParameterObjectTests.java
17,ParameterObject.java,src/main/java/com/coveros/training/persistence/ParameterObject.java
17,CalculatorTests.java,src/test/java/com/coveros/training/mathematics/CalculatorTests.java
17,RegistrationUtilsTests.java,src/test/java/com/coveros/training/authentication/RegistrationUtilsTests.java
17,CheckUtils.java,src/main/java/com/coveros/training/helpers/CheckUtils.java
17,AssertionException.java,src/main/java/com/coveros/training/helpers/AssertionException.java
18,package-info.java,src/main/java/com/coveros/training/persistence/package-info.java
18,package-info.java,src/main/java/com/coveros/training/library/package-info.java
18,package-info.java,src/main/java/com/coveros/training/library/domainobjects/package-info.java
19,User.java,src/main/java/com/coveros/training/authentication/domainobjects/User.java
19,Borrower.java,src/main/java/com/coveros/training/library/domainobjects/Borrower.java
19,LibraryBorrowerListSearchServlet.java,src/main/java/com/coveros/training/library/LibraryBorrowerListSearchServlet.java
19,Book.java,src/main/java/com/coveros/training/library/domainobjects/Book.java
19,LibraryBookListSearchServlet.java,src/main/java/com/coveros/training/library/LibraryBookListSearchServlet.java
19,PasswordResult.java,src/main/java/com/coveros/training/authentication/domainobjects/PasswordResult.java
19,RegistrationResult.java,src/main/java/com/coveros/training/authentication/domainobjects/RegistrationResult.java
20,DateUtils.java,src/test/java/com/coveros/training/helpers/DateUtils.java
20,DateUtilsTests.java,src/test/java/com/coveros/training/helpers/DateUtilsTests.java
21,AckServlet.java,src/main/java/com/coveros/training/mathematics/AckServlet.java
21,FibServlet.java,src/main/java/com/coveros/training/mathematics/FibServlet.java
