{
    "MEM": {
        "decomposition": {
            "0": [
                {
                    "id": "PasswordResultEnums"
                },
                {
                    "id": "RegistrationStatusEnums"
                }
            ],
            "1": [
                {
                    "id": "package-info"
                },
                {
                    "id": "package-info"
                }
            ],
            "2": [
                {
                    "id": "LoginUtils"
                },
                {
                    "id": "LoginUtilsTests"
                }
            ],
            "3": [
                {
                    "id": "SqlDataTests"
                },
                {
                    "id": "SqlData"
                }
            ],
            "4": [
                {
                    "id": "RegisterServlet"
                },
                {
                    "id": "MathServlet"
                },
                {
                    "id": "AckServlet"
                },
                {
                    "id": "FibServlet"
                },
                {
                    "id": "Ackermann"
                },
                {
                    "id": "FibonacciIterative"
                },
                {
                    "id": "FibonacciTests"
                },
                {
                    "id": "AckermannIterative"
                },
                {
                    "id": "LibraryBookListAvailableServlet"
                },
                {
                    "id": "LendingTests"
                },
                {
                    "id": "DateUtils"
                },
                {
                    "id": "DateUtilsTests"
                },
                {
                    "id": "BorrowerTests"
                },
                {
                    "id": "UserTests"
                },
                {
                    "id": "LoanTests"
                },
                {
                    "id": "RegistrationResultTests"
                },
                {
                    "id": "StringUtilsTests"
                },
                {
                    "id": "PasswordResultTests"
                },
                {
                    "id": "AlcoholStepDefs"
                },
                {
                    "id": "AlcoholCalculator"
                },
                {
                    "id": "AlcoholResult"
                },
                {
                    "id": "DinnerPrices"
                },
                {
                    "id": "CartesianProductStepDefs"
                },
                {
                    "id": "MathStepDefs"
                },
                {
                    "id": "FibonacciStepDefs"
                },
                {
                    "id": "AckermannStepDefs"
                },
                {
                    "id": "CartesianProduct"
                },
                {
                    "id": "BookTests"
                },
                {
                    "id": "LoginServlet"
                },
                {
                    "id": "LoginServletTests"
                }
            ],
            "5": [
                {
                    "id": "CheckUtilsTests"
                },
                {
                    "id": "ParameterObjectTests"
                },
                {
                    "id": "ParameterObject"
                },
                {
                    "id": "CalculatorTests"
                },
                {
                    "id": "RegistrationUtilsTests"
                },
                {
                    "id": "CheckUtils"
                },
                {
                    "id": "AssertionException"
                }
            ],
            "6": [
                {
                    "id": "package-info"
                },
                {
                    "id": "package-info"
                },
                {
                    "id": "package-info"
                }
            ],
            "7": [
                {
                    "id": "User"
                },
                {
                    "id": "Borrower"
                },
                {
                    "id": "LibraryBorrowerListSearchServlet"
                },
                {
                    "id": "Book"
                },
                {
                    "id": "LibraryBookListSearchServlet"
                },
                {
                    "id": "PasswordResult"
                },
                {
                    "id": "RegistrationResult"
                }
            ],
            "8": [
                {
                    "id": "AckermannIterativeParameterizedTests"
                },
                {
                    "id": "FibonacciParameterizedTests"
                },
                {
                    "id": "Fibonacci"
                },
                {
                    "id": "AckermannParameterizedTests"
                }
            ],
            "9": [
                {
                    "id": "WebAppListener"
                },
                {
                    "id": "DbServlet"
                },
                {
                    "id": "DbServletTests"
                },
                {
                    "id": "WebAppListenerTests"
                }
            ],
            "10": [
                {
                    "id": "LibraryUtils"
                },
                {
                    "id": "LibraryActionResults"
                },
                {
                    "id": "LibraryLendServlet"
                },
                {
                    "id": "LibraryLendServletTests"
                },
                {
                    "id": "LibraryRegisterBorrowerServlet"
                },
                {
                    "id": "LibraryRegisterBookServlet"
                },
                {
                    "id": "librarianStepDefs.py"
                },
                {
                    "id": "authenticationStepDefs.py"
                },
                {
                    "id": "environment.py"
                },
                {
                    "id": "fibonacciStepDefs.py"
                },
                {
                    "id": "ackermannStepDefs.py"
                },
                {
                    "id": "basic_test.py"
                },
                {
                    "id": "WarningLetterEnum"
                },
                {
                    "id": "AutoInsuranceProcessorTests"
                },
                {
                    "id": "AutoInsuranceAction"
                },
                {
                    "id": "AutoInsuranceProcessor"
                },
                {
                    "id": "AutoInsuranceUI"
                },
                {
                    "id": "InvalidClaimsException"
                },
                {
                    "id": "SqlRuntimeException"
                },
                {
                    "id": "NotImplementedException"
                },
                {
                    "id": "EmptyDataSource"
                },
                {
                    "id": "EmptyDataSourceTests"
                },
                {
                    "id": "DesktopTester"
                },
                {
                    "id": "AutoInsuranceActionTests"
                },
                {
                    "id": "AutoInsuranceScriptServer"
                },
                {
                    "id": "AutoInsuranceScriptClient"
                },
                {
                    "id": "ExecutionDataClient"
                },
                {
                    "id": "DesktopUiTests"
                },
                {
                    "id": "SeleniumTests"
                },
                {
                    "id": "SelenifiedSample"
                },
                {
                    "id": "ApiCalls"
                },
                {
                    "id": "HtmlUnitTests"
                },
                {
                    "id": "Loan"
                },
                {
                    "id": "IPersistenceLayer"
                },
                {
                    "id": "PersistenceLayer"
                },
                {
                    "id": "BookCheckOutStepDefs"
                },
                {
                    "id": "LibraryRegisterBookServletTests"
                },
                {
                    "id": "RegisterServletTests"
                },
                {
                    "id": "MathServletTests"
                },
                {
                    "id": "FibServletTests"
                },
                {
                    "id": "AckServletTests"
                },
                {
                    "id": "LibraryRegisterBorrowerServletTests"
                },
                {
                    "id": "LibraryBorrowerListSearchServletTests"
                },
                {
                    "id": "LibraryBookListSearchServletTests"
                },
                {
                    "id": "LibraryBookListAvailableServletTests"
                },
                {
                    "id": "LibraryUtilsTests"
                },
                {
                    "id": "PersistenceLayerTests"
                },
                {
                    "id": "AddDeleteListSearchBooksAndBorrowersStepDefs"
                },
                {
                    "id": "LoginStepDefs"
                },
                {
                    "id": "StringUtils"
                },
                {
                    "id": "RegistrationStepDefs"
                }
            ]
        }
    }
}