partitionID,className,classID
0,PasswordResultEnums.java,src/main/java/com/coveros/training/authentication/domainobjects/PasswordResultEnums.java
0,RegistrationStatusEnums.java,src/main/java/com/coveros/training/authentication/domainobjects/RegistrationStatusEnums.java
1,package-info.java,src/main/java/com/coveros/training/authentication/package-info.java
1,package-info.java,src/main/java/com/coveros/training/authentication/domainobjects/package-info.java
2,LoginUtils.java,src/main/java/com/coveros/training/authentication/LoginUtils.java
2,LoginUtilsTests.java,src/test/java/com/coveros/training/authentication/LoginUtilsTests.java
3,SqlDataTests.java,src/test/java/com/coveros/training/persistence/SqlDataTests.java
3,SqlData.java,src/main/java/com/coveros/training/persistence/SqlData.java
4,RegisterServlet.java,src/main/java/com/coveros/training/authentication/RegisterServlet.java
4,MathServlet.java,src/main/java/com/coveros/training/mathematics/MathServlet.java
4,AckServlet.java,src/main/java/com/coveros/training/mathematics/AckServlet.java
4,FibServlet.java,src/main/java/com/coveros/training/mathematics/FibServlet.java
4,Ackermann.java,src/main/java/com/coveros/training/mathematics/Ackermann.java
4,FibonacciIterative.java,src/main/java/com/coveros/training/mathematics/FibonacciIterative.java
4,FibonacciTests.java,src/test/java/com/coveros/training/mathematics/FibonacciTests.java
4,AckermannIterative.java,src/main/java/com/coveros/training/mathematics/AckermannIterative.java
4,LibraryBookListAvailableServlet.java,src/main/java/com/coveros/training/library/LibraryBookListAvailableServlet.java
4,LendingTests.java,src/test/java/com/coveros/training/library/LendingTests.java
4,DateUtils.java,src/test/java/com/coveros/training/helpers/DateUtils.java
4,DateUtilsTests.java,src/test/java/com/coveros/training/helpers/DateUtilsTests.java
4,BorrowerTests.java,src/test/java/com/coveros/training/library/domainobjects/BorrowerTests.java
4,UserTests.java,src/test/java/com/coveros/training/authentication/domainobjects/UserTests.java
4,LoanTests.java,src/test/java/com/coveros/training/library/domainobjects/LoanTests.java
4,RegistrationResultTests.java,src/test/java/com/coveros/training/authentication/domainobjects/RegistrationResultTests.java
4,StringUtilsTests.java,src/test/java/com/coveros/training/helpers/StringUtilsTests.java
4,PasswordResultTests.java,src/test/java/com/coveros/training/authentication/domainobjects/PasswordResultTests.java
4,AlcoholStepDefs.java,src/bdd_test/java/com/coveros/training/expenses/AlcoholStepDefs.java
4,AlcoholCalculator.java,src/main/java/com/coveros/training/expenses/AlcoholCalculator.java
4,AlcoholResult.java,src/main/java/com/coveros/training/expenses/AlcoholResult.java
4,DinnerPrices.java,src/main/java/com/coveros/training/expenses/DinnerPrices.java
4,CartesianProductStepDefs.java,src/bdd_test/java/com/coveros/training/cartesianproduct/CartesianProductStepDefs.java
4,MathStepDefs.java,src/bdd_test/java/com/coveros/training/math/MathStepDefs.java
4,FibonacciStepDefs.java,src/bdd_test/java/com/coveros/training/math/FibonacciStepDefs.java
4,AckermannStepDefs.java,src/bdd_test/java/com/coveros/training/math/AckermannStepDefs.java
4,CartesianProduct.java,src/main/java/com/coveros/training/cartesianproduct/CartesianProduct.java
4,BookTests.java,src/test/java/com/coveros/training/library/domainobjects/BookTests.java
4,LoginServlet.java,src/main/java/com/coveros/training/authentication/LoginServlet.java
4,LoginServletTests.java,src/test/java/com/coveros/training/authentication/LoginServletTests.java
5,CheckUtilsTests.java,src/test/java/com/coveros/training/helpers/CheckUtilsTests.java
5,ParameterObjectTests.java,src/test/java/com/coveros/training/persistence/ParameterObjectTests.java
5,ParameterObject.java,src/main/java/com/coveros/training/persistence/ParameterObject.java
5,CalculatorTests.java,src/test/java/com/coveros/training/mathematics/CalculatorTests.java
5,RegistrationUtilsTests.java,src/test/java/com/coveros/training/authentication/RegistrationUtilsTests.java
5,CheckUtils.java,src/main/java/com/coveros/training/helpers/CheckUtils.java
5,AssertionException.java,src/main/java/com/coveros/training/helpers/AssertionException.java
6,package-info.java,src/main/java/com/coveros/training/persistence/package-info.java
6,package-info.java,src/main/java/com/coveros/training/library/package-info.java
6,package-info.java,src/main/java/com/coveros/training/library/domainobjects/package-info.java
7,User.java,src/main/java/com/coveros/training/authentication/domainobjects/User.java
7,Borrower.java,src/main/java/com/coveros/training/library/domainobjects/Borrower.java
7,LibraryBorrowerListSearchServlet.java,src/main/java/com/coveros/training/library/LibraryBorrowerListSearchServlet.java
7,Book.java,src/main/java/com/coveros/training/library/domainobjects/Book.java
7,LibraryBookListSearchServlet.java,src/main/java/com/coveros/training/library/LibraryBookListSearchServlet.java
7,PasswordResult.java,src/main/java/com/coveros/training/authentication/domainobjects/PasswordResult.java
7,RegistrationResult.java,src/main/java/com/coveros/training/authentication/domainobjects/RegistrationResult.java
8,AckermannIterativeParameterizedTests.java,src/test/java/com/coveros/training/mathematics/AckermannIterativeParameterizedTests.java
8,FibonacciParameterizedTests.java,src/test/java/com/coveros/training/mathematics/FibonacciParameterizedTests.java
8,Fibonacci.java,src/main/java/com/coveros/training/mathematics/Fibonacci.java
8,AckermannParameterizedTests.java,src/test/java/com/coveros/training/mathematics/AckermannParameterizedTests.java
9,WebAppListener.java,src/main/java/com/coveros/training/tomcat/WebAppListener.java
9,DbServlet.java,src/main/java/com/coveros/training/persistence/DbServlet.java
9,DbServletTests.java,src/test/java/com/coveros/training/persistence/DbServletTests.java
9,WebAppListenerTests.java,src/test/java/com/coveros/training/tomcat/WebAppListenerTests.java
10,LibraryUtils.java,src/main/java/com/coveros/training/library/LibraryUtils.java
10,LibraryActionResults.java,src/main/java/com/coveros/training/library/domainobjects/LibraryActionResults.java
10,LibraryLendServlet.java,src/main/java/com/coveros/training/library/LibraryLendServlet.java
10,LibraryLendServletTests.java,src/test/java/com/coveros/training/library/LibraryLendServletTests.java
10,LibraryRegisterBorrowerServlet.java,src/main/java/com/coveros/training/library/LibraryRegisterBorrowerServlet.java
10,LibraryRegisterBookServlet.java,src/main/java/com/coveros/training/library/LibraryRegisterBookServlet.java
10,librarianStepDefs.py,src/ui_tests/behave/features/steps/librarianStepDefs.py
10,authenticationStepDefs.py,src/ui_tests/behave/features/steps/authenticationStepDefs.py
10,environment.py,src/ui_tests/behave/features/environment.py
10,fibonacciStepDefs.py,src/ui_tests/behave/features/steps/fibonacciStepDefs.py
10,ackermannStepDefs.py,src/ui_tests/behave/features/steps/ackermannStepDefs.py
10,basic_test.py,src/ui_tests/python/basic_test.py
10,WarningLetterEnum.java,desktop_app/src/main/java/com/coveros/training/autoinsurance/WarningLetterEnum.java
10,AutoInsuranceProcessorTests.java,desktop_app/src/test/java/com/coveros/training/autoinsurance/AutoInsuranceProcessorTests.java
10,AutoInsuranceAction.java,desktop_app/src/main/java/com/coveros/training/autoinsurance/AutoInsuranceAction.java
10,AutoInsuranceProcessor.java,desktop_app/src/main/java/com/coveros/training/autoinsurance/AutoInsuranceProcessor.java
10,AutoInsuranceUI.java,desktop_app/src/main/java/com/coveros/training/autoinsurance/AutoInsuranceUI.java
10,InvalidClaimsException.java,desktop_app/src/main/java/com/coveros/training/autoinsurance/InvalidClaimsException.java
10,SqlRuntimeException.java,src/main/java/com/coveros/training/persistence/SqlRuntimeException.java
10,NotImplementedException.java,src/main/java/com/coveros/training/persistence/NotImplementedException.java
10,EmptyDataSource.java,src/main/java/com/coveros/training/persistence/EmptyDataSource.java
10,EmptyDataSourceTests.java,src/test/java/com/coveros/training/persistence/EmptyDataSourceTests.java
10,DesktopTester.java,desktop_app/src/test/java/com/coveros/training/autoinsurance/DesktopTester.java
10,AutoInsuranceActionTests.java,desktop_app/src/test/java/com/coveros/training/autoinsurance/AutoInsuranceActionTests.java
10,AutoInsuranceScriptServer.java,desktop_app/src/main/java/com/coveros/training/autoinsurance/AutoInsuranceScriptServer.java
10,AutoInsuranceScriptClient.java,desktop_app/src/test/java/com/coveros/training/autoinsurance/AutoInsuranceScriptClient.java
10,ExecutionDataClient.java,desktop_app/src/test/java/com/coveros/training/autoinsurance/ExecutionDataClient.java
10,DesktopUiTests.java,desktop_app/src/test/java/com/coveros/training/autoinsurance/DesktopUiTests.java
10,SeleniumTests.java,src/ui_tests/java/src/test/java/com/coveros/training/SeleniumTests.java
10,SelenifiedSample.java,src/selenified_tests/java/com/coveros/training/selenified/SelenifiedSample.java
10,ApiCalls.java,src/ui_tests/java/src/test/java/com/coveros/training/ApiCalls.java
10,HtmlUnitTests.java,src/ui_tests/java/src/test/java/com/coveros/training/HtmlUnitTests.java
10,Loan.java,src/main/java/com/coveros/training/library/domainobjects/Loan.java
10,IPersistenceLayer.java,src/main/java/com/coveros/training/persistence/IPersistenceLayer.java
10,PersistenceLayer.java,src/main/java/com/coveros/training/persistence/PersistenceLayer.java
10,BookCheckOutStepDefs.java,src/bdd_test/java/com/coveros/training/library/BookCheckOutStepDefs.java
10,LibraryRegisterBookServletTests.java,src/test/java/com/coveros/training/library/LibraryRegisterBookServletTests.java
10,RegisterServletTests.java,src/test/java/com/coveros/training/authentication/RegisterServletTests.java
10,MathServletTests.java,src/test/java/com/coveros/training/mathematics/MathServletTests.java
10,FibServletTests.java,src/test/java/com/coveros/training/mathematics/FibServletTests.java
10,AckServletTests.java,src/test/java/com/coveros/training/mathematics/AckServletTests.java
10,LibraryRegisterBorrowerServletTests.java,src/test/java/com/coveros/training/library/LibraryRegisterBorrowerServletTests.java
10,LibraryBorrowerListSearchServletTests.java,src/test/java/com/coveros/training/library/LibraryBorrowerListSearchServletTests.java
10,LibraryBookListSearchServletTests.java,src/test/java/com/coveros/training/library/LibraryBookListSearchServletTests.java
10,LibraryBookListAvailableServletTests.java,src/test/java/com/coveros/training/library/LibraryBookListAvailableServletTests.java
10,LibraryUtilsTests.java,src/test/java/com/coveros/training/library/LibraryUtilsTests.java
10,PersistenceLayerTests.java,src/integration_test/java/com/coveros/training/persistence/PersistenceLayerTests.java
10,AddDeleteListSearchBooksAndBorrowersStepDefs.java,src/bdd_test/java/com/coveros/training/library/AddDeleteListSearchBooksAndBorrowersStepDefs.java
10,LoginStepDefs.java,src/bdd_test/java/com/coveros/training/authentication/LoginStepDefs.java
10,StringUtils.java,src/main/java/com/coveros/training/helpers/StringUtils.java
10,RegistrationStepDefs.java,src/bdd_test/java/com/coveros/training/authentication/RegistrationStepDefs.java
