{
    "MEM": {
        "decomposition": {
            "0": [
                {
                    "id": "VisitController"
                },
                {
                    "id": "Owner"
                },
                {
                    "id": "Pet"
                }
            ],
            "1": [
                {
                    "id": "ValidatorTests"
                },
                {
                    "id": "package-info"
                },
                {
                    "id": "BaseEntity"
                },
                {
                    "id": "Person"
                },
                {
                    "id": "NamedEntity"
                },
                {
                    "id": "PetTypeFormatterTests"
                },
                {
                    "id": "CrashControllerTests"
                }
            ],
            "2": [
                {
                    "id": "PetTypeFormatter"
                },
                {
                    "id": "OwnerRepository"
                }
            ],
            "3": [
                {
                    "id": "VetController"
                },
                {
                    "id": "CrashController"
                },
                {
                    "id": "VetRepository"
                },
                {
                    "id": "VetControllerTests"
                }
            ]
        }
    }
}