{
    "tool": {
        "decomposition": {
            "0": [
                {
                    "id": "Owner.Owner"
                },
                {
                    "id": "Owner.setTelephone"
                },
                {
                    "id": "Pet.isNew"
                },
                {
                    "id": "Owner.addPet"
                },
                {
                    "id": "Pet.Pet"
                },
                {
                    "id": "Pet.getId"
                },
                {
                    "id": "Owner.getFirstName"
                },
                {
                    "id": "Owner.getAddress"
                },
                {
                    "id": "Pet.getType"
                },
                {
                    "id": "Owner.setCity"
                },
                {
                    "id": "VisitController.loadPetWithVisit"
                },
                {
                    "id": "Owner.setLastName"
                },
                {
                    "id": "Owner.getLastName"
                },
                {
                    "id": "VisitController.initNewVisitForm"
                },
                {
                    "id": "VisitController.VisitController"
                },
                {
                    "id": "Owner.setId"
                },
                {
                    "id": "Owner.getTelephone"
                },
                {
                    "id": "VisitController.processNewVisitForm"
                },
                {
                    "id": "VisitController.setAllowedFields"
                },
                {
                    "id": "Owner.addVisit"
                },
                {
                    "id": "Owner.toString"
                },
                {
                    "id": "Pet.setType"
                },
                {
                    "id": "Owner.getPet"
                },
                {
                    "id": "Pet.getVisits"
                },
                {
                    "id": "Owner.getCity"
                },
                {
                    "id": "Owner.getId"
                },
                {
                    "id": "Owner.setAddress"
                },
                {
                    "id": "Pet.getName"
                },
                {
                    "id": "Pet.setBirthDate"
                },
                {
                    "id": "Owner.getPets"
                },
                {
                    "id": "Pet.addVisit"
                },
                {
                    "id": "Owner.isNew"
                },
                {
                    "id": "Pet.getBirthDate"
                }
            ],
            "1": [
                {
                    "id": "Person.setFirstName"
                },
                {
                    "id": "NamedEntity.getName"
                },
                {
                    "id": "NamedEntity.NamedEntity"
                },
                {
                    "id": "NamedEntity.setName"
                },
                {
                    "id": "Person.Person"
                },
                {
                    "id": "Person.getLastName"
                },
                {
                    "id": "Person.getFirstName"
                },
                {
                    "id": "NamedEntity.toString"
                },
                {
                    "id": "BaseEntity.getId"
                },
                {
                    "id": "BaseEntity.setId"
                },
                {
                    "id": "BaseEntity.isNew"
                },
                {
                    "id": "Person.setLastName"
                },
                {
                    "id": "BaseEntity.BaseEntity"
                }
            ],
            "2": [
                {
                    "id": "OwnerRepository.findAll"
                },
                {
                    "id": "OwnerRepository.findPetTypes"
                },
                {
                    "id": "OwnerRepository.findByLastName"
                },
                {
                    "id": "PetTypeFormatter.PetTypeFormatter"
                },
                {
                    "id": "OwnerRepository.findById"
                },
                {
                    "id": "OwnerRepository.save"
                },
                {
                    "id": "PetTypeFormatter.parse"
                },
                {
                    "id": "PetTypeFormatter.print"
                }
            ],
            "3": [
                {
                    "id": "VetController.addPaginationModel"
                },
                {
                    "id": "VetRepository.findAll"
                },
                {
                    "id": "VetController.findPaginated"
                },
                {
                    "id": "VetController.showVetList"
                },
                {
                    "id": "VetController.VetController"
                },
                {
                    "id": "VetController.showResourcesVetList"
                },
                {
                    "id": "CrashController.triggerException"
                },
                {
                    "id": "CrashController.CrashController"
                }
            ],
            "UNOBSERVED": []
        }
    }
}