partitionID,className,classID
0,VisitController.java,src/main/java/org/springframework/samples/petclinic/owner/VisitController.java
0,Owner.java,src/main/java/org/springframework/samples/petclinic/owner/Owner.java
0,Pet.java,src/main/java/org/springframework/samples/petclinic/owner/Pet.java
1,ValidatorTests.java,src/test/java/org/springframework/samples/petclinic/model/ValidatorTests.java
1,package-info.java,src/main/java/org/springframework/samples/petclinic/model/package-info.java
1,BaseEntity.java,src/main/java/org/springframework/samples/petclinic/model/BaseEntity.java
1,Person.java,src/main/java/org/springframework/samples/petclinic/model/Person.java
1,NamedEntity.java,src/main/java/org/springframework/samples/petclinic/model/NamedEntity.java
1,PetTypeFormatterTests.java,src/test/java/org/springframework/samples/petclinic/owner/PetTypeFormatterTests.java
1,CrashControllerTests.java,src/test/java/org/springframework/samples/petclinic/system/CrashControllerTests.java
2,PetTypeFormatter.java,src/main/java/org/springframework/samples/petclinic/owner/PetTypeFormatter.java
2,OwnerRepository.java,src/main/java/org/springframework/samples/petclinic/owner/OwnerRepository.java
3,VetController.java,src/main/java/org/springframework/samples/petclinic/vet/VetController.java
3,CrashController.java,src/main/java/org/springframework/samples/petclinic/system/CrashController.java
3,VetRepository.java,src/main/java/org/springframework/samples/petclinic/vet/VetRepository.java
3,VetControllerTests.java,src/test/java/org/springframework/samples/petclinic/vet/VetControllerTests.java
