,method,stmtLineNumber,stmt
0,<de.ecspride.ArrayAccess5: void onCreate(android.os.Bundle)>,-1,$r5 = virtualinvoke $r4.<android.telephony.TelephonyManager: java.lang.String getDeviceId()>()
1,<de.ecspride.ArrayAccess5: void onCreate(android.os.Bundle)>,-1,$r2[0] = $r5
2,<de.ecspride.ArrayAccess5: void onCreate(android.os.Bundle)>,-1,$r2 = <de.ecspride.ArrayAccess5: java.lang.String[] arrayData>
3,<de.ecspride.ArrayAccess5: void onCreate(android.os.Bundle)>,-1,$r2 = <de.ecspride.ArrayAccess5: java.lang.String[] arrayData>
4,<de.ecspride.ArrayAccess5: void onCreate(android.os.Bundle)>,-1,$i0 = lengthof $r2
5,<de.ecspride.ArrayAccess5: void onCreate(android.os.Bundle)>,-1,$r7 = virtualinvoke $r7.<java.lang.StringBuilder: java.lang.StringBuilder append(int)>($i0)
6,<de.ecspride.ArrayAccess5: void onCreate(android.os.Bundle)>,-1,$r5 = virtualinvoke $r7.<java.lang.StringBuilder: java.lang.String toString()>()
7,<de.ecspride.ArrayAccess5: void onCreate(android.os.Bundle)>,-1,"virtualinvoke $r6.<android.telephony.SmsManager: void sendTextMessage(java.lang.String,java.lang.String,java.lang.String,android.app.PendingIntent,android.app.PendingIntent)>(""+49 1234"", null, $r5, null, null)"
