{
    "MEM": {
        "decomposition": {
            "0": [
                {
                    "id": "ItemMapperTest"
                },
                {
                    "id": "OrderTest"
                },
                {
                    "id": "AccountMapperTest"
                },
                {
                    "id": "AccountService"
                },
                {
                    "id": "AccountServiceTest"
                },
                {
                    "id": "AccountMapper"
                },
                {
                    "id": "AccountActionBean"
                },
                {
                    "id": "OrderActionBean"
                },
                {
                    "id": "CategoryMapperTest"
                },
                {
                    "id": "ProductMapperTest"
                }
            ],
            "1": [
                {
                    "id": "CatalogService"
                },
                {
                    "id": "ScreenTransitionIT"
                },
                {
                    "id": "OrderService"
                },
                {
                    "id": "CatalogServiceTest"
                }
            ],
            "2": [
                {
                    "id": "CatalogActionBean"
                },
                {
                    "id": "Product"
                },
                {
                    "id": "Sequence"
                },
                {
                    "id": "Category"
                }
            ],
            "3": [
                {
                    "id": "LineItem"
                },
                {
                    "id": "LineItemMapperTest"
                },
                {
                    "id": "Item"
                }
            ],
            "4": [
                {
                    "id": "AccountActionBeanTest"
                },
                {
                    "id": "OrderActionBeanTest"
                },
                {
                    "id": "CatalogActionBeanTest"
                }
            ]
        }
    }
}