{
    "tool": {
        "decomposition": {
            "0": [
                {
                    "id": "AccountMapper.insertProfile"
                },
                {
                    "id": "AccountService.updateAccount"
                },
                {
                    "id": "OrderActionBean.getOrderList"
                },
                {
                    "id": "OrderActionBean.getCreditCardTypes"
                },
                {
                    "id": "AccountActionBean.AccountActionBean"
                },
                {
                    "id": "OrderActionBean.setOrder"
                },
                {
                    "id": "AccountService.getAccount"
                },
                {
                    "id": "OrderActionBean.setOrderId"
                },
                {
                    "id": "AccountActionBean.setMessage"
                },
                {
                    "id": "AccountActionBean.signon"
                },
                {
                    "id": "AccountService.insertAccount"
                },
                {
                    "id": "OrderActionBean.viewOrder"
                },
                {
                    "id": "AccountActionBean.getPassword"
                },
                {
                    "id": "AccountActionBean.editAccountForm"
                },
                {
                    "id": "AccountMapper.updateSignon"
                },
                {
                    "id": "AccountActionBean.getMyList"
                },
                {
                    "id": "AccountActionBean.editAccount"
                },
                {
                    "id": "AccountActionBean.clear"
                },
                {
                    "id": "AccountMapper.updateAccount"
                },
                {
                    "id": "AccountMapper.getAccountByUsername"
                },
                {
                    "id": "OrderActionBean.getOrderId"
                },
                {
                    "id": "AccountMapper.getAccountByUsernameAndPassword"
                },
                {
                    "id": "OrderActionBean.isShippingAddressRequired"
                },
                {
                    "id": "OrderActionBean.newOrder"
                },
                {
                    "id": "AccountActionBean.setUsername"
                },
                {
                    "id": "OrderActionBean.newOrderForm"
                },
                {
                    "id": "OrderActionBean.setShippingAddressRequired"
                },
                {
                    "id": "AccountMapper.insertSignon"
                },
                {
                    "id": "AccountActionBean.getAccount"
                },
                {
                    "id": "AccountService.AccountService"
                },
                {
                    "id": "AccountActionBean.getLanguages"
                },
                {
                    "id": "AccountActionBean.setMyList"
                },
                {
                    "id": "OrderActionBean.OrderActionBean"
                },
                {
                    "id": "AccountActionBean.signonForm"
                },
                {
                    "id": "OrderActionBean.setMessage"
                },
                {
                    "id": "OrderActionBean.setConfirmed"
                },
                {
                    "id": "AccountActionBean.isAuthenticated"
                },
                {
                    "id": "OrderActionBean.getOrder"
                },
                {
                    "id": "AccountActionBean.setPassword"
                },
                {
                    "id": "AccountActionBean.signoff"
                },
                {
                    "id": "AccountActionBean.newAccount"
                },
                {
                    "id": "AccountActionBean.getUsername"
                },
                {
                    "id": "AccountMapper.insertAccount"
                },
                {
                    "id": "AccountMapper.updateProfile"
                },
                {
                    "id": "OrderActionBean.listOrders"
                },
                {
                    "id": "OrderActionBean.isConfirmed"
                },
                {
                    "id": "AccountActionBean.newAccountForm"
                },
                {
                    "id": "OrderActionBean.clear"
                },
                {
                    "id": "AccountActionBean.getCategories"
                }
            ],
            "1": [
                {
                    "id": "CatalogService.isItemInStock"
                },
                {
                    "id": "CatalogService.CatalogService"
                },
                {
                    "id": "CatalogService.getItemListByProduct"
                },
                {
                    "id": "CatalogService.getProduct"
                },
                {
                    "id": "OrderService.OrderService"
                },
                {
                    "id": "CatalogService.getItem"
                },
                {
                    "id": "CatalogService.getProductListByCategory"
                },
                {
                    "id": "CatalogService.searchProductList"
                },
                {
                    "id": "OrderService.getOrdersByUsername"
                },
                {
                    "id": "OrderService.getNextId"
                },
                {
                    "id": "CatalogService.getCategory"
                },
                {
                    "id": "OrderService.getOrder"
                },
                {
                    "id": "OrderService.insertOrder"
                },
                {
                    "id": "CatalogService.getCategoryList"
                }
            ],
            "2": [
                {
                    "id": "Product.setName"
                },
                {
                    "id": "CatalogActionBean.getProductList"
                },
                {
                    "id": "CatalogActionBean.viewItem"
                },
                {
                    "id": "Product.getCategoryId"
                },
                {
                    "id": "CatalogActionBean.getCategory"
                },
                {
                    "id": "Sequence.setNextId"
                },
                {
                    "id": "CatalogActionBean.getCategoryList"
                },
                {
                    "id": "CatalogActionBean.CatalogActionBean"
                },
                {
                    "id": "Product.setDescription"
                },
                {
                    "id": "CatalogActionBean.getKeyword"
                },
                {
                    "id": "CatalogActionBean.setMessage"
                },
                {
                    "id": "CatalogActionBean.viewProduct"
                },
                {
                    "id": "Product.getDescription"
                },
                {
                    "id": "Category.setCategoryId"
                },
                {
                    "id": "CatalogActionBean.setProductId"
                },
                {
                    "id": "Category.setName"
                },
                {
                    "id": "Category.Category"
                },
                {
                    "id": "CatalogActionBean.getProductId"
                },
                {
                    "id": "Category.getName"
                },
                {
                    "id": "CatalogActionBean.setItem"
                },
                {
                    "id": "Sequence.getNextId"
                },
                {
                    "id": "CatalogActionBean.getItemId"
                },
                {
                    "id": "CatalogActionBean.searchProducts"
                },
                {
                    "id": "CatalogActionBean.setProductList"
                },
                {
                    "id": "CatalogActionBean.getItem"
                },
                {
                    "id": "Product.Product"
                },
                {
                    "id": "Sequence.Sequence"
                },
                {
                    "id": "CatalogActionBean.setCategoryId"
                },
                {
                    "id": "Product.setProductId"
                },
                {
                    "id": "CatalogActionBean.setProduct"
                },
                {
                    "id": "CatalogActionBean.viewMain"
                },
                {
                    "id": "CatalogActionBean.setItemList"
                },
                {
                    "id": "Sequence.getName"
                },
                {
                    "id": "CatalogActionBean.setItemId"
                },
                {
                    "id": "Product.toString"
                },
                {
                    "id": "CatalogActionBean.getProduct"
                },
                {
                    "id": "CatalogActionBean.setKeyword"
                },
                {
                    "id": "CatalogActionBean.getItemList"
                },
                {
                    "id": "CatalogActionBean.setCategory"
                },
                {
                    "id": "Category.setDescription"
                },
                {
                    "id": "Category.getDescription"
                },
                {
                    "id": "Category.getCategoryId"
                },
                {
                    "id": "Product.getProductId"
                },
                {
                    "id": "CatalogActionBean.setCategoryList"
                },
                {
                    "id": "Sequence.setName"
                },
                {
                    "id": "CatalogActionBean.getCategoryId"
                },
                {
                    "id": "Product.getName"
                },
                {
                    "id": "Category.toString"
                },
                {
                    "id": "Product.setCategoryId"
                },
                {
                    "id": "CatalogActionBean.clear"
                },
                {
                    "id": "CatalogActionBean.viewCategory"
                }
            ],
            "3": [
                {
                    "id": "LineItem.getItem"
                },
                {
                    "id": "Item.getQuantity"
                },
                {
                    "id": "Item.setListPrice"
                },
                {
                    "id": "LineItem.getOrderId"
                },
                {
                    "id": "Item.getUnitCost"
                },
                {
                    "id": "Item.getAttribute5"
                },
                {
                    "id": "Item.getItemId"
                },
                {
                    "id": "LineItem.getTotal"
                },
                {
                    "id": "LineItem.setItemId"
                },
                {
                    "id": "LineItem.calculateTotal"
                },
                {
                    "id": "Item.getAttribute2"
                },
                {
                    "id": "Item.setItemId"
                },
                {
                    "id": "LineItem.setUnitPrice"
                },
                {
                    "id": "LineItem.setOrderId"
                },
                {
                    "id": "Item.getListPrice"
                },
                {
                    "id": "Item.setAttribute2"
                },
                {
                    "id": "Item.getAttribute3"
                },
                {
                    "id": "Item.setAttribute3"
                },
                {
                    "id": "Item.setUnitCost"
                },
                {
                    "id": "Item.setProduct"
                },
                {
                    "id": "LineItem.getQuantity"
                },
                {
                    "id": "LineItem.LineItem"
                },
                {
                    "id": "Item.Item"
                },
                {
                    "id": "LineItem.setItem"
                },
                {
                    "id": "LineItem.setQuantity"
                },
                {
                    "id": "Item.getAttribute4"
                },
                {
                    "id": "Item.setAttribute1"
                },
                {
                    "id": "Item.setQuantity"
                },
                {
                    "id": "Item.setSupplierId"
                },
                {
                    "id": "LineItem.getLineNumber"
                },
                {
                    "id": "Item.toString"
                },
                {
                    "id": "Item.setStatus"
                },
                {
                    "id": "Item.getProduct"
                },
                {
                    "id": "Item.setAttribute4"
                },
                {
                    "id": "LineItem.getUnitPrice"
                },
                {
                    "id": "Item.getStatus"
                },
                {
                    "id": "Item.setAttribute5"
                },
                {
                    "id": "LineItem.getItemId"
                },
                {
                    "id": "LineItem.setLineNumber"
                },
                {
                    "id": "Item.getSupplierId"
                },
                {
                    "id": "Item.getAttribute1"
                }
            ],
            "UNOBSERVED": []
        }
    }
}