partitionID,className,classID
0,ItemMapperTest.java,src/test/java/org/mybatis/jpetstore/mapper/ItemMapperTest.java
0,OrderTest.java,src/test/java/org/mybatis/jpetstore/domain/OrderTest.java
0,AccountMapperTest.java,src/test/java/org/mybatis/jpetstore/mapper/AccountMapperTest.java
0,AccountService.java,src/main/java/org/mybatis/jpetstore/service/AccountService.java
0,AccountServiceTest.java,src/test/java/org/mybatis/jpetstore/service/AccountServiceTest.java
0,AccountMapper.java,src/main/java/org/mybatis/jpetstore/mapper/AccountMapper.java
0,AccountActionBean.java,src/main/java/org/mybatis/jpetstore/web/actions/AccountActionBean.java
0,OrderActionBean.java,src/main/java/org/mybatis/jpetstore/web/actions/OrderActionBean.java
0,CategoryMapperTest.java,src/test/java/org/mybatis/jpetstore/mapper/CategoryMapperTest.java
0,ProductMapperTest.java,src/test/java/org/mybatis/jpetstore/mapper/ProductMapperTest.java
1,CatalogService.java,src/main/java/org/mybatis/jpetstore/service/CatalogService.java
1,ScreenTransitionIT.java,src/test/java/org/mybatis/jpetstore/ScreenTransitionIT.java
1,OrderService.java,src/main/java/org/mybatis/jpetstore/service/OrderService.java
1,CatalogServiceTest.java,src/test/java/org/mybatis/jpetstore/service/CatalogServiceTest.java
2,CatalogActionBean.java,src/main/java/org/mybatis/jpetstore/web/actions/CatalogActionBean.java
2,Product.java,src/main/java/org/mybatis/jpetstore/domain/Product.java
2,Sequence.java,src/main/java/org/mybatis/jpetstore/domain/Sequence.java
2,Category.java,src/main/java/org/mybatis/jpetstore/domain/Category.java
3,LineItem.java,src/main/java/org/mybatis/jpetstore/domain/LineItem.java
3,LineItemMapperTest.java,src/test/java/org/mybatis/jpetstore/mapper/LineItemMapperTest.java
3,Item.java,src/main/java/org/mybatis/jpetstore/domain/Item.java
4,AccountActionBeanTest.java,src/test/java/org/mybatis/jpetstore/web/actions/AccountActionBeanTest.java
4,OrderActionBeanTest.java,src/test/java/org/mybatis/jpetstore/web/actions/OrderActionBeanTest.java
4,CatalogActionBeanTest.java,src/test/java/org/mybatis/jpetstore/web/actions/CatalogActionBeanTest.java
