,method,stmtLineNumber,stmt
0,<de.ecspride.MainActivity: void onCreate(android.os.Bundle)>,-1,$r5 = virtualinvoke r4.<android.telephony.TelephonyManager: java.lang.String getDeviceId()>()
1,<de.ecspride.MainActivity: void onCreate(android.os.Bundle)>,-1,<de.ecspride.MainActivity: java.lang.String imei> = $r5
2,<de.ecspride.MainActivity: void onCreate(android.os.Bundle)>,-1,return
3,<dummyMainClass: de.ecspride.MainActivity dummyMainMethod_de_ecspride_MainActivity(android.content.Intent)>,-1,"staticinvoke <dummyMainClass: de.ecspride.ExampleFragment dummyMainMethod_de_ecspride_ExampleFragment(android.content.Intent,android.app.Activity)>(parameter0, $r0)"
4,"<dummyMainClass: de.ecspride.ExampleFragment dummyMainMethod_de_ecspride_ExampleFragment(android.content.Intent,android.app.Activity)>",-1,virtualinvoke $r0.<de.ecspride.ExampleFragment: void onAttach(android.app.Activity)>(parameter1)
5,<de.ecspride.ExampleFragment: void onAttach(android.app.Activity)>,-1,$r2 = <de.ecspride.MainActivity: java.lang.String imei>
6,<de.ecspride.ExampleFragment: void onAttach(android.app.Activity)>,-1,<de.ecspride.ExampleFragment: java.lang.String imei> = $r2
7,<de.ecspride.ExampleFragment: void onAttach(android.app.Activity)>,-1,return
8,"<dummyMainClass: de.ecspride.ExampleFragment dummyMainMethod_de_ecspride_ExampleFragment(android.content.Intent,android.app.Activity)>",-1,virtualinvoke $r0.<de.ecspride.ExampleFragment: void onActivityCreated(android.os.Bundle)>(null)
9,<de.ecspride.ExampleFragment: void onActivityCreated(android.os.Bundle)>,-1,$r2 = <de.ecspride.ExampleFragment: java.lang.String imei>
10,<de.ecspride.ExampleFragment: void onActivityCreated(android.os.Bundle)>,-1,"virtualinvoke $r3.<android.telephony.SmsManager: void sendTextMessage(java.lang.String,java.lang.String,java.lang.String,android.app.PendingIntent,android.app.PendingIntent)>(""+49"", null, $r2, null, null)"
