0,org.springframework.samples.petclinic.owner.OwnerController,org.springframework.samples.petclinic.PetClinicApplication,0.5
1,org.springframework.samples.petclinic.owner.OwnerController,org.springframework.samples.petclinic.model.BaseEntity,0.35714285714285715
2,org.springframework.samples.petclinic.owner.OwnerController,org.springframework.samples.petclinic.model.NamedEntity,0.2727272727272727
3,org.springframework.samples.petclinic.owner.OwnerController,org.springframework.samples.petclinic.model.Person,0.4
4,org.springframework.samples.petclinic.owner.OwnerController,org.springframework.samples.petclinic.owner.Owner,0.5
5,org.springframework.samples.petclinic.owner.OwnerController,org.springframework.samples.petclinic.owner.Pet,0.5555555555555556
6,org.springframework.samples.petclinic.owner.OwnerController,org.springframework.samples.petclinic.owner.PetController,0.6
7,org.springframework.samples.petclinic.owner.OwnerController,org.springframework.samples.petclinic.owner.PetType,0.625
8,org.springframework.samples.petclinic.owner.OwnerController,org.springframework.samples.petclinic.owner.Visit,0.125
9,org.springframework.samples.petclinic.owner.OwnerController,org.springframework.samples.petclinic.owner.VisitController,0.7777777777777778
10,org.springframework.samples.petclinic.owner.OwnerController,org.springframework.samples.petclinic.vet.Specialty,0.5
11,org.springframework.samples.petclinic.owner.OwnerController,org.springframework.samples.petclinic.vet.Vet,0.625
12,org.springframework.samples.petclinic.owner.OwnerController,org.springframework.samples.petclinic.vet.Vets,0.625
13,org.springframework.samples.petclinic.owner.OwnerController,org.springframework.samples.petclinic.system.CacheConfiguration,0.4
14,org.springframework.samples.petclinic.owner.OwnerController,org.springframework.samples.petclinic.vet.VetController,0.6
15,org.springframework.samples.petclinic.owner.OwnerController,org.springframework.samples.petclinic.vet.VetRepository,0.4
16,org.springframework.samples.petclinic.owner.OwnerController,org.springframework.samples.petclinic.owner.OwnerRepository,0.625
17,org.springframework.samples.petclinic.owner.OwnerController,org.springframework.samples.petclinic.owner.PetTypeFormatter,0.625
18,org.springframework.samples.petclinic.owner.OwnerController,org.springframework.samples.petclinic.model.package-info,0.3
19,org.springframework.samples.petclinic.owner.OwnerController,org.springframework.samples.petclinic.owner.PetValidator,0.375
20,org.springframework.samples.petclinic.owner.OwnerController,org.springframework.samples.petclinic.system.CrashController,0.5
21,org.springframework.samples.petclinic.owner.OwnerController,org.springframework.samples.petclinic.system.WelcomeController,0.5
22,org.springframework.samples.petclinic.PetClinicApplication,org.springframework.samples.petclinic.PetClinicRuntimeHints,0.14285714285714285
23,org.springframework.samples.petclinic.PetClinicApplication,org.springframework.samples.petclinic.model.BaseEntity,0.2857142857142857
24,org.springframework.samples.petclinic.PetClinicApplication,org.springframework.samples.petclinic.model.NamedEntity,0.3
25,org.springframework.samples.petclinic.PetClinicApplication,org.springframework.samples.petclinic.model.Person,0.4444444444444444
26,org.springframework.samples.petclinic.PetClinicApplication,org.springframework.samples.petclinic.owner.Owner,0.4
27,org.springframework.samples.petclinic.PetClinicApplication,org.springframework.samples.petclinic.owner.Pet,0.625
28,org.springframework.samples.petclinic.PetClinicApplication,org.springframework.samples.petclinic.owner.PetController,0.5
29,org.springframework.samples.petclinic.PetClinicApplication,org.springframework.samples.petclinic.owner.PetType,0.5
30,org.springframework.samples.petclinic.PetClinicApplication,org.springframework.samples.petclinic.owner.Visit,0.14285714285714285
31,org.springframework.samples.petclinic.PetClinicApplication,org.springframework.samples.petclinic.owner.VisitController,0.5
32,org.springframework.samples.petclinic.PetClinicApplication,org.springframework.samples.petclinic.vet.Specialty,0.375
33,org.springframework.samples.petclinic.PetClinicApplication,org.springframework.samples.petclinic.vet.Vet,0.5
34,org.springframework.samples.petclinic.PetClinicApplication,org.springframework.samples.petclinic.vet.Vets,0.5
35,org.springframework.samples.petclinic.PetClinicApplication,org.springframework.samples.petclinic.system.CacheConfiguration,0.3
36,org.springframework.samples.petclinic.PetClinicApplication,org.springframework.samples.petclinic.vet.VetController,0.5
37,org.springframework.samples.petclinic.PetClinicApplication,org.springframework.samples.petclinic.vet.VetRepository,0.3
38,org.springframework.samples.petclinic.PetClinicApplication,org.springframework.samples.petclinic.owner.OwnerRepository,0.5
39,org.springframework.samples.petclinic.PetClinicApplication,org.springframework.samples.petclinic.owner.PetTypeFormatter,0.5
40,org.springframework.samples.petclinic.PetClinicApplication,org.springframework.samples.petclinic.model.package-info,0.3333333333333333
41,org.springframework.samples.petclinic.PetClinicApplication,org.springframework.samples.petclinic.owner.PetValidator,0.42857142857142855
42,org.springframework.samples.petclinic.PetClinicApplication,org.springframework.samples.petclinic.system.CrashController,0.5714285714285714
43,org.springframework.samples.petclinic.PetClinicApplication,org.springframework.samples.petclinic.system.WelcomeController,0.5714285714285714
44,org.springframework.samples.petclinic.model.BaseEntity,org.springframework.samples.petclinic.model.NamedEntity,0.5454545454545454
45,org.springframework.samples.petclinic.model.BaseEntity,org.springframework.samples.petclinic.model.Person,0.5454545454545454
46,org.springframework.samples.petclinic.model.BaseEntity,org.springframework.samples.petclinic.owner.Owner,0.38461538461538464
47,org.springframework.samples.petclinic.model.BaseEntity,org.springframework.samples.petclinic.owner.Pet,0.3076923076923077
48,org.springframework.samples.petclinic.model.BaseEntity,org.springframework.samples.petclinic.owner.PetController,0.26666666666666666
49,org.springframework.samples.petclinic.model.BaseEntity,org.springframework.samples.petclinic.owner.PetType,0.45454545454545453
50,org.springframework.samples.petclinic.model.BaseEntity,org.springframework.samples.petclinic.owner.Visit,0.09090909090909091
51,org.springframework.samples.petclinic.model.BaseEntity,org.springframework.samples.petclinic.owner.VisitController,0.35714285714285715
52,org.springframework.samples.petclinic.model.BaseEntity,org.springframework.samples.petclinic.vet.Specialty,0.36363636363636365
53,org.springframework.samples.petclinic.model.BaseEntity,org.springframework.samples.petclinic.vet.Vet,0.45454545454545453
54,org.springframework.samples.petclinic.model.BaseEntity,org.springframework.samples.petclinic.vet.Vets,0.45454545454545453
55,org.springframework.samples.petclinic.model.BaseEntity,org.springframework.samples.petclinic.system.CacheConfiguration,0.3076923076923077
56,org.springframework.samples.petclinic.model.BaseEntity,org.springframework.samples.petclinic.vet.VetController,0.35714285714285715
57,org.springframework.samples.petclinic.model.BaseEntity,org.springframework.samples.petclinic.vet.VetRepository,0.3076923076923077
58,org.springframework.samples.petclinic.model.BaseEntity,org.springframework.samples.petclinic.owner.OwnerRepository,0.45454545454545453
59,org.springframework.samples.petclinic.model.BaseEntity,org.springframework.samples.petclinic.owner.PetTypeFormatter,0.45454545454545453
60,org.springframework.samples.petclinic.model.BaseEntity,org.springframework.samples.petclinic.model.package-info,0.45454545454545453
61,org.springframework.samples.petclinic.model.BaseEntity,org.springframework.samples.petclinic.owner.PetValidator,0.2727272727272727
62,org.springframework.samples.petclinic.model.BaseEntity,org.springframework.samples.petclinic.system.CrashController,0.25
63,org.springframework.samples.petclinic.model.BaseEntity,org.springframework.samples.petclinic.system.WelcomeController,0.25
64,org.springframework.samples.petclinic.model.NamedEntity,org.springframework.samples.petclinic.model.Person,0.7142857142857143
65,org.springframework.samples.petclinic.model.NamedEntity,org.springframework.samples.petclinic.owner.Owner,0.3
66,org.springframework.samples.petclinic.model.NamedEntity,org.springframework.samples.petclinic.owner.Pet,0.3333333333333333
67,org.springframework.samples.petclinic.model.NamedEntity,org.springframework.samples.petclinic.owner.PetController,0.2727272727272727
68,org.springframework.samples.petclinic.model.NamedEntity,org.springframework.samples.petclinic.owner.PetType,0.375
69,org.springframework.samples.petclinic.model.NamedEntity,org.springframework.samples.petclinic.owner.Visit,0.16666666666666666
70,org.springframework.samples.petclinic.model.NamedEntity,org.springframework.samples.petclinic.owner.VisitController,0.2727272727272727
71,org.springframework.samples.petclinic.model.NamedEntity,org.springframework.samples.petclinic.vet.Specialty,0.25
72,org.springframework.samples.petclinic.model.NamedEntity,org.springframework.samples.petclinic.vet.Vet,0.375
73,org.springframework.samples.petclinic.model.NamedEntity,org.springframework.samples.petclinic.vet.Vets,0.375
74,org.springframework.samples.petclinic.model.NamedEntity,org.springframework.samples.petclinic.system.CacheConfiguration,0.2
75,org.springframework.samples.petclinic.model.NamedEntity,org.springframework.samples.petclinic.vet.VetController,0.2727272727272727
76,org.springframework.samples.petclinic.model.NamedEntity,org.springframework.samples.petclinic.vet.VetRepository,0.2
77,org.springframework.samples.petclinic.model.NamedEntity,org.springframework.samples.petclinic.owner.OwnerRepository,0.375
78,org.springframework.samples.petclinic.model.NamedEntity,org.springframework.samples.petclinic.owner.PetTypeFormatter,0.375
79,org.springframework.samples.petclinic.model.NamedEntity,org.springframework.samples.petclinic.model.package-info,0.5714285714285714
80,org.springframework.samples.petclinic.model.NamedEntity,org.springframework.samples.petclinic.owner.PetValidator,0.2857142857142857
81,org.springframework.samples.petclinic.model.NamedEntity,org.springframework.samples.petclinic.system.CrashController,0.25
82,org.springframework.samples.petclinic.model.NamedEntity,org.springframework.samples.petclinic.system.WelcomeController,0.25
83,org.springframework.samples.petclinic.model.Person,org.springframework.samples.petclinic.owner.Owner,0.4444444444444444
84,org.springframework.samples.petclinic.model.Person,org.springframework.samples.petclinic.owner.Pet,0.5
85,org.springframework.samples.petclinic.model.Person,org.springframework.samples.petclinic.owner.PetController,0.4
86,org.springframework.samples.petclinic.model.Person,org.springframework.samples.petclinic.owner.PetType,0.5714285714285714
87,org.springframework.samples.petclinic.model.Person,org.springframework.samples.petclinic.owner.Visit,0.16666666666666666
88,org.springframework.samples.petclinic.model.Person,org.springframework.samples.petclinic.owner.VisitController,0.4
89,org.springframework.samples.petclinic.model.Person,org.springframework.samples.petclinic.vet.Specialty,0.42857142857142855
90,org.springframework.samples.petclinic.model.Person,org.springframework.samples.petclinic.vet.Vet,0.5714285714285714
91,org.springframework.samples.petclinic.model.Person,org.springframework.samples.petclinic.vet.Vets,0.5714285714285714
92,org.springframework.samples.petclinic.model.Person,org.springframework.samples.petclinic.system.CacheConfiguration,0.3333333333333333
93,org.springframework.samples.petclinic.model.Person,org.springframework.samples.petclinic.vet.VetController,0.4
94,org.springframework.samples.petclinic.model.Person,org.springframework.samples.petclinic.vet.VetRepository,0.3333333333333333
95,org.springframework.samples.petclinic.model.Person,org.springframework.samples.petclinic.owner.OwnerRepository,0.5714285714285714
96,org.springframework.samples.petclinic.model.Person,org.springframework.samples.petclinic.owner.PetTypeFormatter,0.5714285714285714
97,org.springframework.samples.petclinic.model.Person,org.springframework.samples.petclinic.model.package-info,0.5714285714285714
98,org.springframework.samples.petclinic.model.Person,org.springframework.samples.petclinic.owner.PetValidator,0.5
99,org.springframework.samples.petclinic.model.Person,org.springframework.samples.petclinic.system.CrashController,0.42857142857142855
100,org.springframework.samples.petclinic.model.Person,org.springframework.samples.petclinic.system.WelcomeController,0.42857142857142855
101,org.springframework.samples.petclinic.owner.Owner,org.springframework.samples.petclinic.owner.Pet,0.4444444444444444
102,org.springframework.samples.petclinic.owner.Owner,org.springframework.samples.petclinic.owner.PetController,0.36363636363636365
103,org.springframework.samples.petclinic.owner.Owner,org.springframework.samples.petclinic.owner.PetType,0.7142857142857143
104,org.springframework.samples.petclinic.owner.Owner,org.springframework.samples.petclinic.owner.Visit,0.14285714285714285
105,org.springframework.samples.petclinic.owner.Owner,org.springframework.samples.petclinic.owner.VisitController,0.6666666666666666
106,org.springframework.samples.petclinic.owner.Owner,org.springframework.samples.petclinic.vet.Specialty,0.5714285714285714
107,org.springframework.samples.petclinic.owner.Owner,org.springframework.samples.petclinic.vet.Vet,0.7142857142857143
108,org.springframework.samples.petclinic.owner.Owner,org.springframework.samples.petclinic.vet.Vets,0.7142857142857143
109,org.springframework.samples.petclinic.owner.Owner,org.springframework.samples.petclinic.system.CacheConfiguration,0.4444444444444444
110,org.springframework.samples.petclinic.owner.Owner,org.springframework.samples.petclinic.vet.VetController,0.5
111,org.springframework.samples.petclinic.owner.Owner,org.springframework.samples.petclinic.vet.VetRepository,0.4444444444444444
112,org.springframework.samples.petclinic.owner.Owner,org.springframework.samples.petclinic.owner.OwnerRepository,0.7142857142857143
113,org.springframework.samples.petclinic.owner.Owner,org.springframework.samples.petclinic.owner.PetTypeFormatter,0.7142857142857143
114,org.springframework.samples.petclinic.owner.Owner,org.springframework.samples.petclinic.model.package-info,0.3333333333333333
115,org.springframework.samples.petclinic.owner.Owner,org.springframework.samples.petclinic.owner.PetValidator,0.42857142857142855
116,org.springframework.samples.petclinic.owner.Owner,org.springframework.samples.petclinic.system.CrashController,0.375
117,org.springframework.samples.petclinic.owner.Owner,org.springframework.samples.petclinic.system.WelcomeController,0.375
118,org.springframework.samples.petclinic.owner.Pet,org.springframework.samples.petclinic.owner.PetController,0.5555555555555556
119,org.springframework.samples.petclinic.owner.Pet,org.springframework.samples.petclinic.owner.PetType,0.5714285714285714
120,org.springframework.samples.petclinic.owner.Pet,org.springframework.samples.petclinic.owner.Visit,0.16666666666666666
121,org.springframework.samples.petclinic.owner.Pet,org.springframework.samples.petclinic.owner.VisitController,0.5555555555555556
122,org.springframework.samples.petclinic.owner.Pet,org.springframework.samples.petclinic.vet.Specialty,0.42857142857142855
123,org.springframework.samples.petclinic.owner.Pet,org.springframework.samples.petclinic.vet.Vet,0.5714285714285714
124,org.springframework.samples.petclinic.owner.Pet,org.springframework.samples.petclinic.vet.Vets,0.5714285714285714
125,org.springframework.samples.petclinic.owner.Pet,org.springframework.samples.petclinic.system.CacheConfiguration,0.3333333333333333
126,org.springframework.samples.petclinic.owner.Pet,org.springframework.samples.petclinic.vet.VetController,0.5555555555555556
127,org.springframework.samples.petclinic.owner.Pet,org.springframework.samples.petclinic.vet.VetRepository,0.3333333333333333
128,org.springframework.samples.petclinic.owner.Pet,org.springframework.samples.petclinic.owner.OwnerRepository,0.5714285714285714
129,org.springframework.samples.petclinic.owner.Pet,org.springframework.samples.petclinic.owner.PetTypeFormatter,0.5714285714285714
130,org.springframework.samples.petclinic.owner.Pet,org.springframework.samples.petclinic.model.package-info,0.375
131,org.springframework.samples.petclinic.owner.Pet,org.springframework.samples.petclinic.owner.PetValidator,0.5
132,org.springframework.samples.petclinic.owner.Pet,org.springframework.samples.petclinic.system.CrashController,0.6666666666666666
133,org.springframework.samples.petclinic.owner.Pet,org.springframework.samples.petclinic.system.WelcomeController,0.6666666666666666
134,org.springframework.samples.petclinic.owner.PetController,org.springframework.samples.petclinic.owner.PetType,0.4444444444444444
135,org.springframework.samples.petclinic.owner.PetController,org.springframework.samples.petclinic.owner.Visit,0.125
136,org.springframework.samples.petclinic.owner.PetController,org.springframework.samples.petclinic.owner.VisitController,0.6
137,org.springframework.samples.petclinic.owner.PetController,org.springframework.samples.petclinic.vet.Specialty,0.3333333333333333
138,org.springframework.samples.petclinic.owner.PetController,org.springframework.samples.petclinic.vet.Vet,0.4444444444444444
139,org.springframework.samples.petclinic.owner.PetController,org.springframework.samples.petclinic.vet.Vets,0.4444444444444444
140,org.springframework.samples.petclinic.owner.PetController,org.springframework.samples.petclinic.system.CacheConfiguration,0.2727272727272727
141,org.springframework.samples.petclinic.owner.PetController,org.springframework.samples.petclinic.vet.VetController,0.45454545454545453
142,org.springframework.samples.petclinic.owner.PetController,org.springframework.samples.petclinic.vet.VetRepository,0.2727272727272727
143,org.springframework.samples.petclinic.owner.PetController,org.springframework.samples.petclinic.owner.OwnerRepository,0.4444444444444444
144,org.springframework.samples.petclinic.owner.PetController,org.springframework.samples.petclinic.owner.PetTypeFormatter,0.4444444444444444
145,org.springframework.samples.petclinic.owner.PetController,org.springframework.samples.petclinic.model.package-info,0.3
146,org.springframework.samples.petclinic.owner.PetController,org.springframework.samples.petclinic.owner.PetValidator,0.375
147,org.springframework.samples.petclinic.owner.PetController,org.springframework.samples.petclinic.system.CrashController,0.5
148,org.springframework.samples.petclinic.owner.PetController,org.springframework.samples.petclinic.system.WelcomeController,0.5
149,org.springframework.samples.petclinic.owner.PetType,org.springframework.samples.petclinic.owner.Visit,0.2
150,org.springframework.samples.petclinic.owner.PetType,org.springframework.samples.petclinic.owner.VisitController,0.625
151,org.springframework.samples.petclinic.owner.PetType,org.springframework.samples.petclinic.vet.Specialty,0.8
152,org.springframework.samples.petclinic.owner.PetType,org.springframework.samples.petclinic.vet.Vet,1.0
153,org.springframework.samples.petclinic.owner.PetType,org.springframework.samples.petclinic.vet.Vets,1.0
154,org.springframework.samples.petclinic.owner.PetType,org.springframework.samples.petclinic.system.CacheConfiguration,0.5714285714285714
155,org.springframework.samples.petclinic.owner.PetType,org.springframework.samples.petclinic.vet.VetController,0.625
156,org.springframework.samples.petclinic.owner.PetType,org.springframework.samples.petclinic.vet.VetRepository,0.5714285714285714
157,org.springframework.samples.petclinic.owner.PetType,org.springframework.samples.petclinic.owner.OwnerRepository,1.0
158,org.springframework.samples.petclinic.owner.PetType,org.springframework.samples.petclinic.owner.PetTypeFormatter,1.0
159,org.springframework.samples.petclinic.owner.PetType,org.springframework.samples.petclinic.model.package-info,0.42857142857142855
160,org.springframework.samples.petclinic.owner.PetType,org.springframework.samples.petclinic.owner.PetValidator,0.6
161,org.springframework.samples.petclinic.owner.PetType,org.springframework.samples.petclinic.system.CrashController,0.5
162,org.springframework.samples.petclinic.owner.PetType,org.springframework.samples.petclinic.system.WelcomeController,0.5
163,org.springframework.samples.petclinic.owner.Visit,org.springframework.samples.petclinic.owner.VisitController,0.125
164,org.springframework.samples.petclinic.owner.Visit,org.springframework.samples.petclinic.vet.Specialty,0.25
165,org.springframework.samples.petclinic.owner.Visit,org.springframework.samples.petclinic.vet.Vet,0.2
166,org.springframework.samples.petclinic.owner.Visit,org.springframework.samples.petclinic.vet.Vets,0.2
167,org.springframework.samples.petclinic.owner.Visit,org.springframework.samples.petclinic.vet.VetController,0.125
168,org.springframework.samples.petclinic.owner.Visit,org.springframework.samples.petclinic.owner.OwnerRepository,0.2
169,org.springframework.samples.petclinic.owner.Visit,org.springframework.samples.petclinic.owner.PetTypeFormatter,0.2
170,org.springframework.samples.petclinic.owner.VisitController,org.springframework.samples.petclinic.vet.Specialty,0.5
171,org.springframework.samples.petclinic.owner.VisitController,org.springframework.samples.petclinic.vet.Vet,0.625
172,org.springframework.samples.petclinic.owner.VisitController,org.springframework.samples.petclinic.vet.Vets,0.625
173,org.springframework.samples.petclinic.owner.VisitController,org.springframework.samples.petclinic.system.CacheConfiguration,0.4
174,org.springframework.samples.petclinic.owner.VisitController,org.springframework.samples.petclinic.vet.VetController,0.6
175,org.springframework.samples.petclinic.owner.VisitController,org.springframework.samples.petclinic.vet.VetRepository,0.4
176,org.springframework.samples.petclinic.owner.VisitController,org.springframework.samples.petclinic.owner.OwnerRepository,0.625
177,org.springframework.samples.petclinic.owner.VisitController,org.springframework.samples.petclinic.owner.PetTypeFormatter,0.625
178,org.springframework.samples.petclinic.owner.VisitController,org.springframework.samples.petclinic.model.package-info,0.3
179,org.springframework.samples.petclinic.owner.VisitController,org.springframework.samples.petclinic.owner.PetValidator,0.375
180,org.springframework.samples.petclinic.owner.VisitController,org.springframework.samples.petclinic.system.CrashController,0.5
181,org.springframework.samples.petclinic.owner.VisitController,org.springframework.samples.petclinic.system.WelcomeController,0.5
182,org.springframework.samples.petclinic.vet.Specialty,org.springframework.samples.petclinic.vet.Vet,0.8
183,org.springframework.samples.petclinic.vet.Specialty,org.springframework.samples.petclinic.vet.Vets,0.8
184,org.springframework.samples.petclinic.vet.Specialty,org.springframework.samples.petclinic.system.CacheConfiguration,0.42857142857142855
185,org.springframework.samples.petclinic.vet.Specialty,org.springframework.samples.petclinic.vet.VetController,0.5
186,org.springframework.samples.petclinic.vet.Specialty,org.springframework.samples.petclinic.vet.VetRepository,0.42857142857142855
187,org.springframework.samples.petclinic.vet.Specialty,org.springframework.samples.petclinic.owner.OwnerRepository,0.8
188,org.springframework.samples.petclinic.vet.Specialty,org.springframework.samples.petclinic.owner.PetTypeFormatter,0.8
189,org.springframework.samples.petclinic.vet.Specialty,org.springframework.samples.petclinic.model.package-info,0.2857142857142857
190,org.springframework.samples.petclinic.vet.Specialty,org.springframework.samples.petclinic.owner.PetValidator,0.4
191,org.springframework.samples.petclinic.vet.Specialty,org.springframework.samples.petclinic.system.CrashController,0.3333333333333333
192,org.springframework.samples.petclinic.vet.Specialty,org.springframework.samples.petclinic.system.WelcomeController,0.3333333333333333
193,org.springframework.samples.petclinic.vet.Vet,org.springframework.samples.petclinic.vet.Vets,1.0
194,org.springframework.samples.petclinic.vet.Vet,org.springframework.samples.petclinic.system.CacheConfiguration,0.5714285714285714
195,org.springframework.samples.petclinic.vet.Vet,org.springframework.samples.petclinic.vet.VetController,0.625
196,org.springframework.samples.petclinic.vet.Vet,org.springframework.samples.petclinic.vet.VetRepository,0.5714285714285714
197,org.springframework.samples.petclinic.vet.Vet,org.springframework.samples.petclinic.owner.OwnerRepository,1.0
198,org.springframework.samples.petclinic.vet.Vet,org.springframework.samples.petclinic.owner.PetTypeFormatter,1.0
199,org.springframework.samples.petclinic.vet.Vet,org.springframework.samples.petclinic.model.package-info,0.42857142857142855
200,org.springframework.samples.petclinic.vet.Vet,org.springframework.samples.petclinic.owner.PetValidator,0.6
201,org.springframework.samples.petclinic.vet.Vet,org.springframework.samples.petclinic.system.CrashController,0.5
202,org.springframework.samples.petclinic.vet.Vet,org.springframework.samples.petclinic.system.WelcomeController,0.5
203,org.springframework.samples.petclinic.vet.Vets,org.springframework.samples.petclinic.system.CacheConfiguration,0.5714285714285714
204,org.springframework.samples.petclinic.vet.Vets,org.springframework.samples.petclinic.vet.VetController,0.625
205,org.springframework.samples.petclinic.vet.Vets,org.springframework.samples.petclinic.vet.VetRepository,0.5714285714285714
206,org.springframework.samples.petclinic.vet.Vets,org.springframework.samples.petclinic.owner.OwnerRepository,1.0
207,org.springframework.samples.petclinic.vet.Vets,org.springframework.samples.petclinic.owner.PetTypeFormatter,1.0
208,org.springframework.samples.petclinic.vet.Vets,org.springframework.samples.petclinic.model.package-info,0.42857142857142855
209,org.springframework.samples.petclinic.vet.Vets,org.springframework.samples.petclinic.owner.PetValidator,0.6
210,org.springframework.samples.petclinic.vet.Vets,org.springframework.samples.petclinic.system.CrashController,0.5
211,org.springframework.samples.petclinic.vet.Vets,org.springframework.samples.petclinic.system.WelcomeController,0.5
212,org.springframework.samples.petclinic.system.CacheConfiguration,org.springframework.samples.petclinic.vet.VetController,0.5555555555555556
213,org.springframework.samples.petclinic.system.CacheConfiguration,org.springframework.samples.petclinic.vet.VetRepository,0.7142857142857143
214,org.springframework.samples.petclinic.system.CacheConfiguration,org.springframework.samples.petclinic.owner.OwnerRepository,0.5714285714285714
215,org.springframework.samples.petclinic.system.CacheConfiguration,org.springframework.samples.petclinic.owner.PetTypeFormatter,0.5714285714285714
216,org.springframework.samples.petclinic.system.CacheConfiguration,org.springframework.samples.petclinic.model.package-info,0.375
217,org.springframework.samples.petclinic.system.CacheConfiguration,org.springframework.samples.petclinic.owner.PetValidator,0.5
218,org.springframework.samples.petclinic.system.CacheConfiguration,org.springframework.samples.petclinic.system.CrashController,0.42857142857142855
219,org.springframework.samples.petclinic.system.CacheConfiguration,org.springframework.samples.petclinic.system.WelcomeController,0.42857142857142855
220,org.springframework.samples.petclinic.vet.VetController,org.springframework.samples.petclinic.vet.VetRepository,0.5555555555555556
221,org.springframework.samples.petclinic.vet.VetController,org.springframework.samples.petclinic.owner.OwnerRepository,0.625
222,org.springframework.samples.petclinic.vet.VetController,org.springframework.samples.petclinic.owner.PetTypeFormatter,0.625
223,org.springframework.samples.petclinic.vet.VetController,org.springframework.samples.petclinic.model.package-info,0.3
224,org.springframework.samples.petclinic.vet.VetController,org.springframework.samples.petclinic.owner.PetValidator,0.375
225,org.springframework.samples.petclinic.vet.VetController,org.springframework.samples.petclinic.system.CrashController,0.5
226,org.springframework.samples.petclinic.vet.VetController,org.springframework.samples.petclinic.system.WelcomeController,0.5
227,org.springframework.samples.petclinic.vet.VetRepository,org.springframework.samples.petclinic.owner.OwnerRepository,0.5714285714285714
228,org.springframework.samples.petclinic.vet.VetRepository,org.springframework.samples.petclinic.owner.PetTypeFormatter,0.5714285714285714
229,org.springframework.samples.petclinic.vet.VetRepository,org.springframework.samples.petclinic.model.package-info,0.375
230,org.springframework.samples.petclinic.vet.VetRepository,org.springframework.samples.petclinic.owner.PetValidator,0.5
231,org.springframework.samples.petclinic.vet.VetRepository,org.springframework.samples.petclinic.system.CrashController,0.42857142857142855
232,org.springframework.samples.petclinic.vet.VetRepository,org.springframework.samples.petclinic.system.WelcomeController,0.42857142857142855
233,org.springframework.samples.petclinic.owner.OwnerRepository,org.springframework.samples.petclinic.owner.PetTypeFormatter,1.0
234,org.springframework.samples.petclinic.owner.OwnerRepository,org.springframework.samples.petclinic.model.package-info,0.42857142857142855
235,org.springframework.samples.petclinic.owner.OwnerRepository,org.springframework.samples.petclinic.owner.PetValidator,0.6
236,org.springframework.samples.petclinic.owner.OwnerRepository,org.springframework.samples.petclinic.system.CrashController,0.5
237,org.springframework.samples.petclinic.owner.OwnerRepository,org.springframework.samples.petclinic.system.WelcomeController,0.5
238,org.springframework.samples.petclinic.owner.PetTypeFormatter,org.springframework.samples.petclinic.model.package-info,0.42857142857142855
239,org.springframework.samples.petclinic.owner.PetTypeFormatter,org.springframework.samples.petclinic.owner.PetValidator,0.6
240,org.springframework.samples.petclinic.owner.PetTypeFormatter,org.springframework.samples.petclinic.system.CrashController,0.5
241,org.springframework.samples.petclinic.owner.PetTypeFormatter,org.springframework.samples.petclinic.system.WelcomeController,0.5
242,org.springframework.samples.petclinic.model.package-info,org.springframework.samples.petclinic.owner.PetValidator,0.6
243,org.springframework.samples.petclinic.model.package-info,org.springframework.samples.petclinic.system.CrashController,0.5
244,org.springframework.samples.petclinic.model.package-info,org.springframework.samples.petclinic.system.WelcomeController,0.5
245,org.springframework.samples.petclinic.owner.PetValidator,org.springframework.samples.petclinic.system.CrashController,0.75
246,org.springframework.samples.petclinic.owner.PetValidator,org.springframework.samples.petclinic.system.WelcomeController,0.75
247,org.springframework.samples.petclinic.system.CrashController,org.springframework.samples.petclinic.system.WelcomeController,1.0
