0,org.springframework.samples.petclinic.owner.OwnerController,org.springframework.samples.petclinic.PetClinicApplication,0.15384615384615385
1,org.springframework.samples.petclinic.owner.OwnerController,org.springframework.samples.petclinic.model.BaseEntity,0.15384615384615385
2,org.springframework.samples.petclinic.owner.OwnerController,org.springframework.samples.petclinic.model.NamedEntity,0.15789473684210525
3,org.springframework.samples.petclinic.owner.OwnerController,org.springframework.samples.petclinic.model.Person,0.14285714285714285
4,org.springframework.samples.petclinic.owner.OwnerController,org.springframework.samples.petclinic.owner.Owner,0.25
5,org.springframework.samples.petclinic.owner.OwnerController,org.springframework.samples.petclinic.owner.Pet,0.3181818181818182
6,org.springframework.samples.petclinic.owner.OwnerController,org.springframework.samples.petclinic.owner.PetController,0.4444444444444444
7,org.springframework.samples.petclinic.owner.OwnerController,org.springframework.samples.petclinic.owner.PetType,0.3125
8,org.springframework.samples.petclinic.owner.OwnerController,org.springframework.samples.petclinic.owner.Visit,0.11764705882352941
9,org.springframework.samples.petclinic.owner.OwnerController,org.springframework.samples.petclinic.owner.VisitController,0.5263157894736842
10,org.springframework.samples.petclinic.owner.OwnerController,org.springframework.samples.petclinic.vet.Specialty,0.23529411764705882
11,org.springframework.samples.petclinic.owner.OwnerController,org.springframework.samples.petclinic.vet.Vet,0.2777777777777778
12,org.springframework.samples.petclinic.owner.OwnerController,org.springframework.samples.petclinic.vet.Vets,0.3333333333333333
13,org.springframework.samples.petclinic.owner.OwnerController,org.springframework.samples.petclinic.system.CacheConfiguration,0.15
14,org.springframework.samples.petclinic.owner.OwnerController,org.springframework.samples.petclinic.vet.VetController,0.3157894736842105
15,org.springframework.samples.petclinic.owner.OwnerController,org.springframework.samples.petclinic.vet.VetRepository,0.21052631578947367
16,org.springframework.samples.petclinic.owner.OwnerController,org.springframework.samples.petclinic.owner.OwnerRepository,0.23529411764705882
17,org.springframework.samples.petclinic.owner.OwnerController,org.springframework.samples.petclinic.owner.PetTypeFormatter,0.23529411764705882
18,org.springframework.samples.petclinic.owner.OwnerController,org.springframework.samples.petclinic.model.package-info,0.17647058823529413
19,org.springframework.samples.petclinic.owner.OwnerController,org.springframework.samples.petclinic.owner.PetValidator,0.2
20,org.springframework.samples.petclinic.owner.OwnerController,org.springframework.samples.petclinic.system.CrashController,0.25
21,org.springframework.samples.petclinic.owner.OwnerController,org.springframework.samples.petclinic.system.WelcomeController,0.26666666666666666
22,org.springframework.samples.petclinic.PetClinicApplication,org.springframework.samples.petclinic.PetClinicRuntimeHints,0.06666666666666667
23,org.springframework.samples.petclinic.PetClinicApplication,org.springframework.samples.petclinic.model.BaseEntity,0.1111111111111111
24,org.springframework.samples.petclinic.PetClinicApplication,org.springframework.samples.petclinic.model.NamedEntity,0.1
25,org.springframework.samples.petclinic.PetClinicApplication,org.springframework.samples.petclinic.model.Person,0.09090909090909091
26,org.springframework.samples.petclinic.PetClinicApplication,org.springframework.samples.petclinic.owner.Owner,0.19047619047619047
27,org.springframework.samples.petclinic.PetClinicApplication,org.springframework.samples.petclinic.owner.Pet,0.16
28,org.springframework.samples.petclinic.PetClinicApplication,org.springframework.samples.petclinic.owner.PetController,0.23809523809523808
29,org.springframework.samples.petclinic.PetClinicApplication,org.springframework.samples.petclinic.owner.PetType,0.23529411764705882
30,org.springframework.samples.petclinic.PetClinicApplication,org.springframework.samples.petclinic.owner.VisitController,0.20833333333333334
31,org.springframework.samples.petclinic.PetClinicApplication,org.springframework.samples.petclinic.vet.Specialty,0.10526315789473684
32,org.springframework.samples.petclinic.PetClinicApplication,org.springframework.samples.petclinic.vet.Vet,0.21052631578947367
33,org.springframework.samples.petclinic.PetClinicApplication,org.springframework.samples.petclinic.vet.Vets,0.17647058823529413
34,org.springframework.samples.petclinic.PetClinicApplication,org.springframework.samples.petclinic.system.CacheConfiguration,0.15
35,org.springframework.samples.petclinic.PetClinicApplication,org.springframework.samples.petclinic.vet.VetController,0.19047619047619047
36,org.springframework.samples.petclinic.PetClinicApplication,org.springframework.samples.petclinic.vet.VetRepository,0.15
37,org.springframework.samples.petclinic.PetClinicApplication,org.springframework.samples.petclinic.owner.OwnerRepository,0.23529411764705882
38,org.springframework.samples.petclinic.PetClinicApplication,org.springframework.samples.petclinic.owner.PetTypeFormatter,0.23529411764705882
39,org.springframework.samples.petclinic.PetClinicApplication,org.springframework.samples.petclinic.model.package-info,0.17647058823529413
40,org.springframework.samples.petclinic.PetClinicApplication,org.springframework.samples.petclinic.owner.PetValidator,0.2
41,org.springframework.samples.petclinic.PetClinicApplication,org.springframework.samples.petclinic.system.CrashController,0.17647058823529413
42,org.springframework.samples.petclinic.PetClinicApplication,org.springframework.samples.petclinic.system.WelcomeController,0.1875
43,org.springframework.samples.petclinic.model.BaseEntity,org.springframework.samples.petclinic.model.NamedEntity,0.4666666666666667
44,org.springframework.samples.petclinic.model.BaseEntity,org.springframework.samples.petclinic.model.Person,0.4117647058823529
45,org.springframework.samples.petclinic.model.BaseEntity,org.springframework.samples.petclinic.owner.Owner,0.25
46,org.springframework.samples.petclinic.model.BaseEntity,org.springframework.samples.petclinic.owner.Pet,0.20833333333333334
47,org.springframework.samples.petclinic.model.BaseEntity,org.springframework.samples.petclinic.owner.PetController,0.18181818181818182
48,org.springframework.samples.petclinic.model.BaseEntity,org.springframework.samples.petclinic.owner.PetType,0.3125
49,org.springframework.samples.petclinic.model.BaseEntity,org.springframework.samples.petclinic.owner.Visit,0.05555555555555555
50,org.springframework.samples.petclinic.model.BaseEntity,org.springframework.samples.petclinic.owner.VisitController,0.20833333333333334
51,org.springframework.samples.petclinic.model.BaseEntity,org.springframework.samples.petclinic.vet.Specialty,0.16666666666666666
52,org.springframework.samples.petclinic.model.BaseEntity,org.springframework.samples.petclinic.vet.Vet,0.35294117647058826
53,org.springframework.samples.petclinic.model.BaseEntity,org.springframework.samples.petclinic.vet.Vets,0.25
54,org.springframework.samples.petclinic.model.BaseEntity,org.springframework.samples.petclinic.system.CacheConfiguration,0.15
55,org.springframework.samples.petclinic.model.BaseEntity,org.springframework.samples.petclinic.vet.VetController,0.13636363636363635
56,org.springframework.samples.petclinic.model.BaseEntity,org.springframework.samples.petclinic.vet.VetRepository,0.15
57,org.springframework.samples.petclinic.model.BaseEntity,org.springframework.samples.petclinic.owner.OwnerRepository,0.23529411764705882
58,org.springframework.samples.petclinic.model.BaseEntity,org.springframework.samples.petclinic.owner.PetTypeFormatter,0.23529411764705882
59,org.springframework.samples.petclinic.model.BaseEntity,org.springframework.samples.petclinic.model.package-info,0.25
60,org.springframework.samples.petclinic.model.BaseEntity,org.springframework.samples.petclinic.owner.PetValidator,0.125
61,org.springframework.samples.petclinic.model.BaseEntity,org.springframework.samples.petclinic.system.CrashController,0.1111111111111111
62,org.springframework.samples.petclinic.model.BaseEntity,org.springframework.samples.petclinic.system.WelcomeController,0.11764705882352941
63,org.springframework.samples.petclinic.model.NamedEntity,org.springframework.samples.petclinic.model.Person,0.6
64,org.springframework.samples.petclinic.model.NamedEntity,org.springframework.samples.petclinic.owner.Owner,0.21428571428571427
65,org.springframework.samples.petclinic.model.NamedEntity,org.springframework.samples.petclinic.owner.Pet,0.16666666666666666
66,org.springframework.samples.petclinic.model.NamedEntity,org.springframework.samples.petclinic.owner.PetController,0.2
67,org.springframework.samples.petclinic.model.NamedEntity,org.springframework.samples.petclinic.owner.PetType,0.3
68,org.springframework.samples.petclinic.model.NamedEntity,org.springframework.samples.petclinic.owner.Visit,0.1
69,org.springframework.samples.petclinic.model.NamedEntity,org.springframework.samples.petclinic.owner.VisitController,0.16666666666666666
70,org.springframework.samples.petclinic.model.NamedEntity,org.springframework.samples.petclinic.vet.Specialty,0.18181818181818182
71,org.springframework.samples.petclinic.model.NamedEntity,org.springframework.samples.petclinic.vet.Vet,0.25
72,org.springframework.samples.petclinic.model.NamedEntity,org.springframework.samples.petclinic.vet.Vets,0.3333333333333333
73,org.springframework.samples.petclinic.model.NamedEntity,org.springframework.samples.petclinic.system.CacheConfiguration,0.15384615384615385
74,org.springframework.samples.petclinic.model.NamedEntity,org.springframework.samples.petclinic.vet.VetController,0.13333333333333333
75,org.springframework.samples.petclinic.model.NamedEntity,org.springframework.samples.petclinic.vet.VetRepository,0.15384615384615385
76,org.springframework.samples.petclinic.model.NamedEntity,org.springframework.samples.petclinic.owner.OwnerRepository,0.18181818181818182
77,org.springframework.samples.petclinic.model.NamedEntity,org.springframework.samples.petclinic.owner.PetTypeFormatter,0.18181818181818182
78,org.springframework.samples.petclinic.model.NamedEntity,org.springframework.samples.petclinic.model.package-info,0.5
79,org.springframework.samples.petclinic.model.NamedEntity,org.springframework.samples.petclinic.owner.PetValidator,0.25
80,org.springframework.samples.petclinic.model.NamedEntity,org.springframework.samples.petclinic.system.CrashController,0.2
81,org.springframework.samples.petclinic.model.NamedEntity,org.springframework.samples.petclinic.system.WelcomeController,0.2222222222222222
82,org.springframework.samples.petclinic.model.Person,org.springframework.samples.petclinic.owner.Owner,0.26666666666666666
83,org.springframework.samples.petclinic.model.Person,org.springframework.samples.petclinic.owner.Pet,0.21052631578947367
84,org.springframework.samples.petclinic.model.Person,org.springframework.samples.petclinic.owner.PetController,0.17647058823529413
85,org.springframework.samples.petclinic.model.Person,org.springframework.samples.petclinic.owner.PetType,0.25
86,org.springframework.samples.petclinic.model.Person,org.springframework.samples.petclinic.owner.Visit,0.08333333333333333
87,org.springframework.samples.petclinic.model.Person,org.springframework.samples.petclinic.owner.VisitController,0.15
88,org.springframework.samples.petclinic.model.Person,org.springframework.samples.petclinic.vet.Specialty,0.15384615384615385
89,org.springframework.samples.petclinic.model.Person,org.springframework.samples.petclinic.vet.Vet,0.21428571428571427
90,org.springframework.samples.petclinic.model.Person,org.springframework.samples.petclinic.vet.Vets,0.2727272727272727
91,org.springframework.samples.petclinic.model.Person,org.springframework.samples.petclinic.system.CacheConfiguration,0.13333333333333333
92,org.springframework.samples.petclinic.model.Person,org.springframework.samples.petclinic.vet.VetController,0.11764705882352941
93,org.springframework.samples.petclinic.model.Person,org.springframework.samples.petclinic.vet.VetRepository,0.13333333333333333
94,org.springframework.samples.petclinic.model.Person,org.springframework.samples.petclinic.owner.OwnerRepository,0.15384615384615385
95,org.springframework.samples.petclinic.model.Person,org.springframework.samples.petclinic.owner.PetTypeFormatter,0.15384615384615385
96,org.springframework.samples.petclinic.model.Person,org.springframework.samples.petclinic.model.package-info,0.2727272727272727
97,org.springframework.samples.petclinic.model.Person,org.springframework.samples.petclinic.owner.PetValidator,0.2
98,org.springframework.samples.petclinic.model.Person,org.springframework.samples.petclinic.system.CrashController,0.2727272727272727
99,org.springframework.samples.petclinic.model.Person,org.springframework.samples.petclinic.system.WelcomeController,0.18181818181818182
100,org.springframework.samples.petclinic.owner.Owner,org.springframework.samples.petclinic.owner.Pet,0.3333333333333333
101,org.springframework.samples.petclinic.owner.Owner,org.springframework.samples.petclinic.owner.PetController,0.3125
102,org.springframework.samples.petclinic.owner.Owner,org.springframework.samples.petclinic.owner.PetType,0.6
103,org.springframework.samples.petclinic.owner.Owner,org.springframework.samples.petclinic.owner.Visit,0.16666666666666666
104,org.springframework.samples.petclinic.owner.Owner,org.springframework.samples.petclinic.owner.VisitController,0.5
105,org.springframework.samples.petclinic.owner.Owner,org.springframework.samples.petclinic.vet.Specialty,0.3333333333333333
106,org.springframework.samples.petclinic.owner.Owner,org.springframework.samples.petclinic.vet.Vet,0.5
107,org.springframework.samples.petclinic.owner.Owner,org.springframework.samples.petclinic.vet.Vets,0.5
108,org.springframework.samples.petclinic.owner.Owner,org.springframework.samples.petclinic.system.CacheConfiguration,0.2
109,org.springframework.samples.petclinic.owner.Owner,org.springframework.samples.petclinic.vet.VetController,0.25
110,org.springframework.samples.petclinic.owner.Owner,org.springframework.samples.petclinic.vet.VetRepository,0.2857142857142857
111,org.springframework.samples.petclinic.owner.Owner,org.springframework.samples.petclinic.owner.OwnerRepository,0.45454545454545453
112,org.springframework.samples.petclinic.owner.Owner,org.springframework.samples.petclinic.owner.PetTypeFormatter,0.45454545454545453
113,org.springframework.samples.petclinic.owner.Owner,org.springframework.samples.petclinic.model.package-info,0.25
114,org.springframework.samples.petclinic.owner.Owner,org.springframework.samples.petclinic.owner.PetValidator,0.3
115,org.springframework.samples.petclinic.owner.Owner,org.springframework.samples.petclinic.system.CrashController,0.36363636363636365
116,org.springframework.samples.petclinic.owner.Owner,org.springframework.samples.petclinic.system.WelcomeController,0.2727272727272727
117,org.springframework.samples.petclinic.owner.Pet,org.springframework.samples.petclinic.owner.PetController,0.25
118,org.springframework.samples.petclinic.owner.Pet,org.springframework.samples.petclinic.owner.PetType,0.3333333333333333
119,org.springframework.samples.petclinic.owner.Pet,org.springframework.samples.petclinic.owner.Visit,0.2857142857142857
120,org.springframework.samples.petclinic.owner.Pet,org.springframework.samples.petclinic.owner.VisitController,0.47368421052631576
121,org.springframework.samples.petclinic.owner.Pet,org.springframework.samples.petclinic.vet.Specialty,0.17647058823529413
122,org.springframework.samples.petclinic.owner.Pet,org.springframework.samples.petclinic.vet.Vet,0.29411764705882354
123,org.springframework.samples.petclinic.owner.Pet,org.springframework.samples.petclinic.vet.Vets,0.26666666666666666
124,org.springframework.samples.petclinic.owner.Pet,org.springframework.samples.petclinic.system.CacheConfiguration,0.1
125,org.springframework.samples.petclinic.owner.Pet,org.springframework.samples.petclinic.vet.VetController,0.14285714285714285
126,org.springframework.samples.petclinic.owner.Pet,org.springframework.samples.petclinic.vet.VetRepository,0.15789473684210525
127,org.springframework.samples.petclinic.owner.Pet,org.springframework.samples.petclinic.owner.OwnerRepository,0.25
128,org.springframework.samples.petclinic.owner.Pet,org.springframework.samples.petclinic.owner.PetTypeFormatter,0.25
129,org.springframework.samples.petclinic.owner.Pet,org.springframework.samples.petclinic.model.package-info,0.1875
130,org.springframework.samples.petclinic.owner.Pet,org.springframework.samples.petclinic.owner.PetValidator,0.21428571428571427
131,org.springframework.samples.petclinic.owner.Pet,org.springframework.samples.petclinic.system.CrashController,0.1875
132,org.springframework.samples.petclinic.owner.Pet,org.springframework.samples.petclinic.system.WelcomeController,0.2
133,org.springframework.samples.petclinic.owner.PetController,org.springframework.samples.petclinic.owner.PetType,0.4166666666666667
134,org.springframework.samples.petclinic.owner.PetController,org.springframework.samples.petclinic.owner.Visit,0.07142857142857142
135,org.springframework.samples.petclinic.owner.PetController,org.springframework.samples.petclinic.owner.VisitController,0.47058823529411764
136,org.springframework.samples.petclinic.owner.PetController,org.springframework.samples.petclinic.vet.Specialty,0.21428571428571427
137,org.springframework.samples.petclinic.owner.PetController,org.springframework.samples.petclinic.vet.Vet,0.35714285714285715
138,org.springframework.samples.petclinic.owner.PetController,org.springframework.samples.petclinic.vet.Vets,0.3333333333333333
139,org.springframework.samples.petclinic.owner.PetController,org.springframework.samples.petclinic.system.CacheConfiguration,0.11764705882352941
140,org.springframework.samples.petclinic.owner.PetController,org.springframework.samples.petclinic.vet.VetController,0.3125
141,org.springframework.samples.petclinic.owner.PetController,org.springframework.samples.petclinic.vet.VetRepository,0.1875
142,org.springframework.samples.petclinic.owner.PetController,org.springframework.samples.petclinic.owner.OwnerRepository,0.3076923076923077
143,org.springframework.samples.petclinic.owner.PetController,org.springframework.samples.petclinic.owner.PetTypeFormatter,0.3076923076923077
144,org.springframework.samples.petclinic.owner.PetController,org.springframework.samples.petclinic.model.package-info,0.23076923076923078
145,org.springframework.samples.petclinic.owner.PetController,org.springframework.samples.petclinic.owner.PetValidator,0.2727272727272727
146,org.springframework.samples.petclinic.owner.PetController,org.springframework.samples.petclinic.system.CrashController,0.3333333333333333
147,org.springframework.samples.petclinic.owner.PetController,org.springframework.samples.petclinic.system.WelcomeController,0.36363636363636365
148,org.springframework.samples.petclinic.owner.PetType,org.springframework.samples.petclinic.owner.Visit,0.1111111111111111
149,org.springframework.samples.petclinic.owner.PetType,org.springframework.samples.petclinic.owner.VisitController,0.42857142857142855
150,org.springframework.samples.petclinic.owner.PetType,org.springframework.samples.petclinic.vet.Specialty,0.5
151,org.springframework.samples.petclinic.owner.PetType,org.springframework.samples.petclinic.vet.Vet,0.75
152,org.springframework.samples.petclinic.owner.PetType,org.springframework.samples.petclinic.vet.Vets,0.8333333333333334
153,org.springframework.samples.petclinic.owner.PetType,org.springframework.samples.petclinic.system.CacheConfiguration,0.2727272727272727
154,org.springframework.samples.petclinic.owner.PetType,org.springframework.samples.petclinic.vet.VetController,0.3333333333333333
155,org.springframework.samples.petclinic.owner.PetType,org.springframework.samples.petclinic.vet.VetRepository,0.4
156,org.springframework.samples.petclinic.owner.PetType,org.springframework.samples.petclinic.owner.OwnerRepository,0.7142857142857143
157,org.springframework.samples.petclinic.owner.PetType,org.springframework.samples.petclinic.owner.PetTypeFormatter,0.7142857142857143
158,org.springframework.samples.petclinic.owner.PetType,org.springframework.samples.petclinic.model.package-info,0.375
159,org.springframework.samples.petclinic.owner.PetType,org.springframework.samples.petclinic.owner.PetValidator,0.5
160,org.springframework.samples.petclinic.owner.PetType,org.springframework.samples.petclinic.system.CrashController,0.375
161,org.springframework.samples.petclinic.owner.PetType,org.springframework.samples.petclinic.system.WelcomeController,0.42857142857142855
162,org.springframework.samples.petclinic.owner.Visit,org.springframework.samples.petclinic.owner.VisitController,0.2857142857142857
163,org.springframework.samples.petclinic.owner.Visit,org.springframework.samples.petclinic.vet.Specialty,0.1111111111111111
164,org.springframework.samples.petclinic.owner.Visit,org.springframework.samples.petclinic.vet.Vet,0.09090909090909091
165,org.springframework.samples.petclinic.owner.Visit,org.springframework.samples.petclinic.vet.Vets,0.125
166,org.springframework.samples.petclinic.owner.VisitController,org.springframework.samples.petclinic.vet.Specialty,0.25
167,org.springframework.samples.petclinic.owner.VisitController,org.springframework.samples.petclinic.vet.Vet,0.375
168,org.springframework.samples.petclinic.owner.VisitController,org.springframework.samples.petclinic.vet.Vets,0.35714285714285715
169,org.springframework.samples.petclinic.owner.VisitController,org.springframework.samples.petclinic.system.CacheConfiguration,0.15789473684210525
170,org.springframework.samples.petclinic.owner.VisitController,org.springframework.samples.petclinic.vet.VetController,0.3333333333333333
171,org.springframework.samples.petclinic.owner.VisitController,org.springframework.samples.petclinic.vet.VetRepository,0.2222222222222222
172,org.springframework.samples.petclinic.owner.VisitController,org.springframework.samples.petclinic.owner.OwnerRepository,0.3333333333333333
173,org.springframework.samples.petclinic.owner.VisitController,org.springframework.samples.petclinic.owner.PetTypeFormatter,0.3333333333333333
174,org.springframework.samples.petclinic.owner.VisitController,org.springframework.samples.petclinic.model.package-info,0.1875
175,org.springframework.samples.petclinic.owner.VisitController,org.springframework.samples.petclinic.owner.PetValidator,0.21428571428571427
176,org.springframework.samples.petclinic.owner.VisitController,org.springframework.samples.petclinic.system.CrashController,0.26666666666666666
177,org.springframework.samples.petclinic.owner.VisitController,org.springframework.samples.petclinic.system.WelcomeController,0.2857142857142857
178,org.springframework.samples.petclinic.vet.Specialty,org.springframework.samples.petclinic.vet.Vet,0.5555555555555556
179,org.springframework.samples.petclinic.vet.Specialty,org.springframework.samples.petclinic.vet.Vets,0.5714285714285714
180,org.springframework.samples.petclinic.vet.Specialty,org.springframework.samples.petclinic.system.CacheConfiguration,0.16666666666666666
181,org.springframework.samples.petclinic.vet.Specialty,org.springframework.samples.petclinic.vet.VetController,0.23076923076923078
182,org.springframework.samples.petclinic.vet.Specialty,org.springframework.samples.petclinic.vet.VetRepository,0.2727272727272727
183,org.springframework.samples.petclinic.vet.Specialty,org.springframework.samples.petclinic.owner.OwnerRepository,0.3333333333333333
184,org.springframework.samples.petclinic.vet.Specialty,org.springframework.samples.petclinic.owner.PetTypeFormatter,0.3333333333333333
185,org.springframework.samples.petclinic.vet.Specialty,org.springframework.samples.petclinic.model.package-info,0.2222222222222222
186,org.springframework.samples.petclinic.vet.Specialty,org.springframework.samples.petclinic.owner.PetValidator,0.2857142857142857
187,org.springframework.samples.petclinic.vet.Specialty,org.springframework.samples.petclinic.system.CrashController,0.2222222222222222
188,org.springframework.samples.petclinic.vet.Specialty,org.springframework.samples.petclinic.system.WelcomeController,0.25
189,org.springframework.samples.petclinic.vet.Vet,org.springframework.samples.petclinic.vet.Vets,0.625
190,org.springframework.samples.petclinic.vet.Vet,org.springframework.samples.petclinic.system.CacheConfiguration,0.23076923076923078
191,org.springframework.samples.petclinic.vet.Vet,org.springframework.samples.petclinic.vet.VetController,0.2857142857142857
192,org.springframework.samples.petclinic.vet.Vet,org.springframework.samples.petclinic.vet.VetRepository,0.3333333333333333
193,org.springframework.samples.petclinic.vet.Vet,org.springframework.samples.petclinic.owner.OwnerRepository,0.5555555555555556
194,org.springframework.samples.petclinic.vet.Vet,org.springframework.samples.petclinic.owner.PetTypeFormatter,0.5555555555555556
195,org.springframework.samples.petclinic.vet.Vet,org.springframework.samples.petclinic.model.package-info,0.3
196,org.springframework.samples.petclinic.vet.Vet,org.springframework.samples.petclinic.owner.PetValidator,0.375
197,org.springframework.samples.petclinic.vet.Vet,org.springframework.samples.petclinic.system.CrashController,0.3
198,org.springframework.samples.petclinic.vet.Vet,org.springframework.samples.petclinic.system.WelcomeController,0.3333333333333333
199,org.springframework.samples.petclinic.vet.Vets,org.springframework.samples.petclinic.system.CacheConfiguration,0.3
200,org.springframework.samples.petclinic.vet.Vets,org.springframework.samples.petclinic.vet.VetController,0.36363636363636365
201,org.springframework.samples.petclinic.vet.Vets,org.springframework.samples.petclinic.vet.VetRepository,0.4444444444444444
202,org.springframework.samples.petclinic.vet.Vets,org.springframework.samples.petclinic.owner.OwnerRepository,0.5714285714285714
203,org.springframework.samples.petclinic.vet.Vets,org.springframework.samples.petclinic.owner.PetTypeFormatter,0.5714285714285714
204,org.springframework.samples.petclinic.vet.Vets,org.springframework.samples.petclinic.model.package-info,0.42857142857142855
205,org.springframework.samples.petclinic.vet.Vets,org.springframework.samples.petclinic.owner.PetValidator,0.6
206,org.springframework.samples.petclinic.vet.Vets,org.springframework.samples.petclinic.system.CrashController,0.42857142857142855
207,org.springframework.samples.petclinic.vet.Vets,org.springframework.samples.petclinic.system.WelcomeController,0.5
208,org.springframework.samples.petclinic.system.CacheConfiguration,org.springframework.samples.petclinic.vet.VetController,0.2857142857142857
209,org.springframework.samples.petclinic.system.CacheConfiguration,org.springframework.samples.petclinic.vet.VetRepository,0.3333333333333333
210,org.springframework.samples.petclinic.system.CacheConfiguration,org.springframework.samples.petclinic.owner.OwnerRepository,0.2727272727272727
211,org.springframework.samples.petclinic.system.CacheConfiguration,org.springframework.samples.petclinic.owner.PetTypeFormatter,0.2727272727272727
212,org.springframework.samples.petclinic.system.CacheConfiguration,org.springframework.samples.petclinic.model.package-info,0.18181818181818182
213,org.springframework.samples.petclinic.system.CacheConfiguration,org.springframework.samples.petclinic.owner.PetValidator,0.2222222222222222
214,org.springframework.samples.petclinic.system.CacheConfiguration,org.springframework.samples.petclinic.system.CrashController,0.18181818181818182
215,org.springframework.samples.petclinic.system.CacheConfiguration,org.springframework.samples.petclinic.system.WelcomeController,0.2
216,org.springframework.samples.petclinic.vet.VetController,org.springframework.samples.petclinic.vet.VetRepository,0.38461538461538464
217,org.springframework.samples.petclinic.vet.VetController,org.springframework.samples.petclinic.owner.OwnerRepository,0.3333333333333333
218,org.springframework.samples.petclinic.vet.VetController,org.springframework.samples.petclinic.owner.PetTypeFormatter,0.3333333333333333
219,org.springframework.samples.petclinic.vet.VetController,org.springframework.samples.petclinic.model.package-info,0.25
220,org.springframework.samples.petclinic.vet.VetController,org.springframework.samples.petclinic.owner.PetValidator,0.3
221,org.springframework.samples.petclinic.vet.VetController,org.springframework.samples.petclinic.system.CrashController,0.36363636363636365
222,org.springframework.samples.petclinic.vet.VetController,org.springframework.samples.petclinic.system.WelcomeController,0.4
223,org.springframework.samples.petclinic.vet.VetRepository,org.springframework.samples.petclinic.owner.OwnerRepository,0.4
224,org.springframework.samples.petclinic.vet.VetRepository,org.springframework.samples.petclinic.owner.PetTypeFormatter,0.4
225,org.springframework.samples.petclinic.vet.VetRepository,org.springframework.samples.petclinic.model.package-info,0.3
226,org.springframework.samples.petclinic.vet.VetRepository,org.springframework.samples.petclinic.owner.PetValidator,0.375
227,org.springframework.samples.petclinic.vet.VetRepository,org.springframework.samples.petclinic.system.CrashController,0.3
228,org.springframework.samples.petclinic.vet.VetRepository,org.springframework.samples.petclinic.system.WelcomeController,0.3333333333333333
229,org.springframework.samples.petclinic.owner.OwnerRepository,org.springframework.samples.petclinic.owner.PetTypeFormatter,1.0
230,org.springframework.samples.petclinic.owner.OwnerRepository,org.springframework.samples.petclinic.model.package-info,0.375
231,org.springframework.samples.petclinic.owner.OwnerRepository,org.springframework.samples.petclinic.owner.PetValidator,0.5
232,org.springframework.samples.petclinic.owner.OwnerRepository,org.springframework.samples.petclinic.system.CrashController,0.375
233,org.springframework.samples.petclinic.owner.OwnerRepository,org.springframework.samples.petclinic.system.WelcomeController,0.42857142857142855
234,org.springframework.samples.petclinic.owner.PetTypeFormatter,org.springframework.samples.petclinic.model.package-info,0.375
235,org.springframework.samples.petclinic.owner.PetTypeFormatter,org.springframework.samples.petclinic.owner.PetValidator,0.5
236,org.springframework.samples.petclinic.owner.PetTypeFormatter,org.springframework.samples.petclinic.system.CrashController,0.375
237,org.springframework.samples.petclinic.owner.PetTypeFormatter,org.springframework.samples.petclinic.system.WelcomeController,0.42857142857142855
238,org.springframework.samples.petclinic.model.package-info,org.springframework.samples.petclinic.owner.PetValidator,0.6
239,org.springframework.samples.petclinic.model.package-info,org.springframework.samples.petclinic.system.CrashController,0.42857142857142855
240,org.springframework.samples.petclinic.model.package-info,org.springframework.samples.petclinic.system.WelcomeController,0.5
241,org.springframework.samples.petclinic.owner.PetValidator,org.springframework.samples.petclinic.system.CrashController,0.6
242,org.springframework.samples.petclinic.owner.PetValidator,org.springframework.samples.petclinic.system.WelcomeController,0.75
243,org.springframework.samples.petclinic.system.CrashController,org.springframework.samples.petclinic.system.WelcomeController,0.8
