partitionID,className,classID
0,NamedEntity.java,src/main/java/org/springframework/samples/petclinic/model/NamedEntity.java
0,BaseEntity.java,src/main/java/org/springframework/samples/petclinic/model/BaseEntity.java
0,Person.java,src/main/java/org/springframework/samples/petclinic/model/Person.java
1,WelcomeController.java,src/main/java/org/springframework/samples/petclinic/system/WelcomeController.java
1,package-info.java,src/main/java/org/springframework/samples/petclinic/model/package-info.java
1,VetController.java,src/main/java/org/springframework/samples/petclinic/vet/VetController.java
1,VetRepository.java,src/main/java/org/springframework/samples/petclinic/vet/VetRepository.java
1,OwnerController.java,src/main/java/org/springframework/samples/petclinic/owner/OwnerController.java
1,PetController.java,src/main/java/org/springframework/samples/petclinic/owner/PetController.java
1,VisitController.java,src/main/java/org/springframework/samples/petclinic/owner/VisitController.java
1,Owner.java,src/main/java/org/springframework/samples/petclinic/owner/Owner.java
1,Pet.java,src/main/java/org/springframework/samples/petclinic/owner/Pet.java
1,Vet.java,src/main/java/org/springframework/samples/petclinic/vet/Vet.java
1,Specialty.java,src/main/java/org/springframework/samples/petclinic/vet/Specialty.java
1,Visit.java,src/main/java/org/springframework/samples/petclinic/owner/Visit.java
1,OwnerControllerTests.java,src/test/java/org/springframework/samples/petclinic/owner/OwnerControllerTests.java
1,PetControllerTests.java,src/test/java/org/springframework/samples/petclinic/owner/PetControllerTests.java
1,CrashControllerTests.java,src/test/java/org/springframework/samples/petclinic/system/CrashControllerTests.java
1,VisitControllerTests.java,src/test/java/org/springframework/samples/petclinic/owner/VisitControllerTests.java
1,VetControllerTests.java,src/test/java/org/springframework/samples/petclinic/vet/VetControllerTests.java
1,ClinicServiceTests.java,src/test/java/org/springframework/samples/petclinic/service/ClinicServiceTests.java
1,PetTypeFormatterTests.java,src/test/java/org/springframework/samples/petclinic/owner/PetTypeFormatterTests.java
1,PetValidator.java,src/main/java/org/springframework/samples/petclinic/owner/PetValidator.java
1,ValidatorTests.java,src/test/java/org/springframework/samples/petclinic/model/ValidatorTests.java
1,CrashController.java,src/main/java/org/springframework/samples/petclinic/system/CrashController.java
2,PetTypeFormatter.java,src/main/java/org/springframework/samples/petclinic/owner/PetTypeFormatter.java
2,OwnerRepository.java,src/main/java/org/springframework/samples/petclinic/owner/OwnerRepository.java
