,method,stmtLineNumber,stmt
0,<com.example.deviceid_contentprovider1.MainActivity: void sendPort()>,-1,$r5 = virtualinvoke r3.<android.telephony.TelephonyManager: java.lang.String getDeviceId()>()
1,<com.example.deviceid_contentprovider1.MainActivity: void sendPort()>,-1,$r4 = virtualinvoke $r4.<java.lang.String: java.lang.String concat(java.lang.String)>($r5)
2,<com.example.deviceid_contentprovider1.MainActivity: void sendPort()>,-1,r0.<com.example.deviceid_contentprovider1.MainActivity: java.lang.String message> = $r4
3,<com.example.deviceid_contentprovider1.MainActivity: void sendPort()>,-1,virtualinvoke r0.<com.example.deviceid_contentprovider1.MainActivity: void deleteAll()>()
4,<com.example.deviceid_contentprovider1.MainActivity: void deleteAll()>,-1,r0 := @this: com.example.deviceid_contentprovider1.MainActivity
5,<com.example.deviceid_contentprovider1.MainActivity: void sendPort()>,-1,r0 := @this: com.example.deviceid_contentprovider1.MainActivity
6,<com.example.deviceid_contentprovider1.MainActivity$1: void onClick(android.view.View)>,-1,virtualinvoke $r2.<com.example.deviceid_contentprovider1.MainActivity: void sendPort()>()
7,<com.example.deviceid_contentprovider1.MainActivity: void sendPort()>,-1,virtualinvoke r0.<com.example.deviceid_contentprovider1.MainActivity: void showAll()>()
8,<com.example.deviceid_contentprovider1.MainActivity: void showAll()>,-1,specialinvoke r0.<com.example.deviceid_contentprovider1.MainActivity: void sendDeviceId()>()
9,<com.example.deviceid_contentprovider1.MainActivity: void sendDeviceId()>,-1,virtualinvoke r0.<com.example.deviceid_contentprovider1.MainActivity: void startActivity(android.content.Intent)>(r1)
