{"tool": {"decomposition": {"0": [{"id": "Account.getFavouriteCategoryId"}, {"id": "Account.getPassword"}, {"id": "Account.getUsername"}, {"id": "Account.setPassword"}, {"id": "Account.setUsername"}, {"id": "LineItem.LineItem"}, {"id": "Order.Order"}, {"id": "Order.addLineItem"}, {"id": "Order.getOrderId"}, {"id": "Order.getUsername"}, {"id": "Order.initOrder"}, {"id": "Order.setOrderId"}, {"id": "AbstractActionBean.setMessage"}, {"id": "AccountActionBean.AccountActionBean"}, {"id": "AccountActionBean.clear"}, {"id": "AccountActionBean.editAccount"}, {"id": "AccountActionBean.editAccountForm"}, {"id": "AccountActionBean.getPassword"}, {"id": "AccountActionBean.getUsername"}, {"id": "AccountActionBean.isAuthenticated"}, {"id": "AccountActionBean.newAccount"}, {"id": "AccountActionBean.newAccountForm"}, {"id": "AccountActionBean.setMyList"}, {"id": "AccountActionBean.setPassword"}, {"id": "AccountActionBean.setUsername"}, {"id": "AccountActionBean.signoff"}, {"id": "AccountActionBean.signon"}, {"id": "AccountActionBean.signonForm"}, {"id": "CartActionBean.checkOut"}, {"id": "CartActionBean.viewCart"}, {"id": "CatalogActionBean.CatalogActionBean"}, {"id": "CatalogActionBean.searchProducts"}, {"id": "CatalogActionBean.viewItem"}, {"id": "CatalogActionBean.viewMain"}, {"id": "OrderActionBean.OrderActionBean"}, {"id": "OrderActionBean.clear"}, {"id": "OrderActionBean.getOrder"}, {"id": "OrderActionBean.getOrderId"}, {"id": "OrderActionBean.isConfirmed"}, {"id": "OrderActionBean.listOrders"}, {"id": "OrderActionBean.newOrder"}, {"id": "OrderActionBean.newOrderForm"}, {"id": "OrderActionBean.setConfirmed"}, {"id": "OrderActionBean.setOrder"}, {"id": "OrderActionBean.setOrderId"}, {"id": "OrderActionBean.setShippingAddressRequired"}, {"id": "OrderActionBean.viewOrder"}], "2": [{"id": "Cart.Cart"}, {"id": "Cart.addItem"}, {"id": "CartItem.incrementQuantity"}, {"id": "CartItem.setItem"}, {"id": "CartItem.setQuantity"}, {"id": "Item.getProduct"}, {"id": "CartActionBean.CartActionBean"}, {"id": "CartActionBean.addItemToCart"}, {"id": "CartActionBean.removeItemFromCart"}, {"id": "CartActionBean.updateCartQuantities"}, {"id": "CatalogActionBean.clear"}, {"id": "CatalogActionBean.setCategory"}, {"id": "CatalogActionBean.setCategoryId"}, {"id": "CatalogActionBean.setCategoryList"}, {"id": "CatalogActionBean.setItem"}, {"id": "CatalogActionBean.setItemId"}, {"id": "CatalogActionBean.setItemList"}, {"id": "CatalogActionBean.setKeyword"}, {"id": "CatalogActionBean.setProduct"}, {"id": "CatalogActionBean.setProductId"}, {"id": "CatalogActionBean.setProductList"}, {"id": "CatalogActionBean.viewCategory"}, {"id": "CatalogActionBean.viewProduct"}], "1": [{"id": "Cart.containsItemId"}, {"id": "Cart.getAllCartItems"}, {"id": "Cart.removeItemById"}, {"id": "CartActionBean.clear"}, {"id": "CartActionBean.getCart"}, {"id": "CartActionBean.setCart"}, {"id": "CartActionBean.setWorkingItemId"}]}}}