partitionID,className,classID
0,ShipmentControllerTest.java,src/Backend/OrderService/src/test/java/smpl/ordering/controllers/ShipmentControllerTest.java
0,app-test.py,Labfiles/DevOps200.1x-PracticesandPrinciples/Mod03/python-ci-example-master/app/tests/app-test.py
0,app.py,Labfiles/DevOps200.1x-PracticesandPrinciples/Mod04/load_testing_locust-master/app/app.py
0,locustfile.py,Labfiles/DevOps200.1x-PracticesandPrinciples/Mod04/load_testing_locust-master/locustfile.py
0,app.py,Labfiles/DevOps200.1x-PracticesandPrinciples/Mod03/python-ci-example-master/app/src/app.py
0,ShipmentRepositoryTest.java,src/Backend/OrderService/src/test/java/smpl/ordering/repositories/ShipmentRepositoryTest.java
0,MockShipmentRepository.java,src/Backend/OrderService/src/main/java/smpl/ordering/repositories/mock/MockShipmentRepository.java
0,Delivery.java,src/Backend/OrderService/src/main/java/smpl/ordering/models/Delivery.java
0,ShipmentController.java,src/Backend/OrderService/src/main/java/smpl/ordering/controllers/ShipmentController.java
0,MongoShipmentRepository.java,src/Backend/OrderService/src/main/java/smpl/ordering/repositories/mongodb/MongoShipmentRepository.java
0,ShipmentRepository.java,src/Backend/OrderService/src/main/java/smpl/ordering/repositories/ShipmentRepository.java
0,OrderControllerTest.java,src/Backend/OrderService/src/test/java/smpl/ordering/controllers/OrderControllerTest.java
0,OrderRepositoryTest.java,src/Backend/OrderService/src/test/java/smpl/ordering/repositories/OrderRepositoryTest.java
0,MockOrderRepository.java,src/Backend/OrderService/src/main/java/smpl/ordering/repositories/mock/MockOrderRepository.java
0,MrpConnectService.java,src/Backend/IntegrationService/src/main/java/integration/services/MrpConnectService.java
0,OrderDetails.java,src/Backend/OrderService/src/main/java/smpl/ordering/repositories/mongodb/models/OrderDetails.java
0,Order.java,src/Backend/OrderService/src/main/java/smpl/ordering/models/Order.java
0,OrderController.java,src/Backend/OrderService/src/main/java/smpl/ordering/controllers/OrderController.java
0,Order.java,src/Backend/IntegrationService/src/main/java/integration/models/mrp/Order.java
0,MongoOrderRepository.java,src/Backend/OrderService/src/main/java/smpl/ordering/repositories/mongodb/MongoOrderRepository.java
0,Main.java,src/Backend/IntegrationService/src/main/java/integration/Main.java
0,OrderUpdateInfo.java,src/Backend/OrderService/src/main/java/smpl/ordering/models/OrderUpdateInfo.java
0,OrderEventInfo.java,src/Backend/OrderService/src/main/java/smpl/ordering/models/OrderEventInfo.java
0,ShipmentEventInfo.java,src/Backend/IntegrationService/src/main/java/integration/models/mrp/ShipmentEventInfo.java
0,ShipmentEventInfo.java,src/Backend/OrderService/src/main/java/smpl/ordering/models/ShipmentEventInfo.java
0,OrderStatus.java,src/Backend/OrderService/src/main/java/smpl/ordering/models/OrderStatus.java
0,OrderRepository.java,src/Backend/OrderService/src/main/java/smpl/ordering/repositories/OrderRepository.java
0,UtilityTest.java,src/Backend/OrderService/src/test/java/smpl/ordering/UtilityTest.java
0,Utility.java,src/Backend/OrderService/src/main/java/smpl/ordering/Utility.java
0,DealersRepositoryTest.java,src/Backend/OrderService/src/test/java/smpl/ordering/repositories/DealersRepositoryTest.java
0,MockDealersRepository.java,src/Backend/OrderService/src/main/java/smpl/ordering/repositories/mock/MockDealersRepository.java
0,Dealer.java,src/Backend/OrderService/src/main/java/smpl/ordering/repositories/mongodb/models/Dealer.java
0,DealerInfo.java,src/Backend/OrderService/src/main/java/smpl/ordering/models/DealerInfo.java
0,DealersRepository.java,src/Backend/OrderService/src/main/java/smpl/ordering/repositories/DealersRepository.java
0,MongoDealersRepository.java,src/Backend/OrderService/src/main/java/smpl/ordering/repositories/mongodb/MongoDealersRepository.java
0,DealerControllerTest.java,src/Backend/OrderService/src/test/java/smpl/ordering/controllers/DealerControllerTest.java
0,MongoDealersRepositoryTest.java,src/Backend/OrderService/src/test/java/smpl/ordering/repositories/mongodb/test/MongoDealersRepositoryTest.java
0,MongoCatalogItemsRepositoryTest.java,src/Backend/OrderService/src/test/java/smpl/ordering/repositories/mongodb/test/MongoCatalogItemsRepositoryTest.java
0,MockCatalogItemsRepositoryTest.java,src/Backend/OrderService/src/test/java/smpl/ordering/repositories/mock/test/MockCatalogItemsRepositoryTest.java
0,MongoCatalogItemsRepository.java,src/Backend/OrderService/src/main/java/smpl/ordering/repositories/mongodb/MongoCatalogItemsRepository.java
0,CatalogItem.java,src/Backend/OrderService/src/main/java/smpl/ordering/repositories/mongodb/models/CatalogItem.java
0,CatalogItem.java,src/Backend/OrderService/src/main/java/smpl/ordering/models/CatalogItem.java
0,ProductItem.java,src/Backend/IntegrationService/src/main/java/integration/models/website/ProductItem.java
0,QuoteItemInfo.java,src/Backend/IntegrationService/src/main/java/integration/models/mrp/QuoteItemInfo.java
0,OrderItem.java,src/Backend/IntegrationService/src/main/java/integration/models/website/OrderItem.java
0,PhoneInfo.java,src/Backend/IntegrationService/src/main/java/integration/models/mrp/PhoneInfo.java
0,PhoneInfo.java,src/Backend/OrderService/src/main/java/smpl/ordering/models/PhoneInfo.java
0,QuoteItemInfo.java,src/Backend/OrderService/src/main/java/smpl/ordering/models/QuoteItemInfo.java
0,CatalogItem.java,src/Backend/IntegrationService/src/main/java/integration/models/mrp/CatalogItem.java
0,CatalogControllerTest.java,src/Backend/OrderService/src/test/java/smpl/ordering/controllers/CatalogControllerTest.java
0,CatalogItemsRepositoryTest.java,src/Backend/OrderService/src/test/java/smpl/ordering/repositories/CatalogItemsRepositoryTest.java
0,CatalogItemsRepository.java,src/Backend/OrderService/src/main/java/smpl/ordering/repositories/CatalogItemsRepository.java
0,MockCatalogItemsRepository.java,src/Backend/OrderService/src/main/java/smpl/ordering/repositories/mock/MockCatalogItemsRepository.java
0,UpdateProductProcessTask.java,src/Backend/IntegrationService/src/main/java/integration/scheduled/UpdateProductProcessTask.java
0,CreateOrderProcessTask.java,src/Backend/IntegrationService/src/main/java/integration/scheduled/CreateOrderProcessTask.java
0,QueueService.java,src/Backend/IntegrationService/src/main/java/integration/services/QueueService.java
0,ConfigurationManager.java,src/Backend/IntegrationService/src/main/java/integration/infrastructure/ConfigurationManager.java
0,QueueFactory.java,src/Backend/IntegrationService/src/main/java/integration/services/QueueFactory.java
0,QueueResponse.java,src/Backend/IntegrationService/src/main/java/integration/models/QueueResponse.java
0,OrderingServiceProperties.java,src/Backend/OrderService/src/main/java/smpl/ordering/OrderingServiceProperties.java
0,CatalogController.java,src/Backend/OrderService/src/main/java/smpl/ordering/controllers/CatalogController.java
0,MockDealersRepositoryTest.java,src/Backend/OrderService/src/test/java/smpl/ordering/repositories/mock/test/MockDealersRepositoryTest.java
0,AppInsightsFilter.java,src/Backend/OrderService/src/main/java/smpl/ordering/AppInsightsFilter.java
0,OrderMessage.java,src/Backend/IntegrationService/src/main/java/integration/models/website/OrderMessage.java
0,DeliveryAddress.java,src/Backend/IntegrationService/src/main/java/integration/models/mrp/DeliveryAddress.java
0,DeliveryAddress.java,src/Backend/OrderService/src/main/java/smpl/ordering/models/DeliveryAddress.java
0,DealerController.java,src/Backend/OrderService/src/main/java/smpl/ordering/controllers/DealerController.java
0,MongoOperationsWithRetry.java,src/Backend/OrderService/src/main/java/smpl/ordering/repositories/mongodb/MongoOperationsWithRetry.java
0,ProductMessage.java,src/Backend/IntegrationService/src/main/java/integration/models/website/ProductMessage.java
0,Quote.java,src/Backend/IntegrationService/src/main/java/integration/models/mrp/Quote.java
0,Quote.java,src/Backend/OrderService/src/main/java/smpl/ordering/models/Quote.java
0,ShipmentRecord.java,src/Backend/IntegrationService/src/main/java/integration/models/mrp/ShipmentRecord.java
0,ShipmentDetails.java,src/Backend/OrderService/src/main/java/smpl/ordering/repositories/mongodb/models/ShipmentDetails.java
0,ShipmentRecord.java,src/Backend/OrderService/src/main/java/smpl/ordering/models/ShipmentRecord.java
0,TestOrderingConfiguration.java,src/Backend/OrderService/src/test/java/smpl/ordering/TestOrderingConfiguration.java
0,OrderingConfiguration.java,src/Backend/OrderService/src/main/java/smpl/ordering/OrderingConfiguration.java
0,MongoDBProperties.java,src/Backend/OrderService/src/main/java/smpl/ordering/MongoDBProperties.java
0,PingController.java,src/Backend/OrderService/src/main/java/smpl/ordering/controllers/PingController.java
0,PropertyHelper.java,src/Backend/OrderService/src/main/java/smpl/ordering/PropertyHelper.java
0,ConfigurationHelpers.java,src/Backend/IntegrationService/src/main/java/integration/infrastructure/ConfigurationHelpers.java
0,PostgresqlProperties.java,src/Backend/OrderService/src/main/java/smpl/ordering/PostgresqlProperties.java
0,MongoOrderRepositoryTest.java,src/Backend/OrderService/src/test/java/smpl/ordering/repositories/mongodb/test/MongoOrderRepositoryTest.java
0,MockOrderRepositoryTest.java,src/Backend/OrderService/src/test/java/smpl/ordering/repositories/mock/test/MockOrderRepositoryTest.java
0,MongoQuoteRepositoryTest.java,src/Backend/OrderService/src/test/java/smpl/ordering/repositories/mongodb/test/MongoQuoteRepositoryTest.java
0,MockQuoteRepositoryTest.java,src/Backend/OrderService/src/test/java/smpl/ordering/repositories/mock/test/MockQuoteRepositoryTest.java
0,MongoShipmentRepositoryTest.java,src/Backend/OrderService/src/test/java/smpl/ordering/repositories/mongodb/test/MongoShipmentRepositoryTest.java
0,IntegrationTests.java,src/Backend/OrderService/src/test/java/smpl/ordering/repositories/mongodb/test/IntegrationTests.java
0,default.rb,Labfiles/AZ-400T05-ImplemntgAppInfra/Labfiles/M04/DeployusingChef/final/default.rb
0,default.rb,Labfiles/DevOps200.2x-InfrastructureasCode/DeployusingChef/final/default.rb
0,TestPath.java,src/Backend/OrderService/src/main/java/smpl/ordering/TestPath.java
0,MockShipmentRepositoryTest.java,src/Backend/OrderService/src/test/java/smpl/ordering/repositories/mock/test/MockShipmentRepositoryTest.java
0,QuoteControllerTest.java,src/Backend/OrderService/src/test/java/smpl/ordering/controllers/QuoteControllerTest.java
0,QuoteRepositoryTest.java,src/Backend/OrderService/src/test/java/smpl/ordering/repositories/QuoteRepositoryTest.java
0,MockQuoteRepository.java,src/Backend/OrderService/src/main/java/smpl/ordering/repositories/mock/MockQuoteRepository.java
0,MongoQuoteRepository.java,src/Backend/OrderService/src/main/java/smpl/ordering/repositories/mongodb/MongoQuoteRepository.java
0,QuoteDetails.java,src/Backend/OrderService/src/main/java/smpl/ordering/repositories/mongodb/models/QuoteDetails.java
0,QuoteRepository.java,src/Backend/OrderService/src/main/java/smpl/ordering/repositories/QuoteRepository.java
0,QuoteController.java,src/Backend/OrderService/src/main/java/smpl/ordering/controllers/QuoteController.java
1,BadRequestException.java,src/Backend/OrderService/src/main/java/smpl/ordering/BadRequestException.java
1,ConflictingRequestException.java,src/Backend/OrderService/src/main/java/smpl/ordering/ConflictingRequestException.java
2,OrderingInitializer.java,src/Backend/OrderService/src/main/java/smpl/ordering/OrderingInitializer.java
2,ConfigurationRule.java,src/Backend/OrderService/src/test/java/smpl/ordering/ConfigurationRule.java
