,method,stmtLineNumber,stmt
0,<de.ecspride.MainActivity: void onSaveInstanceState(android.os.Bundle)>,-1,$r4 = virtualinvoke r3.<android.telephony.TelephonyManager: java.lang.String getSubscriberId()>()
1,<de.ecspride.MainActivity: void onSaveInstanceState(android.os.Bundle)>,-1,r0.<de.ecspride.MainActivity: java.lang.String s> = $r4
2,<de.ecspride.MainActivity: void onSaveInstanceState(android.os.Bundle)>,-1,return
3,<dummyMainClass: de.ecspride.MainActivity dummyMainMethod_de_ecspride_MainActivity(android.content.Intent)>,-1,virtualinvoke $r0.<de.ecspride.MainActivity: void onRestoreInstanceState(android.os.Bundle)>(null)
4,<de.ecspride.MainActivity: void onRestoreInstanceState(android.os.Bundle)>,-1,$r2 = r0.<de.ecspride.MainActivity: java.lang.String s>
5,<de.ecspride.MainActivity: void onRestoreInstanceState(android.os.Bundle)>,-1,"virtualinvoke $r3.<android.telephony.SmsManager: void sendTextMessage(java.lang.String,java.lang.String,java.lang.String,android.app.PendingIntent,android.app.PendingIntent)>(""+49 1234"", null, $r2, null, null)"
