partitionID,className,classID
0,MongoOrderRepository.java,src/Backend/OrderService/src/main/java/smpl/ordering/repositories/mongodb/MongoOrderRepository.java
0,Main.java,src/Backend/IntegrationService/src/main/java/integration/Main.java
0,OrderUpdateInfo.java,src/Backend/OrderService/src/main/java/smpl/ordering/models/OrderUpdateInfo.java
0,OrderEventInfo.java,src/Backend/OrderService/src/main/java/smpl/ordering/models/OrderEventInfo.java
0,ShipmentEventInfo.java,src/Backend/IntegrationService/src/main/java/integration/models/mrp/ShipmentEventInfo.java
0,ShipmentEventInfo.java,src/Backend/OrderService/src/main/java/smpl/ordering/models/ShipmentEventInfo.java
0,OrderStatus.java,src/Backend/OrderService/src/main/java/smpl/ordering/models/OrderStatus.java
1,MongoOrderRepositoryTest.java,src/Backend/OrderService/src/test/java/smpl/ordering/repositories/mongodb/test/MongoOrderRepositoryTest.java
1,MockOrderRepositoryTest.java,src/Backend/OrderService/src/test/java/smpl/ordering/repositories/mock/test/MockOrderRepositoryTest.java
1,MongoQuoteRepositoryTest.java,src/Backend/OrderService/src/test/java/smpl/ordering/repositories/mongodb/test/MongoQuoteRepositoryTest.java
1,MockQuoteRepositoryTest.java,src/Backend/OrderService/src/test/java/smpl/ordering/repositories/mock/test/MockQuoteRepositoryTest.java
2,OrderRepositoryTest.java,src/Backend/OrderService/src/test/java/smpl/ordering/repositories/OrderRepositoryTest.java
2,OrderControllerTest.java,src/Backend/OrderService/src/test/java/smpl/ordering/controllers/OrderControllerTest.java
3,QuoteItemInfo.java,src/Backend/IntegrationService/src/main/java/integration/models/mrp/QuoteItemInfo.java
3,ProductItem.java,src/Backend/IntegrationService/src/main/java/integration/models/website/ProductItem.java
3,CatalogItem.java,src/Backend/OrderService/src/main/java/smpl/ordering/models/CatalogItem.java
3,CatalogItem.java,src/Backend/OrderService/src/main/java/smpl/ordering/repositories/mongodb/models/CatalogItem.java
3,CatalogItem.java,src/Backend/IntegrationService/src/main/java/integration/models/mrp/CatalogItem.java
3,OrderItem.java,src/Backend/IntegrationService/src/main/java/integration/models/website/OrderItem.java
3,PhoneInfo.java,src/Backend/IntegrationService/src/main/java/integration/models/mrp/PhoneInfo.java
3,PhoneInfo.java,src/Backend/OrderService/src/main/java/smpl/ordering/models/PhoneInfo.java
3,QuoteItemInfo.java,src/Backend/OrderService/src/main/java/smpl/ordering/models/QuoteItemInfo.java
4,UtilityTest.java,src/Backend/OrderService/src/test/java/smpl/ordering/UtilityTest.java
4,Utility.java,src/Backend/OrderService/src/main/java/smpl/ordering/Utility.java
5,DeliveryAddress.java,src/Backend/IntegrationService/src/main/java/integration/models/mrp/DeliveryAddress.java
5,OrderMessage.java,src/Backend/IntegrationService/src/main/java/integration/models/website/OrderMessage.java
5,DeliveryAddress.java,src/Backend/OrderService/src/main/java/smpl/ordering/models/DeliveryAddress.java
6,MockShipmentRepository.java,src/Backend/OrderService/src/main/java/smpl/ordering/repositories/mock/MockShipmentRepository.java
6,Delivery.java,src/Backend/OrderService/src/main/java/smpl/ordering/models/Delivery.java
6,ShipmentController.java,src/Backend/OrderService/src/main/java/smpl/ordering/controllers/ShipmentController.java
6,ShipmentRepositoryTest.java,src/Backend/OrderService/src/test/java/smpl/ordering/repositories/ShipmentRepositoryTest.java
6,MongoShipmentRepository.java,src/Backend/OrderService/src/main/java/smpl/ordering/repositories/mongodb/MongoShipmentRepository.java
6,ShipmentRepository.java,src/Backend/OrderService/src/main/java/smpl/ordering/repositories/ShipmentRepository.java
7,ShipmentRecord.java,src/Backend/IntegrationService/src/main/java/integration/models/mrp/ShipmentRecord.java
7,ShipmentDetails.java,src/Backend/OrderService/src/main/java/smpl/ordering/repositories/mongodb/models/ShipmentDetails.java
7,ShipmentRecord.java,src/Backend/OrderService/src/main/java/smpl/ordering/models/ShipmentRecord.java
7,Quote.java,src/Backend/IntegrationService/src/main/java/integration/models/mrp/Quote.java
7,Quote.java,src/Backend/OrderService/src/main/java/smpl/ordering/models/Quote.java
7,ProductMessage.java,src/Backend/IntegrationService/src/main/java/integration/models/website/ProductMessage.java
8,app-test.py,Labfiles/DevOps200.1x-PracticesandPrinciples/Mod03/python-ci-example-master/app/tests/app-test.py
8,app.py,Labfiles/DevOps200.1x-PracticesandPrinciples/Mod04/load_testing_locust-master/app/app.py
8,locustfile.py,Labfiles/DevOps200.1x-PracticesandPrinciples/Mod04/load_testing_locust-master/locustfile.py
8,app.py,Labfiles/DevOps200.1x-PracticesandPrinciples/Mod03/python-ci-example-master/app/src/app.py
9,BadRequestException.java,src/Backend/OrderService/src/main/java/smpl/ordering/BadRequestException.java
9,ConflictingRequestException.java,src/Backend/OrderService/src/main/java/smpl/ordering/ConflictingRequestException.java
10,MockDealersRepository.java,src/Backend/OrderService/src/main/java/smpl/ordering/repositories/mock/MockDealersRepository.java
10,DealersRepositoryTest.java,src/Backend/OrderService/src/test/java/smpl/ordering/repositories/DealersRepositoryTest.java
10,DealerControllerTest.java,src/Backend/OrderService/src/test/java/smpl/ordering/controllers/DealerControllerTest.java
10,Dealer.java,src/Backend/OrderService/src/main/java/smpl/ordering/repositories/mongodb/models/Dealer.java
10,DealerInfo.java,src/Backend/OrderService/src/main/java/smpl/ordering/models/DealerInfo.java
10,DealersRepository.java,src/Backend/OrderService/src/main/java/smpl/ordering/repositories/DealersRepository.java
10,MongoDealersRepository.java,src/Backend/OrderService/src/main/java/smpl/ordering/repositories/mongodb/MongoDealersRepository.java
11,MongoShipmentRepositoryTest.java,src/Backend/OrderService/src/test/java/smpl/ordering/repositories/mongodb/test/MongoShipmentRepositoryTest.java
11,IntegrationTests.java,src/Backend/OrderService/src/test/java/smpl/ordering/repositories/mongodb/test/IntegrationTests.java
11,default.rb,Labfiles/AZ-400T05-ImplemntgAppInfra/Labfiles/M04/DeployusingChef/final/default.rb
11,default.rb,Labfiles/DevOps200.2x-InfrastructureasCode/DeployusingChef/final/default.rb
11,TestPath.java,src/Backend/OrderService/src/main/java/smpl/ordering/TestPath.java
11,MockShipmentRepositoryTest.java,src/Backend/OrderService/src/test/java/smpl/ordering/repositories/mock/test/MockShipmentRepositoryTest.java
12,QueueService.java,src/Backend/IntegrationService/src/main/java/integration/services/QueueService.java
12,ConfigurationManager.java,src/Backend/IntegrationService/src/main/java/integration/infrastructure/ConfigurationManager.java
12,CreateOrderProcessTask.java,src/Backend/IntegrationService/src/main/java/integration/scheduled/CreateOrderProcessTask.java
12,UpdateProductProcessTask.java,src/Backend/IntegrationService/src/main/java/integration/scheduled/UpdateProductProcessTask.java
12,MockCatalogItemsRepository.java,src/Backend/OrderService/src/main/java/smpl/ordering/repositories/mock/MockCatalogItemsRepository.java
12,CatalogController.java,src/Backend/OrderService/src/main/java/smpl/ordering/controllers/CatalogController.java
12,CatalogItemsRepository.java,src/Backend/OrderService/src/main/java/smpl/ordering/repositories/CatalogItemsRepository.java
12,QueueResponse.java,src/Backend/IntegrationService/src/main/java/integration/models/QueueResponse.java
12,OrderingServiceProperties.java,src/Backend/OrderService/src/main/java/smpl/ordering/OrderingServiceProperties.java
12,QueueFactory.java,src/Backend/IntegrationService/src/main/java/integration/services/QueueFactory.java
13,OrderingConfiguration.java,src/Backend/OrderService/src/main/java/smpl/ordering/OrderingConfiguration.java
13,MongoDBProperties.java,src/Backend/OrderService/src/main/java/smpl/ordering/MongoDBProperties.java
13,PingController.java,src/Backend/OrderService/src/main/java/smpl/ordering/controllers/PingController.java
13,PropertyHelper.java,src/Backend/OrderService/src/main/java/smpl/ordering/PropertyHelper.java
13,ConfigurationHelpers.java,src/Backend/IntegrationService/src/main/java/integration/infrastructure/ConfigurationHelpers.java
13,TestOrderingConfiguration.java,src/Backend/OrderService/src/test/java/smpl/ordering/TestOrderingConfiguration.java
14,CatalogControllerTest.java,src/Backend/OrderService/src/test/java/smpl/ordering/controllers/CatalogControllerTest.java
14,CatalogItemsRepositoryTest.java,src/Backend/OrderService/src/test/java/smpl/ordering/repositories/CatalogItemsRepositoryTest.java
15,Order.java,src/Backend/OrderService/src/main/java/smpl/ordering/models/Order.java
15,OrderController.java,src/Backend/OrderService/src/main/java/smpl/ordering/controllers/OrderController.java
15,OrderDetails.java,src/Backend/OrderService/src/main/java/smpl/ordering/repositories/mongodb/models/OrderDetails.java
15,Order.java,src/Backend/IntegrationService/src/main/java/integration/models/mrp/Order.java
16,MockCatalogItemsRepositoryTest.java,src/Backend/OrderService/src/test/java/smpl/ordering/repositories/mock/test/MockCatalogItemsRepositoryTest.java
16,MongoCatalogItemsRepositoryTest.java,src/Backend/OrderService/src/test/java/smpl/ordering/repositories/mongodb/test/MongoCatalogItemsRepositoryTest.java
17,MongoQuoteRepository.java,src/Backend/OrderService/src/main/java/smpl/ordering/repositories/mongodb/MongoQuoteRepository.java
17,QuoteDetails.java,src/Backend/OrderService/src/main/java/smpl/ordering/repositories/mongodb/models/QuoteDetails.java
17,MockQuoteRepository.java,src/Backend/OrderService/src/main/java/smpl/ordering/repositories/mock/MockQuoteRepository.java
17,QuoteRepositoryTest.java,src/Backend/OrderService/src/test/java/smpl/ordering/repositories/QuoteRepositoryTest.java
17,QuoteControllerTest.java,src/Backend/OrderService/src/test/java/smpl/ordering/controllers/QuoteControllerTest.java
17,QuoteController.java,src/Backend/OrderService/src/main/java/smpl/ordering/controllers/QuoteController.java
17,QuoteRepository.java,src/Backend/OrderService/src/main/java/smpl/ordering/repositories/QuoteRepository.java
18,OrderingInitializer.java,src/Backend/OrderService/src/main/java/smpl/ordering/OrderingInitializer.java
18,ConfigurationRule.java,src/Backend/OrderService/src/test/java/smpl/ordering/ConfigurationRule.java
