,method,stmtLineNumber,stmt
0,<de.ecspride.MainActivity: void onCreate(android.os.Bundle)>,-1,$r6 = virtualinvoke r4.<android.telephony.TelephonyManager: java.lang.String getDeviceId()>()
1,<de.ecspride.MainActivity: void onCreate(android.os.Bundle)>,-1,"specialinvoke $r5.<de.ecspride.MainActivity$MyThread: void <init>(de.ecspride.MainActivity,java.lang.String)>(r0, $r6)"
2,"<de.ecspride.MainActivity$MyThread: void <init>(de.ecspride.MainActivity,java.lang.String)>",-1,r0.<de.ecspride.MainActivity$MyThread: java.lang.String deviceId> = $r2
3,"<de.ecspride.MainActivity$MyThread: void <init>(de.ecspride.MainActivity,java.lang.String)>",-1,return
4,<de.ecspride.MainActivity: void onCreate(android.os.Bundle)>,-1,virtualinvoke $r5.<de.ecspride.MainActivity$MyThread: void start()>()
5,<de.ecspride.MainActivity$MyThread: void run()>,-1,$r1 = r0.<de.ecspride.MainActivity$MyThread: java.lang.String deviceId>
6,<de.ecspride.MainActivity$MyThread: void run()>,-1,"staticinvoke <android.util.Log: int d(java.lang.String,java.lang.String)>(""DroidBench"", $r1)"
