{
    "MEM": {
        "decomposition": {
            "0": [
                {
                    "id": "package-info"
                },
                {
                    "id": "package-info"
                }
            ],
            "1": [
                {
                    "id": "authenticationStepDefs.py"
                },
                {
                    "id": "environment.py"
                }
            ],
            "2": [
                {
                    "id": "RegistrationResultTests"
                },
                {
                    "id": "StringUtilsTests"
                },
                {
                    "id": "AlcoholCalculator"
                },
                {
                    "id": "AlcoholStepDefs"
                },
                {
                    "id": "AlcoholResult"
                },
                {
                    "id": "DinnerPrices"
                },
                {
                    "id": "PasswordResultTests"
                },
                {
                    "id": "PasswordResult"
                },
                {
                    "id": "PasswordResultEnums"
                }
            ],
            "3": [
                {
                    "id": "FibServlet"
                },
                {
                    "id": "AutoInsuranceScriptClient"
                },
                {
                    "id": "ExecutionDataClient"
                },
                {
                    "id": "FibonacciTests"
                },
                {
                    "id": "AckServlet"
                },
                {
                    "id": "MathServlet"
                }
            ],
            "4": [
                {
                    "id": "RegistrationUtils"
                },
                {
                    "id": "NbvcxzTests"
                },
                {
                    "id": "HtmlUnitTests"
                },
                {
                    "id": "SeleniumTests"
                },
                {
                    "id": "SelenifiedSample"
                },
                {
                    "id": "ApiCalls"
                },
                {
                    "id": "test_api.py"
                },
                {
                    "id": "LoginUtils"
                },
                {
                    "id": "LoginUtilsTests"
                }
            ],
            "5": [
                {
                    "id": "AutoInsuranceProcessor"
                },
                {
                    "id": "AutoInsuranceActionTests"
                },
                {
                    "id": "DesktopUiTests"
                },
                {
                    "id": "AutoInsuranceProcessorTests"
                },
                {
                    "id": "AutoInsuranceAction"
                },
                {
                    "id": "WarningLetterEnum"
                }
            ],
            "6": [
                {
                    "id": "AckermannIterativeParameterizedTests"
                },
                {
                    "id": "FibonacciParameterizedTests"
                },
                {
                    "id": "AckermannParameterizedTests"
                },
                {
                    "id": "Calculator"
                },
                {
                    "id": "CheckUtilsTests"
                },
                {
                    "id": "CalculatorTests"
                },
                {
                    "id": "CheckUtils"
                },
                {
                    "id": "AssertionException"
                }
            ],
            "7": [
                {
                    "id": "fibonacciStepDefs.py"
                },
                {
                    "id": "Fibonacci"
                },
                {
                    "id": "FibonacciStepDefs"
                },
                {
                    "id": "MathStepDefs"
                },
                {
                    "id": "CartesianProductStepDefs"
                },
                {
                    "id": "CartesianProduct"
                },
                {
                    "id": "package-info"
                },
                {
                    "id": "ackermannStepDefs.py"
                }
            ],
            "8": [
                {
                    "id": "ParameterObject"
                },
                {
                    "id": "ParameterObjectTests"
                }
            ],
            "9": [
                {
                    "id": "SqlDataTests"
                },
                {
                    "id": "SqlData"
                }
            ],
            "10": [
                {
                    "id": "package-info"
                },
                {
                    "id": "FunctionalField"
                },
                {
                    "id": "AckermannStepDefs"
                }
            ],
            "11": [
                {
                    "id": "LibraryUtilsTests"
                },
                {
                    "id": "PersistenceLayerTests"
                },
                {
                    "id": "LendingTests"
                }
            ],
            "12": [
                {
                    "id": "LibraryBookListAvailableServletTests"
                },
                {
                    "id": "LibraryBookListAvailableServlet"
                },
                {
                    "id": "LibraryBookListSearchServletTests"
                },
                {
                    "id": "LibraryBorrowerListSearchServletTests"
                },
                {
                    "id": "LibraryRegisterBorrowerServletTests"
                },
                {
                    "id": "LibraryRegisterBookServletTests"
                },
                {
                    "id": "RegisterServletTests"
                },
                {
                    "id": "LoginServletTests"
                }
            ],
            "13": [
                {
                    "id": "DateUtilsTests"
                },
                {
                    "id": "LibraryLendServletTests"
                },
                {
                    "id": "LibraryLendServlet"
                },
                {
                    "id": "LibraryRegisterBorrowerServlet"
                },
                {
                    "id": "package-info"
                },
                {
                    "id": "package-info"
                },
                {
                    "id": "LibraryRegisterBookServlet"
                },
                {
                    "id": "LoanTests"
                },
                {
                    "id": "BorrowerTests"
                },
                {
                    "id": "DateUtils"
                }
            ],
            "14": [
                {
                    "id": "IPersistenceLayer"
                },
                {
                    "id": "PersistenceLayer"
                },
                {
                    "id": "LibraryBorrowerListSearchServlet"
                },
                {
                    "id": "LibraryBookListSearchServlet"
                },
                {
                    "id": "Book"
                },
                {
                    "id": "Borrower"
                },
                {
                    "id": "User"
                },
                {
                    "id": "UserTests"
                }
            ],
            "15": [
                {
                    "id": "AutoInsuranceScriptServer"
                },
                {
                    "id": "TailRecursive"
                }
            ],
            "16": [
                {
                    "id": "DbServletTests"
                },
                {
                    "id": "DbServlet"
                },
                {
                    "id": "WebAppListener"
                },
                {
                    "id": "WebAppListenerTests"
                }
            ],
            "17": [
                {
                    "id": "NotImplementedException"
                },
                {
                    "id": "EmptyDataSource"
                },
                {
                    "id": "EmptyDataSourceTests"
                }
            ],
            "18": [
                {
                    "id": "LoginServlet"
                },
                {
                    "id": "RegisterServlet"
                }
            ]
        }
    }
}