partitionID,className,classID
0,package-info.java,src/main/java/com/coveros/training/authentication/package-info.java
0,package-info.java,src/main/java/com/coveros/training/authentication/domainobjects/package-info.java
1,authenticationStepDefs.py,src/ui_tests/behave/features/steps/authenticationStepDefs.py
1,environment.py,src/ui_tests/behave/features/environment.py
2,RegistrationResultTests.java,src/test/java/com/coveros/training/authentication/domainobjects/RegistrationResultTests.java
2,StringUtilsTests.java,src/test/java/com/coveros/training/helpers/StringUtilsTests.java
2,AlcoholCalculator.java,src/main/java/com/coveros/training/expenses/AlcoholCalculator.java
2,AlcoholStepDefs.java,src/bdd_test/java/com/coveros/training/expenses/AlcoholStepDefs.java
2,AlcoholResult.java,src/main/java/com/coveros/training/expenses/AlcoholResult.java
2,DinnerPrices.java,src/main/java/com/coveros/training/expenses/DinnerPrices.java
2,PasswordResultTests.java,src/test/java/com/coveros/training/authentication/domainobjects/PasswordResultTests.java
2,PasswordResult.java,src/main/java/com/coveros/training/authentication/domainobjects/PasswordResult.java
2,PasswordResultEnums.java,src/main/java/com/coveros/training/authentication/domainobjects/PasswordResultEnums.java
3,FibServlet.java,src/main/java/com/coveros/training/mathematics/FibServlet.java
3,AutoInsuranceScriptClient.java,desktop_app/src/test/java/com/coveros/training/autoinsurance/AutoInsuranceScriptClient.java
3,ExecutionDataClient.java,desktop_app/src/test/java/com/coveros/training/autoinsurance/ExecutionDataClient.java
3,FibonacciTests.java,src/test/java/com/coveros/training/mathematics/FibonacciTests.java
3,AckServlet.java,src/main/java/com/coveros/training/mathematics/AckServlet.java
3,MathServlet.java,src/main/java/com/coveros/training/mathematics/MathServlet.java
4,RegistrationUtils.java,src/main/java/com/coveros/training/authentication/RegistrationUtils.java
4,NbvcxzTests.java,src/test/java/com/coveros/training/authentication/NbvcxzTests.java
4,HtmlUnitTests.java,src/ui_tests/java/src/test/java/com/coveros/training/HtmlUnitTests.java
4,SeleniumTests.java,src/ui_tests/java/src/test/java/com/coveros/training/SeleniumTests.java
4,SelenifiedSample.java,src/selenified_tests/java/com/coveros/training/selenified/SelenifiedSample.java
4,ApiCalls.java,src/ui_tests/java/src/test/java/com/coveros/training/ApiCalls.java
4,test_api.py,src/api_tests/test_api.py
4,LoginUtils.java,src/main/java/com/coveros/training/authentication/LoginUtils.java
4,LoginUtilsTests.java,src/test/java/com/coveros/training/authentication/LoginUtilsTests.java
5,AutoInsuranceProcessor.java,desktop_app/src/main/java/com/coveros/training/autoinsurance/AutoInsuranceProcessor.java
5,AutoInsuranceActionTests.java,desktop_app/src/test/java/com/coveros/training/autoinsurance/AutoInsuranceActionTests.java
5,DesktopUiTests.java,desktop_app/src/test/java/com/coveros/training/autoinsurance/DesktopUiTests.java
5,AutoInsuranceProcessorTests.java,desktop_app/src/test/java/com/coveros/training/autoinsurance/AutoInsuranceProcessorTests.java
5,AutoInsuranceAction.java,desktop_app/src/main/java/com/coveros/training/autoinsurance/AutoInsuranceAction.java
5,WarningLetterEnum.java,desktop_app/src/main/java/com/coveros/training/autoinsurance/WarningLetterEnum.java
6,AckermannIterativeParameterizedTests.java,src/test/java/com/coveros/training/mathematics/AckermannIterativeParameterizedTests.java
6,FibonacciParameterizedTests.java,src/test/java/com/coveros/training/mathematics/FibonacciParameterizedTests.java
6,AckermannParameterizedTests.java,src/test/java/com/coveros/training/mathematics/AckermannParameterizedTests.java
6,Calculator.java,src/main/java/com/coveros/training/mathematics/Calculator.java
6,CheckUtilsTests.java,src/test/java/com/coveros/training/helpers/CheckUtilsTests.java
6,CalculatorTests.java,src/test/java/com/coveros/training/mathematics/CalculatorTests.java
6,CheckUtils.java,src/main/java/com/coveros/training/helpers/CheckUtils.java
6,AssertionException.java,src/main/java/com/coveros/training/helpers/AssertionException.java
7,fibonacciStepDefs.py,src/ui_tests/behave/features/steps/fibonacciStepDefs.py
7,Fibonacci.java,src/main/java/com/coveros/training/mathematics/Fibonacci.java
7,FibonacciStepDefs.java,src/bdd_test/java/com/coveros/training/math/FibonacciStepDefs.java
7,MathStepDefs.java,src/bdd_test/java/com/coveros/training/math/MathStepDefs.java
7,CartesianProductStepDefs.java,src/bdd_test/java/com/coveros/training/cartesianproduct/CartesianProductStepDefs.java
7,CartesianProduct.java,src/main/java/com/coveros/training/cartesianproduct/CartesianProduct.java
7,package-info.java,src/main/java/com/coveros/training/cartesianproduct/package-info.java
7,ackermannStepDefs.py,src/ui_tests/behave/features/steps/ackermannStepDefs.py
8,ParameterObject.java,src/main/java/com/coveros/training/persistence/ParameterObject.java
8,ParameterObjectTests.java,src/test/java/com/coveros/training/persistence/ParameterObjectTests.java
9,SqlDataTests.java,src/test/java/com/coveros/training/persistence/SqlDataTests.java
9,SqlData.java,src/main/java/com/coveros/training/persistence/SqlData.java
10,package-info.java,src/main/java/com/coveros/training/mathematics/package-info.java
10,FunctionalField.java,src/main/java/com/coveros/training/mathematics/FunctionalField.java
10,AckermannStepDefs.java,src/bdd_test/java/com/coveros/training/math/AckermannStepDefs.java
11,LibraryUtilsTests.java,src/test/java/com/coveros/training/library/LibraryUtilsTests.java
11,PersistenceLayerTests.java,src/integration_test/java/com/coveros/training/persistence/PersistenceLayerTests.java
11,LendingTests.java,src/test/java/com/coveros/training/library/LendingTests.java
12,LibraryBookListAvailableServletTests.java,src/test/java/com/coveros/training/library/LibraryBookListAvailableServletTests.java
12,LibraryBookListAvailableServlet.java,src/main/java/com/coveros/training/library/LibraryBookListAvailableServlet.java
12,LibraryBookListSearchServletTests.java,src/test/java/com/coveros/training/library/LibraryBookListSearchServletTests.java
12,LibraryBorrowerListSearchServletTests.java,src/test/java/com/coveros/training/library/LibraryBorrowerListSearchServletTests.java
12,LibraryRegisterBorrowerServletTests.java,src/test/java/com/coveros/training/library/LibraryRegisterBorrowerServletTests.java
12,LibraryRegisterBookServletTests.java,src/test/java/com/coveros/training/library/LibraryRegisterBookServletTests.java
12,RegisterServletTests.java,src/test/java/com/coveros/training/authentication/RegisterServletTests.java
12,LoginServletTests.java,src/test/java/com/coveros/training/authentication/LoginServletTests.java
13,DateUtilsTests.java,src/test/java/com/coveros/training/helpers/DateUtilsTests.java
13,LibraryLendServletTests.java,src/test/java/com/coveros/training/library/LibraryLendServletTests.java
13,LibraryLendServlet.java,src/main/java/com/coveros/training/library/LibraryLendServlet.java
13,LibraryRegisterBorrowerServlet.java,src/main/java/com/coveros/training/library/LibraryRegisterBorrowerServlet.java
13,package-info.java,src/main/java/com/coveros/training/library/domainobjects/package-info.java
13,package-info.java,src/main/java/com/coveros/training/library/package-info.java
13,LibraryRegisterBookServlet.java,src/main/java/com/coveros/training/library/LibraryRegisterBookServlet.java
13,LoanTests.java,src/test/java/com/coveros/training/library/domainobjects/LoanTests.java
13,BorrowerTests.java,src/test/java/com/coveros/training/library/domainobjects/BorrowerTests.java
13,DateUtils.java,src/test/java/com/coveros/training/helpers/DateUtils.java
14,IPersistenceLayer.java,src/main/java/com/coveros/training/persistence/IPersistenceLayer.java
14,PersistenceLayer.java,src/main/java/com/coveros/training/persistence/PersistenceLayer.java
14,LibraryBorrowerListSearchServlet.java,src/main/java/com/coveros/training/library/LibraryBorrowerListSearchServlet.java
14,LibraryBookListSearchServlet.java,src/main/java/com/coveros/training/library/LibraryBookListSearchServlet.java
14,Book.java,src/main/java/com/coveros/training/library/domainobjects/Book.java
14,Borrower.java,src/main/java/com/coveros/training/library/domainobjects/Borrower.java
14,User.java,src/main/java/com/coveros/training/authentication/domainobjects/User.java
14,UserTests.java,src/test/java/com/coveros/training/authentication/domainobjects/UserTests.java
15,AutoInsuranceScriptServer.java,desktop_app/src/main/java/com/coveros/training/autoinsurance/AutoInsuranceScriptServer.java
15,TailRecursive.java,src/main/java/com/coveros/training/mathematics/TailRecursive.java
16,DbServletTests.java,src/test/java/com/coveros/training/persistence/DbServletTests.java
16,DbServlet.java,src/main/java/com/coveros/training/persistence/DbServlet.java
16,WebAppListener.java,src/main/java/com/coveros/training/tomcat/WebAppListener.java
16,WebAppListenerTests.java,src/test/java/com/coveros/training/tomcat/WebAppListenerTests.java
17,NotImplementedException.java,src/main/java/com/coveros/training/persistence/NotImplementedException.java
17,EmptyDataSource.java,src/main/java/com/coveros/training/persistence/EmptyDataSource.java
17,EmptyDataSourceTests.java,src/test/java/com/coveros/training/persistence/EmptyDataSourceTests.java
18,LoginServlet.java,src/main/java/com/coveros/training/authentication/LoginServlet.java
18,RegisterServlet.java,src/main/java/com/coveros/training/authentication/RegisterServlet.java
