,method,stmtLineNumber,stmt
0,<org.cert.WriteFile.Button1Listener: java.lang.String getMyLocation()>,-1,$d1 = virtualinvoke $r5.<android.location.Location: double getLatitude()>()
1,<org.cert.WriteFile.Button1Listener: java.lang.String getMyLocation()>,-1,$r7 = staticinvoke <java.lang.String: java.lang.String valueOf(double)>($d1)
2,<org.cert.WriteFile.Button1Listener: java.lang.String getMyLocation()>,-1,$r8 = virtualinvoke $r8.<java.lang.StringBuilder: java.lang.StringBuilder append(java.lang.String)>($r7)
3,<org.cert.WriteFile.Button1Listener: java.lang.String getMyLocation()>,-1,$r6 = virtualinvoke $r8.<java.lang.StringBuilder: java.lang.String toString()>()
4,<org.cert.WriteFile.Button1Listener: java.lang.String getMyLocation()>,-1,return $r6
5,<org.cert.WriteFile.Button1Listener: void onClick(android.view.View)>,-1,"virtualinvoke r2.<android.content.Intent: android.content.Intent putExtra(java.lang.String,java.lang.String)>(""secret"", $r3)"
6,<org.cert.WriteFile.Button1Listener: void onClick(android.view.View)>,-1,"virtualinvoke $r5.<org.cert.WriteFile.MainActivity: void startActivityForResult(android.content.Intent,int)>(r2, 0)"
