,method,stmtLineNumber,stmt
0,<org.cert.WriteFile.Button1Listener: java.lang.String getMyLocation()>,-1,$d0 = virtualinvoke $r5.<android.location.Location: double getLongitude()>()
1,<org.cert.WriteFile.Button1Listener: java.lang.String getMyLocation()>,-1,$r6 = staticinvoke <java.lang.String: java.lang.String valueOf(double)>($d0)
2,<org.cert.WriteFile.Button1Listener: java.lang.String getMyLocation()>,-1,$r8 = virtualinvoke $r8.<java.lang.StringBuilder: java.lang.StringBuilder append(java.lang.String)>($r6)
3,<org.cert.WriteFile.Button1Listener: java.lang.String getMyLocation()>,-1,$r6 = virtualinvoke $r8.<java.lang.StringBuilder: java.lang.String toString()>()
4,<org.cert.WriteFile.Button1Listener: java.lang.String getMyLocation()>,-1,return $r6
5,<org.cert.WriteFile.Button1Listener: void onClick(android.view.View)>,-1,$r4 = virtualinvoke $r4.<java.lang.StringBuilder: java.lang.StringBuilder append(java.lang.String)>($r3)
6,<org.cert.WriteFile.Button1Listener: void onClick(android.view.View)>,-1,$r3 = virtualinvoke $r4.<java.lang.StringBuilder: java.lang.String toString()>()
7,<org.cert.WriteFile.Button1Listener: void onClick(android.view.View)>,-1,"staticinvoke <android.util.Log: int i(java.lang.String,java.lang.String)>(""Phase2_3: "", $r3)"
