{
    "MEM": {
        "decomposition": {
            "0": [
                {
                    "id": "OrderActionBeanTest"
                },
                {
                    "id": "OrderActionBean"
                },
                {
                    "id": "AccountActionBeanTest"
                },
                {
                    "id": "CatalogActionBeanTest"
                },
                {
                    "id": "AbstractActionBean"
                }
            ],
            "1": [
                {
                    "id": "OrderService"
                },
                {
                    "id": "LineItemMapper"
                },
                {
                    "id": "LineItemMapperTest"
                },
                {
                    "id": "LineItem"
                },
                {
                    "id": "OrderServiceTest"
                },
                {
                    "id": "OrderMapper"
                }
            ],
            "2": [
                {
                    "id": "Product"
                },
                {
                    "id": "CatalogActionBean"
                },
                {
                    "id": "CatalogServiceTest"
                },
                {
                    "id": "Sequence"
                },
                {
                    "id": "Category"
                }
            ],
            "3": [
                {
                    "id": "AccountServiceTest"
                },
                {
                    "id": "AccountActionBean"
                },
                {
                    "id": "AccountMapper"
                },
                {
                    "id": "AccountService"
                },
                {
                    "id": "AccountMapperTest"
                },
                {
                    "id": "OrderTest"
                }
            ],
            "4": [
                {
                    "id": "SequenceMapper"
                },
                {
                    "id": "SequenceMapperTest"
                }
            ]
        }
    }
}