partitionID,className,classID
0,OrderActionBeanTest.java,src/test/java/org/mybatis/jpetstore/web/actions/OrderActionBeanTest.java
0,OrderActionBean.java,src/main/java/org/mybatis/jpetstore/web/actions/OrderActionBean.java
0,AccountActionBeanTest.java,src/test/java/org/mybatis/jpetstore/web/actions/AccountActionBeanTest.java
0,CatalogActionBeanTest.java,src/test/java/org/mybatis/jpetstore/web/actions/CatalogActionBeanTest.java
0,AbstractActionBean.java,src/main/java/org/mybatis/jpetstore/web/actions/AbstractActionBean.java
1,OrderService.java,src/main/java/org/mybatis/jpetstore/service/OrderService.java
1,LineItemMapper.java,src/main/java/org/mybatis/jpetstore/mapper/LineItemMapper.java
1,LineItemMapperTest.java,src/test/java/org/mybatis/jpetstore/mapper/LineItemMapperTest.java
1,LineItem.java,src/main/java/org/mybatis/jpetstore/domain/LineItem.java
1,OrderServiceTest.java,src/test/java/org/mybatis/jpetstore/service/OrderServiceTest.java
1,OrderMapper.java,src/main/java/org/mybatis/jpetstore/mapper/OrderMapper.java
2,Product.java,src/main/java/org/mybatis/jpetstore/domain/Product.java
2,CatalogActionBean.java,src/main/java/org/mybatis/jpetstore/web/actions/CatalogActionBean.java
2,CatalogServiceTest.java,src/test/java/org/mybatis/jpetstore/service/CatalogServiceTest.java
2,Sequence.java,src/main/java/org/mybatis/jpetstore/domain/Sequence.java
2,Category.java,src/main/java/org/mybatis/jpetstore/domain/Category.java
3,AccountServiceTest.java,src/test/java/org/mybatis/jpetstore/service/AccountServiceTest.java
3,AccountActionBean.java,src/main/java/org/mybatis/jpetstore/web/actions/AccountActionBean.java
3,AccountMapper.java,src/main/java/org/mybatis/jpetstore/mapper/AccountMapper.java
3,AccountService.java,src/main/java/org/mybatis/jpetstore/service/AccountService.java
3,AccountMapperTest.java,src/test/java/org/mybatis/jpetstore/mapper/AccountMapperTest.java
3,OrderTest.java,src/test/java/org/mybatis/jpetstore/domain/OrderTest.java
4,SequenceMapper.java,src/main/java/org/mybatis/jpetstore/mapper/SequenceMapper.java
4,SequenceMapperTest.java,src/test/java/org/mybatis/jpetstore/mapper/SequenceMapperTest.java
