,method,stmtLineNumber,stmt
0,<edu.mit.icc_intent_passed_through_api.OutFlowActivity: void onCreate(android.os.Bundle)>,-1,$r6 = virtualinvoke r5.<android.telephony.TelephonyManager: java.lang.String getDeviceId()>()
1,<edu.mit.icc_intent_passed_through_api.OutFlowActivity: void onCreate(android.os.Bundle)>,-1,"virtualinvoke r2.<android.content.Intent: android.content.Intent putExtra(java.lang.String,java.lang.String)>(""DroidBench"", $r6)"
2,<edu.mit.icc_intent_passed_through_api.OutFlowActivity: void onCreate(android.os.Bundle)>,-1,interfaceinvoke r3.<java.util.List: boolean add(java.lang.Object)>(r2)
3,<edu.mit.icc_intent_passed_through_api.OutFlowActivity: void onCreate(android.os.Bundle)>,-1,$r4 = interfaceinvoke r3.<java.util.List: java.lang.Object get(int)>(0)
4,<edu.mit.icc_intent_passed_through_api.OutFlowActivity: void onCreate(android.os.Bundle)>,-1,r2 = (android.content.Intent) $r4
5,<edu.mit.icc_intent_passed_through_api.OutFlowActivity: void onCreate(android.os.Bundle)>,-1,virtualinvoke r0.<edu.mit.icc_intent_passed_through_api.OutFlowActivity: void startActivity(android.content.Intent)>(r2)
