0,com.coveros.training.mathematics.Calculator,com.coveros.training.authentication.LoginUtils,0.125
1,com.coveros.training.mathematics.Calculator,com.coveros.training.authentication.RegistrationUtils,0.09090909090909091
2,com.coveros.training.mathematics.Calculator,com.coveros.training.helpers.CheckUtils,0.14285714285714285
3,com.coveros.training.mathematics.Calculator,com.coveros.training.persistence.PersistenceLayer,0.015151515151515152
4,com.coveros.training.mathematics.Calculator,com.coveros.training.helpers.StringUtils,0.14285714285714285
5,com.coveros.training.mathematics.Calculator,com.coveros.training.mathematics.Fibonacci,0.2
6,com.coveros.training.mathematics.Calculator,com.coveros.training.library.domainobjects.Book,0.14285714285714285
7,com.coveros.training.mathematics.Calculator,com.coveros.training.library.domainobjects.Borrower,0.16666666666666666
8,com.coveros.training.mathematics.Calculator,com.coveros.training.authentication.domainobjects.PasswordResult,0.16666666666666666
9,com.coveros.training.mathematics.Calculator,com.coveros.training.authentication.domainobjects.RegistrationResult,0.16666666666666666
10,com.coveros.training.mathematics.Calculator,com.coveros.training.authentication.domainobjects.User,0.16666666666666666
11,com.coveros.training.mathematics.Calculator,com.coveros.training.library.LibraryUtils,0.4
12,com.coveros.training.mathematics.Calculator,com.coveros.training.library.domainobjects.Loan,0.16666666666666666
13,com.coveros.training.mathematics.Calculator,com.coveros.training.persistence.DbServlet,0.2
14,com.coveros.training.mathematics.Calculator,com.coveros.training.tomcat.WebAppListener,0.16666666666666666
15,com.coveros.training.mathematics.Calculator,com.coveros.training.authentication.domainobjects.PasswordResultEnums,0.16666666666666666
16,com.coveros.training.mathematics.Calculator,com.coveros.training.library.domainobjects.LibraryActionResults,0.2
17,com.coveros.training.mathematics.Calculator,com.coveros.training.helpers.ServletUtils,0.2
18,com.coveros.training.mathematics.Calculator,com.coveros.training.authentication.domainobjects.RegistrationStatusEnums,0.2
19,com.coveros.training.mathematics.Calculator,com.coveros.training.authentication.LoginServlet,0.2
20,com.coveros.training.mathematics.Calculator,com.coveros.training.authentication.RegisterServlet,0.2
21,com.coveros.training.mathematics.Calculator,com.coveros.training.authentication.domainobjects.package-info,0.25
22,com.coveros.training.mathematics.Calculator,com.coveros.training.authentication.package-info,0.25
23,com.coveros.training.mathematics.Calculator,com.coveros.training.cartesianproduct.package-info,0.25
24,com.coveros.training.mathematics.Calculator,com.coveros.training.expenses.package-info,0.25
25,com.coveros.training.mathematics.Calculator,com.coveros.training.helpers.package-info,0.25
26,com.coveros.training.mathematics.Calculator,com.coveros.training.library.LibraryBookListAvailableServlet,0.5
27,com.coveros.training.mathematics.Calculator,com.coveros.training.library.LibraryBookListSearchServlet,0.5
28,com.coveros.training.mathematics.Calculator,com.coveros.training.library.LibraryBorrowerListSearchServlet,0.5
29,com.coveros.training.mathematics.Calculator,com.coveros.training.library.LibraryLendServlet,0.5
30,com.coveros.training.mathematics.Calculator,com.coveros.training.library.LibraryRegisterBookServlet,0.5
31,com.coveros.training.mathematics.Calculator,com.coveros.training.library.LibraryRegisterBorrowerServlet,0.5
32,com.coveros.training.mathematics.Calculator,com.coveros.training.library.domainobjects.package-info,0.25
33,com.coveros.training.mathematics.Calculator,com.coveros.training.library.package-info,0.25
34,com.coveros.training.mathematics.Calculator,com.coveros.training.mathematics.package-info,0.25
35,com.coveros.training.mathematics.Calculator,com.coveros.training.persistence.package-info,0.25
36,com.coveros.training.mathematics.Calculator,com.coveros.training.tomcat.package-info,0.25
37,com.coveros.training.mathematics.Calculator,com.coveros.training.mathematics.AckServlet,0.25
38,com.coveros.training.mathematics.Calculator,com.coveros.training.mathematics.Ackermann,0.25
39,com.coveros.training.mathematics.Calculator,com.coveros.training.mathematics.AckermannIterative,0.25
40,com.coveros.training.mathematics.Calculator,com.coveros.training.mathematics.FibServlet,0.25
41,com.coveros.training.mathematics.Calculator,com.coveros.training.mathematics.FibonacciIterative,0.25
42,com.coveros.training.mathematics.Calculator,com.coveros.training.mathematics.FunctionalField,0.25
43,com.coveros.training.mathematics.Calculator,com.coveros.training.mathematics.MathServlet,0.25
44,com.coveros.training.mathematics.Calculator,com.coveros.training.mathematics.TailRecursive,0.25
45,com.coveros.training.authentication.LoginUtils,com.coveros.training.authentication.RegistrationUtils,0.4444444444444444
46,com.coveros.training.authentication.LoginUtils,com.coveros.training.helpers.AssertionException,0.2
47,com.coveros.training.authentication.LoginUtils,com.coveros.training.helpers.CheckUtils,0.8
48,com.coveros.training.authentication.LoginUtils,com.coveros.training.persistence.PersistenceLayer,0.046153846153846156
49,com.coveros.training.authentication.LoginUtils,com.coveros.training.persistence.IPersistenceLayer,0.16666666666666666
50,com.coveros.training.authentication.LoginUtils,com.coveros.training.persistence.SqlData,0.05555555555555555
51,com.coveros.training.authentication.LoginUtils,com.coveros.training.helpers.StringUtils,0.2857142857142857
52,com.coveros.training.authentication.LoginUtils,com.coveros.training.mathematics.Fibonacci,0.16666666666666666
53,com.coveros.training.authentication.LoginUtils,com.coveros.training.library.domainobjects.Book,0.2857142857142857
54,com.coveros.training.authentication.LoginUtils,com.coveros.training.library.domainobjects.Borrower,0.3333333333333333
55,com.coveros.training.authentication.LoginUtils,com.coveros.training.authentication.domainobjects.PasswordResult,0.3333333333333333
56,com.coveros.training.authentication.LoginUtils,com.coveros.training.authentication.domainobjects.RegistrationResult,0.3333333333333333
57,com.coveros.training.authentication.LoginUtils,com.coveros.training.authentication.domainobjects.User,0.3333333333333333
58,com.coveros.training.authentication.LoginUtils,com.coveros.training.library.LibraryUtils,0.3333333333333333
59,com.coveros.training.authentication.LoginUtils,com.coveros.training.library.domainobjects.Loan,0.3333333333333333
60,com.coveros.training.authentication.LoginUtils,com.coveros.training.persistence.DbServlet,0.4
61,com.coveros.training.authentication.LoginUtils,com.coveros.training.persistence.ParameterObject,0.09090909090909091
62,com.coveros.training.authentication.LoginUtils,com.coveros.training.tomcat.WebAppListener,0.3333333333333333
63,com.coveros.training.authentication.LoginUtils,com.coveros.training.authentication.domainobjects.PasswordResultEnums,0.14285714285714285
64,com.coveros.training.authentication.LoginUtils,com.coveros.training.library.domainobjects.LibraryActionResults,0.16666666666666666
65,com.coveros.training.authentication.LoginUtils,com.coveros.training.helpers.ServletUtils,0.16666666666666666
66,com.coveros.training.authentication.LoginUtils,com.coveros.training.authentication.domainobjects.RegistrationStatusEnums,0.16666666666666666
67,com.coveros.training.authentication.LoginUtils,com.coveros.training.authentication.LoginServlet,0.4
68,com.coveros.training.authentication.LoginUtils,com.coveros.training.authentication.RegisterServlet,0.4
69,com.coveros.training.authentication.LoginUtils,com.coveros.training.library.LibraryBookListAvailableServlet,0.16666666666666666
70,com.coveros.training.authentication.LoginUtils,com.coveros.training.library.LibraryBookListSearchServlet,0.16666666666666666
71,com.coveros.training.authentication.LoginUtils,com.coveros.training.library.LibraryBorrowerListSearchServlet,0.16666666666666666
72,com.coveros.training.authentication.LoginUtils,com.coveros.training.library.LibraryLendServlet,0.16666666666666666
73,com.coveros.training.authentication.LoginUtils,com.coveros.training.library.LibraryRegisterBookServlet,0.16666666666666666
74,com.coveros.training.authentication.LoginUtils,com.coveros.training.library.LibraryRegisterBorrowerServlet,0.16666666666666666
75,com.coveros.training.authentication.LoginUtils,com.coveros.training.mathematics.AckServlet,0.2
76,com.coveros.training.authentication.LoginUtils,com.coveros.training.mathematics.Ackermann,0.2
77,com.coveros.training.authentication.LoginUtils,com.coveros.training.mathematics.AckermannIterative,0.2
78,com.coveros.training.authentication.LoginUtils,com.coveros.training.mathematics.FibServlet,0.2
79,com.coveros.training.authentication.LoginUtils,com.coveros.training.mathematics.FibonacciIterative,0.2
80,com.coveros.training.authentication.LoginUtils,com.coveros.training.mathematics.FunctionalField,0.2
81,com.coveros.training.authentication.LoginUtils,com.coveros.training.mathematics.MathServlet,0.2
82,com.coveros.training.authentication.LoginUtils,com.coveros.training.mathematics.TailRecursive,0.2
83,com.coveros.training.authentication.RegistrationUtils,com.coveros.training.helpers.AssertionException,0.125
84,com.coveros.training.authentication.RegistrationUtils,com.coveros.training.helpers.CheckUtils,0.3333333333333333
85,com.coveros.training.authentication.RegistrationUtils,com.coveros.training.persistence.PersistenceLayer,0.05970149253731343
86,com.coveros.training.authentication.RegistrationUtils,com.coveros.training.persistence.IPersistenceLayer,0.1111111111111111
87,com.coveros.training.authentication.RegistrationUtils,com.coveros.training.persistence.SqlData,0.1
88,com.coveros.training.authentication.RegistrationUtils,com.coveros.training.helpers.StringUtils,0.3333333333333333
89,com.coveros.training.authentication.RegistrationUtils,com.coveros.training.mathematics.Fibonacci,0.25
90,com.coveros.training.authentication.RegistrationUtils,com.coveros.training.library.domainobjects.Book,0.2
91,com.coveros.training.authentication.RegistrationUtils,com.coveros.training.library.domainobjects.Borrower,0.2222222222222222
92,com.coveros.training.authentication.RegistrationUtils,com.coveros.training.authentication.domainobjects.PasswordResult,0.375
93,com.coveros.training.authentication.RegistrationUtils,com.coveros.training.authentication.domainobjects.RegistrationResult,0.375
94,com.coveros.training.authentication.RegistrationUtils,com.coveros.training.authentication.domainobjects.User,0.2222222222222222
95,com.coveros.training.authentication.RegistrationUtils,com.coveros.training.library.LibraryUtils,0.2222222222222222
96,com.coveros.training.authentication.RegistrationUtils,com.coveros.training.library.domainobjects.Loan,0.2222222222222222
97,com.coveros.training.authentication.RegistrationUtils,com.coveros.training.persistence.DbServlet,0.25
98,com.coveros.training.authentication.RegistrationUtils,com.coveros.training.persistence.ParameterObject,0.07142857142857142
99,com.coveros.training.authentication.RegistrationUtils,com.coveros.training.tomcat.WebAppListener,0.2222222222222222
100,com.coveros.training.authentication.RegistrationUtils,com.coveros.training.authentication.domainobjects.PasswordResultEnums,0.1
101,com.coveros.training.authentication.RegistrationUtils,com.coveros.training.library.domainobjects.LibraryActionResults,0.1111111111111111
102,com.coveros.training.authentication.RegistrationUtils,com.coveros.training.helpers.ServletUtils,0.1111111111111111
103,com.coveros.training.authentication.RegistrationUtils,com.coveros.training.authentication.domainobjects.RegistrationStatusEnums,0.1111111111111111
104,com.coveros.training.authentication.RegistrationUtils,com.coveros.training.authentication.LoginServlet,0.25
105,com.coveros.training.authentication.RegistrationUtils,com.coveros.training.authentication.RegisterServlet,0.25
106,com.coveros.training.authentication.RegistrationUtils,com.coveros.training.library.LibraryBookListAvailableServlet,0.1111111111111111
107,com.coveros.training.authentication.RegistrationUtils,com.coveros.training.library.LibraryBookListSearchServlet,0.1111111111111111
108,com.coveros.training.authentication.RegistrationUtils,com.coveros.training.library.LibraryBorrowerListSearchServlet,0.1111111111111111
109,com.coveros.training.authentication.RegistrationUtils,com.coveros.training.library.LibraryLendServlet,0.1111111111111111
110,com.coveros.training.authentication.RegistrationUtils,com.coveros.training.library.LibraryRegisterBookServlet,0.1111111111111111
111,com.coveros.training.authentication.RegistrationUtils,com.coveros.training.library.LibraryRegisterBorrowerServlet,0.1111111111111111
112,com.coveros.training.authentication.RegistrationUtils,com.coveros.training.mathematics.AckServlet,0.125
113,com.coveros.training.authentication.RegistrationUtils,com.coveros.training.mathematics.Ackermann,0.125
114,com.coveros.training.authentication.RegistrationUtils,com.coveros.training.mathematics.AckermannIterative,0.125
115,com.coveros.training.authentication.RegistrationUtils,com.coveros.training.mathematics.FibServlet,0.125
116,com.coveros.training.authentication.RegistrationUtils,com.coveros.training.mathematics.FibonacciIterative,0.125
117,com.coveros.training.authentication.RegistrationUtils,com.coveros.training.mathematics.FunctionalField,0.125
118,com.coveros.training.authentication.RegistrationUtils,com.coveros.training.mathematics.MathServlet,0.125
119,com.coveros.training.authentication.RegistrationUtils,com.coveros.training.mathematics.TailRecursive,0.125
120,com.coveros.training.helpers.AssertionException,com.coveros.training.helpers.CheckUtils,0.25
121,com.coveros.training.helpers.AssertionException,com.coveros.training.persistence.PersistenceLayer,0.015873015873015872
122,com.coveros.training.helpers.CheckUtils,com.coveros.training.persistence.PersistenceLayer,0.03076923076923077
123,com.coveros.training.helpers.CheckUtils,com.coveros.training.helpers.StringUtils,0.14285714285714285
124,com.coveros.training.helpers.CheckUtils,com.coveros.training.mathematics.Fibonacci,0.2
125,com.coveros.training.helpers.CheckUtils,com.coveros.training.library.domainobjects.Book,0.14285714285714285
126,com.coveros.training.helpers.CheckUtils,com.coveros.training.library.domainobjects.Borrower,0.16666666666666666
127,com.coveros.training.helpers.CheckUtils,com.coveros.training.authentication.domainobjects.PasswordResult,0.16666666666666666
128,com.coveros.training.helpers.CheckUtils,com.coveros.training.authentication.domainobjects.RegistrationResult,0.16666666666666666
129,com.coveros.training.helpers.CheckUtils,com.coveros.training.authentication.domainobjects.User,0.16666666666666666
130,com.coveros.training.helpers.CheckUtils,com.coveros.training.library.LibraryUtils,0.16666666666666666
131,com.coveros.training.helpers.CheckUtils,com.coveros.training.library.domainobjects.Loan,0.16666666666666666
132,com.coveros.training.helpers.CheckUtils,com.coveros.training.persistence.DbServlet,0.2
133,com.coveros.training.helpers.CheckUtils,com.coveros.training.tomcat.WebAppListener,0.16666666666666666
134,com.coveros.training.helpers.CheckUtils,com.coveros.training.authentication.domainobjects.PasswordResultEnums,0.16666666666666666
135,com.coveros.training.helpers.CheckUtils,com.coveros.training.library.domainobjects.LibraryActionResults,0.2
136,com.coveros.training.helpers.CheckUtils,com.coveros.training.helpers.ServletUtils,0.2
137,com.coveros.training.helpers.CheckUtils,com.coveros.training.authentication.domainobjects.RegistrationStatusEnums,0.2
138,com.coveros.training.helpers.CheckUtils,com.coveros.training.authentication.LoginServlet,0.5
139,com.coveros.training.helpers.CheckUtils,com.coveros.training.authentication.RegisterServlet,0.5
140,com.coveros.training.helpers.CheckUtils,com.coveros.training.library.LibraryBookListAvailableServlet,0.2
141,com.coveros.training.helpers.CheckUtils,com.coveros.training.library.LibraryBookListSearchServlet,0.2
142,com.coveros.training.helpers.CheckUtils,com.coveros.training.library.LibraryBorrowerListSearchServlet,0.2
143,com.coveros.training.helpers.CheckUtils,com.coveros.training.library.LibraryLendServlet,0.2
144,com.coveros.training.helpers.CheckUtils,com.coveros.training.library.LibraryRegisterBookServlet,0.2
145,com.coveros.training.helpers.CheckUtils,com.coveros.training.library.LibraryRegisterBorrowerServlet,0.2
146,com.coveros.training.helpers.CheckUtils,com.coveros.training.mathematics.AckServlet,0.25
147,com.coveros.training.helpers.CheckUtils,com.coveros.training.mathematics.Ackermann,0.25
148,com.coveros.training.helpers.CheckUtils,com.coveros.training.mathematics.AckermannIterative,0.25
149,com.coveros.training.helpers.CheckUtils,com.coveros.training.mathematics.FibServlet,0.25
150,com.coveros.training.helpers.CheckUtils,com.coveros.training.mathematics.FibonacciIterative,0.25
151,com.coveros.training.helpers.CheckUtils,com.coveros.training.mathematics.FunctionalField,0.25
152,com.coveros.training.helpers.CheckUtils,com.coveros.training.mathematics.MathServlet,0.25
153,com.coveros.training.helpers.CheckUtils,com.coveros.training.mathematics.TailRecursive,0.25
154,com.coveros.training.persistence.PersistenceLayer,com.coveros.training.persistence.IPersistenceLayer,0.015625
155,com.coveros.training.persistence.PersistenceLayer,com.coveros.training.persistence.SqlData,0.14925373134328357
156,com.coveros.training.persistence.PersistenceLayer,com.coveros.training.helpers.StringUtils,0.046875
157,com.coveros.training.persistence.PersistenceLayer,com.coveros.training.mathematics.Fibonacci,0.031746031746031744
158,com.coveros.training.persistence.PersistenceLayer,com.coveros.training.library.domainobjects.Book,0.046875
159,com.coveros.training.persistence.PersistenceLayer,com.coveros.training.library.domainobjects.Borrower,0.03125
160,com.coveros.training.persistence.PersistenceLayer,com.coveros.training.authentication.domainobjects.PasswordResult,0.03125
161,com.coveros.training.persistence.PersistenceLayer,com.coveros.training.authentication.domainobjects.RegistrationResult,0.03125
162,com.coveros.training.persistence.PersistenceLayer,com.coveros.training.authentication.domainobjects.User,0.03125
163,com.coveros.training.persistence.PersistenceLayer,com.coveros.training.library.LibraryUtils,0.03125
164,com.coveros.training.persistence.PersistenceLayer,com.coveros.training.library.domainobjects.Loan,0.047619047619047616
165,com.coveros.training.persistence.PersistenceLayer,com.coveros.training.persistence.DbServlet,0.031746031746031744
166,com.coveros.training.persistence.PersistenceLayer,com.coveros.training.persistence.ParameterObject,0.1111111111111111
167,com.coveros.training.persistence.PersistenceLayer,com.coveros.training.tomcat.WebAppListener,0.047619047619047616
168,com.coveros.training.persistence.PersistenceLayer,com.coveros.training.authentication.domainobjects.PasswordResultEnums,0.03125
169,com.coveros.training.persistence.PersistenceLayer,com.coveros.training.library.domainobjects.LibraryActionResults,0.031746031746031744
170,com.coveros.training.persistence.PersistenceLayer,com.coveros.training.helpers.ServletUtils,0.015625
171,com.coveros.training.persistence.PersistenceLayer,com.coveros.training.authentication.domainobjects.RegistrationStatusEnums,0.015625
172,com.coveros.training.persistence.PersistenceLayer,com.coveros.training.authentication.LoginServlet,0.015625
173,com.coveros.training.persistence.PersistenceLayer,com.coveros.training.authentication.RegisterServlet,0.015625
174,com.coveros.training.persistence.PersistenceLayer,com.coveros.training.library.LibraryBookListAvailableServlet,0.015625
175,com.coveros.training.persistence.PersistenceLayer,com.coveros.training.library.LibraryBookListSearchServlet,0.015625
176,com.coveros.training.persistence.PersistenceLayer,com.coveros.training.library.LibraryBorrowerListSearchServlet,0.015625
177,com.coveros.training.persistence.PersistenceLayer,com.coveros.training.library.LibraryLendServlet,0.015625
178,com.coveros.training.persistence.PersistenceLayer,com.coveros.training.library.LibraryRegisterBookServlet,0.015625
179,com.coveros.training.persistence.PersistenceLayer,com.coveros.training.library.LibraryRegisterBorrowerServlet,0.015625
180,com.coveros.training.persistence.PersistenceLayer,com.coveros.training.mathematics.AckServlet,0.015873015873015872
181,com.coveros.training.persistence.PersistenceLayer,com.coveros.training.mathematics.Ackermann,0.015873015873015872
182,com.coveros.training.persistence.PersistenceLayer,com.coveros.training.mathematics.AckermannIterative,0.015873015873015872
183,com.coveros.training.persistence.PersistenceLayer,com.coveros.training.mathematics.FibServlet,0.015873015873015872
184,com.coveros.training.persistence.PersistenceLayer,com.coveros.training.mathematics.FibonacciIterative,0.015873015873015872
185,com.coveros.training.persistence.PersistenceLayer,com.coveros.training.mathematics.FunctionalField,0.015873015873015872
186,com.coveros.training.persistence.PersistenceLayer,com.coveros.training.mathematics.MathServlet,0.015873015873015872
187,com.coveros.training.persistence.PersistenceLayer,com.coveros.training.mathematics.TailRecursive,0.015873015873015872
188,com.coveros.training.persistence.PersistenceLayer,com.coveros.training.cartesianproduct.CartesianProduct,0.015625
189,com.coveros.training.persistence.PersistenceLayer,com.coveros.training.persistence.NotImplementedException,0.03125
190,com.coveros.training.persistence.PersistenceLayer,com.coveros.training.persistence.EmptyDataSource,0.07692307692307693
191,com.coveros.training.persistence.PersistenceLayer,com.coveros.training.persistence.SqlRuntimeException,0.03125
192,com.coveros.training.persistence.IPersistenceLayer,com.coveros.training.persistence.SqlData,0.06666666666666667
193,com.coveros.training.persistence.IPersistenceLayer,com.coveros.training.helpers.StringUtils,0.2
194,com.coveros.training.persistence.IPersistenceLayer,com.coveros.training.library.domainobjects.Book,0.2
195,com.coveros.training.persistence.IPersistenceLayer,com.coveros.training.library.domainobjects.Borrower,0.25
196,com.coveros.training.persistence.IPersistenceLayer,com.coveros.training.authentication.domainobjects.PasswordResult,0.25
197,com.coveros.training.persistence.IPersistenceLayer,com.coveros.training.authentication.domainobjects.RegistrationResult,0.25
198,com.coveros.training.persistence.IPersistenceLayer,com.coveros.training.authentication.domainobjects.User,0.25
199,com.coveros.training.persistence.IPersistenceLayer,com.coveros.training.library.LibraryUtils,0.25
200,com.coveros.training.persistence.IPersistenceLayer,com.coveros.training.library.domainobjects.Loan,0.25
201,com.coveros.training.persistence.IPersistenceLayer,com.coveros.training.persistence.DbServlet,0.3333333333333333
202,com.coveros.training.persistence.IPersistenceLayer,com.coveros.training.persistence.ParameterObject,0.125
203,com.coveros.training.persistence.IPersistenceLayer,com.coveros.training.tomcat.WebAppListener,0.25
204,com.coveros.training.persistence.SqlData,com.coveros.training.helpers.StringUtils,0.125
205,com.coveros.training.persistence.SqlData,com.coveros.training.mathematics.Fibonacci,0.06666666666666667
206,com.coveros.training.persistence.SqlData,com.coveros.training.library.domainobjects.Book,0.058823529411764705
207,com.coveros.training.persistence.SqlData,com.coveros.training.library.domainobjects.Borrower,0.0625
208,com.coveros.training.persistence.SqlData,com.coveros.training.authentication.domainobjects.PasswordResult,0.0625
209,com.coveros.training.persistence.SqlData,com.coveros.training.authentication.domainobjects.RegistrationResult,0.0625
210,com.coveros.training.persistence.SqlData,com.coveros.training.authentication.domainobjects.User,0.0625
211,com.coveros.training.persistence.SqlData,com.coveros.training.library.LibraryUtils,0.0625
212,com.coveros.training.persistence.SqlData,com.coveros.training.library.domainobjects.Loan,0.0625
213,com.coveros.training.persistence.SqlData,com.coveros.training.persistence.DbServlet,0.06666666666666667
214,com.coveros.training.persistence.SqlData,com.coveros.training.persistence.ParameterObject,0.4
215,com.coveros.training.persistence.SqlData,com.coveros.training.tomcat.WebAppListener,0.0625
216,com.coveros.training.persistence.SqlData,com.coveros.training.cartesianproduct.CartesianProduct,0.06666666666666667
217,com.coveros.training.persistence.SqlData,com.coveros.training.persistence.NotImplementedException,0.0625
218,com.coveros.training.persistence.SqlData,com.coveros.training.persistence.EmptyDataSource,0.10526315789473684
219,com.coveros.training.persistence.SqlData,com.coveros.training.persistence.SqlRuntimeException,0.13333333333333333
220,com.coveros.training.helpers.StringUtils,com.coveros.training.mathematics.Fibonacci,0.5
221,com.coveros.training.helpers.StringUtils,com.coveros.training.library.domainobjects.Book,0.6
222,com.coveros.training.helpers.StringUtils,com.coveros.training.library.domainobjects.Borrower,0.75
223,com.coveros.training.helpers.StringUtils,com.coveros.training.authentication.domainobjects.PasswordResult,0.4
224,com.coveros.training.helpers.StringUtils,com.coveros.training.authentication.domainobjects.RegistrationResult,0.4
225,com.coveros.training.helpers.StringUtils,com.coveros.training.authentication.domainobjects.User,0.4
226,com.coveros.training.helpers.StringUtils,com.coveros.training.library.LibraryUtils,0.4
227,com.coveros.training.helpers.StringUtils,com.coveros.training.library.domainobjects.Loan,0.4
228,com.coveros.training.helpers.StringUtils,com.coveros.training.persistence.DbServlet,0.5
229,com.coveros.training.helpers.StringUtils,com.coveros.training.persistence.ParameterObject,0.1
230,com.coveros.training.helpers.StringUtils,com.coveros.training.tomcat.WebAppListener,0.4
231,com.coveros.training.helpers.StringUtils,com.coveros.training.authentication.domainobjects.PasswordResultEnums,0.16666666666666666
232,com.coveros.training.helpers.StringUtils,com.coveros.training.library.domainobjects.LibraryActionResults,0.2
233,com.coveros.training.helpers.StringUtils,com.coveros.training.helpers.ServletUtils,0.2
234,com.coveros.training.helpers.StringUtils,com.coveros.training.authentication.domainobjects.RegistrationStatusEnums,0.2
235,com.coveros.training.helpers.StringUtils,com.coveros.training.authentication.LoginServlet,0.2
236,com.coveros.training.helpers.StringUtils,com.coveros.training.authentication.RegisterServlet,0.2
237,com.coveros.training.helpers.StringUtils,com.coveros.training.library.LibraryBookListAvailableServlet,0.2
238,com.coveros.training.helpers.StringUtils,com.coveros.training.library.LibraryBookListSearchServlet,0.2
239,com.coveros.training.helpers.StringUtils,com.coveros.training.library.LibraryBorrowerListSearchServlet,0.2
240,com.coveros.training.helpers.StringUtils,com.coveros.training.library.LibraryLendServlet,0.2
241,com.coveros.training.helpers.StringUtils,com.coveros.training.library.LibraryRegisterBookServlet,0.2
242,com.coveros.training.helpers.StringUtils,com.coveros.training.library.LibraryRegisterBorrowerServlet,0.2
243,com.coveros.training.helpers.StringUtils,com.coveros.training.mathematics.AckServlet,0.25
244,com.coveros.training.helpers.StringUtils,com.coveros.training.mathematics.Ackermann,0.25
245,com.coveros.training.helpers.StringUtils,com.coveros.training.mathematics.AckermannIterative,0.25
246,com.coveros.training.helpers.StringUtils,com.coveros.training.mathematics.FibServlet,0.25
247,com.coveros.training.helpers.StringUtils,com.coveros.training.mathematics.FibonacciIterative,0.25
248,com.coveros.training.helpers.StringUtils,com.coveros.training.mathematics.FunctionalField,0.25
249,com.coveros.training.helpers.StringUtils,com.coveros.training.mathematics.MathServlet,0.25
250,com.coveros.training.helpers.StringUtils,com.coveros.training.mathematics.TailRecursive,0.25
251,com.coveros.training.mathematics.Fibonacci,com.coveros.training.library.domainobjects.Book,0.2
252,com.coveros.training.mathematics.Fibonacci,com.coveros.training.library.domainobjects.Borrower,0.25
253,com.coveros.training.mathematics.Fibonacci,com.coveros.training.authentication.domainobjects.PasswordResult,0.25
254,com.coveros.training.mathematics.Fibonacci,com.coveros.training.authentication.domainobjects.RegistrationResult,0.25
255,com.coveros.training.mathematics.Fibonacci,com.coveros.training.authentication.domainobjects.User,0.25
256,com.coveros.training.mathematics.Fibonacci,com.coveros.training.library.LibraryUtils,0.25
257,com.coveros.training.mathematics.Fibonacci,com.coveros.training.library.domainobjects.Loan,0.25
258,com.coveros.training.mathematics.Fibonacci,com.coveros.training.persistence.DbServlet,0.3333333333333333
259,com.coveros.training.mathematics.Fibonacci,com.coveros.training.tomcat.WebAppListener,0.25
260,com.coveros.training.mathematics.Fibonacci,com.coveros.training.authentication.domainobjects.PasswordResultEnums,0.25
261,com.coveros.training.mathematics.Fibonacci,com.coveros.training.library.domainobjects.LibraryActionResults,0.3333333333333333
262,com.coveros.training.mathematics.Fibonacci,com.coveros.training.helpers.ServletUtils,0.3333333333333333
263,com.coveros.training.mathematics.Fibonacci,com.coveros.training.authentication.domainobjects.RegistrationStatusEnums,0.3333333333333333
264,com.coveros.training.mathematics.Fibonacci,com.coveros.training.authentication.LoginServlet,0.3333333333333333
265,com.coveros.training.mathematics.Fibonacci,com.coveros.training.authentication.RegisterServlet,0.3333333333333333
266,com.coveros.training.mathematics.Fibonacci,com.coveros.training.library.LibraryBookListAvailableServlet,0.3333333333333333
267,com.coveros.training.mathematics.Fibonacci,com.coveros.training.library.LibraryBookListSearchServlet,0.3333333333333333
268,com.coveros.training.mathematics.Fibonacci,com.coveros.training.library.LibraryBorrowerListSearchServlet,0.3333333333333333
269,com.coveros.training.mathematics.Fibonacci,com.coveros.training.library.LibraryLendServlet,0.3333333333333333
270,com.coveros.training.mathematics.Fibonacci,com.coveros.training.library.LibraryRegisterBookServlet,0.3333333333333333
271,com.coveros.training.mathematics.Fibonacci,com.coveros.training.library.LibraryRegisterBorrowerServlet,0.3333333333333333
272,com.coveros.training.mathematics.Fibonacci,com.coveros.training.mathematics.AckServlet,0.5
273,com.coveros.training.mathematics.Fibonacci,com.coveros.training.mathematics.Ackermann,0.5
274,com.coveros.training.mathematics.Fibonacci,com.coveros.training.mathematics.AckermannIterative,0.5
275,com.coveros.training.mathematics.Fibonacci,com.coveros.training.mathematics.FibServlet,0.5
276,com.coveros.training.mathematics.Fibonacci,com.coveros.training.mathematics.FibonacciIterative,0.5
277,com.coveros.training.mathematics.Fibonacci,com.coveros.training.mathematics.FunctionalField,0.5
278,com.coveros.training.mathematics.Fibonacci,com.coveros.training.mathematics.MathServlet,0.5
279,com.coveros.training.mathematics.Fibonacci,com.coveros.training.mathematics.TailRecursive,0.5
280,com.coveros.training.library.domainobjects.Book,com.coveros.training.library.domainobjects.Borrower,0.75
281,com.coveros.training.library.domainobjects.Book,com.coveros.training.authentication.domainobjects.PasswordResult,0.4
282,com.coveros.training.library.domainobjects.Book,com.coveros.training.authentication.domainobjects.RegistrationResult,0.4
283,com.coveros.training.library.domainobjects.Book,com.coveros.training.authentication.domainobjects.User,0.4
284,com.coveros.training.library.domainobjects.Book,com.coveros.training.library.LibraryUtils,0.4
285,com.coveros.training.library.domainobjects.Book,com.coveros.training.library.domainobjects.Loan,0.75
286,com.coveros.training.library.domainobjects.Book,com.coveros.training.persistence.DbServlet,0.5
287,com.coveros.training.library.domainobjects.Book,com.coveros.training.persistence.ParameterObject,0.1
288,com.coveros.training.library.domainobjects.Book,com.coveros.training.tomcat.WebAppListener,0.75
289,com.coveros.training.library.domainobjects.Book,com.coveros.training.authentication.domainobjects.PasswordResultEnums,0.4
290,com.coveros.training.library.domainobjects.Book,com.coveros.training.library.domainobjects.LibraryActionResults,0.5
291,com.coveros.training.library.domainobjects.Book,com.coveros.training.helpers.ServletUtils,0.2
292,com.coveros.training.library.domainobjects.Book,com.coveros.training.authentication.domainobjects.RegistrationStatusEnums,0.2
293,com.coveros.training.library.domainobjects.Book,com.coveros.training.authentication.LoginServlet,0.2
294,com.coveros.training.library.domainobjects.Book,com.coveros.training.authentication.RegisterServlet,0.2
295,com.coveros.training.library.domainobjects.Book,com.coveros.training.library.LibraryBookListAvailableServlet,0.2
296,com.coveros.training.library.domainobjects.Book,com.coveros.training.library.LibraryBookListSearchServlet,0.2
297,com.coveros.training.library.domainobjects.Book,com.coveros.training.library.LibraryBorrowerListSearchServlet,0.2
298,com.coveros.training.library.domainobjects.Book,com.coveros.training.library.LibraryLendServlet,0.2
299,com.coveros.training.library.domainobjects.Book,com.coveros.training.library.LibraryRegisterBookServlet,0.2
300,com.coveros.training.library.domainobjects.Book,com.coveros.training.library.LibraryRegisterBorrowerServlet,0.2
301,com.coveros.training.library.domainobjects.Book,com.coveros.training.mathematics.AckServlet,0.25
302,com.coveros.training.library.domainobjects.Book,com.coveros.training.mathematics.Ackermann,0.25
303,com.coveros.training.library.domainobjects.Book,com.coveros.training.mathematics.AckermannIterative,0.25
304,com.coveros.training.library.domainobjects.Book,com.coveros.training.mathematics.FibServlet,0.25
305,com.coveros.training.library.domainobjects.Book,com.coveros.training.mathematics.FibonacciIterative,0.25
306,com.coveros.training.library.domainobjects.Book,com.coveros.training.mathematics.FunctionalField,0.25
307,com.coveros.training.library.domainobjects.Book,com.coveros.training.mathematics.MathServlet,0.25
308,com.coveros.training.library.domainobjects.Book,com.coveros.training.mathematics.TailRecursive,0.25
309,com.coveros.training.library.domainobjects.Borrower,com.coveros.training.authentication.domainobjects.PasswordResult,0.5
310,com.coveros.training.library.domainobjects.Borrower,com.coveros.training.authentication.domainobjects.RegistrationResult,0.5
311,com.coveros.training.library.domainobjects.Borrower,com.coveros.training.authentication.domainobjects.User,0.5
312,com.coveros.training.library.domainobjects.Borrower,com.coveros.training.library.LibraryUtils,0.5
313,com.coveros.training.library.domainobjects.Borrower,com.coveros.training.library.domainobjects.Loan,0.5
314,com.coveros.training.library.domainobjects.Borrower,com.coveros.training.persistence.DbServlet,0.6666666666666666
315,com.coveros.training.library.domainobjects.Borrower,com.coveros.training.persistence.ParameterObject,0.1111111111111111
316,com.coveros.training.library.domainobjects.Borrower,com.coveros.training.tomcat.WebAppListener,0.5
317,com.coveros.training.library.domainobjects.Borrower,com.coveros.training.authentication.domainobjects.PasswordResultEnums,0.2
318,com.coveros.training.library.domainobjects.Borrower,com.coveros.training.library.domainobjects.LibraryActionResults,0.25
319,com.coveros.training.library.domainobjects.Borrower,com.coveros.training.helpers.ServletUtils,0.25
320,com.coveros.training.library.domainobjects.Borrower,com.coveros.training.authentication.domainobjects.RegistrationStatusEnums,0.25
321,com.coveros.training.library.domainobjects.Borrower,com.coveros.training.authentication.LoginServlet,0.25
322,com.coveros.training.library.domainobjects.Borrower,com.coveros.training.authentication.RegisterServlet,0.25
323,com.coveros.training.library.domainobjects.Borrower,com.coveros.training.library.LibraryBookListAvailableServlet,0.25
324,com.coveros.training.library.domainobjects.Borrower,com.coveros.training.library.LibraryBookListSearchServlet,0.25
325,com.coveros.training.library.domainobjects.Borrower,com.coveros.training.library.LibraryBorrowerListSearchServlet,0.25
326,com.coveros.training.library.domainobjects.Borrower,com.coveros.training.library.LibraryLendServlet,0.25
327,com.coveros.training.library.domainobjects.Borrower,com.coveros.training.library.LibraryRegisterBookServlet,0.25
328,com.coveros.training.library.domainobjects.Borrower,com.coveros.training.library.LibraryRegisterBorrowerServlet,0.25
329,com.coveros.training.library.domainobjects.Borrower,com.coveros.training.mathematics.AckServlet,0.3333333333333333
330,com.coveros.training.library.domainobjects.Borrower,com.coveros.training.mathematics.Ackermann,0.3333333333333333
331,com.coveros.training.library.domainobjects.Borrower,com.coveros.training.mathematics.AckermannIterative,0.3333333333333333
332,com.coveros.training.library.domainobjects.Borrower,com.coveros.training.mathematics.FibServlet,0.3333333333333333
333,com.coveros.training.library.domainobjects.Borrower,com.coveros.training.mathematics.FibonacciIterative,0.3333333333333333
334,com.coveros.training.library.domainobjects.Borrower,com.coveros.training.mathematics.FunctionalField,0.3333333333333333
335,com.coveros.training.library.domainobjects.Borrower,com.coveros.training.mathematics.MathServlet,0.3333333333333333
336,com.coveros.training.library.domainobjects.Borrower,com.coveros.training.mathematics.TailRecursive,0.3333333333333333
337,com.coveros.training.authentication.domainobjects.PasswordResult,com.coveros.training.authentication.domainobjects.RegistrationResult,0.5
338,com.coveros.training.authentication.domainobjects.PasswordResult,com.coveros.training.authentication.domainobjects.User,0.5
339,com.coveros.training.authentication.domainobjects.PasswordResult,com.coveros.training.library.LibraryUtils,0.5
340,com.coveros.training.authentication.domainobjects.PasswordResult,com.coveros.training.library.domainobjects.Loan,0.5
341,com.coveros.training.authentication.domainobjects.PasswordResult,com.coveros.training.persistence.DbServlet,0.6666666666666666
342,com.coveros.training.authentication.domainobjects.PasswordResult,com.coveros.training.persistence.ParameterObject,0.1111111111111111
343,com.coveros.training.authentication.domainobjects.PasswordResult,com.coveros.training.tomcat.WebAppListener,0.5
344,com.coveros.training.authentication.domainobjects.PasswordResult,com.coveros.training.authentication.domainobjects.PasswordResultEnums,0.2
345,com.coveros.training.authentication.domainobjects.PasswordResult,com.coveros.training.library.domainobjects.LibraryActionResults,0.25
346,com.coveros.training.authentication.domainobjects.PasswordResult,com.coveros.training.helpers.ServletUtils,0.25
347,com.coveros.training.authentication.domainobjects.PasswordResult,com.coveros.training.authentication.domainobjects.RegistrationStatusEnums,0.25
348,com.coveros.training.authentication.domainobjects.PasswordResult,com.coveros.training.authentication.LoginServlet,0.25
349,com.coveros.training.authentication.domainobjects.PasswordResult,com.coveros.training.authentication.RegisterServlet,0.25
350,com.coveros.training.authentication.domainobjects.PasswordResult,com.coveros.training.library.LibraryBookListAvailableServlet,0.25
351,com.coveros.training.authentication.domainobjects.PasswordResult,com.coveros.training.library.LibraryBookListSearchServlet,0.25
352,com.coveros.training.authentication.domainobjects.PasswordResult,com.coveros.training.library.LibraryBorrowerListSearchServlet,0.25
353,com.coveros.training.authentication.domainobjects.PasswordResult,com.coveros.training.library.LibraryLendServlet,0.25
354,com.coveros.training.authentication.domainobjects.PasswordResult,com.coveros.training.library.LibraryRegisterBookServlet,0.25
355,com.coveros.training.authentication.domainobjects.PasswordResult,com.coveros.training.library.LibraryRegisterBorrowerServlet,0.25
356,com.coveros.training.authentication.domainobjects.PasswordResult,com.coveros.training.mathematics.AckServlet,0.3333333333333333
357,com.coveros.training.authentication.domainobjects.PasswordResult,com.coveros.training.mathematics.Ackermann,0.3333333333333333
358,com.coveros.training.authentication.domainobjects.PasswordResult,com.coveros.training.mathematics.AckermannIterative,0.3333333333333333
359,com.coveros.training.authentication.domainobjects.PasswordResult,com.coveros.training.mathematics.FibServlet,0.3333333333333333
360,com.coveros.training.authentication.domainobjects.PasswordResult,com.coveros.training.mathematics.FibonacciIterative,0.3333333333333333
361,com.coveros.training.authentication.domainobjects.PasswordResult,com.coveros.training.mathematics.FunctionalField,0.3333333333333333
362,com.coveros.training.authentication.domainobjects.PasswordResult,com.coveros.training.mathematics.MathServlet,0.3333333333333333
363,com.coveros.training.authentication.domainobjects.PasswordResult,com.coveros.training.mathematics.TailRecursive,0.3333333333333333
364,com.coveros.training.authentication.domainobjects.RegistrationResult,com.coveros.training.authentication.domainobjects.User,0.5
365,com.coveros.training.authentication.domainobjects.RegistrationResult,com.coveros.training.library.LibraryUtils,0.5
366,com.coveros.training.authentication.domainobjects.RegistrationResult,com.coveros.training.library.domainobjects.Loan,0.5
367,com.coveros.training.authentication.domainobjects.RegistrationResult,com.coveros.training.persistence.DbServlet,0.6666666666666666
368,com.coveros.training.authentication.domainobjects.RegistrationResult,com.coveros.training.persistence.ParameterObject,0.1111111111111111
369,com.coveros.training.authentication.domainobjects.RegistrationResult,com.coveros.training.tomcat.WebAppListener,0.5
370,com.coveros.training.authentication.domainobjects.RegistrationResult,com.coveros.training.authentication.domainobjects.PasswordResultEnums,0.2
371,com.coveros.training.authentication.domainobjects.RegistrationResult,com.coveros.training.library.domainobjects.LibraryActionResults,0.25
372,com.coveros.training.authentication.domainobjects.RegistrationResult,com.coveros.training.helpers.ServletUtils,0.25
373,com.coveros.training.authentication.domainobjects.RegistrationResult,com.coveros.training.authentication.domainobjects.RegistrationStatusEnums,0.25
374,com.coveros.training.authentication.domainobjects.RegistrationResult,com.coveros.training.authentication.LoginServlet,0.25
375,com.coveros.training.authentication.domainobjects.RegistrationResult,com.coveros.training.authentication.RegisterServlet,0.25
376,com.coveros.training.authentication.domainobjects.RegistrationResult,com.coveros.training.library.LibraryBookListAvailableServlet,0.25
377,com.coveros.training.authentication.domainobjects.RegistrationResult,com.coveros.training.library.LibraryBookListSearchServlet,0.25
378,com.coveros.training.authentication.domainobjects.RegistrationResult,com.coveros.training.library.LibraryBorrowerListSearchServlet,0.25
379,com.coveros.training.authentication.domainobjects.RegistrationResult,com.coveros.training.library.LibraryLendServlet,0.25
380,com.coveros.training.authentication.domainobjects.RegistrationResult,com.coveros.training.library.LibraryRegisterBookServlet,0.25
381,com.coveros.training.authentication.domainobjects.RegistrationResult,com.coveros.training.library.LibraryRegisterBorrowerServlet,0.25
382,com.coveros.training.authentication.domainobjects.RegistrationResult,com.coveros.training.mathematics.AckServlet,0.3333333333333333
383,com.coveros.training.authentication.domainobjects.RegistrationResult,com.coveros.training.mathematics.Ackermann,0.3333333333333333
384,com.coveros.training.authentication.domainobjects.RegistrationResult,com.coveros.training.mathematics.AckermannIterative,0.3333333333333333
385,com.coveros.training.authentication.domainobjects.RegistrationResult,com.coveros.training.mathematics.FibServlet,0.3333333333333333
386,com.coveros.training.authentication.domainobjects.RegistrationResult,com.coveros.training.mathematics.FibonacciIterative,0.3333333333333333
387,com.coveros.training.authentication.domainobjects.RegistrationResult,com.coveros.training.mathematics.FunctionalField,0.3333333333333333
388,com.coveros.training.authentication.domainobjects.RegistrationResult,com.coveros.training.mathematics.MathServlet,0.3333333333333333
389,com.coveros.training.authentication.domainobjects.RegistrationResult,com.coveros.training.mathematics.TailRecursive,0.3333333333333333
390,com.coveros.training.authentication.domainobjects.User,com.coveros.training.library.LibraryUtils,0.5
391,com.coveros.training.authentication.domainobjects.User,com.coveros.training.library.domainobjects.Loan,0.5
392,com.coveros.training.authentication.domainobjects.User,com.coveros.training.persistence.DbServlet,0.6666666666666666
393,com.coveros.training.authentication.domainobjects.User,com.coveros.training.persistence.ParameterObject,0.1111111111111111
394,com.coveros.training.authentication.domainobjects.User,com.coveros.training.tomcat.WebAppListener,0.5
395,com.coveros.training.authentication.domainobjects.User,com.coveros.training.authentication.domainobjects.PasswordResultEnums,0.2
396,com.coveros.training.authentication.domainobjects.User,com.coveros.training.library.domainobjects.LibraryActionResults,0.25
397,com.coveros.training.authentication.domainobjects.User,com.coveros.training.helpers.ServletUtils,0.25
398,com.coveros.training.authentication.domainobjects.User,com.coveros.training.authentication.domainobjects.RegistrationStatusEnums,0.25
399,com.coveros.training.authentication.domainobjects.User,com.coveros.training.authentication.LoginServlet,0.25
400,com.coveros.training.authentication.domainobjects.User,com.coveros.training.authentication.RegisterServlet,0.25
401,com.coveros.training.authentication.domainobjects.User,com.coveros.training.library.LibraryBookListAvailableServlet,0.25
402,com.coveros.training.authentication.domainobjects.User,com.coveros.training.library.LibraryBookListSearchServlet,0.25
403,com.coveros.training.authentication.domainobjects.User,com.coveros.training.library.LibraryBorrowerListSearchServlet,0.25
404,com.coveros.training.authentication.domainobjects.User,com.coveros.training.library.LibraryLendServlet,0.25
405,com.coveros.training.authentication.domainobjects.User,com.coveros.training.library.LibraryRegisterBookServlet,0.25
406,com.coveros.training.authentication.domainobjects.User,com.coveros.training.library.LibraryRegisterBorrowerServlet,0.25
407,com.coveros.training.authentication.domainobjects.User,com.coveros.training.mathematics.AckServlet,0.3333333333333333
408,com.coveros.training.authentication.domainobjects.User,com.coveros.training.mathematics.Ackermann,0.3333333333333333
409,com.coveros.training.authentication.domainobjects.User,com.coveros.training.mathematics.AckermannIterative,0.3333333333333333
410,com.coveros.training.authentication.domainobjects.User,com.coveros.training.mathematics.FibServlet,0.3333333333333333
411,com.coveros.training.authentication.domainobjects.User,com.coveros.training.mathematics.FibonacciIterative,0.3333333333333333
412,com.coveros.training.authentication.domainobjects.User,com.coveros.training.mathematics.FunctionalField,0.3333333333333333
413,com.coveros.training.authentication.domainobjects.User,com.coveros.training.mathematics.MathServlet,0.3333333333333333
414,com.coveros.training.authentication.domainobjects.User,com.coveros.training.mathematics.TailRecursive,0.3333333333333333
415,com.coveros.training.library.LibraryUtils,com.coveros.training.library.domainobjects.Loan,0.5
416,com.coveros.training.library.LibraryUtils,com.coveros.training.persistence.DbServlet,0.6666666666666666
417,com.coveros.training.library.LibraryUtils,com.coveros.training.persistence.ParameterObject,0.1111111111111111
418,com.coveros.training.library.LibraryUtils,com.coveros.training.tomcat.WebAppListener,0.5
419,com.coveros.training.library.LibraryUtils,com.coveros.training.authentication.domainobjects.PasswordResultEnums,0.2
420,com.coveros.training.library.LibraryUtils,com.coveros.training.library.domainobjects.LibraryActionResults,0.25
421,com.coveros.training.library.LibraryUtils,com.coveros.training.helpers.ServletUtils,0.25
422,com.coveros.training.library.LibraryUtils,com.coveros.training.authentication.domainobjects.RegistrationStatusEnums,0.25
423,com.coveros.training.library.LibraryUtils,com.coveros.training.authentication.LoginServlet,0.25
424,com.coveros.training.library.LibraryUtils,com.coveros.training.authentication.RegisterServlet,0.25
425,com.coveros.training.library.LibraryUtils,com.coveros.training.authentication.domainobjects.package-info,0.3333333333333333
426,com.coveros.training.library.LibraryUtils,com.coveros.training.authentication.package-info,0.3333333333333333
427,com.coveros.training.library.LibraryUtils,com.coveros.training.cartesianproduct.package-info,0.3333333333333333
428,com.coveros.training.library.LibraryUtils,com.coveros.training.expenses.package-info,0.3333333333333333
429,com.coveros.training.library.LibraryUtils,com.coveros.training.helpers.package-info,0.3333333333333333
430,com.coveros.training.library.LibraryUtils,com.coveros.training.library.LibraryBookListAvailableServlet,0.6666666666666666
431,com.coveros.training.library.LibraryUtils,com.coveros.training.library.LibraryBookListSearchServlet,0.6666666666666666
432,com.coveros.training.library.LibraryUtils,com.coveros.training.library.LibraryBorrowerListSearchServlet,0.6666666666666666
433,com.coveros.training.library.LibraryUtils,com.coveros.training.library.LibraryLendServlet,0.6666666666666666
434,com.coveros.training.library.LibraryUtils,com.coveros.training.library.LibraryRegisterBookServlet,0.6666666666666666
435,com.coveros.training.library.LibraryUtils,com.coveros.training.library.LibraryRegisterBorrowerServlet,0.6666666666666666
436,com.coveros.training.library.LibraryUtils,com.coveros.training.library.domainobjects.package-info,0.3333333333333333
437,com.coveros.training.library.LibraryUtils,com.coveros.training.library.package-info,0.3333333333333333
438,com.coveros.training.library.LibraryUtils,com.coveros.training.mathematics.package-info,0.3333333333333333
439,com.coveros.training.library.LibraryUtils,com.coveros.training.persistence.package-info,0.3333333333333333
440,com.coveros.training.library.LibraryUtils,com.coveros.training.tomcat.package-info,0.3333333333333333
441,com.coveros.training.library.LibraryUtils,com.coveros.training.mathematics.AckServlet,0.3333333333333333
442,com.coveros.training.library.LibraryUtils,com.coveros.training.mathematics.Ackermann,0.3333333333333333
443,com.coveros.training.library.LibraryUtils,com.coveros.training.mathematics.AckermannIterative,0.3333333333333333
444,com.coveros.training.library.LibraryUtils,com.coveros.training.mathematics.FibServlet,0.3333333333333333
445,com.coveros.training.library.LibraryUtils,com.coveros.training.mathematics.FibonacciIterative,0.3333333333333333
446,com.coveros.training.library.LibraryUtils,com.coveros.training.mathematics.FunctionalField,0.3333333333333333
447,com.coveros.training.library.LibraryUtils,com.coveros.training.mathematics.MathServlet,0.3333333333333333
448,com.coveros.training.library.LibraryUtils,com.coveros.training.mathematics.TailRecursive,0.3333333333333333
449,com.coveros.training.library.domainobjects.Loan,com.coveros.training.persistence.DbServlet,0.6666666666666666
450,com.coveros.training.library.domainobjects.Loan,com.coveros.training.persistence.ParameterObject,0.1111111111111111
451,com.coveros.training.library.domainobjects.Loan,com.coveros.training.tomcat.WebAppListener,1.0
452,com.coveros.training.library.domainobjects.Loan,com.coveros.training.authentication.domainobjects.PasswordResultEnums,0.5
453,com.coveros.training.library.domainobjects.Loan,com.coveros.training.library.domainobjects.LibraryActionResults,0.6666666666666666
454,com.coveros.training.library.domainobjects.Loan,com.coveros.training.helpers.ServletUtils,0.25
455,com.coveros.training.library.domainobjects.Loan,com.coveros.training.authentication.domainobjects.RegistrationStatusEnums,0.25
456,com.coveros.training.library.domainobjects.Loan,com.coveros.training.authentication.LoginServlet,0.25
457,com.coveros.training.library.domainobjects.Loan,com.coveros.training.authentication.RegisterServlet,0.25
458,com.coveros.training.library.domainobjects.Loan,com.coveros.training.library.LibraryBookListAvailableServlet,0.25
459,com.coveros.training.library.domainobjects.Loan,com.coveros.training.library.LibraryBookListSearchServlet,0.25
460,com.coveros.training.library.domainobjects.Loan,com.coveros.training.library.LibraryBorrowerListSearchServlet,0.25
461,com.coveros.training.library.domainobjects.Loan,com.coveros.training.library.LibraryLendServlet,0.25
462,com.coveros.training.library.domainobjects.Loan,com.coveros.training.library.LibraryRegisterBookServlet,0.25
463,com.coveros.training.library.domainobjects.Loan,com.coveros.training.library.LibraryRegisterBorrowerServlet,0.25
464,com.coveros.training.library.domainobjects.Loan,com.coveros.training.mathematics.AckServlet,0.3333333333333333
465,com.coveros.training.library.domainobjects.Loan,com.coveros.training.mathematics.Ackermann,0.3333333333333333
466,com.coveros.training.library.domainobjects.Loan,com.coveros.training.mathematics.AckermannIterative,0.3333333333333333
467,com.coveros.training.library.domainobjects.Loan,com.coveros.training.mathematics.FibServlet,0.3333333333333333
468,com.coveros.training.library.domainobjects.Loan,com.coveros.training.mathematics.FibonacciIterative,0.3333333333333333
469,com.coveros.training.library.domainobjects.Loan,com.coveros.training.mathematics.FunctionalField,0.3333333333333333
470,com.coveros.training.library.domainobjects.Loan,com.coveros.training.mathematics.MathServlet,0.3333333333333333
471,com.coveros.training.library.domainobjects.Loan,com.coveros.training.mathematics.TailRecursive,0.3333333333333333
472,com.coveros.training.persistence.DbServlet,com.coveros.training.persistence.ParameterObject,0.125
473,com.coveros.training.persistence.DbServlet,com.coveros.training.tomcat.WebAppListener,0.6666666666666666
474,com.coveros.training.persistence.DbServlet,com.coveros.training.authentication.domainobjects.PasswordResultEnums,0.25
475,com.coveros.training.persistence.DbServlet,com.coveros.training.library.domainobjects.LibraryActionResults,0.3333333333333333
476,com.coveros.training.persistence.DbServlet,com.coveros.training.helpers.ServletUtils,0.3333333333333333
477,com.coveros.training.persistence.DbServlet,com.coveros.training.authentication.domainobjects.RegistrationStatusEnums,0.3333333333333333
478,com.coveros.training.persistence.DbServlet,com.coveros.training.authentication.LoginServlet,0.3333333333333333
479,com.coveros.training.persistence.DbServlet,com.coveros.training.authentication.RegisterServlet,0.3333333333333333
480,com.coveros.training.persistence.DbServlet,com.coveros.training.library.LibraryBookListAvailableServlet,0.3333333333333333
481,com.coveros.training.persistence.DbServlet,com.coveros.training.library.LibraryBookListSearchServlet,0.3333333333333333
482,com.coveros.training.persistence.DbServlet,com.coveros.training.library.LibraryBorrowerListSearchServlet,0.3333333333333333
483,com.coveros.training.persistence.DbServlet,com.coveros.training.library.LibraryLendServlet,0.3333333333333333
484,com.coveros.training.persistence.DbServlet,com.coveros.training.library.LibraryRegisterBookServlet,0.3333333333333333
485,com.coveros.training.persistence.DbServlet,com.coveros.training.library.LibraryRegisterBorrowerServlet,0.3333333333333333
486,com.coveros.training.persistence.DbServlet,com.coveros.training.mathematics.AckServlet,0.5
487,com.coveros.training.persistence.DbServlet,com.coveros.training.mathematics.Ackermann,0.5
488,com.coveros.training.persistence.DbServlet,com.coveros.training.mathematics.AckermannIterative,0.5
489,com.coveros.training.persistence.DbServlet,com.coveros.training.mathematics.FibServlet,0.5
490,com.coveros.training.persistence.DbServlet,com.coveros.training.mathematics.FibonacciIterative,0.5
491,com.coveros.training.persistence.DbServlet,com.coveros.training.mathematics.FunctionalField,0.5
492,com.coveros.training.persistence.DbServlet,com.coveros.training.mathematics.MathServlet,0.5
493,com.coveros.training.persistence.DbServlet,com.coveros.training.mathematics.TailRecursive,0.5
494,com.coveros.training.persistence.ParameterObject,com.coveros.training.tomcat.WebAppListener,0.1111111111111111
495,com.coveros.training.persistence.ParameterObject,com.coveros.training.cartesianproduct.CartesianProduct,0.125
496,com.coveros.training.persistence.ParameterObject,com.coveros.training.persistence.NotImplementedException,0.1111111111111111
497,com.coveros.training.persistence.ParameterObject,com.coveros.training.persistence.EmptyDataSource,0.07692307692307693
498,com.coveros.training.persistence.ParameterObject,com.coveros.training.persistence.SqlRuntimeException,0.1111111111111111
499,com.coveros.training.tomcat.WebAppListener,com.coveros.training.authentication.domainobjects.PasswordResultEnums,0.5
500,com.coveros.training.tomcat.WebAppListener,com.coveros.training.library.domainobjects.LibraryActionResults,0.6666666666666666
501,com.coveros.training.tomcat.WebAppListener,com.coveros.training.helpers.ServletUtils,0.25
502,com.coveros.training.tomcat.WebAppListener,com.coveros.training.authentication.domainobjects.RegistrationStatusEnums,0.25
503,com.coveros.training.tomcat.WebAppListener,com.coveros.training.authentication.LoginServlet,0.25
504,com.coveros.training.tomcat.WebAppListener,com.coveros.training.authentication.RegisterServlet,0.25
505,com.coveros.training.tomcat.WebAppListener,com.coveros.training.library.LibraryBookListAvailableServlet,0.25
506,com.coveros.training.tomcat.WebAppListener,com.coveros.training.library.LibraryBookListSearchServlet,0.25
507,com.coveros.training.tomcat.WebAppListener,com.coveros.training.library.LibraryBorrowerListSearchServlet,0.25
508,com.coveros.training.tomcat.WebAppListener,com.coveros.training.library.LibraryLendServlet,0.25
509,com.coveros.training.tomcat.WebAppListener,com.coveros.training.library.LibraryRegisterBookServlet,0.25
510,com.coveros.training.tomcat.WebAppListener,com.coveros.training.library.LibraryRegisterBorrowerServlet,0.25
511,com.coveros.training.tomcat.WebAppListener,com.coveros.training.mathematics.AckServlet,0.3333333333333333
512,com.coveros.training.tomcat.WebAppListener,com.coveros.training.mathematics.Ackermann,0.3333333333333333
513,com.coveros.training.tomcat.WebAppListener,com.coveros.training.mathematics.AckermannIterative,0.3333333333333333
514,com.coveros.training.tomcat.WebAppListener,com.coveros.training.mathematics.FibServlet,0.3333333333333333
515,com.coveros.training.tomcat.WebAppListener,com.coveros.training.mathematics.FibonacciIterative,0.3333333333333333
516,com.coveros.training.tomcat.WebAppListener,com.coveros.training.mathematics.FunctionalField,0.3333333333333333
517,com.coveros.training.tomcat.WebAppListener,com.coveros.training.mathematics.MathServlet,0.3333333333333333
518,com.coveros.training.tomcat.WebAppListener,com.coveros.training.mathematics.TailRecursive,0.3333333333333333
519,com.coveros.training.authentication.domainobjects.PasswordResultEnums,com.coveros.training.library.domainobjects.LibraryActionResults,0.6666666666666666
520,com.coveros.training.authentication.domainobjects.PasswordResultEnums,com.coveros.training.helpers.ServletUtils,0.25
521,com.coveros.training.authentication.domainobjects.PasswordResultEnums,com.coveros.training.authentication.domainobjects.RegistrationStatusEnums,0.6666666666666666
522,com.coveros.training.authentication.domainobjects.PasswordResultEnums,com.coveros.training.authentication.LoginServlet,0.25
523,com.coveros.training.authentication.domainobjects.PasswordResultEnums,com.coveros.training.authentication.RegisterServlet,0.25
524,com.coveros.training.authentication.domainobjects.PasswordResultEnums,com.coveros.training.library.LibraryBookListAvailableServlet,0.25
525,com.coveros.training.authentication.domainobjects.PasswordResultEnums,com.coveros.training.library.LibraryBookListSearchServlet,0.25
526,com.coveros.training.authentication.domainobjects.PasswordResultEnums,com.coveros.training.library.LibraryBorrowerListSearchServlet,0.25
527,com.coveros.training.authentication.domainobjects.PasswordResultEnums,com.coveros.training.library.LibraryLendServlet,0.25
528,com.coveros.training.authentication.domainobjects.PasswordResultEnums,com.coveros.training.library.LibraryRegisterBookServlet,0.25
529,com.coveros.training.authentication.domainobjects.PasswordResultEnums,com.coveros.training.library.LibraryRegisterBorrowerServlet,0.25
530,com.coveros.training.authentication.domainobjects.PasswordResultEnums,com.coveros.training.mathematics.AckServlet,0.3333333333333333
531,com.coveros.training.authentication.domainobjects.PasswordResultEnums,com.coveros.training.mathematics.Ackermann,0.3333333333333333
532,com.coveros.training.authentication.domainobjects.PasswordResultEnums,com.coveros.training.mathematics.AckermannIterative,0.3333333333333333
533,com.coveros.training.authentication.domainobjects.PasswordResultEnums,com.coveros.training.mathematics.FibServlet,0.3333333333333333
534,com.coveros.training.authentication.domainobjects.PasswordResultEnums,com.coveros.training.mathematics.FibonacciIterative,0.3333333333333333
535,com.coveros.training.authentication.domainobjects.PasswordResultEnums,com.coveros.training.mathematics.FunctionalField,0.3333333333333333
536,com.coveros.training.authentication.domainobjects.PasswordResultEnums,com.coveros.training.mathematics.MathServlet,0.3333333333333333
537,com.coveros.training.authentication.domainobjects.PasswordResultEnums,com.coveros.training.mathematics.TailRecursive,0.3333333333333333
538,com.coveros.training.library.domainobjects.LibraryActionResults,com.coveros.training.helpers.ServletUtils,0.3333333333333333
539,com.coveros.training.library.domainobjects.LibraryActionResults,com.coveros.training.authentication.domainobjects.RegistrationStatusEnums,0.3333333333333333
540,com.coveros.training.library.domainobjects.LibraryActionResults,com.coveros.training.authentication.LoginServlet,0.3333333333333333
541,com.coveros.training.library.domainobjects.LibraryActionResults,com.coveros.training.authentication.RegisterServlet,0.3333333333333333
542,com.coveros.training.library.domainobjects.LibraryActionResults,com.coveros.training.library.LibraryBookListAvailableServlet,0.3333333333333333
543,com.coveros.training.library.domainobjects.LibraryActionResults,com.coveros.training.library.LibraryBookListSearchServlet,0.3333333333333333
544,com.coveros.training.library.domainobjects.LibraryActionResults,com.coveros.training.library.LibraryBorrowerListSearchServlet,0.3333333333333333
545,com.coveros.training.library.domainobjects.LibraryActionResults,com.coveros.training.library.LibraryLendServlet,0.3333333333333333
546,com.coveros.training.library.domainobjects.LibraryActionResults,com.coveros.training.library.LibraryRegisterBookServlet,0.3333333333333333
547,com.coveros.training.library.domainobjects.LibraryActionResults,com.coveros.training.library.LibraryRegisterBorrowerServlet,0.3333333333333333
548,com.coveros.training.library.domainobjects.LibraryActionResults,com.coveros.training.mathematics.AckServlet,0.5
549,com.coveros.training.library.domainobjects.LibraryActionResults,com.coveros.training.mathematics.Ackermann,0.5
550,com.coveros.training.library.domainobjects.LibraryActionResults,com.coveros.training.mathematics.AckermannIterative,0.5
551,com.coveros.training.library.domainobjects.LibraryActionResults,com.coveros.training.mathematics.FibServlet,0.5
552,com.coveros.training.library.domainobjects.LibraryActionResults,com.coveros.training.mathematics.FibonacciIterative,0.5
553,com.coveros.training.library.domainobjects.LibraryActionResults,com.coveros.training.mathematics.FunctionalField,0.5
554,com.coveros.training.library.domainobjects.LibraryActionResults,com.coveros.training.mathematics.MathServlet,0.5
555,com.coveros.training.library.domainobjects.LibraryActionResults,com.coveros.training.mathematics.TailRecursive,0.5
556,com.coveros.training.helpers.ServletUtils,com.coveros.training.authentication.domainobjects.RegistrationStatusEnums,0.3333333333333333
557,com.coveros.training.helpers.ServletUtils,com.coveros.training.authentication.LoginServlet,0.3333333333333333
558,com.coveros.training.helpers.ServletUtils,com.coveros.training.authentication.RegisterServlet,0.3333333333333333
559,com.coveros.training.helpers.ServletUtils,com.coveros.training.library.LibraryBookListAvailableServlet,0.3333333333333333
560,com.coveros.training.helpers.ServletUtils,com.coveros.training.library.LibraryBookListSearchServlet,0.3333333333333333
561,com.coveros.training.helpers.ServletUtils,com.coveros.training.library.LibraryBorrowerListSearchServlet,0.3333333333333333
562,com.coveros.training.helpers.ServletUtils,com.coveros.training.library.LibraryLendServlet,0.3333333333333333
563,com.coveros.training.helpers.ServletUtils,com.coveros.training.library.LibraryRegisterBookServlet,0.3333333333333333
564,com.coveros.training.helpers.ServletUtils,com.coveros.training.library.LibraryRegisterBorrowerServlet,0.3333333333333333
565,com.coveros.training.helpers.ServletUtils,com.coveros.training.mathematics.AckServlet,0.5
566,com.coveros.training.helpers.ServletUtils,com.coveros.training.mathematics.Ackermann,0.5
567,com.coveros.training.helpers.ServletUtils,com.coveros.training.mathematics.AckermannIterative,0.5
568,com.coveros.training.helpers.ServletUtils,com.coveros.training.mathematics.FibServlet,0.5
569,com.coveros.training.helpers.ServletUtils,com.coveros.training.mathematics.FibonacciIterative,0.5
570,com.coveros.training.helpers.ServletUtils,com.coveros.training.mathematics.FunctionalField,0.5
571,com.coveros.training.helpers.ServletUtils,com.coveros.training.mathematics.MathServlet,0.5
572,com.coveros.training.helpers.ServletUtils,com.coveros.training.mathematics.TailRecursive,0.5
573,com.coveros.training.authentication.domainobjects.RegistrationStatusEnums,com.coveros.training.authentication.LoginServlet,0.3333333333333333
574,com.coveros.training.authentication.domainobjects.RegistrationStatusEnums,com.coveros.training.authentication.RegisterServlet,0.3333333333333333
575,com.coveros.training.authentication.domainobjects.RegistrationStatusEnums,com.coveros.training.library.LibraryBookListAvailableServlet,0.3333333333333333
576,com.coveros.training.authentication.domainobjects.RegistrationStatusEnums,com.coveros.training.library.LibraryBookListSearchServlet,0.3333333333333333
577,com.coveros.training.authentication.domainobjects.RegistrationStatusEnums,com.coveros.training.library.LibraryBorrowerListSearchServlet,0.3333333333333333
578,com.coveros.training.authentication.domainobjects.RegistrationStatusEnums,com.coveros.training.library.LibraryLendServlet,0.3333333333333333
579,com.coveros.training.authentication.domainobjects.RegistrationStatusEnums,com.coveros.training.library.LibraryRegisterBookServlet,0.3333333333333333
580,com.coveros.training.authentication.domainobjects.RegistrationStatusEnums,com.coveros.training.library.LibraryRegisterBorrowerServlet,0.3333333333333333
581,com.coveros.training.authentication.domainobjects.RegistrationStatusEnums,com.coveros.training.mathematics.AckServlet,0.5
582,com.coveros.training.authentication.domainobjects.RegistrationStatusEnums,com.coveros.training.mathematics.Ackermann,0.5
583,com.coveros.training.authentication.domainobjects.RegistrationStatusEnums,com.coveros.training.mathematics.AckermannIterative,0.5
584,com.coveros.training.authentication.domainobjects.RegistrationStatusEnums,com.coveros.training.mathematics.FibServlet,0.5
585,com.coveros.training.authentication.domainobjects.RegistrationStatusEnums,com.coveros.training.mathematics.FibonacciIterative,0.5
586,com.coveros.training.authentication.domainobjects.RegistrationStatusEnums,com.coveros.training.mathematics.FunctionalField,0.5
587,com.coveros.training.authentication.domainobjects.RegistrationStatusEnums,com.coveros.training.mathematics.MathServlet,0.5
588,com.coveros.training.authentication.domainobjects.RegistrationStatusEnums,com.coveros.training.mathematics.TailRecursive,0.5
589,com.coveros.training.authentication.LoginServlet,com.coveros.training.authentication.RegisterServlet,1.0
590,com.coveros.training.authentication.LoginServlet,com.coveros.training.library.LibraryBookListAvailableServlet,0.3333333333333333
591,com.coveros.training.authentication.LoginServlet,com.coveros.training.library.LibraryBookListSearchServlet,0.3333333333333333
592,com.coveros.training.authentication.LoginServlet,com.coveros.training.library.LibraryBorrowerListSearchServlet,0.3333333333333333
593,com.coveros.training.authentication.LoginServlet,com.coveros.training.library.LibraryLendServlet,0.3333333333333333
594,com.coveros.training.authentication.LoginServlet,com.coveros.training.library.LibraryRegisterBookServlet,0.3333333333333333
595,com.coveros.training.authentication.LoginServlet,com.coveros.training.library.LibraryRegisterBorrowerServlet,0.3333333333333333
596,com.coveros.training.authentication.LoginServlet,com.coveros.training.mathematics.AckServlet,0.5
597,com.coveros.training.authentication.LoginServlet,com.coveros.training.mathematics.Ackermann,0.5
598,com.coveros.training.authentication.LoginServlet,com.coveros.training.mathematics.AckermannIterative,0.5
599,com.coveros.training.authentication.LoginServlet,com.coveros.training.mathematics.FibServlet,0.5
600,com.coveros.training.authentication.LoginServlet,com.coveros.training.mathematics.FibonacciIterative,0.5
601,com.coveros.training.authentication.LoginServlet,com.coveros.training.mathematics.FunctionalField,0.5
602,com.coveros.training.authentication.LoginServlet,com.coveros.training.mathematics.MathServlet,0.5
603,com.coveros.training.authentication.LoginServlet,com.coveros.training.mathematics.TailRecursive,0.5
604,com.coveros.training.authentication.RegisterServlet,com.coveros.training.library.LibraryBookListAvailableServlet,0.3333333333333333
605,com.coveros.training.authentication.RegisterServlet,com.coveros.training.library.LibraryBookListSearchServlet,0.3333333333333333
606,com.coveros.training.authentication.RegisterServlet,com.coveros.training.library.LibraryBorrowerListSearchServlet,0.3333333333333333
607,com.coveros.training.authentication.RegisterServlet,com.coveros.training.library.LibraryLendServlet,0.3333333333333333
608,com.coveros.training.authentication.RegisterServlet,com.coveros.training.library.LibraryRegisterBookServlet,0.3333333333333333
609,com.coveros.training.authentication.RegisterServlet,com.coveros.training.library.LibraryRegisterBorrowerServlet,0.3333333333333333
610,com.coveros.training.authentication.RegisterServlet,com.coveros.training.mathematics.AckServlet,0.5
611,com.coveros.training.authentication.RegisterServlet,com.coveros.training.mathematics.Ackermann,0.5
612,com.coveros.training.authentication.RegisterServlet,com.coveros.training.mathematics.AckermannIterative,0.5
613,com.coveros.training.authentication.RegisterServlet,com.coveros.training.mathematics.FibServlet,0.5
614,com.coveros.training.authentication.RegisterServlet,com.coveros.training.mathematics.FibonacciIterative,0.5
615,com.coveros.training.authentication.RegisterServlet,com.coveros.training.mathematics.FunctionalField,0.5
616,com.coveros.training.authentication.RegisterServlet,com.coveros.training.mathematics.MathServlet,0.5
617,com.coveros.training.authentication.RegisterServlet,com.coveros.training.mathematics.TailRecursive,0.5
618,com.coveros.training.authentication.domainobjects.package-info,com.coveros.training.authentication.package-info,1.0
619,com.coveros.training.authentication.domainobjects.package-info,com.coveros.training.cartesianproduct.package-info,1.0
620,com.coveros.training.authentication.domainobjects.package-info,com.coveros.training.expenses.package-info,1.0
621,com.coveros.training.authentication.domainobjects.package-info,com.coveros.training.helpers.package-info,1.0
622,com.coveros.training.authentication.domainobjects.package-info,com.coveros.training.library.LibraryBookListAvailableServlet,0.5
623,com.coveros.training.authentication.domainobjects.package-info,com.coveros.training.library.LibraryBookListSearchServlet,0.5
624,com.coveros.training.authentication.domainobjects.package-info,com.coveros.training.library.LibraryBorrowerListSearchServlet,0.5
625,com.coveros.training.authentication.domainobjects.package-info,com.coveros.training.library.LibraryLendServlet,0.5
626,com.coveros.training.authentication.domainobjects.package-info,com.coveros.training.library.LibraryRegisterBookServlet,0.5
627,com.coveros.training.authentication.domainobjects.package-info,com.coveros.training.library.LibraryRegisterBorrowerServlet,0.5
628,com.coveros.training.authentication.domainobjects.package-info,com.coveros.training.library.domainobjects.package-info,1.0
629,com.coveros.training.authentication.domainobjects.package-info,com.coveros.training.library.package-info,1.0
630,com.coveros.training.authentication.domainobjects.package-info,com.coveros.training.mathematics.package-info,1.0
631,com.coveros.training.authentication.domainobjects.package-info,com.coveros.training.persistence.package-info,1.0
632,com.coveros.training.authentication.domainobjects.package-info,com.coveros.training.tomcat.package-info,1.0
633,com.coveros.training.authentication.package-info,com.coveros.training.cartesianproduct.package-info,1.0
634,com.coveros.training.authentication.package-info,com.coveros.training.expenses.package-info,1.0
635,com.coveros.training.authentication.package-info,com.coveros.training.helpers.package-info,1.0
636,com.coveros.training.authentication.package-info,com.coveros.training.library.LibraryBookListAvailableServlet,0.5
637,com.coveros.training.authentication.package-info,com.coveros.training.library.LibraryBookListSearchServlet,0.5
638,com.coveros.training.authentication.package-info,com.coveros.training.library.LibraryBorrowerListSearchServlet,0.5
639,com.coveros.training.authentication.package-info,com.coveros.training.library.LibraryLendServlet,0.5
640,com.coveros.training.authentication.package-info,com.coveros.training.library.LibraryRegisterBookServlet,0.5
641,com.coveros.training.authentication.package-info,com.coveros.training.library.LibraryRegisterBorrowerServlet,0.5
642,com.coveros.training.authentication.package-info,com.coveros.training.library.domainobjects.package-info,1.0
643,com.coveros.training.authentication.package-info,com.coveros.training.library.package-info,1.0
644,com.coveros.training.authentication.package-info,com.coveros.training.mathematics.package-info,1.0
645,com.coveros.training.authentication.package-info,com.coveros.training.persistence.package-info,1.0
646,com.coveros.training.authentication.package-info,com.coveros.training.tomcat.package-info,1.0
647,com.coveros.training.cartesianproduct.package-info,com.coveros.training.expenses.package-info,1.0
648,com.coveros.training.cartesianproduct.package-info,com.coveros.training.helpers.package-info,1.0
649,com.coveros.training.cartesianproduct.package-info,com.coveros.training.library.LibraryBookListAvailableServlet,0.5
650,com.coveros.training.cartesianproduct.package-info,com.coveros.training.library.LibraryBookListSearchServlet,0.5
651,com.coveros.training.cartesianproduct.package-info,com.coveros.training.library.LibraryBorrowerListSearchServlet,0.5
652,com.coveros.training.cartesianproduct.package-info,com.coveros.training.library.LibraryLendServlet,0.5
653,com.coveros.training.cartesianproduct.package-info,com.coveros.training.library.LibraryRegisterBookServlet,0.5
654,com.coveros.training.cartesianproduct.package-info,com.coveros.training.library.LibraryRegisterBorrowerServlet,0.5
655,com.coveros.training.cartesianproduct.package-info,com.coveros.training.library.domainobjects.package-info,1.0
656,com.coveros.training.cartesianproduct.package-info,com.coveros.training.library.package-info,1.0
657,com.coveros.training.cartesianproduct.package-info,com.coveros.training.mathematics.package-info,1.0
658,com.coveros.training.cartesianproduct.package-info,com.coveros.training.persistence.package-info,1.0
659,com.coveros.training.cartesianproduct.package-info,com.coveros.training.tomcat.package-info,1.0
660,com.coveros.training.expenses.package-info,com.coveros.training.helpers.package-info,1.0
661,com.coveros.training.expenses.package-info,com.coveros.training.library.LibraryBookListAvailableServlet,0.5
662,com.coveros.training.expenses.package-info,com.coveros.training.library.LibraryBookListSearchServlet,0.5
663,com.coveros.training.expenses.package-info,com.coveros.training.library.LibraryBorrowerListSearchServlet,0.5
664,com.coveros.training.expenses.package-info,com.coveros.training.library.LibraryLendServlet,0.5
665,com.coveros.training.expenses.package-info,com.coveros.training.library.LibraryRegisterBookServlet,0.5
666,com.coveros.training.expenses.package-info,com.coveros.training.library.LibraryRegisterBorrowerServlet,0.5
667,com.coveros.training.expenses.package-info,com.coveros.training.library.domainobjects.package-info,1.0
668,com.coveros.training.expenses.package-info,com.coveros.training.library.package-info,1.0
669,com.coveros.training.expenses.package-info,com.coveros.training.mathematics.package-info,1.0
670,com.coveros.training.expenses.package-info,com.coveros.training.persistence.package-info,1.0
671,com.coveros.training.expenses.package-info,com.coveros.training.tomcat.package-info,1.0
672,com.coveros.training.helpers.package-info,com.coveros.training.library.LibraryBookListAvailableServlet,0.5
673,com.coveros.training.helpers.package-info,com.coveros.training.library.LibraryBookListSearchServlet,0.5
674,com.coveros.training.helpers.package-info,com.coveros.training.library.LibraryBorrowerListSearchServlet,0.5
675,com.coveros.training.helpers.package-info,com.coveros.training.library.LibraryLendServlet,0.5
676,com.coveros.training.helpers.package-info,com.coveros.training.library.LibraryRegisterBookServlet,0.5
677,com.coveros.training.helpers.package-info,com.coveros.training.library.LibraryRegisterBorrowerServlet,0.5
678,com.coveros.training.helpers.package-info,com.coveros.training.library.domainobjects.package-info,1.0
679,com.coveros.training.helpers.package-info,com.coveros.training.library.package-info,1.0
680,com.coveros.training.helpers.package-info,com.coveros.training.mathematics.package-info,1.0
681,com.coveros.training.helpers.package-info,com.coveros.training.persistence.package-info,1.0
682,com.coveros.training.helpers.package-info,com.coveros.training.tomcat.package-info,1.0
683,com.coveros.training.library.LibraryBookListAvailableServlet,com.coveros.training.library.LibraryBookListSearchServlet,1.0
684,com.coveros.training.library.LibraryBookListAvailableServlet,com.coveros.training.library.LibraryBorrowerListSearchServlet,1.0
685,com.coveros.training.library.LibraryBookListAvailableServlet,com.coveros.training.library.LibraryLendServlet,1.0
686,com.coveros.training.library.LibraryBookListAvailableServlet,com.coveros.training.library.LibraryRegisterBookServlet,1.0
687,com.coveros.training.library.LibraryBookListAvailableServlet,com.coveros.training.library.LibraryRegisterBorrowerServlet,1.0
688,com.coveros.training.library.LibraryBookListAvailableServlet,com.coveros.training.library.domainobjects.package-info,0.5
689,com.coveros.training.library.LibraryBookListAvailableServlet,com.coveros.training.library.package-info,0.5
690,com.coveros.training.library.LibraryBookListAvailableServlet,com.coveros.training.mathematics.package-info,0.5
691,com.coveros.training.library.LibraryBookListAvailableServlet,com.coveros.training.persistence.package-info,0.5
692,com.coveros.training.library.LibraryBookListAvailableServlet,com.coveros.training.tomcat.package-info,0.5
693,com.coveros.training.library.LibraryBookListAvailableServlet,com.coveros.training.mathematics.AckServlet,0.5
694,com.coveros.training.library.LibraryBookListAvailableServlet,com.coveros.training.mathematics.Ackermann,0.5
695,com.coveros.training.library.LibraryBookListAvailableServlet,com.coveros.training.mathematics.AckermannIterative,0.5
696,com.coveros.training.library.LibraryBookListAvailableServlet,com.coveros.training.mathematics.FibServlet,0.5
697,com.coveros.training.library.LibraryBookListAvailableServlet,com.coveros.training.mathematics.FibonacciIterative,0.5
698,com.coveros.training.library.LibraryBookListAvailableServlet,com.coveros.training.mathematics.FunctionalField,0.5
699,com.coveros.training.library.LibraryBookListAvailableServlet,com.coveros.training.mathematics.MathServlet,0.5
700,com.coveros.training.library.LibraryBookListAvailableServlet,com.coveros.training.mathematics.TailRecursive,0.5
701,com.coveros.training.library.LibraryBookListSearchServlet,com.coveros.training.library.LibraryBorrowerListSearchServlet,1.0
702,com.coveros.training.library.LibraryBookListSearchServlet,com.coveros.training.library.LibraryLendServlet,1.0
703,com.coveros.training.library.LibraryBookListSearchServlet,com.coveros.training.library.LibraryRegisterBookServlet,1.0
704,com.coveros.training.library.LibraryBookListSearchServlet,com.coveros.training.library.LibraryRegisterBorrowerServlet,1.0
705,com.coveros.training.library.LibraryBookListSearchServlet,com.coveros.training.library.domainobjects.package-info,0.5
706,com.coveros.training.library.LibraryBookListSearchServlet,com.coveros.training.library.package-info,0.5
707,com.coveros.training.library.LibraryBookListSearchServlet,com.coveros.training.mathematics.package-info,0.5
708,com.coveros.training.library.LibraryBookListSearchServlet,com.coveros.training.persistence.package-info,0.5
709,com.coveros.training.library.LibraryBookListSearchServlet,com.coveros.training.tomcat.package-info,0.5
710,com.coveros.training.library.LibraryBookListSearchServlet,com.coveros.training.mathematics.AckServlet,0.5
711,com.coveros.training.library.LibraryBookListSearchServlet,com.coveros.training.mathematics.Ackermann,0.5
712,com.coveros.training.library.LibraryBookListSearchServlet,com.coveros.training.mathematics.AckermannIterative,0.5
713,com.coveros.training.library.LibraryBookListSearchServlet,com.coveros.training.mathematics.FibServlet,0.5
714,com.coveros.training.library.LibraryBookListSearchServlet,com.coveros.training.mathematics.FibonacciIterative,0.5
715,com.coveros.training.library.LibraryBookListSearchServlet,com.coveros.training.mathematics.FunctionalField,0.5
716,com.coveros.training.library.LibraryBookListSearchServlet,com.coveros.training.mathematics.MathServlet,0.5
717,com.coveros.training.library.LibraryBookListSearchServlet,com.coveros.training.mathematics.TailRecursive,0.5
718,com.coveros.training.library.LibraryBorrowerListSearchServlet,com.coveros.training.library.LibraryLendServlet,1.0
719,com.coveros.training.library.LibraryBorrowerListSearchServlet,com.coveros.training.library.LibraryRegisterBookServlet,1.0
720,com.coveros.training.library.LibraryBorrowerListSearchServlet,com.coveros.training.library.LibraryRegisterBorrowerServlet,1.0
721,com.coveros.training.library.LibraryBorrowerListSearchServlet,com.coveros.training.library.domainobjects.package-info,0.5
722,com.coveros.training.library.LibraryBorrowerListSearchServlet,com.coveros.training.library.package-info,0.5
723,com.coveros.training.library.LibraryBorrowerListSearchServlet,com.coveros.training.mathematics.package-info,0.5
724,com.coveros.training.library.LibraryBorrowerListSearchServlet,com.coveros.training.persistence.package-info,0.5
725,com.coveros.training.library.LibraryBorrowerListSearchServlet,com.coveros.training.tomcat.package-info,0.5
726,com.coveros.training.library.LibraryBorrowerListSearchServlet,com.coveros.training.mathematics.AckServlet,0.5
727,com.coveros.training.library.LibraryBorrowerListSearchServlet,com.coveros.training.mathematics.Ackermann,0.5
728,com.coveros.training.library.LibraryBorrowerListSearchServlet,com.coveros.training.mathematics.AckermannIterative,0.5
729,com.coveros.training.library.LibraryBorrowerListSearchServlet,com.coveros.training.mathematics.FibServlet,0.5
730,com.coveros.training.library.LibraryBorrowerListSearchServlet,com.coveros.training.mathematics.FibonacciIterative,0.5
731,com.coveros.training.library.LibraryBorrowerListSearchServlet,com.coveros.training.mathematics.FunctionalField,0.5
732,com.coveros.training.library.LibraryBorrowerListSearchServlet,com.coveros.training.mathematics.MathServlet,0.5
733,com.coveros.training.library.LibraryBorrowerListSearchServlet,com.coveros.training.mathematics.TailRecursive,0.5
734,com.coveros.training.library.LibraryLendServlet,com.coveros.training.library.LibraryRegisterBookServlet,1.0
735,com.coveros.training.library.LibraryLendServlet,com.coveros.training.library.LibraryRegisterBorrowerServlet,1.0
736,com.coveros.training.library.LibraryLendServlet,com.coveros.training.library.domainobjects.package-info,0.5
737,com.coveros.training.library.LibraryLendServlet,com.coveros.training.library.package-info,0.5
738,com.coveros.training.library.LibraryLendServlet,com.coveros.training.mathematics.package-info,0.5
739,com.coveros.training.library.LibraryLendServlet,com.coveros.training.persistence.package-info,0.5
740,com.coveros.training.library.LibraryLendServlet,com.coveros.training.tomcat.package-info,0.5
741,com.coveros.training.library.LibraryLendServlet,com.coveros.training.mathematics.AckServlet,0.5
742,com.coveros.training.library.LibraryLendServlet,com.coveros.training.mathematics.Ackermann,0.5
743,com.coveros.training.library.LibraryLendServlet,com.coveros.training.mathematics.AckermannIterative,0.5
744,com.coveros.training.library.LibraryLendServlet,com.coveros.training.mathematics.FibServlet,0.5
745,com.coveros.training.library.LibraryLendServlet,com.coveros.training.mathematics.FibonacciIterative,0.5
746,com.coveros.training.library.LibraryLendServlet,com.coveros.training.mathematics.FunctionalField,0.5
747,com.coveros.training.library.LibraryLendServlet,com.coveros.training.mathematics.MathServlet,0.5
748,com.coveros.training.library.LibraryLendServlet,com.coveros.training.mathematics.TailRecursive,0.5
749,com.coveros.training.library.LibraryRegisterBookServlet,com.coveros.training.library.LibraryRegisterBorrowerServlet,1.0
750,com.coveros.training.library.LibraryRegisterBookServlet,com.coveros.training.library.domainobjects.package-info,0.5
751,com.coveros.training.library.LibraryRegisterBookServlet,com.coveros.training.library.package-info,0.5
752,com.coveros.training.library.LibraryRegisterBookServlet,com.coveros.training.mathematics.package-info,0.5
753,com.coveros.training.library.LibraryRegisterBookServlet,com.coveros.training.persistence.package-info,0.5
754,com.coveros.training.library.LibraryRegisterBookServlet,com.coveros.training.tomcat.package-info,0.5
755,com.coveros.training.library.LibraryRegisterBookServlet,com.coveros.training.mathematics.AckServlet,0.5
756,com.coveros.training.library.LibraryRegisterBookServlet,com.coveros.training.mathematics.Ackermann,0.5
757,com.coveros.training.library.LibraryRegisterBookServlet,com.coveros.training.mathematics.AckermannIterative,0.5
758,com.coveros.training.library.LibraryRegisterBookServlet,com.coveros.training.mathematics.FibServlet,0.5
759,com.coveros.training.library.LibraryRegisterBookServlet,com.coveros.training.mathematics.FibonacciIterative,0.5
760,com.coveros.training.library.LibraryRegisterBookServlet,com.coveros.training.mathematics.FunctionalField,0.5
761,com.coveros.training.library.LibraryRegisterBookServlet,com.coveros.training.mathematics.MathServlet,0.5
762,com.coveros.training.library.LibraryRegisterBookServlet,com.coveros.training.mathematics.TailRecursive,0.5
763,com.coveros.training.library.LibraryRegisterBorrowerServlet,com.coveros.training.library.domainobjects.package-info,0.5
764,com.coveros.training.library.LibraryRegisterBorrowerServlet,com.coveros.training.library.package-info,0.5
765,com.coveros.training.library.LibraryRegisterBorrowerServlet,com.coveros.training.mathematics.package-info,0.5
766,com.coveros.training.library.LibraryRegisterBorrowerServlet,com.coveros.training.persistence.package-info,0.5
767,com.coveros.training.library.LibraryRegisterBorrowerServlet,com.coveros.training.tomcat.package-info,0.5
768,com.coveros.training.library.LibraryRegisterBorrowerServlet,com.coveros.training.mathematics.AckServlet,0.5
769,com.coveros.training.library.LibraryRegisterBorrowerServlet,com.coveros.training.mathematics.Ackermann,0.5
770,com.coveros.training.library.LibraryRegisterBorrowerServlet,com.coveros.training.mathematics.AckermannIterative,0.5
771,com.coveros.training.library.LibraryRegisterBorrowerServlet,com.coveros.training.mathematics.FibServlet,0.5
772,com.coveros.training.library.LibraryRegisterBorrowerServlet,com.coveros.training.mathematics.FibonacciIterative,0.5
773,com.coveros.training.library.LibraryRegisterBorrowerServlet,com.coveros.training.mathematics.FunctionalField,0.5
774,com.coveros.training.library.LibraryRegisterBorrowerServlet,com.coveros.training.mathematics.MathServlet,0.5
775,com.coveros.training.library.LibraryRegisterBorrowerServlet,com.coveros.training.mathematics.TailRecursive,0.5
776,com.coveros.training.library.domainobjects.package-info,com.coveros.training.library.package-info,1.0
777,com.coveros.training.library.domainobjects.package-info,com.coveros.training.mathematics.package-info,1.0
778,com.coveros.training.library.domainobjects.package-info,com.coveros.training.persistence.package-info,1.0
779,com.coveros.training.library.domainobjects.package-info,com.coveros.training.tomcat.package-info,1.0
780,com.coveros.training.library.package-info,com.coveros.training.mathematics.package-info,1.0
781,com.coveros.training.library.package-info,com.coveros.training.persistence.package-info,1.0
782,com.coveros.training.library.package-info,com.coveros.training.tomcat.package-info,1.0
783,com.coveros.training.mathematics.package-info,com.coveros.training.persistence.package-info,1.0
784,com.coveros.training.mathematics.package-info,com.coveros.training.tomcat.package-info,1.0
785,com.coveros.training.persistence.package-info,com.coveros.training.tomcat.package-info,1.0
786,com.coveros.training.mathematics.AckServlet,com.coveros.training.mathematics.Ackermann,1.0
787,com.coveros.training.mathematics.AckServlet,com.coveros.training.mathematics.AckermannIterative,1.0
788,com.coveros.training.mathematics.AckServlet,com.coveros.training.mathematics.FibServlet,1.0
789,com.coveros.training.mathematics.AckServlet,com.coveros.training.mathematics.FibonacciIterative,1.0
790,com.coveros.training.mathematics.AckServlet,com.coveros.training.mathematics.FunctionalField,1.0
791,com.coveros.training.mathematics.AckServlet,com.coveros.training.mathematics.MathServlet,1.0
792,com.coveros.training.mathematics.AckServlet,com.coveros.training.mathematics.TailRecursive,1.0
793,com.coveros.training.mathematics.Ackermann,com.coveros.training.mathematics.AckermannIterative,1.0
794,com.coveros.training.mathematics.Ackermann,com.coveros.training.mathematics.FibServlet,1.0
795,com.coveros.training.mathematics.Ackermann,com.coveros.training.mathematics.FibonacciIterative,1.0
796,com.coveros.training.mathematics.Ackermann,com.coveros.training.mathematics.FunctionalField,1.0
797,com.coveros.training.mathematics.Ackermann,com.coveros.training.mathematics.MathServlet,1.0
798,com.coveros.training.mathematics.Ackermann,com.coveros.training.mathematics.TailRecursive,1.0
799,com.coveros.training.mathematics.AckermannIterative,com.coveros.training.mathematics.FibServlet,1.0
800,com.coveros.training.mathematics.AckermannIterative,com.coveros.training.mathematics.FibonacciIterative,1.0
801,com.coveros.training.mathematics.AckermannIterative,com.coveros.training.mathematics.FunctionalField,1.0
802,com.coveros.training.mathematics.AckermannIterative,com.coveros.training.mathematics.MathServlet,1.0
803,com.coveros.training.mathematics.AckermannIterative,com.coveros.training.mathematics.TailRecursive,1.0
804,com.coveros.training.mathematics.FibServlet,com.coveros.training.mathematics.FibonacciIterative,1.0
805,com.coveros.training.mathematics.FibServlet,com.coveros.training.mathematics.FunctionalField,1.0
806,com.coveros.training.mathematics.FibServlet,com.coveros.training.mathematics.MathServlet,1.0
807,com.coveros.training.mathematics.FibServlet,com.coveros.training.mathematics.TailRecursive,1.0
808,com.coveros.training.mathematics.FibonacciIterative,com.coveros.training.mathematics.FunctionalField,1.0
809,com.coveros.training.mathematics.FibonacciIterative,com.coveros.training.mathematics.MathServlet,1.0
810,com.coveros.training.mathematics.FibonacciIterative,com.coveros.training.mathematics.TailRecursive,1.0
811,com.coveros.training.mathematics.FunctionalField,com.coveros.training.mathematics.MathServlet,1.0
812,com.coveros.training.mathematics.FunctionalField,com.coveros.training.mathematics.TailRecursive,1.0
813,com.coveros.training.mathematics.MathServlet,com.coveros.training.mathematics.TailRecursive,1.0
814,com.coveros.training.cartesianproduct.CartesianProduct,com.coveros.training.persistence.NotImplementedException,0.25
815,com.coveros.training.cartesianproduct.CartesianProduct,com.coveros.training.expenses.AlcoholCalculator,0.5
816,com.coveros.training.cartesianproduct.CartesianProduct,com.coveros.training.expenses.AlcoholResult,0.5
817,com.coveros.training.cartesianproduct.CartesianProduct,com.coveros.training.expenses.DinnerPrices,0.5
818,com.coveros.training.persistence.NotImplementedException,com.coveros.training.persistence.EmptyDataSource,0.1111111111111111
819,desktop_app.com.coveros.training.autoinsurance.AutoInsuranceScriptServer,desktop_app.com.coveros.training.autoinsurance.AutoInsuranceAction,0.3333333333333333
820,desktop_app.com.coveros.training.autoinsurance.AutoInsuranceScriptServer,desktop_app.com.coveros.training.autoinsurance.AutoInsuranceProcessor,0.3333333333333333
821,desktop_app.com.coveros.training.autoinsurance.AutoInsuranceScriptServer,desktop_app.com.coveros.training.autoinsurance.AutoInsuranceUI,0.5
822,desktop_app.com.coveros.training.autoinsurance.AutoInsuranceScriptServer,desktop_app.com.coveros.training.autoinsurance.InvalidClaimsException,0.5
823,desktop_app.com.coveros.training.autoinsurance.AutoInsuranceScriptServer,desktop_app.com.coveros.training.autoinsurance.WarningLetterEnum,0.5
824,desktop_app.com.coveros.training.autoinsurance.AutoInsuranceAction,desktop_app.com.coveros.training.autoinsurance.AutoInsuranceProcessor,1.0
825,desktop_app.com.coveros.training.autoinsurance.AutoInsuranceAction,desktop_app.com.coveros.training.autoinsurance.AutoInsuranceUI,0.5
826,desktop_app.com.coveros.training.autoinsurance.AutoInsuranceAction,desktop_app.com.coveros.training.autoinsurance.InvalidClaimsException,0.5
827,desktop_app.com.coveros.training.autoinsurance.AutoInsuranceAction,desktop_app.com.coveros.training.autoinsurance.WarningLetterEnum,0.5
828,desktop_app.com.coveros.training.autoinsurance.AutoInsuranceProcessor,desktop_app.com.coveros.training.autoinsurance.AutoInsuranceUI,0.5
829,desktop_app.com.coveros.training.autoinsurance.AutoInsuranceProcessor,desktop_app.com.coveros.training.autoinsurance.InvalidClaimsException,0.5
830,desktop_app.com.coveros.training.autoinsurance.AutoInsuranceProcessor,desktop_app.com.coveros.training.autoinsurance.WarningLetterEnum,0.5
831,desktop_app.com.coveros.training.autoinsurance.AutoInsuranceUI,desktop_app.com.coveros.training.autoinsurance.InvalidClaimsException,1.0
832,desktop_app.com.coveros.training.autoinsurance.AutoInsuranceUI,desktop_app.com.coveros.training.autoinsurance.WarningLetterEnum,1.0
833,desktop_app.com.coveros.training.autoinsurance.InvalidClaimsException,desktop_app.com.coveros.training.autoinsurance.WarningLetterEnum,1.0
834,com.coveros.training.expenses.AlcoholCalculator,com.coveros.training.expenses.AlcoholResult,1.0
835,com.coveros.training.expenses.AlcoholCalculator,com.coveros.training.expenses.DinnerPrices,1.0
836,com.coveros.training.expenses.AlcoholResult,com.coveros.training.expenses.DinnerPrices,1.0
837,com.coveros.training.persistence.EmptyDataSource,com.coveros.training.persistence.SqlRuntimeException,0.1111111111111111
