,method,stmtLineNumber,stmt
0,<de.ecspride.ArrayAccess2: void onCreate(android.os.Bundle)>,-1,$r5 = virtualinvoke r4.<android.telephony.TelephonyManager: java.lang.String getDeviceId()>()
1,<de.ecspride.ArrayAccess2: void onCreate(android.os.Bundle)>,-1,r2[5] = $r5
2,<de.ecspride.ArrayAccess2: void onCreate(android.os.Bundle)>,-1,$r5 = r2[4]
3,<de.ecspride.ArrayAccess2: void onCreate(android.os.Bundle)>,-1,"virtualinvoke $r6.<android.telephony.SmsManager: void sendTextMessage(java.lang.String,java.lang.String,java.lang.String,android.app.PendingIntent,android.app.PendingIntent)>(""+49 1234"", null, $r5, null, null)"
