,method,stmtLineNumber,stmt
0,<de.ecspride.HashMapAccess1: void onCreate(android.os.Bundle)>,-1,$r5 = virtualinvoke $r4.<android.telephony.TelephonyManager: java.lang.String getDeviceId()>()
1,<de.ecspride.HashMapAccess1: void onCreate(android.os.Bundle)>,-1,"interfaceinvoke r2.<java.util.Map: java.lang.Object put(java.lang.Object,java.lang.Object)>(""tainted"", $r5)"
2,<de.ecspride.HashMapAccess1: void onCreate(android.os.Bundle)>,-1,"$r3 = interfaceinvoke r2.<java.util.Map: java.lang.Object get(java.lang.Object)>(""untainted"")"
3,<de.ecspride.HashMapAccess1: void onCreate(android.os.Bundle)>,-1,$r5 = (java.lang.String) $r3
4,<de.ecspride.HashMapAccess1: void onCreate(android.os.Bundle)>,-1,"virtualinvoke $r6.<android.telephony.SmsManager: void sendTextMessage(java.lang.String,java.lang.String,java.lang.String,android.app.PendingIntent,android.app.PendingIntent)>(""+49 1234"", null, $r5, null, null)"
