,method,stmtLineNumber,stmt
0,<de.ecspride.MainActivity: void onCreate(android.os.Bundle)>,-1,$r7 = virtualinvoke $r6.<android.telephony.TelephonyManager: java.lang.String getDeviceId()>()
1,<de.ecspride.MainActivity: void onCreate(android.os.Bundle)>,-1,"specialinvoke $r8.<de.ecspride.MainActivity$MyReceiver: void <init>(de.ecspride.MainActivity,java.lang.String)>(r0, $r7)"
2,"<de.ecspride.MainActivity$MyReceiver: void <init>(de.ecspride.MainActivity,java.lang.String)>",-1,r0.<de.ecspride.MainActivity$MyReceiver: java.lang.String deviceId> = $r2
3,"<de.ecspride.MainActivity$MyReceiver: void <init>(de.ecspride.MainActivity,java.lang.String)>",-1,return
4,<de.ecspride.MainActivity: void onCreate(android.os.Bundle)>,-1,"virtualinvoke r0.<de.ecspride.MainActivity: android.content.Intent registerReceiver(android.content.BroadcastReceiver,android.content.IntentFilter)>($r8, r2)"
5,<de.ecspride.MainActivity: void onCreate(android.os.Bundle)>,-1,"specialinvoke $r8.<de.ecspride.MainActivity$MyReceiver: void <init>(de.ecspride.MainActivity,java.lang.String)>(r0, $r7)"
6,"<de.ecspride.MainActivity$MyReceiver: void <init>(de.ecspride.MainActivity,java.lang.String)>",-1,r0 := @this: de.ecspride.MainActivity$MyReceiver
7,<de.ecspride.MainActivity: void onCreate(android.os.Bundle)>,-1,r0 := @this: de.ecspride.MainActivity
8,<dummyMainClass: de.ecspride.MainActivity dummyMainMethod_de_ecspride_MainActivity(android.content.Intent)>,-1,specialinvoke $r0.<de.ecspride.MainActivity: void <init>()>()
9,<de.ecspride.MainActivity: void <init>()>,-1,r0 := @this: de.ecspride.MainActivity
10,<dummyMainClass: de.ecspride.MainActivity dummyMainMethod_de_ecspride_MainActivity(android.content.Intent)>,-1,virtualinvoke $r0.<de.ecspride.MainActivity: void onCreate(android.os.Bundle)>(null)
11,<de.ecspride.MainActivity: void onCreate(android.os.Bundle)>,-1,virtualinvoke r0.<de.ecspride.MainActivity: void sendBroadcast(android.content.Intent)>(r3)
