{
    "tool": {
        "decomposition": {
            "0": [
                {
                    "id": "LineItem.getItem"
                },
                {
                    "id": "CatalogActionBean.getCategoryList"
                },
                {
                    "id": "CatalogActionBean.setMessage"
                },
                {
                    "id": "CatalogActionBean.getKeyword"
                },
                {
                    "id": "Category.setCategoryId"
                },
                {
                    "id": "CatalogActionBean.setProductId"
                },
                {
                    "id": "CatalogService.isItemInStock"
                },
                {
                    "id": "OrderService.OrderService"
                },
                {
                    "id": "Sequence.getNextId"
                },
                {
                    "id": "CartItem.getTotal"
                },
                {
                    "id": "CatalogActionBean.getItem"
                },
                {
                    "id": "CatalogService.getItemListByProduct"
                },
                {
                    "id": "ItemMapper.updateInventoryQuantity"
                },
                {
                    "id": "CatalogActionBean.setItemList"
                },
                {
                    "id": "CartActionBean.setMessage"
                },
                {
                    "id": "OrderService.insertOrder"
                },
                {
                    "id": "CatalogActionBean.getItemList"
                },
                {
                    "id": "Cart.removeItemById"
                },
                {
                    "id": "CartItem.isInStock"
                },
                {
                    "id": "Cart.getCartItemList"
                },
                {
                    "id": "OrderMapper.insertOrderStatus"
                },
                {
                    "id": "CartActionBean.setWorkingItemId"
                },
                {
                    "id": "Cart.addItem"
                },
                {
                    "id": "CatalogService.getCategory"
                },
                {
                    "id": "CatalogActionBean.getCategory"
                },
                {
                    "id": "Product.getDescription"
                },
                {
                    "id": "OrderMapper.getOrder"
                },
                {
                    "id": "CartActionBean.clear"
                },
                {
                    "id": "Cart.getAllCartItems"
                },
                {
                    "id": "Category.getName"
                },
                {
                    "id": "CatalogActionBean.setItem"
                },
                {
                    "id": "CartItem.incrementQuantity"
                },
                {
                    "id": "CartItem.calculateTotal"
                },
                {
                    "id": "OrderService.getOrdersByUsername"
                },
                {
                    "id": "CartActionBean.setCart"
                },
                {
                    "id": "Sequence.Sequence"
                },
                {
                    "id": "ItemMapper.getItem"
                },
                {
                    "id": "CatalogActionBean.setCategoryId"
                },
                {
                    "id": "Product.setProductId"
                },
                {
                    "id": "Cart.getCartItems"
                },
                {
                    "id": "CartItem.getItem"
                },
                {
                    "id": "CatalogActionBean.setProduct"
                },
                {
                    "id": "Cart.setQuantityByItemId"
                },
                {
                    "id": "CartItem.CartItem"
                },
                {
                    "id": "CartActionBean.viewCart"
                },
                {
                    "id": "Cart.getSubTotal"
                },
                {
                    "id": "Product.toString"
                },
                {
                    "id": "LineItemMapper.getLineItemsByOrderId"
                },
                {
                    "id": "Category.setDescription"
                },
                {
                    "id": "ItemMapper.getInventoryQuantity"
                },
                {
                    "id": "CatalogActionBean.getCategoryId"
                },
                {
                    "id": "Product.getName"
                },
                {
                    "id": "Category.toString"
                },
                {
                    "id": "OrderMapper.insertOrder"
                },
                {
                    "id": "LineItem.getItemId"
                },
                {
                    "id": "CartActionBean.removeItemFromCart"
                },
                {
                    "id": "CatalogActionBean.getProductList"
                },
                {
                    "id": "CatalogActionBean.viewItem"
                },
                {
                    "id": "Product.getCategoryId"
                },
                {
                    "id": "Sequence.setNextId"
                },
                {
                    "id": "LineItem.setItemId"
                },
                {
                    "id": "CatalogActionBean.viewCategory"
                },
                {
                    "id": "ProductMapper.getProduct"
                },
                {
                    "id": "CartActionBean.addItemToCart"
                },
                {
                    "id": "Category.setName"
                },
                {
                    "id": "CatalogActionBean.getProductId"
                },
                {
                    "id": "OrderMapper.getOrdersByUsername"
                },
                {
                    "id": "CatalogActionBean.setProductList"
                },
                {
                    "id": "CatalogService.getProductListByCategory"
                },
                {
                    "id": "CartItem.setQuantity"
                },
                {
                    "id": "ProductMapper.searchProductList"
                },
                {
                    "id": "LineItem.getQuantity"
                },
                {
                    "id": "LineItem.LineItem"
                },
                {
                    "id": "CatalogService.CatalogService"
                },
                {
                    "id": "CatalogActionBean.viewMain"
                },
                {
                    "id": "LineItem.setItem"
                },
                {
                    "id": "LineItemMapper.insertLineItem"
                },
                {
                    "id": "CartItem.setItem"
                },
                {
                    "id": "CatalogService.searchProductList"
                },
                {
                    "id": "LineItem.getLineNumber"
                },
                {
                    "id": "CatalogActionBean.getProduct"
                },
                {
                    "id": "CatalogActionBean.setItemId"
                },
                {
                    "id": "CatalogActionBean.setKeyword"
                },
                {
                    "id": "CartActionBean.CartActionBean"
                },
                {
                    "id": "LineItem.getUnitPrice"
                },
                {
                    "id": "Cart.incrementQuantityByItemId"
                },
                {
                    "id": "Category.getDescription"
                },
                {
                    "id": "Cart.Cart"
                },
                {
                    "id": "CatalogService.getItem"
                },
                {
                    "id": "Sequence.setName"
                },
                {
                    "id": "CartItem.setInStock"
                },
                {
                    "id": "LineItem.setLineNumber"
                },
                {
                    "id": "Product.setName"
                },
                {
                    "id": "ItemMapper.getItemListByProduct"
                },
                {
                    "id": "CartActionBean.updateCartQuantities"
                },
                {
                    "id": "CartActionBean.checkOut"
                },
                {
                    "id": "LineItem.getTotal"
                },
                {
                    "id": "CatalogActionBean.CatalogActionBean"
                },
                {
                    "id": "Product.setDescription"
                },
                {
                    "id": "LineItem.calculateTotal"
                },
                {
                    "id": "Cart.getNumberOfItems"
                },
                {
                    "id": "CatalogActionBean.viewProduct"
                },
                {
                    "id": "LineItem.setUnitPrice"
                },
                {
                    "id": "CatalogService.getCategoryList"
                },
                {
                    "id": "LineItem.setOrderId"
                },
                {
                    "id": "Category.Category"
                },
                {
                    "id": "ProductMapper.getProductListByCategory"
                },
                {
                    "id": "CatalogActionBean.getItemId"
                },
                {
                    "id": "CatalogActionBean.searchProducts"
                },
                {
                    "id": "Product.Product"
                },
                {
                    "id": "OrderService.getNextId"
                },
                {
                    "id": "OrderService.getOrder"
                },
                {
                    "id": "CatalogService.getProduct"
                },
                {
                    "id": "CartItem.getQuantity"
                },
                {
                    "id": "LineItem.setQuantity"
                },
                {
                    "id": "Sequence.getName"
                },
                {
                    "id": "CatalogActionBean.setCategory"
                },
                {
                    "id": "Category.getCategoryId"
                },
                {
                    "id": "Product.getProductId"
                },
                {
                    "id": "CatalogActionBean.setCategoryList"
                },
                {
                    "id": "Cart.containsItemId"
                },
                {
                    "id": "CartActionBean.getCart"
                },
                {
                    "id": "Product.setCategoryId"
                },
                {
                    "id": "CatalogActionBean.clear"
                },
                {
                    "id": "LineItem.getOrderId"
                }
            ],
            "1": [
                {
                    "id": "AccountMapper.insertProfile"
                },
                {
                    "id": "AbstractActionBean.setMessage"
                },
                {
                    "id": "AbstractActionBean.getContext"
                },
                {
                    "id": "AccountService.updateAccount"
                },
                {
                    "id": "OrderActionBean.getOrderList"
                },
                {
                    "id": "OrderActionBean.getCreditCardTypes"
                },
                {
                    "id": "AccountActionBean.AccountActionBean"
                },
                {
                    "id": "OrderActionBean.setOrder"
                },
                {
                    "id": "AccountService.getAccount"
                },
                {
                    "id": "OrderActionBean.setOrderId"
                },
                {
                    "id": "AccountActionBean.setMessage"
                },
                {
                    "id": "AccountActionBean.signon"
                },
                {
                    "id": "AccountService.insertAccount"
                },
                {
                    "id": "OrderActionBean.viewOrder"
                },
                {
                    "id": "AccountActionBean.getPassword"
                },
                {
                    "id": "AccountActionBean.editAccountForm"
                },
                {
                    "id": "AccountMapper.updateSignon"
                },
                {
                    "id": "AccountActionBean.getMyList"
                },
                {
                    "id": "AccountActionBean.editAccount"
                },
                {
                    "id": "AccountActionBean.clear"
                },
                {
                    "id": "AbstractActionBean.AbstractActionBean"
                },
                {
                    "id": "AccountMapper.updateAccount"
                },
                {
                    "id": "AccountMapper.getAccountByUsername"
                },
                {
                    "id": "OrderActionBean.getOrderId"
                },
                {
                    "id": "AccountMapper.getAccountByUsernameAndPassword"
                },
                {
                    "id": "OrderActionBean.isShippingAddressRequired"
                },
                {
                    "id": "OrderActionBean.newOrder"
                },
                {
                    "id": "AccountActionBean.setUsername"
                },
                {
                    "id": "OrderActionBean.newOrderForm"
                },
                {
                    "id": "OrderActionBean.setShippingAddressRequired"
                },
                {
                    "id": "AccountMapper.insertSignon"
                },
                {
                    "id": "AccountActionBean.getAccount"
                },
                {
                    "id": "AbstractActionBean.setContext"
                },
                {
                    "id": "AccountService.AccountService"
                },
                {
                    "id": "AccountActionBean.getLanguages"
                },
                {
                    "id": "AccountActionBean.setMyList"
                },
                {
                    "id": "OrderActionBean.OrderActionBean"
                },
                {
                    "id": "AccountActionBean.signonForm"
                },
                {
                    "id": "OrderActionBean.setMessage"
                },
                {
                    "id": "OrderActionBean.setConfirmed"
                },
                {
                    "id": "AccountActionBean.isAuthenticated"
                },
                {
                    "id": "OrderActionBean.getOrder"
                },
                {
                    "id": "AccountActionBean.setPassword"
                },
                {
                    "id": "AccountActionBean.signoff"
                },
                {
                    "id": "AccountActionBean.newAccount"
                },
                {
                    "id": "AccountActionBean.getUsername"
                },
                {
                    "id": "AccountMapper.insertAccount"
                },
                {
                    "id": "AccountMapper.updateProfile"
                },
                {
                    "id": "OrderActionBean.listOrders"
                },
                {
                    "id": "OrderActionBean.isConfirmed"
                },
                {
                    "id": "AccountActionBean.newAccountForm"
                },
                {
                    "id": "OrderActionBean.clear"
                },
                {
                    "id": "AccountActionBean.getCategories"
                }
            ],
            "2": [
                {
                    "id": "SequenceMapper.updateSequence"
                },
                {
                    "id": "SequenceMapper.getSequence"
                }
            ],
            "UNOBSERVED": []
        }
    }
}