,method,stmtLineNumber,stmt
0,<de.ecspride.LocationLeak2: void onLocationChanged(android.location.Location)>,-1,$d1 = virtualinvoke $r1.<android.location.Location: double getLongitude()>()
1,<de.ecspride.LocationLeak2: void onLocationChanged(android.location.Location)>,-1,$r2 = staticinvoke <java.lang.Double: java.lang.String toString(double)>($d1)
2,<de.ecspride.LocationLeak2: void onLocationChanged(android.location.Location)>,-1,r0.<de.ecspride.LocationLeak2: java.lang.String longtitude> = $r2
3,<de.ecspride.LocationLeak2: void onLocationChanged(android.location.Location)>,-1,return
4,<dummyMainClass: de.ecspride.LocationLeak2 dummyMainMethod_de_ecspride_LocationLeak2(android.content.Intent)>,-1,virtualinvoke $r0.<de.ecspride.LocationLeak2: void onResume()>()
5,<de.ecspride.LocationLeak2: void onResume()>,-1,$r2 = r0.<de.ecspride.LocationLeak2: java.lang.String longtitude>
6,<de.ecspride.LocationLeak2: void onResume()>,-1,$r1 = virtualinvoke $r1.<java.lang.StringBuilder: java.lang.StringBuilder append(java.lang.String)>($r2)
7,<de.ecspride.LocationLeak2: void onResume()>,-1,$r2 = virtualinvoke $r1.<java.lang.StringBuilder: java.lang.String toString()>()
8,<de.ecspride.LocationLeak2: void onResume()>,-1,"staticinvoke <android.util.Log: int d(java.lang.String,java.lang.String)>(""Longtitude"", $r2)"
