,method,stmtLineNumber,stmt
0,<edu.mit.outputstream.MainActivity: void onCreate(android.os.Bundle)>,-1,$r5 = virtualinvoke r4.<android.telephony.TelephonyManager: java.lang.String getDeviceId()>()
1,<edu.mit.outputstream.MainActivity: void onCreate(android.os.Bundle)>,-1,$r6 = virtualinvoke $r5.<java.lang.String: byte[] getBytes()>()
2,<edu.mit.outputstream.MainActivity: void onCreate(android.os.Bundle)>,-1,$i0 = lengthof $r6
3,<edu.mit.outputstream.MainActivity: void onCreate(android.os.Bundle)>,-1,"virtualinvoke r2.<java.io.ByteArrayOutputStream: void write(byte[],int,int)>($r6, 0, $i0)"
4,<edu.mit.outputstream.MainActivity: void onCreate(android.os.Bundle)>,-1,$r5 = virtualinvoke r2.<java.io.ByteArrayOutputStream: java.lang.String toString()>()
5,<edu.mit.outputstream.MainActivity: void onCreate(android.os.Bundle)>,-1,"staticinvoke <android.util.Log: int i(java.lang.String,java.lang.String)>(""DroidBench"", $r5)"
