{
    "MEM": {
        "decomposition": {
            "0": [
                {
                    "id": "VisitController"
                },
                {
                    "id": "OwnerControllerTests"
                },
                {
                    "id": "PetController"
                },
                {
                    "id": "OwnerController"
                }
            ],
            "1": [
                {
                    "id": "VetRepository"
                },
                {
                    "id": "CacheConfiguration"
                }
            ],
            "2": [
                {
                    "id": "BaseEntity"
                },
                {
                    "id": "NamedEntity"
                },
                {
                    "id": "Person"
                },
                {
                    "id": "ValidatorTests"
                },
                {
                    "id": "VisitControllerTests"
                },
                {
                    "id": "VetController"
                },
                {
                    "id": "VetControllerTests"
                }
            ],
            "3": [
                {
                    "id": "PetControllerTests"
                },
                {
                    "id": "Pet"
                }
            ]
        }
    }
}