{
    "tool": {
        "decomposition": {
            "0": [
                {
                    "id": "PetController.PetController"
                },
                {
                    "id": "PetController.initOwnerBinder"
                },
                {
                    "id": "PetController.initCreationForm"
                },
                {
                    "id": "OwnerController.addPaginationModel"
                },
                {
                    "id": "OwnerController.setAllowedFields"
                },
                {
                    "id": "PetController.findPet"
                },
                {
                    "id": "OwnerController.processCreationForm"
                },
                {
                    "id": "OwnerController.findOwner"
                },
                {
                    "id": "PetController.initUpdateForm"
                },
                {
                    "id": "VisitController.loadPetWithVisit"
                },
                {
                    "id": "OwnerController.initUpdateOwnerForm"
                },
                {
                    "id": "VisitController.initNewVisitForm"
                },
                {
                    "id": "PetController.initPetBinder"
                },
                {
                    "id": "OwnerController.showOwner"
                },
                {
                    "id": "VisitController.VisitController"
                },
                {
                    "id": "VisitController.processNewVisitForm"
                },
                {
                    "id": "OwnerController.initCreationForm"
                },
                {
                    "id": "PetController.processUpdateForm"
                },
                {
                    "id": "VisitController.setAllowedFields"
                },
                {
                    "id": "PetController.findOwner"
                },
                {
                    "id": "OwnerController.OwnerController"
                },
                {
                    "id": "PetController.processCreationForm"
                },
                {
                    "id": "PetController.populatePetTypes"
                },
                {
                    "id": "OwnerController.processUpdateOwnerForm"
                },
                {
                    "id": "OwnerController.findPaginatedForOwnersLastName"
                },
                {
                    "id": "OwnerController.processFindForm"
                },
                {
                    "id": "OwnerController.initFindForm"
                }
            ],
            "1": [
                {
                    "id": "CacheConfiguration.CacheConfiguration"
                },
                {
                    "id": "CacheConfiguration.cacheConfiguration"
                },
                {
                    "id": "VetRepository.findAll"
                },
                {
                    "id": "CacheConfiguration.petclinicCacheConfigurationCustomizer"
                }
            ],
            "2": [
                {
                    "id": "Person.setFirstName"
                },
                {
                    "id": "NamedEntity.getName"
                },
                {
                    "id": "VetController.addPaginationModel"
                },
                {
                    "id": "NamedEntity.NamedEntity"
                },
                {
                    "id": "NamedEntity.setName"
                },
                {
                    "id": "Person.Person"
                },
                {
                    "id": "Person.getLastName"
                },
                {
                    "id": "VetController.findPaginated"
                },
                {
                    "id": "Person.getFirstName"
                },
                {
                    "id": "NamedEntity.toString"
                },
                {
                    "id": "BaseEntity.getId"
                },
                {
                    "id": "BaseEntity.setId"
                },
                {
                    "id": "VetController.showVetList"
                },
                {
                    "id": "VetController.VetController"
                },
                {
                    "id": "BaseEntity.isNew"
                },
                {
                    "id": "VetController.showResourcesVetList"
                },
                {
                    "id": "Person.setLastName"
                },
                {
                    "id": "BaseEntity.BaseEntity"
                }
            ],
            "3": [
                {
                    "id": "Pet.isNew"
                },
                {
                    "id": "Pet.setType"
                },
                {
                    "id": "Pet.getType"
                },
                {
                    "id": "Pet.Pet"
                },
                {
                    "id": "Pet.getVisits"
                },
                {
                    "id": "Pet.getName"
                },
                {
                    "id": "Pet.setBirthDate"
                },
                {
                    "id": "Pet.getId"
                },
                {
                    "id": "Pet.addVisit"
                },
                {
                    "id": "Pet.getBirthDate"
                }
            ],
            "UNOBSERVED": []
        }
    }
}