partitionID,className,classID
0,VisitController.java,src/main/java/org/springframework/samples/petclinic/owner/VisitController.java
0,OwnerControllerTests.java,src/test/java/org/springframework/samples/petclinic/owner/OwnerControllerTests.java
0,PetController.java,src/main/java/org/springframework/samples/petclinic/owner/PetController.java
0,OwnerController.java,src/main/java/org/springframework/samples/petclinic/owner/OwnerController.java
1,VetRepository.java,src/main/java/org/springframework/samples/petclinic/vet/VetRepository.java
1,CacheConfiguration.java,src/main/java/org/springframework/samples/petclinic/system/CacheConfiguration.java
2,BaseEntity.java,src/main/java/org/springframework/samples/petclinic/model/BaseEntity.java
2,NamedEntity.java,src/main/java/org/springframework/samples/petclinic/model/NamedEntity.java
2,Person.java,src/main/java/org/springframework/samples/petclinic/model/Person.java
2,ValidatorTests.java,src/test/java/org/springframework/samples/petclinic/model/ValidatorTests.java
2,VisitControllerTests.java,src/test/java/org/springframework/samples/petclinic/owner/VisitControllerTests.java
2,VetController.java,src/main/java/org/springframework/samples/petclinic/vet/VetController.java
2,VetControllerTests.java,src/test/java/org/springframework/samples/petclinic/vet/VetControllerTests.java
3,PetControllerTests.java,src/test/java/org/springframework/samples/petclinic/owner/PetControllerTests.java
3,Pet.java,src/main/java/org/springframework/samples/petclinic/owner/Pet.java
