{"onCreate(Landroid\/os\/Bundle;)V":{"1":"    invoke-super {p0, p1}, Landroid\/app\/Activity;->onCreate(Landroid\/os\/Bundle;)V","2":"    const v0, 0x7f09001c","3":"    invoke-virtual {p0, v0}, Ledu\/mit\/fragments\/MainActivity;->setContentView(I)V","4":"    const-string v0, \"android.permission.READ_PHONE_STATE\"","5":"    filled-new-array {v0}, [Ljava\/lang\/String;","6":"    move-result-object v0","7":"    const\/4 v1, 0x0","8":"    invoke-static {p0, v0, v1}, Landroid\/support\/v4\/app\/ActivityCompat;->requestPermissions(Landroid\/app\/Activity;[Ljava\/lang\/String;I)V","9":"    const v0, 0x7f070034","10":"    invoke-virtual {p0, v0}, Ledu\/mit\/fragments\/MainActivity;->findViewById(I)Landroid\/view\/View;","11":"    move-result-object v1","12":"    if-eqz v1, :cond_3e","13":"    if-eqz p1, :cond_1f","14":"    return-void","15":"    new-instance p1, Ledu\/mit\/fragments\/HeadlinesFragment;","16":"    invoke-direct {p1}, Ledu\/mit\/fragments\/HeadlinesFragment;-><init>()V","17":"    invoke-virtual {p0}, Ledu\/mit\/fragments\/MainActivity;->getIntent()Landroid\/content\/Intent;","18":"    move-result-object v1","19":"    invoke-virtual {v1}, Landroid\/content\/Intent;->getExtras()Landroid\/os\/Bundle;","20":"    move-result-object v1","21":"    invoke-virtual {p1, v1}, Ledu\/mit\/fragments\/HeadlinesFragment;->setArguments(Landroid\/os\/Bundle;)V","22":"    invoke-virtual {p0}, Ledu\/mit\/fragments\/MainActivity;->getFragmentManager()Landroid\/app\/FragmentManager;","23":"    move-result-object v1","24":"    invoke-virtual {v1}, Landroid\/app\/FragmentManager;->beginTransaction()Landroid\/app\/FragmentTransaction;","25":"    move-result-object v1","26":"    invoke-virtual {v1, v0, p1}, Landroid\/app\/FragmentTransaction;->add(ILandroid\/app\/Fragment;)Landroid\/app\/FragmentTransaction;","27":"    move-result-object p1","28":"    invoke-virtual {p1}, Landroid\/app\/FragmentTransaction;->commit()I","29":"    return-void"},"onArticleSelected(ILjava\/lang\/String;)V":{"1":"    invoke-virtual {p0}, Ledu\/mit\/fragments\/MainActivity;->getFragmentManager()Landroid\/app\/FragmentManager;","2":"    move-result-object v0","3":"    const v1, 0x7f07001e","4":"    invoke-virtual {v0, v1}, Landroid\/app\/FragmentManager;->findFragmentById(I)Landroid\/app\/Fragment;","5":"    move-result-object v0","6":"    check-cast v0, Ledu\/mit\/fragments\/ArticleFragment;","7":"    if-eqz v0, :cond_13","8":"    invoke-virtual {v0, p1, p2}, Ledu\/mit\/fragments\/ArticleFragment;->updateArticleView(ILjava\/lang\/String;)V","9":"    goto :goto_3d","10":"    new-instance v0, Ledu\/mit\/fragments\/ArticleFragment;","11":"    invoke-direct {v0}, Ledu\/mit\/fragments\/ArticleFragment;-><init>()V","12":"    new-instance v1, Landroid\/os\/Bundle;","13":"    invoke-direct {v1}, Landroid\/os\/Bundle;-><init>()V","14":"    const-string v2, \"position\"","15":"    invoke-virtual {v1, v2, p1}, Landroid\/os\/Bundle;->putInt(Ljava\/lang\/String;I)V","16":"    invoke-virtual {v0, v1}, Ledu\/mit\/fragments\/ArticleFragment;->setArguments(Landroid\/os\/Bundle;)V","17":"    invoke-virtual {p0}, Ledu\/mit\/fragments\/MainActivity;->getFragmentManager()Landroid\/app\/FragmentManager;","18":"    move-result-object v1","19":"    invoke-virtual {v1}, Landroid\/app\/FragmentManager;->beginTransaction()Landroid\/app\/FragmentTransaction;","20":"    move-result-object v1","21":"    const v2, 0x7f070034","22":"    invoke-virtual {v1, v2, v0}, Landroid\/app\/FragmentTransaction;->replace(ILandroid\/app\/Fragment;)Landroid\/app\/FragmentTransaction;","23":"    const\/4 v2, 0x0","24":"    invoke-virtual {v1, v2}, Landroid\/app\/FragmentTransaction;->addToBackStack(Ljava\/lang\/String;)Landroid\/app\/FragmentTransaction;","25":"    invoke-virtual {v1}, Landroid\/app\/FragmentTransaction;->commit()I","26":"    invoke-virtual {v0, p1, p2}, Ledu\/mit\/fragments\/ArticleFragment;->updateArticleView(ILjava\/lang\/String;)V","27":"    return-void"},"<init>()V":{"1":"    invoke-direct {p0}, Landroid\/app\/Activity;-><init>()V","2":"    return-void"}}