{"onStart()V":{"1":"    invoke-super {p0}, Landroid\/app\/Fragment;->onStart()V","2":"    invoke-virtual {p0}, Ledu\/mit\/fragments\/ArticleFragment;->getArguments()Landroid\/os\/Bundle;","3":"    move-result-object v0","4":"    const-string v1, \"\"","5":"    if-eqz v0, :cond_15","6":"    const-string v2, \"position\"","7":"    invoke-virtual {v0, v2}, Landroid\/os\/Bundle;->getInt(Ljava\/lang\/String;)I","8":"    move-result v0","9":"    invoke-virtual {p0, v0, v1}, Ledu\/mit\/fragments\/ArticleFragment;->updateArticleView(ILjava\/lang\/String;)V","10":"    goto :goto_1d","11":"    iget v0, p0, Ledu\/mit\/fragments\/ArticleFragment;->mCurrentPosition:I","12":"    const\/4 v2, -0x1","13":"    if-eq v0, v2, :cond_1d","14":"    invoke-virtual {p0, v0, v1}, Ledu\/mit\/fragments\/ArticleFragment;->updateArticleView(ILjava\/lang\/String;)V","15":"    return-void"},"<init>()V":{"1":"    invoke-direct {p0}, Landroid\/app\/Fragment;-><init>()V","2":"    const\/4 v0, -0x1","3":"    iput v0, p0, Ledu\/mit\/fragments\/ArticleFragment;->mCurrentPosition:I","4":"    return-void"},"onSaveInstanceState(Landroid\/os\/Bundle;)V":{"1":"    invoke-super {p0, p1}, Landroid\/app\/Fragment;->onSaveInstanceState(Landroid\/os\/Bundle;)V","2":"    iget v0, p0, Ledu\/mit\/fragments\/ArticleFragment;->mCurrentPosition:I","3":"    const-string v1, \"position\"","4":"    invoke-virtual {p1, v1, v0}, Landroid\/os\/Bundle;->putInt(Ljava\/lang\/String;I)V","5":"    return-void"},"onCreateView(Landroid\/view\/LayoutInflater;Landroid\/view\/ViewGroup;Landroid\/os\/Bundle;)Landroid\/view\/View;":{"1":"    if-eqz p3, :cond_a","2":"    const-string v0, \"position\"","3":"    invoke-virtual {p3, v0}, Landroid\/os\/Bundle;->getInt(Ljava\/lang\/String;)I","4":"    move-result p3","5":"    iput p3, p0, Ledu\/mit\/fragments\/ArticleFragment;->mCurrentPosition:I","6":"    const p3, 0x7f09001b","7":"    const\/4 v0, 0x0","8":"    invoke-virtual {p1, p3, p2, v0}, Landroid\/view\/LayoutInflater;->inflate(ILandroid\/view\/ViewGroup;Z)Landroid\/view\/View;","9":"    move-result-object p1","10":"    return-object p1"},"updateArticleView(ILjava\/lang\/String;)V":{"1":"    invoke-virtual {p0}, Ledu\/mit\/fragments\/ArticleFragment;->getActivity()Landroid\/app\/Activity;","2":"    move-result-object v0","3":"    if-eqz v0, :cond_1c","4":"    invoke-virtual {p0}, Ledu\/mit\/fragments\/ArticleFragment;->getActivity()Landroid\/app\/Activity;","5":"    move-result-object v0","6":"    const v1, 0x7f07001d","7":"    invoke-virtual {v0, v1}, Landroid\/app\/Activity;->findViewById(I)Landroid\/view\/View;","8":"    move-result-object v0","9":"    check-cast v0, Landroid\/widget\/TextView;","10":"    sget-object v1, Ledu\/mit\/fragments\/Ipsum;->Articles:[Ljava\/lang\/String;","11":"    aget-object v1, v1, p1","12":"    invoke-virtual {v0, v1}, Landroid\/widget\/TextView;->setText(Ljava\/lang\/CharSequence;)V","13":"    iput p1, p0, Ledu\/mit\/fragments\/ArticleFragment;->mCurrentPosition:I","14":"    const-string p1, \"DroidBench\"","15":"    invoke-static {p1, p2}, Landroid\/util\/Log;->i(Ljava\/lang\/String;Ljava\/lang\/String;)I","16":"    return-void"}}