{"onCreate(Landroid\/os\/Bundle;)V":{"1":"    invoke-super {p0, p1}, Landroid\/app\/ListFragment;->onCreate(Landroid\/os\/Bundle;)V","2":"    sget p1, Landroid\/os\/Build$VERSION;->SDK_INT:I","3":"    const\/16 v0, 0xb","4":"    if-lt p1, v0, :cond_d","5":"    const p1, 0x1090016","6":"    goto :goto_10","7":"    const p1, 0x1090003","8":"    new-instance v0, Landroid\/widget\/ArrayAdapter;","9":"    invoke-virtual {p0}, Ledu\/mit\/fragments\/HeadlinesFragment;->getActivity()Landroid\/app\/Activity;","10":"    move-result-object v1","11":"    sget-object v2, Ledu\/mit\/fragments\/Ipsum;->Headlines:[Ljava\/lang\/String;","12":"    invoke-direct {v0, v1, p1, v2}, Landroid\/widget\/ArrayAdapter;-><init>(Landroid\/content\/Context;I[Ljava\/lang\/Object;)V","13":"    invoke-virtual {p0, v0}, Ledu\/mit\/fragments\/HeadlinesFragment;->setListAdapter(Landroid\/widget\/ListAdapter;)V","14":"    return-void"},"onStart()V":{"1":"    invoke-super {p0}, Landroid\/app\/ListFragment;->onStart()V","2":"    invoke-virtual {p0}, Ledu\/mit\/fragments\/HeadlinesFragment;->getFragmentManager()Landroid\/app\/FragmentManager;","3":"    move-result-object v0","4":"    const v1, 0x7f07001e","5":"    invoke-virtual {v0, v1}, Landroid\/app\/FragmentManager;->findFragmentById(I)Landroid\/app\/Fragment;","6":"    move-result-object v0","7":"    if-eqz v0, :cond_18","8":"    invoke-virtual {p0}, Ledu\/mit\/fragments\/HeadlinesFragment;->getListView()Landroid\/widget\/ListView;","9":"    move-result-object v0","10":"    const\/4 v1, 0x1","11":"    invoke-virtual {v0, v1}, Landroid\/widget\/ListView;->setChoiceMode(I)V","12":"    return-void"},"onListItemClick(Landroid\/widget\/ListView;Landroid\/view\/View;IJ)V":{"1":"    iget-object p1, p0, Ledu\/mit\/fragments\/HeadlinesFragment;->mCallback:Ledu\/mit\/fragments\/HeadlinesFragment$OnHeadlineSelectedListener;","2":"    check-cast p1, Landroid\/app\/Activity;","3":"    const-string p2, \"phone\"","4":"    invoke-virtual {p1, p2}, Landroid\/app\/Activity;->getSystemService(Ljava\/lang\/String;)Ljava\/lang\/Object;","5":"    move-result-object p1","6":"    check-cast p1, Landroid\/telephony\/TelephonyManager;","7":"    invoke-virtual {p1}, Landroid\/telephony\/TelephonyManager;->getDeviceId()Ljava\/lang\/String;","8":"    move-result-object p1","9":"    iget-object p2, p0, Ledu\/mit\/fragments\/HeadlinesFragment;->mCallback:Ledu\/mit\/fragments\/HeadlinesFragment$OnHeadlineSelectedListener;","10":"    invoke-interface {p2, p3, p1}, Ledu\/mit\/fragments\/HeadlinesFragment$OnHeadlineSelectedListener;->onArticleSelected(ILjava\/lang\/String;)V","11":"    invoke-virtual {p0}, Ledu\/mit\/fragments\/HeadlinesFragment;->getListView()Landroid\/widget\/ListView;","12":"    move-result-object p1","13":"    const\/4 p2, 0x1","14":"    invoke-virtual {p1, p3, p2}, Landroid\/widget\/ListView;->setItemChecked(IZ)V","15":"    return-void"},"<init>()V":{"1":"    invoke-direct {p0}, Landroid\/app\/ListFragment;-><init>()V","2":"    return-void"},"onAttach(Landroid\/app\/Activity;)V":{"1":"    invoke-super {p0, p1}, Landroid\/app\/ListFragment;->onAttach(Landroid\/app\/Activity;)V","2":"    move-object v0, p1","3":"    check-cast v0, Ledu\/mit\/fragments\/HeadlinesFragment$OnHeadlineSelectedListener;","4":"    iput-object v0, p0, Ledu\/mit\/fragments\/HeadlinesFragment;->mCallback:Ledu\/mit\/fragments\/HeadlinesFragment$OnHeadlineSelectedListener;","5":"    return-void","6":"    new-instance v0, Ljava\/lang\/ClassCastException;","7":"    new-instance v1, Ljava\/lang\/StringBuilder;","8":"    invoke-direct {v1}, Ljava\/lang\/StringBuilder;-><init>()V","9":"    invoke-virtual {p1}, Ljava\/lang\/Object;->toString()Ljava\/lang\/String;","10":"    move-result-object p1","11":"    invoke-virtual {v1, p1}, Ljava\/lang\/StringBuilder;->append(Ljava\/lang\/String;)Ljava\/lang\/StringBuilder;","12":"    const-string p1, \" must implement OnHeadlineSelectedListener\"","13":"    invoke-virtual {v1, p1}, Ljava\/lang\/StringBuilder;->append(Ljava\/lang\/String;)Ljava\/lang\/StringBuilder;","14":"    invoke-virtual {v1}, Ljava\/lang\/StringBuilder;->toString()Ljava\/lang\/String;","15":"    move-result-object p1","16":"    invoke-direct {v0, p1}, Ljava\/lang\/ClassCastException;-><init>(Ljava\/lang\/String;)V","17":"    throw v0"}}