<org.springframework.boot.loader.ExecutableArchiveLauncher: java.lang.ClassLoader createClassLoader(java.net.URL[])>/assign/instruction17	<org.springframework.boot.loader.ExecutableArchiveLauncher: java.lang.ClassLoader createClassLoader(java.net.URL[])>/url#_90	<org.springframework.boot.loader.ExecutableArchiveLauncher: java.lang.ClassLoader createClassLoader(java.net.URL[])>/arr$#_90	<org.springframework.boot.loader.ExecutableArchiveLauncher: java.lang.ClassLoader createClassLoader(java.net.URL[])>/i$_$$A_1#_91
<org.springframework.boot.loader.ExecutableArchiveLauncher: boolean addDefaultClassloaderUrl(java.net.URL[],java.net.URL)>/assign/instruction18	<org.springframework.boot.loader.ExecutableArchiveLauncher: boolean addDefaultClassloaderUrl(java.net.URL[],java.net.URL)>/nestedUrl#_102	<org.springframework.boot.loader.ExecutableArchiveLauncher: boolean addDefaultClassloaderUrl(java.net.URL[],java.net.URL)>/arr$#_102	<org.springframework.boot.loader.ExecutableArchiveLauncher: boolean addDefaultClassloaderUrl(java.net.URL[],java.net.URL)>/i$_$$A_1#_103
<integration.services.MrpConnectService: java.util.List getCatalogItems()>/assign/instruction22	<integration.services.MrpConnectService: java.util.List getCatalogItems()>/catalog#_87	<integration.services.MrpConnectService: java.util.List getCatalogItems()>/l3#_87	<integration.services.MrpConnectService: java.util.List getCatalogItems()>/l5_$$A_1#_88
<smpl.ordering.repositories.mongodb.models.ShipmentDetails: smpl.ordering.models.ShipmentRecord toShipmentRecord()>/assign/instruction23	<smpl.ordering.repositories.mongodb.models.ShipmentDetails: smpl.ordering.models.ShipmentRecord toShipmentRecord()>/info#_66	<smpl.ordering.repositories.mongodb.models.ShipmentDetails: smpl.ordering.models.ShipmentRecord toShipmentRecord()>/l2#_66	<smpl.ordering.repositories.mongodb.models.ShipmentDetails: smpl.ordering.models.ShipmentRecord toShipmentRecord()>/l4_$$A_1#_67
<org.springframework.boot.loader.archive.ExplodedArchive: void buildEntries(java.io.File,boolean)>/assign/instruction33	<org.springframework.boot.loader.archive.ExplodedArchive: void buildEntries(java.io.File,boolean)>/child#_104	<org.springframework.boot.loader.archive.ExplodedArchive: void buildEntries(java.io.File,boolean)>/entry#4#_104	<org.springframework.boot.loader.archive.ExplodedArchive: void buildEntries(java.io.File,boolean)>/i$_$$A_1#_105
<smpl.ordering.repositories.mongodb.models.OrderDetails: smpl.ordering.models.Order toOrder()>/assign/instruction21	<smpl.ordering.repositories.mongodb.models.OrderDetails: smpl.ordering.models.Order toOrder()>/item#_65	<smpl.ordering.repositories.mongodb.models.OrderDetails: smpl.ordering.models.Order toOrder()>/l2#_65	<smpl.ordering.repositories.mongodb.models.OrderDetails: smpl.ordering.models.Order toOrder()>/l4_$$A_1#_66
<org.springframework.boot.loader.PropertiesLauncher: java.util.List parsePathsProperty(java.lang.String)>/assign/instruction15	<org.springframework.boot.loader.PropertiesLauncher: java.util.List parsePathsProperty(java.lang.String)>/path_$$A_1#_316	<org.springframework.boot.loader.PropertiesLauncher: java.util.List parsePathsProperty(java.lang.String)>/arr$#_316	<org.springframework.boot.loader.PropertiesLauncher: java.util.List parsePathsProperty(java.lang.String)>/i$_$$A_1#_317
<org.springframework.boot.loader.PropertiesLauncher: void addParentClassLoaderEntries(java.util.List)>/assign/instruction16	<org.springframework.boot.loader.PropertiesLauncher: void addParentClassLoaderEntries(java.util.List)>/url#_516	<org.springframework.boot.loader.PropertiesLauncher: void addParentClassLoaderEntries(java.util.List)>/arr$#_516	<org.springframework.boot.loader.PropertiesLauncher: void addParentClassLoaderEntries(java.util.List)>/i$_$$A_1#_517
<org.springframework.boot.loader.LaunchedURLClassLoader$2: java.lang.Object run()>/assign/instruction15	<org.springframework.boot.loader.LaunchedURLClassLoader$2: java.lang.Object run()>/url#_200	<org.springframework.boot.loader.LaunchedURLClassLoader$2: java.lang.Object run()>/arr$#_200	<org.springframework.boot.loader.LaunchedURLClassLoader$2: java.lang.Object run()>/i$_$$A_1#_201
<org.springframework.boot.loader.util.AsciiBytes: boolean startsWith(org.springframework.boot.loader.util.AsciiBytes)>/assign/instruction19	<org.springframework.boot.loader.util.AsciiBytes: boolean startsWith(org.springframework.boot.loader.util.AsciiBytes)>/$stack13	<org.springframework.boot.loader.util.AsciiBytes: boolean startsWith(org.springframework.boot.loader.util.AsciiBytes)>/$stack8	<org.springframework.boot.loader.util.AsciiBytes: boolean startsWith(org.springframework.boot.loader.util.AsciiBytes)>/$stack7
<org.springframework.boot.loader.util.AsciiBytes: boolean startsWith(org.springframework.boot.loader.util.AsciiBytes)>/assign/instruction23	<org.springframework.boot.loader.util.AsciiBytes: boolean startsWith(org.springframework.boot.loader.util.AsciiBytes)>/$stack12	<org.springframework.boot.loader.util.AsciiBytes: boolean startsWith(org.springframework.boot.loader.util.AsciiBytes)>/$stack11	<org.springframework.boot.loader.util.AsciiBytes: boolean startsWith(org.springframework.boot.loader.util.AsciiBytes)>/$stack10
<org.springframework.boot.loader.util.AsciiBytes: boolean endsWith(org.springframework.boot.loader.util.AsciiBytes)>/assign/instruction22	<org.springframework.boot.loader.util.AsciiBytes: boolean endsWith(org.springframework.boot.loader.util.AsciiBytes)>/$stack19	<org.springframework.boot.loader.util.AsciiBytes: boolean endsWith(org.springframework.boot.loader.util.AsciiBytes)>/$stack11	<org.springframework.boot.loader.util.AsciiBytes: boolean endsWith(org.springframework.boot.loader.util.AsciiBytes)>/$stack10
<org.springframework.boot.loader.util.AsciiBytes: boolean endsWith(org.springframework.boot.loader.util.AsciiBytes)>/assign/instruction29	<org.springframework.boot.loader.util.AsciiBytes: boolean endsWith(org.springframework.boot.loader.util.AsciiBytes)>/$stack18	<org.springframework.boot.loader.util.AsciiBytes: boolean endsWith(org.springframework.boot.loader.util.AsciiBytes)>/$stack17	<org.springframework.boot.loader.util.AsciiBytes: boolean endsWith(org.springframework.boot.loader.util.AsciiBytes)>/$stack16
<org.springframework.boot.loader.util.AsciiBytes: int hashCode()>/assign/instruction14	<org.springframework.boot.loader.util.AsciiBytes: int hashCode()>/$stack7	<org.springframework.boot.loader.util.AsciiBytes: int hashCode()>/$stack6	<org.springframework.boot.loader.util.AsciiBytes: int hashCode()>/$stack5
<org.springframework.boot.loader.util.AsciiBytes: boolean equals(java.lang.Object)>/assign/instruction25	<org.springframework.boot.loader.util.AsciiBytes: boolean equals(java.lang.Object)>/$stack17	<org.springframework.boot.loader.util.AsciiBytes: boolean equals(java.lang.Object)>/$stack12	<org.springframework.boot.loader.util.AsciiBytes: boolean equals(java.lang.Object)>/$stack11
<org.springframework.boot.loader.util.AsciiBytes: boolean equals(java.lang.Object)>/assign/instruction29	<org.springframework.boot.loader.util.AsciiBytes: boolean equals(java.lang.Object)>/$stack16	<org.springframework.boot.loader.util.AsciiBytes: boolean equals(java.lang.Object)>/$stack15	<org.springframework.boot.loader.util.AsciiBytes: boolean equals(java.lang.Object)>/$stack14
<org.springframework.boot.loader.jar.JarFile: java.util.List filterEntries(java.util.List,org.springframework.boot.loader.jar.JarEntryFilter[])>/assign/instruction30	<org.springframework.boot.loader.jar.JarFile: java.util.List filterEntries(java.util.List,org.springframework.boot.loader.jar.JarEntryFilter[])>/filter#_169	<org.springframework.boot.loader.jar.JarFile: java.util.List filterEntries(java.util.List,org.springframework.boot.loader.jar.JarEntryFilter[])>/arr$#_169	<org.springframework.boot.loader.jar.JarFile: java.util.List filterEntries(java.util.List,org.springframework.boot.loader.jar.JarEntryFilter[])>/i$_$$A_1_$$A_2#_170
<smpl.ordering.OrderingConfiguration: org.springframework.data.mongodb.core.MongoTemplate mongoTemplate()>/assign/instruction38	<smpl.ordering.OrderingConfiguration: org.springframework.data.mongodb.core.MongoTemplate mongoTemplate()>/host#_69	<smpl.ordering.OrderingConfiguration: org.springframework.data.mongodb.core.MongoTemplate mongoTemplate()>/l7#_69	<smpl.ordering.OrderingConfiguration: org.springframework.data.mongodb.core.MongoTemplate mongoTemplate()>/l9_$$A_1#_70
<org.springframework.boot.loader.jar.Handler: java.net.URLStreamHandler getFallbackHandler()>/assign/instruction12	<org.springframework.boot.loader.jar.Handler: java.net.URLStreamHandler getFallbackHandler()>/handlerClassName#_116	<org.springframework.boot.loader.jar.Handler: java.net.URLStreamHandler getFallbackHandler()>/arr$#_116	<org.springframework.boot.loader.jar.Handler: java.net.URLStreamHandler getFallbackHandler()>/i$_$$A_1#_117
<org.springframework.boot.loader.jar.Bytes: long littleEndianValue(byte[],int,int)>/assign/instruction13	<org.springframework.boot.loader.jar.Bytes: long littleEndianValue(byte[],int,int)>/$stack7	<org.springframework.boot.loader.jar.Bytes: long littleEndianValue(byte[],int,int)>/bytes#_0	<org.springframework.boot.loader.jar.Bytes: long littleEndianValue(byte[],int,int)>/$stack6
<smpl.ordering.repositories.mongodb.models.QuoteDetails: smpl.ordering.models.Quote toQuote()>/assign/instruction31	<smpl.ordering.repositories.mongodb.models.QuoteDetails: smpl.ordering.models.Quote toQuote()>/item#_79	<smpl.ordering.repositories.mongodb.models.QuoteDetails: smpl.ordering.models.Quote toQuote()>/l2#_79	<smpl.ordering.repositories.mongodb.models.QuoteDetails: smpl.ordering.models.Quote toQuote()>/l4_$$A_1#_80
