<org.springframework.boot.loader.WarLauncher: boolean isNestedArchive(org.springframework.boot.loader.archive.Archive$Entry)>	<org.springframework.boot.loader.util.AsciiBytes: boolean startsWith(org.springframework.boot.loader.util.AsciiBytes)>	org.springframework.boot.loader.util.AsciiBytes
<org.springframework.boot.loader.PropertiesLauncher$ArchiveEntryFilter: boolean matches(org.springframework.boot.loader.archive.Archive$Entry)>	<org.springframework.boot.loader.util.AsciiBytes: boolean endsWith(org.springframework.boot.loader.util.AsciiBytes)>	org.springframework.boot.loader.util.AsciiBytes
<integration.services.MrpConnectService: void createNewOrder(integration.models.website.OrderMessage)>	<integration.services.MrpConnectService: integration.models.mrp.Quote createQuote(integration.models.website.OrderMessage)>	integration.models.website.OrderMessage
<org.springframework.boot.loader.ExecutableArchiveLauncher: java.lang.ClassLoader createClassLoader(java.net.URL[])>	<org.springframework.boot.loader.ExecutableArchiveLauncher: boolean addDefaultClassloaderUrl(java.net.URL[],java.net.URL)>	java.net.URL
<org.springframework.boot.loader.ExecutableArchiveLauncher: java.lang.ClassLoader createClassLoader(java.net.URL[])>	<org.springframework.boot.loader.ExecutableArchiveLauncher: boolean addDefaultClassloaderUrl(java.net.URL[],java.net.URL)>	java.net.URL[]
<org.springframework.boot.loader.ExecutableArchiveLauncher: java.lang.ClassLoader createClassLoader(java.net.URL[])>	<org.springframework.boot.loader.Launcher: java.lang.ClassLoader createClassLoader(java.net.URL[])>	java.net.URL[]
<org.springframework.boot.loader.ExecutableArchiveLauncher: boolean addDefaultClassloaderUrl(java.net.URL[],java.net.URL)>	<org.springframework.boot.loader.JavaAgentDetector: boolean isJavaAgentJar(java.net.URL)>	java.net.URL
<org.springframework.boot.loader.jar.JarURLConnection: void <init>(java.net.URL,org.springframework.boot.loader.jar.JarFile)>	<org.springframework.boot.loader.jar.JarURLConnection: org.springframework.boot.loader.jar.JarFile getNestedJarFile(org.springframework.boot.loader.jar.JarFile,java.lang.String)>	org.springframework.boot.loader.jar.JarFile
<org.springframework.boot.loader.jar.JarURLConnection: org.springframework.boot.loader.jar.JarFile getNestedJarFile(org.springframework.boot.loader.jar.JarFile,java.lang.String)>	<org.springframework.boot.loader.jar.JarFile: org.springframework.boot.loader.jar.JarFile getNestedJarFile(java.util.zip.ZipEntry)>	java.util.zip.ZipEntry
<org.springframework.boot.loader.jar.JarURLConnection$JarEntryName: org.springframework.boot.loader.util.AsciiBytes decode(java.lang.String)>	<org.springframework.boot.loader.jar.JarURLConnection$JarEntryName: char decodeEscapeSequence(java.lang.String,int)>	int
<smpl.ordering.controllers.OrderController: org.springframework.http.ResponseEntity getOrdersByDealerName(java.lang.String,smpl.ordering.models.OrderStatus)>	<smpl.ordering.repositories.OrderRepository: java.util.List getOrdersByStatus(smpl.ordering.models.OrderStatus)>	smpl.ordering.models.OrderStatus
<smpl.ordering.controllers.OrderController: org.springframework.http.ResponseEntity getOrdersByDealerName(java.lang.String,smpl.ordering.models.OrderStatus)>	<smpl.ordering.repositories.OrderRepository: java.util.List getOrdersByDealerName(java.lang.String,smpl.ordering.models.OrderStatus)>	smpl.ordering.models.OrderStatus
<org.springframework.boot.loader.jar.JarFile$2: org.springframework.boot.loader.util.AsciiBytes apply(org.springframework.boot.loader.util.AsciiBytes,org.springframework.boot.loader.jar.JarEntryData)>	<org.springframework.boot.loader.util.AsciiBytes: boolean startsWith(org.springframework.boot.loader.util.AsciiBytes)>	org.springframework.boot.loader.util.AsciiBytes
<org.springframework.boot.loader.jar.JarFile$2: org.springframework.boot.loader.util.AsciiBytes apply(org.springframework.boot.loader.util.AsciiBytes,org.springframework.boot.loader.jar.JarEntryData)>	<org.springframework.boot.loader.util.AsciiBytes: org.springframework.boot.loader.util.AsciiBytes substring(int)>	int
<smpl.ordering.controllers.OrderController: org.springframework.http.ResponseEntity updateOrder(java.lang.String,smpl.ordering.models.Order)>	<smpl.ordering.repositories.OrderRepository: boolean updateOrder(java.lang.String,smpl.ordering.models.Order,java.lang.String)>	smpl.ordering.models.Order
<smpl.ordering.repositories.mongodb.MongoOrderRepository: boolean updateOrder(java.lang.String,smpl.ordering.models.Order,java.lang.String)>	<smpl.ordering.repositories.mongodb.MongoOrderRepository: boolean saveOrder(java.lang.String,smpl.ordering.models.Order,smpl.ordering.repositories.mongodb.models.OrderDetails)>	smpl.ordering.models.Order
<smpl.ordering.repositories.mongodb.MongoOrderRepository: boolean updateOrder(java.lang.String,smpl.ordering.models.Order,java.lang.String)>	<smpl.ordering.repositories.mongodb.MongoOrderRepository: boolean saveOrder(java.lang.String,smpl.ordering.models.Order,smpl.ordering.repositories.mongodb.models.OrderDetails)>	smpl.ordering.repositories.mongodb.models.OrderDetails
<smpl.ordering.repositories.mongodb.MongoOrderRepository: boolean updateOrder(java.lang.String,smpl.ordering.models.OrderUpdateInfo,java.lang.String)>	<smpl.ordering.repositories.mongodb.MongoOrderRepository: boolean saveOrder(java.lang.String,smpl.ordering.models.Order,smpl.ordering.repositories.mongodb.models.OrderDetails)>	smpl.ordering.models.Order
<smpl.ordering.repositories.mongodb.MongoOrderRepository: boolean updateOrder(java.lang.String,smpl.ordering.models.OrderUpdateInfo,java.lang.String)>	<smpl.ordering.repositories.mongodb.MongoOrderRepository: boolean saveOrder(java.lang.String,smpl.ordering.models.Order,smpl.ordering.repositories.mongodb.models.OrderDetails)>	smpl.ordering.repositories.mongodb.models.OrderDetails
<org.springframework.boot.loader.jar.JarEntryData: void <init>(org.springframework.boot.loader.jar.JarFile,byte[],java.io.InputStream)>	<org.springframework.boot.loader.jar.Bytes: byte[] get(java.io.InputStream,long)>	long
<org.springframework.boot.loader.jar.JarEntryData: void <init>(org.springframework.boot.loader.jar.JarFile,byte[],java.io.InputStream)>	<org.springframework.boot.loader.jar.Bytes: byte[] get(java.io.InputStream,long)>	java.io.InputStream
<org.springframework.boot.loader.jar.JarEntryData: void <init>(org.springframework.boot.loader.jar.JarFile,byte[],java.io.InputStream)>	<org.springframework.boot.loader.jar.Bytes: long littleEndianValue(byte[],int,int)>	int
<org.springframework.boot.loader.jar.JarEntryData: void <init>(org.springframework.boot.loader.jar.JarFile,byte[],java.io.InputStream)>	<org.springframework.boot.loader.jar.Bytes: long littleEndianValue(byte[],int,int)>	byte[]
<org.springframework.boot.loader.archive.ExplodedArchive: java.util.List getNestedArchives(org.springframework.boot.loader.archive.Archive$EntryFilter)>	<org.springframework.boot.loader.archive.ExplodedArchive: org.springframework.boot.loader.archive.Archive getNestedArchive(org.springframework.boot.loader.archive.Archive$Entry)>	org.springframework.boot.loader.archive.Archive$Entry
<org.springframework.boot.loader.archive.ExplodedArchive: java.util.List getNestedArchives(org.springframework.boot.loader.archive.Archive$EntryFilter)>	<org.springframework.boot.loader.archive.Archive$EntryFilter: boolean matches(org.springframework.boot.loader.archive.Archive$Entry)>	org.springframework.boot.loader.archive.Archive$Entry
<org.springframework.boot.loader.LaunchedURLClassLoader$Java7LockProvider: java.lang.Object getLock(org.springframework.boot.loader.LaunchedURLClassLoader,java.lang.String)>	<org.springframework.boot.loader.LaunchedURLClassLoader: java.lang.Object access$300(org.springframework.boot.loader.LaunchedURLClassLoader,java.lang.String)>	org.springframework.boot.loader.LaunchedURLClassLoader
<org.springframework.boot.loader.archive.ExplodedArchive: org.springframework.boot.loader.archive.Archive getFilteredArchive(org.springframework.boot.loader.archive.Archive$EntryRenameFilter)>	<org.springframework.boot.loader.archive.Archive$EntryRenameFilter: org.springframework.boot.loader.util.AsciiBytes apply(org.springframework.boot.loader.util.AsciiBytes,org.springframework.boot.loader.archive.Archive$Entry)>	org.springframework.boot.loader.util.AsciiBytes
<org.springframework.boot.loader.archive.ExplodedArchive: org.springframework.boot.loader.archive.Archive getFilteredArchive(org.springframework.boot.loader.archive.Archive$EntryRenameFilter)>	<org.springframework.boot.loader.archive.Archive$EntryRenameFilter: org.springframework.boot.loader.util.AsciiBytes apply(org.springframework.boot.loader.util.AsciiBytes,org.springframework.boot.loader.archive.Archive$Entry)>	org.springframework.boot.loader.archive.Archive$Entry
<org.springframework.boot.loader.jar.JarEntryData: org.springframework.boot.loader.jar.JarEntryData fromInputStream(org.springframework.boot.loader.jar.JarFile,java.io.InputStream)>	<org.springframework.boot.loader.jar.Bytes: boolean fill(java.io.InputStream,byte[])>	byte[]
<org.springframework.boot.loader.jar.JarEntryData: org.springframework.boot.loader.jar.JarEntryData fromInputStream(org.springframework.boot.loader.jar.JarFile,java.io.InputStream)>	<org.springframework.boot.loader.jar.Bytes: boolean fill(java.io.InputStream,byte[])>	java.io.InputStream
<org.springframework.boot.loader.archive.FilteredArchive$1: boolean matches(org.springframework.boot.loader.archive.Archive$Entry)>	<org.springframework.boot.loader.archive.Archive$EntryFilter: boolean matches(org.springframework.boot.loader.archive.Archive$Entry)>	org.springframework.boot.loader.archive.Archive$Entry
<org.springframework.boot.loader.archive.FilteredArchive$1: boolean matches(org.springframework.boot.loader.archive.Archive$Entry)>	<org.springframework.boot.loader.archive.FilteredArchive: org.springframework.boot.loader.archive.Archive$EntryFilter access$000(org.springframework.boot.loader.archive.FilteredArchive)>	org.springframework.boot.loader.archive.FilteredArchive
<org.springframework.boot.loader.PropertiesLauncher: void initializeProperties(java.io.File)>	<org.springframework.boot.loader.util.SystemPropertyUtils: java.lang.String resolvePlaceholders(java.util.Properties,java.lang.String)>	java.util.Properties
<org.springframework.boot.loader.jar.CentralDirectoryEndRecord: void <init>(org.springframework.boot.loader.data.RandomAccessData)>	<org.springframework.boot.loader.jar.CentralDirectoryEndRecord: byte[] createBlockFromEndOfData(org.springframework.boot.loader.data.RandomAccessData,int)>	int
<org.springframework.boot.loader.jar.CentralDirectoryEndRecord: void <init>(org.springframework.boot.loader.data.RandomAccessData)>	<org.springframework.boot.loader.jar.CentralDirectoryEndRecord: byte[] createBlockFromEndOfData(org.springframework.boot.loader.data.RandomAccessData,int)>	org.springframework.boot.loader.data.RandomAccessData
<org.springframework.boot.loader.jar.CentralDirectoryEndRecord: byte[] createBlockFromEndOfData(org.springframework.boot.loader.data.RandomAccessData,int)>	<org.springframework.boot.loader.data.RandomAccessData: org.springframework.boot.loader.data.RandomAccessData getSubsection(long,long)>	long
<org.springframework.boot.loader.jar.CentralDirectoryEndRecord: byte[] createBlockFromEndOfData(org.springframework.boot.loader.data.RandomAccessData,int)>	<org.springframework.boot.loader.jar.Bytes: byte[] get(org.springframework.boot.loader.data.RandomAccessData)>	org.springframework.boot.loader.data.RandomAccessData
<org.springframework.boot.loader.PropertiesLauncher: java.io.InputStream getURLResource(java.lang.String)>	<org.springframework.boot.loader.PropertiesLauncher: boolean exists(java.net.URL)>	java.net.URL
<org.springframework.boot.loader.jar.CentralDirectoryEndRecord: long getStartOfArchive(org.springframework.boot.loader.data.RandomAccessData)>	<org.springframework.boot.loader.jar.Bytes: long littleEndianValue(byte[],int,int)>	int
<org.springframework.boot.loader.jar.CentralDirectoryEndRecord: long getStartOfArchive(org.springframework.boot.loader.data.RandomAccessData)>	<org.springframework.boot.loader.jar.Bytes: long littleEndianValue(byte[],int,int)>	byte[]
<org.springframework.boot.loader.jar.CentralDirectoryEndRecord: org.springframework.boot.loader.data.RandomAccessData getCentralDirectory(org.springframework.boot.loader.data.RandomAccessData)>	<org.springframework.boot.loader.data.RandomAccessData: org.springframework.boot.loader.data.RandomAccessData getSubsection(long,long)>	long
<org.springframework.boot.loader.jar.CentralDirectoryEndRecord: org.springframework.boot.loader.data.RandomAccessData getCentralDirectory(org.springframework.boot.loader.data.RandomAccessData)>	<org.springframework.boot.loader.jar.Bytes: long littleEndianValue(byte[],int,int)>	int
<org.springframework.boot.loader.jar.CentralDirectoryEndRecord: org.springframework.boot.loader.data.RandomAccessData getCentralDirectory(org.springframework.boot.loader.data.RandomAccessData)>	<org.springframework.boot.loader.jar.Bytes: long littleEndianValue(byte[],int,int)>	byte[]
<smpl.ordering.repositories.mock.MockDealersRepository: smpl.ordering.models.DealerInfo getDealer(java.lang.String)>	<smpl.ordering.repositories.mock.MockDealersRepository: boolean compareDealerNames(java.lang.String,smpl.ordering.models.DealerInfo)>	smpl.ordering.models.DealerInfo
<smpl.ordering.repositories.mock.MockDealersRepository: boolean upsertDealer(smpl.ordering.models.DealerInfo,java.lang.String)>	<smpl.ordering.repositories.mock.MockDealersRepository: boolean compareDealerNames(java.lang.String,smpl.ordering.models.DealerInfo)>	smpl.ordering.models.DealerInfo
<smpl.ordering.repositories.mock.MockDealersRepository: boolean removeDealer(java.lang.String,java.lang.String)>	<smpl.ordering.repositories.mock.MockDealersRepository: boolean compareDealerNames(java.lang.String,smpl.ordering.models.DealerInfo)>	smpl.ordering.models.DealerInfo
<org.springframework.boot.loader.PropertiesLauncher: java.lang.ClassLoader createClassLoader(java.util.List)>	<org.springframework.boot.loader.Launcher: java.lang.ClassLoader createClassLoader(java.util.List)>	java.util.List
<org.springframework.boot.loader.InputArgumentsJavaAgentDetector: void <init>(java.util.List)>	<org.springframework.boot.loader.InputArgumentsJavaAgentDetector: java.util.Set getJavaAgentJars(java.util.List)>	java.util.List
<org.springframework.boot.loader.ExecutableArchiveLauncher$1: boolean matches(org.springframework.boot.loader.archive.Archive$Entry)>	<org.springframework.boot.loader.ExecutableArchiveLauncher: boolean isNestedArchive(org.springframework.boot.loader.archive.Archive$Entry)>	org.springframework.boot.loader.archive.Archive$Entry
<org.springframework.boot.loader.JarLauncher: boolean isNestedArchive(org.springframework.boot.loader.archive.Archive$Entry)>	<org.springframework.boot.loader.util.AsciiBytes: boolean startsWith(org.springframework.boot.loader.util.AsciiBytes)>	org.springframework.boot.loader.util.AsciiBytes
<org.springframework.boot.loader.archive.ExplodedArchive$FilteredURLStreamHandler: java.net.URLConnection openConnection(java.net.URL)>	<org.springframework.boot.loader.archive.ExplodedArchive: java.io.File access$000(org.springframework.boot.loader.archive.ExplodedArchive)>	org.springframework.boot.loader.archive.ExplodedArchive
<org.springframework.boot.loader.archive.ExplodedArchive$FilteredURLStreamHandler: java.net.URLConnection openConnection(java.net.URL)>	<org.springframework.boot.loader.archive.ExplodedArchive: java.util.Map access$100(org.springframework.boot.loader.archive.ExplodedArchive)>	org.springframework.boot.loader.archive.ExplodedArchive
<org.springframework.boot.loader.PropertiesLauncher: java.util.List getClassPathArchives(java.lang.String)>	<org.springframework.boot.loader.PropertiesLauncher: org.springframework.boot.loader.archive.Archive getArchive(java.io.File)>	java.io.File
<org.springframework.boot.loader.archive.JarFileArchive$1: org.springframework.boot.loader.util.AsciiBytes apply(org.springframework.boot.loader.util.AsciiBytes,org.springframework.boot.loader.jar.JarEntryData)>	<org.springframework.boot.loader.archive.Archive$EntryRenameFilter: org.springframework.boot.loader.util.AsciiBytes apply(org.springframework.boot.loader.util.AsciiBytes,org.springframework.boot.loader.archive.Archive$Entry)>	org.springframework.boot.loader.util.AsciiBytes
<org.springframework.boot.loader.archive.JarFileArchive$1: org.springframework.boot.loader.util.AsciiBytes apply(org.springframework.boot.loader.util.AsciiBytes,org.springframework.boot.loader.jar.JarEntryData)>	<org.springframework.boot.loader.archive.Archive$EntryRenameFilter: org.springframework.boot.loader.util.AsciiBytes apply(org.springframework.boot.loader.util.AsciiBytes,org.springframework.boot.loader.archive.Archive$Entry)>	org.springframework.boot.loader.archive.Archive$Entry
<org.springframework.boot.loader.archive.JarFileArchive: java.util.List getNestedArchives(org.springframework.boot.loader.archive.Archive$EntryFilter)>	<org.springframework.boot.loader.archive.JarFileArchive: org.springframework.boot.loader.archive.Archive getNestedArchive(org.springframework.boot.loader.archive.Archive$Entry)>	org.springframework.boot.loader.archive.Archive$Entry
<org.springframework.boot.loader.archive.JarFileArchive: java.util.List getNestedArchives(org.springframework.boot.loader.archive.Archive$EntryFilter)>	<org.springframework.boot.loader.archive.Archive$EntryFilter: boolean matches(org.springframework.boot.loader.archive.Archive$Entry)>	org.springframework.boot.loader.archive.Archive$Entry
<org.springframework.boot.loader.archive.JarFileArchive: org.springframework.boot.loader.archive.Archive getNestedArchive(org.springframework.boot.loader.archive.Archive$Entry)>	<org.springframework.boot.loader.archive.JarFileArchive: org.springframework.boot.loader.archive.Archive getUnpackedNestedArchive(org.springframework.boot.loader.jar.JarEntryData)>	org.springframework.boot.loader.jar.JarEntryData
<org.springframework.boot.loader.archive.JarFileArchive: org.springframework.boot.loader.archive.Archive getNestedArchive(org.springframework.boot.loader.archive.Archive$Entry)>	<org.springframework.boot.loader.util.AsciiBytes: boolean startsWith(org.springframework.boot.loader.util.AsciiBytes)>	org.springframework.boot.loader.util.AsciiBytes
<org.springframework.boot.loader.archive.JarFileArchive: org.springframework.boot.loader.archive.Archive getNestedArchive(org.springframework.boot.loader.archive.Archive$Entry)>	<org.springframework.boot.loader.jar.JarFile: org.springframework.boot.loader.jar.JarFile getNestedJarFile(org.springframework.boot.loader.jar.JarEntryData)>	org.springframework.boot.loader.jar.JarEntryData
<org.springframework.boot.loader.archive.JarFileArchive: org.springframework.boot.loader.archive.Archive getUnpackedNestedArchive(org.springframework.boot.loader.jar.JarEntryData)>	<org.springframework.boot.loader.util.AsciiBytes: org.springframework.boot.loader.util.AsciiBytes substring(int)>	int
<org.springframework.boot.loader.PropertiesLauncher: org.springframework.boot.loader.archive.Archive getNestedArchive(java.lang.String)>	<org.springframework.boot.loader.archive.Archive: java.util.List getNestedArchives(org.springframework.boot.loader.archive.Archive$EntryFilter)>	org.springframework.boot.loader.archive.Archive$EntryFilter
<smpl.ordering.controllers.QuoteController: org.springframework.http.ResponseEntity updateQuote(java.lang.String,smpl.ordering.models.Quote)>	<smpl.ordering.repositories.QuoteRepository: boolean updateQuote(java.lang.String,smpl.ordering.models.Quote,java.lang.String)>	smpl.ordering.models.Quote
<org.springframework.boot.loader.PropertiesLauncher: void addParentClassLoaderEntries(java.util.List)>	<org.springframework.boot.loader.PropertiesLauncher: int findArchive(java.util.List,org.springframework.boot.loader.archive.Archive)>	java.util.List
<org.springframework.boot.loader.PropertiesLauncher: void addParentClassLoaderEntries(java.util.List)>	<org.springframework.boot.loader.PropertiesLauncher: int findArchive(java.util.List,org.springframework.boot.loader.archive.Archive)>	org.springframework.boot.loader.archive.Archive
<smpl.ordering.controllers.QuoteController: org.springframework.http.ResponseEntity createQuote(smpl.ordering.models.Quote)>	<smpl.ordering.repositories.QuoteRepository: smpl.ordering.models.Quote createQuote(smpl.ordering.models.Quote)>	smpl.ordering.models.Quote
<org.springframework.boot.loader.archive.JarFileArchive: void unpack(org.springframework.boot.loader.jar.JarEntryData,java.io.File)>	<org.springframework.boot.loader.data.RandomAccessData: java.io.InputStream getInputStream(org.springframework.boot.loader.data.RandomAccessData$ResourceAccess)>	org.springframework.boot.loader.data.RandomAccessData$ResourceAccess
<org.springframework.boot.loader.archive.JarFileArchive: org.springframework.boot.loader.archive.Archive getFilteredArchive(org.springframework.boot.loader.archive.Archive$EntryRenameFilter)>	<org.springframework.boot.loader.jar.JarFile: org.springframework.boot.loader.jar.JarFile getFilteredJarFile(org.springframework.boot.loader.jar.JarEntryFilter[])>	org.springframework.boot.loader.jar.JarEntryFilter[]
<org.springframework.boot.loader.PropertiesLauncher: void addNestedArchivesFromParent(java.util.List)>	<org.springframework.boot.loader.PropertiesLauncher: int findArchive(java.util.List,org.springframework.boot.loader.archive.Archive)>	java.util.List
<org.springframework.boot.loader.PropertiesLauncher: void addNestedArchivesFromParent(java.util.List)>	<org.springframework.boot.loader.PropertiesLauncher: int findArchive(java.util.List,org.springframework.boot.loader.archive.Archive)>	org.springframework.boot.loader.archive.Archive
<org.springframework.boot.loader.PropertiesLauncher: void addNestedArchivesFromParent(java.util.List)>	<org.springframework.boot.loader.archive.Archive: java.util.List getNestedArchives(org.springframework.boot.loader.archive.Archive$EntryFilter)>	org.springframework.boot.loader.archive.Archive$EntryFilter
<smpl.ordering.controllers.CatalogController: org.springframework.http.ResponseEntity addCatalogItem(smpl.ordering.models.CatalogItem)>	<smpl.ordering.repositories.CatalogItemsRepository: boolean upsertCatalogItem(java.lang.String,smpl.ordering.models.CatalogItem,java.lang.String)>	smpl.ordering.models.CatalogItem
<org.springframework.boot.loader.PropertiesLauncher$PrefixMatchingArchiveFilter: boolean matches(org.springframework.boot.loader.archive.Archive$Entry)>	<org.springframework.boot.loader.PropertiesLauncher$ArchiveEntryFilter: boolean matches(org.springframework.boot.loader.archive.Archive$Entry)>	org.springframework.boot.loader.archive.Archive$Entry
<org.springframework.boot.loader.PropertiesLauncher$PrefixMatchingArchiveFilter: boolean matches(org.springframework.boot.loader.archive.Archive$Entry)>	<org.springframework.boot.loader.util.AsciiBytes: boolean startsWith(org.springframework.boot.loader.util.AsciiBytes)>	org.springframework.boot.loader.util.AsciiBytes
<smpl.ordering.controllers.CatalogController: org.springframework.http.ResponseEntity upsertCatalogItem(java.lang.String,smpl.ordering.models.CatalogItem)>	<smpl.ordering.repositories.CatalogItemsRepository: boolean upsertCatalogItem(java.lang.String,smpl.ordering.models.CatalogItem,java.lang.String)>	smpl.ordering.models.CatalogItem
<org.springframework.boot.loader.util.SystemPropertyUtils: java.lang.String resolvePlaceholders(java.lang.String)>	<org.springframework.boot.loader.util.SystemPropertyUtils: java.lang.String parseStringValue(java.util.Properties,java.lang.String,java.lang.String,java.util.Set)>	java.util.Properties
<org.springframework.boot.loader.util.SystemPropertyUtils: java.lang.String resolvePlaceholders(java.lang.String)>	<org.springframework.boot.loader.util.SystemPropertyUtils: java.lang.String parseStringValue(java.util.Properties,java.lang.String,java.lang.String,java.util.Set)>	java.util.Set
<org.springframework.boot.loader.util.SystemPropertyUtils: java.lang.String resolvePlaceholders(java.util.Properties,java.lang.String)>	<org.springframework.boot.loader.util.SystemPropertyUtils: java.lang.String parseStringValue(java.util.Properties,java.lang.String,java.lang.String,java.util.Set)>	java.util.Properties
<org.springframework.boot.loader.util.SystemPropertyUtils: java.lang.String resolvePlaceholders(java.util.Properties,java.lang.String)>	<org.springframework.boot.loader.util.SystemPropertyUtils: java.lang.String parseStringValue(java.util.Properties,java.lang.String,java.lang.String,java.util.Set)>	java.util.Set
<org.springframework.boot.loader.util.SystemPropertyUtils: java.lang.String parseStringValue(java.util.Properties,java.lang.String,java.lang.String,java.util.Set)>	<org.springframework.boot.loader.util.SystemPropertyUtils: java.lang.String parseStringValue(java.util.Properties,java.lang.String,java.lang.String,java.util.Set)>	java.util.Properties
<org.springframework.boot.loader.util.SystemPropertyUtils: java.lang.String parseStringValue(java.util.Properties,java.lang.String,java.lang.String,java.util.Set)>	<org.springframework.boot.loader.util.SystemPropertyUtils: java.lang.String parseStringValue(java.util.Properties,java.lang.String,java.lang.String,java.util.Set)>	java.util.Set
<org.springframework.boot.loader.util.SystemPropertyUtils: java.lang.String parseStringValue(java.util.Properties,java.lang.String,java.lang.String,java.util.Set)>	<org.springframework.boot.loader.util.SystemPropertyUtils: java.lang.String resolvePlaceholder(java.util.Properties,java.lang.String,java.lang.String)>	java.util.Properties
<org.springframework.boot.loader.util.SystemPropertyUtils: java.lang.String parseStringValue(java.util.Properties,java.lang.String,java.lang.String,java.util.Set)>	<org.springframework.boot.loader.util.SystemPropertyUtils: int findPlaceholderEndIndex(java.lang.CharSequence,int)>	int
<smpl.ordering.controllers.DealerController: org.springframework.http.ResponseEntity addDealer(smpl.ordering.models.DealerInfo)>	<smpl.ordering.repositories.DealersRepository: boolean upsertDealer(smpl.ordering.models.DealerInfo,java.lang.String)>	smpl.ordering.models.DealerInfo
<org.springframework.boot.loader.WarLauncher$1: org.springframework.boot.loader.util.AsciiBytes apply(org.springframework.boot.loader.util.AsciiBytes,org.springframework.boot.loader.archive.Archive$Entry)>	<org.springframework.boot.loader.util.AsciiBytes: boolean startsWith(org.springframework.boot.loader.util.AsciiBytes)>	org.springframework.boot.loader.util.AsciiBytes
<org.springframework.boot.loader.util.SystemPropertyUtils: int findPlaceholderEndIndex(java.lang.CharSequence,int)>	<org.springframework.boot.loader.util.SystemPropertyUtils: boolean substringMatch(java.lang.CharSequence,int,java.lang.CharSequence)>	int
<org.springframework.boot.loader.data.RandomAccessDataFile$DataInputStream: void <init>(org.springframework.boot.loader.data.RandomAccessDataFile,org.springframework.boot.loader.data.RandomAccessData$ResourceAccess)>	<org.springframework.boot.loader.data.RandomAccessDataFile: java.io.File access$000(org.springframework.boot.loader.data.RandomAccessDataFile)>	org.springframework.boot.loader.data.RandomAccessDataFile
<org.springframework.boot.loader.data.RandomAccessDataFile$DataInputStream: void <init>(org.springframework.boot.loader.data.RandomAccessDataFile,org.springframework.boot.loader.data.RandomAccessData$ResourceAccess)>	<org.springframework.boot.loader.data.RandomAccessDataFile: long access$100(org.springframework.boot.loader.data.RandomAccessDataFile)>	org.springframework.boot.loader.data.RandomAccessDataFile
<org.springframework.boot.loader.util.AsciiBytes: org.springframework.boot.loader.util.AsciiBytes substring(int)>	<org.springframework.boot.loader.util.AsciiBytes: org.springframework.boot.loader.util.AsciiBytes substring(int,int)>	int
<org.springframework.boot.loader.data.RandomAccessDataFile$DataInputStream: int read(byte[])>	<org.springframework.boot.loader.data.RandomAccessDataFile$DataInputStream: int read(byte[],int,int)>	int
<org.springframework.boot.loader.data.RandomAccessDataFile$DataInputStream: int read(byte[])>	<org.springframework.boot.loader.data.RandomAccessDataFile$DataInputStream: int read(byte[],int,int)>	byte[]
<org.springframework.boot.loader.data.RandomAccessDataFile$DataInputStream: int read(byte[],int,int)>	<org.springframework.boot.loader.data.RandomAccessDataFile$DataInputStream: int doRead(byte[],int,int)>	int
<org.springframework.boot.loader.data.RandomAccessDataFile$DataInputStream: int read(byte[],int,int)>	<org.springframework.boot.loader.data.RandomAccessDataFile$DataInputStream: int doRead(byte[],int,int)>	byte[]
<org.springframework.boot.loader.data.RandomAccessDataFile$DataInputStream: int doRead(byte[],int,int)>	<org.springframework.boot.loader.data.RandomAccessDataFile: long access$100(org.springframework.boot.loader.data.RandomAccessDataFile)>	org.springframework.boot.loader.data.RandomAccessDataFile
<org.springframework.boot.loader.data.RandomAccessDataFile$DataInputStream: int doRead(byte[],int,int)>	<org.springframework.boot.loader.data.RandomAccessDataFile: org.springframework.boot.loader.data.RandomAccessDataFile$FilePool access$200(org.springframework.boot.loader.data.RandomAccessDataFile)>	org.springframework.boot.loader.data.RandomAccessDataFile
<org.springframework.boot.loader.data.RandomAccessDataFile$DataInputStream: int doRead(byte[],int,int)>	<org.springframework.boot.loader.data.RandomAccessDataFile$DataInputStream: int cap(long)>	long
<org.springframework.boot.loader.data.RandomAccessDataFile$DataInputStream: int doRead(byte[],int,int)>	<org.springframework.boot.loader.data.RandomAccessDataFile$DataInputStream: long moveOn(int)>	int
<org.springframework.boot.loader.util.AsciiBytes: org.springframework.boot.loader.util.AsciiBytes append(java.lang.String)>	<org.springframework.boot.loader.util.AsciiBytes: org.springframework.boot.loader.util.AsciiBytes append(byte[])>	byte[]
<org.springframework.boot.loader.util.AsciiBytes: org.springframework.boot.loader.util.AsciiBytes append(org.springframework.boot.loader.util.AsciiBytes)>	<org.springframework.boot.loader.util.AsciiBytes: org.springframework.boot.loader.util.AsciiBytes append(byte[])>	byte[]
<org.springframework.boot.loader.jar.JarFile: void <init>(org.springframework.boot.loader.data.RandomAccessDataFile,java.lang.String,org.springframework.boot.loader.data.RandomAccessData)>	<org.springframework.boot.loader.jar.JarFile: org.springframework.boot.loader.data.RandomAccessData getArchiveData(org.springframework.boot.loader.jar.CentralDirectoryEndRecord,org.springframework.boot.loader.data.RandomAccessData)>	org.springframework.boot.loader.data.RandomAccessData
<org.springframework.boot.loader.jar.JarFile: void <init>(org.springframework.boot.loader.data.RandomAccessDataFile,java.lang.String,org.springframework.boot.loader.data.RandomAccessData)>	<org.springframework.boot.loader.jar.JarFile: org.springframework.boot.loader.data.RandomAccessData getArchiveData(org.springframework.boot.loader.jar.CentralDirectoryEndRecord,org.springframework.boot.loader.data.RandomAccessData)>	org.springframework.boot.loader.jar.CentralDirectoryEndRecord
<org.springframework.boot.loader.jar.JarFile: void <init>(org.springframework.boot.loader.data.RandomAccessDataFile,java.lang.String,org.springframework.boot.loader.data.RandomAccessData)>	<org.springframework.boot.loader.jar.JarFile: java.util.List loadJarEntries(org.springframework.boot.loader.jar.CentralDirectoryEndRecord)>	org.springframework.boot.loader.jar.CentralDirectoryEndRecord
<smpl.ordering.repositories.mongodb.MongoShipmentRepository: java.util.List getShipments(smpl.ordering.models.OrderStatus)>	<smpl.ordering.repositories.OrderRepository: java.util.List getOrdersByStatus(smpl.ordering.models.OrderStatus)>	smpl.ordering.models.OrderStatus
<org.springframework.boot.loader.data.RandomAccessDataFile$DataInputStream: long skip(long)>	<org.springframework.boot.loader.data.RandomAccessDataFile$DataInputStream: int cap(long)>	long
<org.springframework.boot.loader.data.RandomAccessDataFile$DataInputStream: long skip(long)>	<org.springframework.boot.loader.data.RandomAccessDataFile$DataInputStream: long moveOn(int)>	int
<org.springframework.boot.loader.jar.JarFile: void <init>(org.springframework.boot.loader.data.RandomAccessDataFile,java.lang.String,org.springframework.boot.loader.data.RandomAccessData,java.util.List,org.springframework.boot.loader.jar.JarEntryFilter[])>	<org.springframework.boot.loader.jar.JarFile: java.util.List filterEntries(java.util.List,org.springframework.boot.loader.jar.JarEntryFilter[])>	java.util.List
<org.springframework.boot.loader.jar.JarFile: void <init>(org.springframework.boot.loader.data.RandomAccessDataFile,java.lang.String,org.springframework.boot.loader.data.RandomAccessData,java.util.List,org.springframework.boot.loader.jar.JarEntryFilter[])>	<org.springframework.boot.loader.jar.JarFile: java.util.List filterEntries(java.util.List,org.springframework.boot.loader.jar.JarEntryFilter[])>	org.springframework.boot.loader.jar.JarEntryFilter[]
<org.springframework.boot.loader.data.RandomAccessDataFile$DataInputStream: int cap(long)>	<org.springframework.boot.loader.data.RandomAccessDataFile: long access$300(org.springframework.boot.loader.data.RandomAccessDataFile)>	org.springframework.boot.loader.data.RandomAccessDataFile
<org.springframework.boot.loader.jar.JarFile: org.springframework.boot.loader.data.RandomAccessData getArchiveData(org.springframework.boot.loader.jar.CentralDirectoryEndRecord,org.springframework.boot.loader.data.RandomAccessData)>	<org.springframework.boot.loader.jar.CentralDirectoryEndRecord: long getStartOfArchive(org.springframework.boot.loader.data.RandomAccessData)>	org.springframework.boot.loader.data.RandomAccessData
<org.springframework.boot.loader.jar.JarFile: org.springframework.boot.loader.data.RandomAccessData getArchiveData(org.springframework.boot.loader.jar.CentralDirectoryEndRecord,org.springframework.boot.loader.data.RandomAccessData)>	<org.springframework.boot.loader.data.RandomAccessData: org.springframework.boot.loader.data.RandomAccessData getSubsection(long,long)>	long
<org.springframework.boot.loader.jar.JarFile: java.util.List loadJarEntries(org.springframework.boot.loader.jar.CentralDirectoryEndRecord)>	<org.springframework.boot.loader.jar.JarEntryData: org.springframework.boot.loader.jar.JarEntryData fromInputStream(org.springframework.boot.loader.jar.JarFile,java.io.InputStream)>	org.springframework.boot.loader.jar.JarFile
<org.springframework.boot.loader.jar.JarFile: java.util.List loadJarEntries(org.springframework.boot.loader.jar.CentralDirectoryEndRecord)>	<org.springframework.boot.loader.jar.JarEntryData: org.springframework.boot.loader.jar.JarEntryData fromInputStream(org.springframework.boot.loader.jar.JarFile,java.io.InputStream)>	java.io.InputStream
<org.springframework.boot.loader.jar.JarFile: java.util.List loadJarEntries(org.springframework.boot.loader.jar.CentralDirectoryEndRecord)>	<org.springframework.boot.loader.jar.CentralDirectoryEndRecord: org.springframework.boot.loader.data.RandomAccessData getCentralDirectory(org.springframework.boot.loader.data.RandomAccessData)>	org.springframework.boot.loader.data.RandomAccessData
<org.springframework.boot.loader.jar.JarFile: java.util.List loadJarEntries(org.springframework.boot.loader.jar.CentralDirectoryEndRecord)>	<org.springframework.boot.loader.data.RandomAccessData: java.io.InputStream getInputStream(org.springframework.boot.loader.data.RandomAccessData$ResourceAccess)>	org.springframework.boot.loader.data.RandomAccessData$ResourceAccess
<smpl.ordering.controllers.ShipmentController: org.springframework.http.ResponseEntity getShipments(smpl.ordering.models.OrderStatus)>	<smpl.ordering.repositories.ShipmentRepository: java.util.List getShipments(smpl.ordering.models.OrderStatus)>	smpl.ordering.models.OrderStatus
<smpl.ordering.repositories.mongodb.MongoShipmentRepository: boolean addEvent(java.lang.String,smpl.ordering.models.ShipmentEventInfo)>	<smpl.ordering.repositories.mongodb.MongoShipmentRepository: boolean saveUpdates(smpl.ordering.repositories.mongodb.models.ShipmentDetails,smpl.ordering.models.ShipmentRecord)>	smpl.ordering.repositories.mongodb.models.ShipmentDetails
<smpl.ordering.repositories.mongodb.MongoShipmentRepository: boolean addEvent(java.lang.String,smpl.ordering.models.ShipmentEventInfo)>	<smpl.ordering.repositories.mongodb.MongoShipmentRepository: boolean saveUpdates(smpl.ordering.repositories.mongodb.models.ShipmentDetails,smpl.ordering.models.ShipmentRecord)>	smpl.ordering.models.ShipmentRecord
<org.springframework.boot.loader.jar.JarFile: java.util.List filterEntries(java.util.List,org.springframework.boot.loader.jar.JarEntryFilter[])>	<org.springframework.boot.loader.jar.JarEntryData: org.springframework.boot.loader.jar.JarEntryData createFilteredCopy(org.springframework.boot.loader.jar.JarFile,org.springframework.boot.loader.util.AsciiBytes)>	org.springframework.boot.loader.util.AsciiBytes
<org.springframework.boot.loader.jar.JarFile: java.util.List filterEntries(java.util.List,org.springframework.boot.loader.jar.JarEntryFilter[])>	<org.springframework.boot.loader.jar.JarEntryData: org.springframework.boot.loader.jar.JarEntryData createFilteredCopy(org.springframework.boot.loader.jar.JarFile,org.springframework.boot.loader.util.AsciiBytes)>	org.springframework.boot.loader.jar.JarFile
<org.springframework.boot.loader.jar.JarFile: java.util.List filterEntries(java.util.List,org.springframework.boot.loader.jar.JarEntryFilter[])>	<org.springframework.boot.loader.jar.JarEntryFilter: org.springframework.boot.loader.util.AsciiBytes apply(org.springframework.boot.loader.util.AsciiBytes,org.springframework.boot.loader.jar.JarEntryData)>	org.springframework.boot.loader.util.AsciiBytes
<org.springframework.boot.loader.jar.JarFile: java.util.List filterEntries(java.util.List,org.springframework.boot.loader.jar.JarEntryFilter[])>	<org.springframework.boot.loader.jar.JarEntryFilter: org.springframework.boot.loader.util.AsciiBytes apply(org.springframework.boot.loader.util.AsciiBytes,org.springframework.boot.loader.jar.JarEntryData)>	org.springframework.boot.loader.jar.JarEntryData
<smpl.ordering.repositories.mongodb.MongoShipmentRepository: boolean updateShipment(smpl.ordering.models.ShipmentRecord)>	<smpl.ordering.repositories.mongodb.MongoShipmentRepository: boolean saveUpdates(smpl.ordering.repositories.mongodb.models.ShipmentDetails,smpl.ordering.models.ShipmentRecord)>	smpl.ordering.repositories.mongodb.models.ShipmentDetails
<smpl.ordering.repositories.mongodb.MongoShipmentRepository: boolean updateShipment(smpl.ordering.models.ShipmentRecord)>	<smpl.ordering.repositories.mongodb.MongoShipmentRepository: boolean saveUpdates(smpl.ordering.repositories.mongodb.models.ShipmentDetails,smpl.ordering.models.ShipmentRecord)>	smpl.ordering.models.ShipmentRecord
<org.springframework.boot.loader.jar.JarFile: void processEntry(org.springframework.boot.loader.jar.JarEntryData)>	<org.springframework.boot.loader.util.AsciiBytes: boolean startsWith(org.springframework.boot.loader.util.AsciiBytes)>	org.springframework.boot.loader.util.AsciiBytes
<org.springframework.boot.loader.jar.JarFile: void processMetaInfEntry(org.springframework.boot.loader.util.AsciiBytes,org.springframework.boot.loader.jar.JarEntryData)>	<org.springframework.boot.loader.util.AsciiBytes: boolean endsWith(org.springframework.boot.loader.util.AsciiBytes)>	org.springframework.boot.loader.util.AsciiBytes
<smpl.ordering.controllers.ShipmentController: org.springframework.http.ResponseEntity createShipmentRecord(smpl.ordering.models.ShipmentRecord)>	<smpl.ordering.repositories.ShipmentRepository: smpl.ordering.models.ShipmentRecord createShipment(smpl.ordering.models.ShipmentRecord)>	smpl.ordering.models.ShipmentRecord
<org.springframework.boot.loader.jar.JarFile: org.springframework.boot.loader.jar.JarEntryData getJarEntryData(java.lang.String)>	<org.springframework.boot.loader.jar.JarFile: org.springframework.boot.loader.jar.JarEntryData getJarEntryData(org.springframework.boot.loader.util.AsciiBytes)>	org.springframework.boot.loader.util.AsciiBytes
<org.springframework.boot.loader.jar.JarFile: org.springframework.boot.loader.jar.JarEntryData getJarEntryData(org.springframework.boot.loader.util.AsciiBytes)>	<org.springframework.boot.loader.util.AsciiBytes: boolean endsWith(org.springframework.boot.loader.util.AsciiBytes)>	org.springframework.boot.loader.util.AsciiBytes
<org.springframework.boot.loader.jar.JarFile: org.springframework.boot.loader.jar.JarEntryData getJarEntryData(org.springframework.boot.loader.util.AsciiBytes)>	<org.springframework.boot.loader.util.AsciiBytes: org.springframework.boot.loader.util.AsciiBytes append(org.springframework.boot.loader.util.AsciiBytes)>	org.springframework.boot.loader.util.AsciiBytes
<smpl.ordering.controllers.ShipmentController: org.springframework.http.ResponseEntity addEvent(java.lang.String,smpl.ordering.models.ShipmentEventInfo)>	<smpl.ordering.repositories.ShipmentRepository: boolean addEvent(java.lang.String,smpl.ordering.models.ShipmentEventInfo)>	smpl.ordering.models.ShipmentEventInfo
<org.springframework.boot.loader.jar.JarFile: java.io.InputStream getInputStream(java.util.zip.ZipEntry)>	<org.springframework.boot.loader.jar.JarFile: org.springframework.boot.loader.jar.JarEntry getContainedEntry(java.util.zip.ZipEntry)>	java.util.zip.ZipEntry
<org.springframework.boot.loader.jar.JarFile: org.springframework.boot.loader.jar.JarFile getNestedJarFile(java.util.zip.ZipEntry)>	<org.springframework.boot.loader.jar.JarFile: org.springframework.boot.loader.jar.JarFile getNestedJarFile(org.springframework.boot.loader.jar.JarEntryData)>	org.springframework.boot.loader.jar.JarEntryData
<org.springframework.boot.loader.jar.JarFile: org.springframework.boot.loader.jar.JarFile getNestedJarFile(java.util.zip.ZipEntry)>	<org.springframework.boot.loader.jar.JarFile: org.springframework.boot.loader.jar.JarEntry getContainedEntry(java.util.zip.ZipEntry)>	java.util.zip.ZipEntry
<org.springframework.boot.loader.jar.JarFile: org.springframework.boot.loader.jar.JarFile getNestedJarFile(org.springframework.boot.loader.jar.JarEntryData)>	<org.springframework.boot.loader.jar.JarFile: org.springframework.boot.loader.jar.JarFile createJarFileFromEntry(org.springframework.boot.loader.jar.JarEntryData)>	org.springframework.boot.loader.jar.JarEntryData
<org.springframework.boot.loader.jar.JarFile: org.springframework.boot.loader.jar.JarFile createJarFileFromEntry(org.springframework.boot.loader.jar.JarEntryData)>	<org.springframework.boot.loader.jar.JarFile: org.springframework.boot.loader.jar.JarFile createJarFileFromDirectoryEntry(org.springframework.boot.loader.jar.JarEntryData)>	org.springframework.boot.loader.jar.JarEntryData
<org.springframework.boot.loader.jar.JarFile: org.springframework.boot.loader.jar.JarFile createJarFileFromEntry(org.springframework.boot.loader.jar.JarEntryData)>	<org.springframework.boot.loader.jar.JarFile: org.springframework.boot.loader.jar.JarFile createJarFileFromFileEntry(org.springframework.boot.loader.jar.JarEntryData)>	org.springframework.boot.loader.jar.JarEntryData
<org.springframework.boot.loader.jar.JarFile: org.springframework.boot.loader.jar.JarFile createJarFileFromDirectoryEntry(org.springframework.boot.loader.jar.JarEntryData)>	<org.springframework.boot.loader.util.AsciiBytes: org.springframework.boot.loader.util.AsciiBytes substring(int,int)>	int
<smpl.ordering.repositories.mock.MockCatalogItemsRepository: smpl.ordering.models.CatalogItem getCatalogItem(java.lang.String)>	<smpl.ordering.repositories.mock.MockCatalogItemsRepository: boolean compareSkuNumbers(java.lang.String,smpl.ordering.models.CatalogItem)>	smpl.ordering.models.CatalogItem
<org.springframework.boot.loader.jar.Handler: java.net.URLConnection openConnection(java.net.URL)>	<org.springframework.boot.loader.jar.Handler: java.net.URLConnection openFallbackConnection(java.net.URL,java.lang.Exception)>	java.net.URL
<org.springframework.boot.loader.jar.Handler: java.net.URLConnection openConnection(java.net.URL)>	<org.springframework.boot.loader.jar.Handler: org.springframework.boot.loader.jar.JarFile getRootJarFileFromUrl(java.net.URL)>	java.net.URL
<org.springframework.boot.loader.jar.Handler: java.net.URLConnection openFallbackConnection(java.net.URL,java.lang.Exception)>	<org.springframework.boot.loader.jar.Handler: java.net.URLConnection openConnection(java.net.URLStreamHandler,java.net.URL)>	java.net.URL
<org.springframework.boot.loader.jar.Handler: java.net.URLConnection openFallbackConnection(java.net.URL,java.lang.Exception)>	<org.springframework.boot.loader.jar.Handler: java.net.URLConnection openConnection(java.net.URLStreamHandler,java.net.URL)>	java.net.URLStreamHandler
<smpl.ordering.repositories.mock.MockCatalogItemsRepository: boolean upsertCatalogItem(java.lang.String,smpl.ordering.models.CatalogItem,java.lang.String)>	<smpl.ordering.repositories.mock.MockCatalogItemsRepository: boolean compareSkuNumbers(java.lang.String,smpl.ordering.models.CatalogItem)>	smpl.ordering.models.CatalogItem
<smpl.ordering.repositories.mock.MockCatalogItemsRepository: boolean removeCatalogItem(java.lang.String,java.lang.String)>	<smpl.ordering.repositories.mock.MockCatalogItemsRepository: boolean compareSkuNumbers(java.lang.String,smpl.ordering.models.CatalogItem)>	smpl.ordering.models.CatalogItem
<org.springframework.boot.loader.jar.ZipInflaterInputStream: void <init>(java.io.InputStream,int)>	<org.springframework.boot.loader.jar.ZipInflaterInputStream: int getInflaterBufferSize(long)>	long
<org.springframework.boot.loader.LaunchedURLClassLoader: java.lang.Class loadClass(java.lang.String,boolean)>	<org.springframework.boot.loader.LaunchedURLClassLoader$LockProvider: java.lang.Object getLock(org.springframework.boot.loader.LaunchedURLClassLoader,java.lang.String)>	org.springframework.boot.loader.LaunchedURLClassLoader
<org.springframework.boot.loader.Launcher: void launch(java.lang.String[])>	<org.springframework.boot.loader.Launcher: java.lang.ClassLoader createClassLoader(java.util.List)>	java.util.List
<org.springframework.boot.loader.Launcher: java.lang.ClassLoader createClassLoader(java.util.List)>	<org.springframework.boot.loader.Launcher: java.lang.ClassLoader createClassLoader(java.net.URL[])>	java.net.URL[]
<smpl.ordering.models.QuoteItemInfo: int compareTo(java.lang.Object)>	<smpl.ordering.models.QuoteItemInfo: int compareTo(smpl.ordering.models.QuoteItemInfo)>	smpl.ordering.models.QuoteItemInfo
<org.springframework.boot.loader.jar.Bytes: byte[] get(org.springframework.boot.loader.data.RandomAccessData)>	<org.springframework.boot.loader.data.RandomAccessData: java.io.InputStream getInputStream(org.springframework.boot.loader.data.RandomAccessData$ResourceAccess)>	org.springframework.boot.loader.data.RandomAccessData$ResourceAccess
<org.springframework.boot.loader.jar.Bytes: byte[] get(org.springframework.boot.loader.data.RandomAccessData)>	<org.springframework.boot.loader.jar.Bytes: byte[] get(java.io.InputStream,long)>	long
<org.springframework.boot.loader.jar.Bytes: byte[] get(org.springframework.boot.loader.data.RandomAccessData)>	<org.springframework.boot.loader.jar.Bytes: byte[] get(java.io.InputStream,long)>	java.io.InputStream
<org.springframework.boot.loader.jar.Bytes: byte[] get(java.io.InputStream,long)>	<org.springframework.boot.loader.jar.Bytes: boolean fill(java.io.InputStream,byte[])>	byte[]
<org.springframework.boot.loader.jar.Bytes: byte[] get(java.io.InputStream,long)>	<org.springframework.boot.loader.jar.Bytes: boolean fill(java.io.InputStream,byte[])>	java.io.InputStream
<org.springframework.boot.loader.jar.Bytes: boolean fill(java.io.InputStream,byte[])>	<org.springframework.boot.loader.jar.Bytes: boolean fill(java.io.InputStream,byte[],int,int)>	int
<org.springframework.boot.loader.jar.Bytes: boolean fill(java.io.InputStream,byte[])>	<org.springframework.boot.loader.jar.Bytes: boolean fill(java.io.InputStream,byte[],int,int)>	byte[]
<org.springframework.boot.loader.jar.Bytes: boolean fill(java.io.InputStream,byte[])>	<org.springframework.boot.loader.jar.Bytes: boolean fill(java.io.InputStream,byte[],int,int)>	java.io.InputStream
<org.springframework.boot.loader.archive.FilteredArchive: java.util.List getNestedArchives(org.springframework.boot.loader.archive.Archive$EntryFilter)>	<org.springframework.boot.loader.archive.Archive: java.util.List getNestedArchives(org.springframework.boot.loader.archive.Archive$EntryFilter)>	org.springframework.boot.loader.archive.Archive$EntryFilter
<org.springframework.boot.loader.archive.FilteredArchive: org.springframework.boot.loader.archive.Archive getFilteredArchive(org.springframework.boot.loader.archive.Archive$EntryRenameFilter)>	<org.springframework.boot.loader.archive.Archive: org.springframework.boot.loader.archive.Archive getFilteredArchive(org.springframework.boot.loader.archive.Archive$EntryRenameFilter)>	org.springframework.boot.loader.archive.Archive$EntryRenameFilter
<org.springframework.boot.loader.archive.FilteredArchive$2: org.springframework.boot.loader.util.AsciiBytes apply(org.springframework.boot.loader.util.AsciiBytes,org.springframework.boot.loader.archive.Archive$Entry)>	<org.springframework.boot.loader.archive.Archive$EntryRenameFilter: org.springframework.boot.loader.util.AsciiBytes apply(org.springframework.boot.loader.util.AsciiBytes,org.springframework.boot.loader.archive.Archive$Entry)>	org.springframework.boot.loader.util.AsciiBytes
<org.springframework.boot.loader.archive.FilteredArchive$2: org.springframework.boot.loader.util.AsciiBytes apply(org.springframework.boot.loader.util.AsciiBytes,org.springframework.boot.loader.archive.Archive$Entry)>	<org.springframework.boot.loader.archive.Archive$EntryRenameFilter: org.springframework.boot.loader.util.AsciiBytes apply(org.springframework.boot.loader.util.AsciiBytes,org.springframework.boot.loader.archive.Archive$Entry)>	org.springframework.boot.loader.archive.Archive$Entry
<org.springframework.boot.loader.archive.FilteredArchive$2: org.springframework.boot.loader.util.AsciiBytes apply(org.springframework.boot.loader.util.AsciiBytes,org.springframework.boot.loader.archive.Archive$Entry)>	<org.springframework.boot.loader.archive.Archive$EntryFilter: boolean matches(org.springframework.boot.loader.archive.Archive$Entry)>	org.springframework.boot.loader.archive.Archive$Entry
<org.springframework.boot.loader.archive.FilteredArchive$2: org.springframework.boot.loader.util.AsciiBytes apply(org.springframework.boot.loader.util.AsciiBytes,org.springframework.boot.loader.archive.Archive$Entry)>	<org.springframework.boot.loader.archive.FilteredArchive: org.springframework.boot.loader.archive.Archive$EntryFilter access$000(org.springframework.boot.loader.archive.FilteredArchive)>	org.springframework.boot.loader.archive.FilteredArchive
<org.springframework.boot.loader.ExecutableArchiveLauncher: java.util.List getClassPathArchives()>	<org.springframework.boot.loader.archive.Archive: java.util.List getNestedArchives(org.springframework.boot.loader.archive.Archive$EntryFilter)>	org.springframework.boot.loader.archive.Archive$EntryFilter
<org.springframework.boot.loader.jar.JarURLConnection: void connect()>	<org.springframework.boot.loader.jar.JarFile: org.springframework.boot.loader.jar.JarEntryData getJarEntryData(org.springframework.boot.loader.util.AsciiBytes)>	org.springframework.boot.loader.util.AsciiBytes
<org.springframework.boot.loader.jar.JarEntryData: java.io.InputStream getInputStream()>	<org.springframework.boot.loader.data.RandomAccessData: java.io.InputStream getInputStream(org.springframework.boot.loader.data.RandomAccessData$ResourceAccess)>	org.springframework.boot.loader.data.RandomAccessData$ResourceAccess
<org.springframework.boot.loader.jar.JarEntryData: org.springframework.boot.loader.data.RandomAccessData getData()>	<org.springframework.boot.loader.data.RandomAccessData: org.springframework.boot.loader.data.RandomAccessData getSubsection(long,long)>	long
<org.springframework.boot.loader.jar.JarEntryData: org.springframework.boot.loader.data.RandomAccessData getData()>	<org.springframework.boot.loader.jar.Bytes: byte[] get(org.springframework.boot.loader.data.RandomAccessData)>	org.springframework.boot.loader.data.RandomAccessData
<org.springframework.boot.loader.jar.JarEntryData: org.springframework.boot.loader.data.RandomAccessData getData()>	<org.springframework.boot.loader.jar.Bytes: long littleEndianValue(byte[],int,int)>	int
<org.springframework.boot.loader.jar.JarEntryData: org.springframework.boot.loader.data.RandomAccessData getData()>	<org.springframework.boot.loader.jar.Bytes: long littleEndianValue(byte[],int,int)>	byte[]
<org.springframework.boot.loader.PropertiesLauncher: java.util.List getClassPathArchives()>	<org.springframework.boot.loader.archive.Archive: java.util.List getNestedArchives(org.springframework.boot.loader.archive.Archive$EntryFilter)>	org.springframework.boot.loader.archive.Archive$EntryFilter
<org.springframework.boot.loader.data.RandomAccessDataFile$FilePool: java.io.RandomAccessFile acquire()>	<org.springframework.boot.loader.data.RandomAccessDataFile: java.io.File access$000(org.springframework.boot.loader.data.RandomAccessDataFile)>	org.springframework.boot.loader.data.RandomAccessDataFile
<org.springframework.boot.loader.data.RandomAccessDataFile$DataInputStream: int read()>	<org.springframework.boot.loader.data.RandomAccessDataFile$DataInputStream: int doRead(byte[],int,int)>	int
<org.springframework.boot.loader.data.RandomAccessDataFile$DataInputStream: int read()>	<org.springframework.boot.loader.data.RandomAccessDataFile$DataInputStream: int doRead(byte[],int,int)>	byte[]
<smpl.ordering.controllers.ShipmentController: org.springframework.http.ResponseEntity getDeliveries()>	<smpl.ordering.repositories.ShipmentRepository: java.util.List getShipments(smpl.ordering.models.OrderStatus)>	smpl.ordering.models.OrderStatus
<org.springframework.boot.loader.jar.JarEntryData: boolean isDirectory()>	<org.springframework.boot.loader.util.AsciiBytes: boolean endsWith(org.springframework.boot.loader.util.AsciiBytes)>	org.springframework.boot.loader.util.AsciiBytes
<org.springframework.boot.loader.jar.JarEntryData: int getMethod()>	<org.springframework.boot.loader.jar.Bytes: long littleEndianValue(byte[],int,int)>	int
<org.springframework.boot.loader.jar.JarEntryData: int getMethod()>	<org.springframework.boot.loader.jar.Bytes: long littleEndianValue(byte[],int,int)>	byte[]
<org.springframework.boot.loader.jar.JarEntryData: long getTime()>	<org.springframework.boot.loader.jar.Bytes: long littleEndianValue(byte[],int,int)>	int
<org.springframework.boot.loader.jar.JarEntryData: long getTime()>	<org.springframework.boot.loader.jar.Bytes: long littleEndianValue(byte[],int,int)>	byte[]
<org.springframework.boot.loader.jar.JarEntryData: long getCrc()>	<org.springframework.boot.loader.jar.Bytes: long littleEndianValue(byte[],int,int)>	int
<org.springframework.boot.loader.jar.JarEntryData: long getCrc()>	<org.springframework.boot.loader.jar.Bytes: long littleEndianValue(byte[],int,int)>	byte[]
<org.springframework.boot.loader.jar.JarEntryData: int getCompressedSize()>	<org.springframework.boot.loader.jar.Bytes: long littleEndianValue(byte[],int,int)>	int
<org.springframework.boot.loader.jar.JarEntryData: int getCompressedSize()>	<org.springframework.boot.loader.jar.Bytes: long littleEndianValue(byte[],int,int)>	byte[]
<org.springframework.boot.loader.jar.JarEntryData: int getSize()>	<org.springframework.boot.loader.jar.Bytes: long littleEndianValue(byte[],int,int)>	int
<org.springframework.boot.loader.jar.JarEntryData: int getSize()>	<org.springframework.boot.loader.jar.Bytes: long littleEndianValue(byte[],int,int)>	byte[]
<smpl.ordering.models.Order: java.lang.String validate()>	<smpl.ordering.Utility: int validateStringField(java.lang.String,java.lang.String,int,java.lang.StringBuilder)>	int
<org.springframework.boot.loader.jar.CentralDirectoryEndRecord: boolean isValid()>	<org.springframework.boot.loader.jar.Bytes: long littleEndianValue(byte[],int,int)>	int
<org.springframework.boot.loader.jar.CentralDirectoryEndRecord: boolean isValid()>	<org.springframework.boot.loader.jar.Bytes: long littleEndianValue(byte[],int,int)>	byte[]
<smpl.ordering.models.Quote: java.lang.String validate()>	<smpl.ordering.Utility: int validateStringField(java.lang.String,java.lang.String,int,java.lang.StringBuilder)>	int
<org.springframework.boot.loader.jar.CentralDirectoryEndRecord: int getNumberOfRecords()>	<org.springframework.boot.loader.jar.Bytes: long littleEndianValue(byte[],int,int)>	int
<org.springframework.boot.loader.jar.CentralDirectoryEndRecord: int getNumberOfRecords()>	<org.springframework.boot.loader.jar.Bytes: long littleEndianValue(byte[],int,int)>	byte[]
<smpl.ordering.models.DealerInfo: java.lang.String validate()>	<smpl.ordering.Utility: int validateStringField(java.lang.String,java.lang.String,int,java.lang.StringBuilder)>	int
<org.springframework.boot.loader.jar.JarFile: void setupEntryCertificates()>	<org.springframework.boot.loader.data.RandomAccessData: java.io.InputStream getInputStream(org.springframework.boot.loader.data.RandomAccessData$ResourceAccess)>	org.springframework.boot.loader.data.RandomAccessData$ResourceAccess
<smpl.ordering.models.CatalogItem: java.lang.String validate()>	<smpl.ordering.Utility: int validateStringField(java.lang.String,java.lang.String,int,java.lang.StringBuilder)>	int
<org.springframework.boot.loader.archive.FilteredArchive: java.util.Collection getEntries()>	<org.springframework.boot.loader.archive.Archive$EntryFilter: boolean matches(org.springframework.boot.loader.archive.Archive$Entry)>	org.springframework.boot.loader.archive.Archive$Entry
