{"<init>(Lcom\/example\/location\/MainActivity;)V":{"1":"    iput-object p1, p0, Lcom\/example\/location\/MainActivity$1;->this$0:Lcom\/example\/location\/MainActivity;","2":"    invoke-direct {p0}, Ljava\/lang\/Object;-><init>()V","3":"    return-void"},"onClick(Landroid\/view\/View;)V":{"1":"    iget-object p1, p0, Lcom\/example\/location\/MainActivity$1;->this$0:Lcom\/example\/location\/MainActivity;","2":"    const v0, 0x7f070022","3":"    invoke-virtual {p1, v0}, Lcom\/example\/location\/MainActivity;->findViewById(I)Landroid\/view\/View;","4":"    move-result-object v0","5":"    check-cast v0, Landroid\/widget\/Button;","6":"    iput-object v0, p1, Lcom\/example\/location\/MainActivity;->getLoc:Landroid\/widget\/Button;","7":"    iget-object p1, p0, Lcom\/example\/location\/MainActivity$1;->this$0:Lcom\/example\/location\/MainActivity;","8":"    const-string v0, \"location\"","9":"    invoke-virtual {p1, v0}, Lcom\/example\/location\/MainActivity;->getSystemService(Ljava\/lang\/String;)Ljava\/lang\/Object;","10":"    move-result-object v0","11":"    check-cast v0, Landroid\/location\/LocationManager;","12":"    iput-object v0, p1, Lcom\/example\/location\/MainActivity;->locationManager:Landroid\/location\/LocationManager;","13":"    iget-object p1, p0, Lcom\/example\/location\/MainActivity$1;->this$0:Lcom\/example\/location\/MainActivity;","14":"    iget-object v0, p1, Lcom\/example\/location\/MainActivity;->locationManager:Landroid\/location\/LocationManager;","15":"    iget-object v5, p0, Lcom\/example\/location\/MainActivity$1;->this$0:Lcom\/example\/location\/MainActivity;","16":"    const-string v1, \"passive\"","17":"    const-wide\/16 v2, 0x0","18":"    const\/4 v4, 0x0","19":"    invoke-virtual\/range {v0 .. v5}, Landroid\/location\/LocationManager;->requestLocationUpdates(Ljava\/lang\/String;JFLandroid\/location\/LocationListener;)V","20":"    iget-object p1, p0, Lcom\/example\/location\/MainActivity$1;->this$0:Lcom\/example\/location\/MainActivity;","21":"    iget-object p1, p1, Lcom\/example\/location\/MainActivity;->getLoc:Landroid\/widget\/Button;","22":"    iget-object v0, p0, Lcom\/example\/location\/MainActivity$1;->this$0:Lcom\/example\/location\/MainActivity;","23":"    invoke-virtual {p1, v0}, Landroid\/widget\/Button;->setOnClickListener(Landroid\/view\/View$OnClickListener;)V","24":"    new-instance p1, Landroid\/location\/Location;","25":"    const-string v0, \"\"","26":"    invoke-direct {p1, v0}, Landroid\/location\/Location;-><init>(Ljava\/lang\/String;)V","27":"    const-wide\/high16 v0, 0x3ff0000000000000L    # 1.0","28":"    invoke-virtual {p1, v0, v1}, Landroid\/location\/Location;->setLatitude(D)V","29":"    const-wide\/high16 v0, 0x4000000000000000L    # 2.0","30":"    invoke-virtual {p1, v0, v1}, Landroid\/location\/Location;->setLongitude(D)V","31":"    iget-object v0, p0, Lcom\/example\/location\/MainActivity$1;->this$0:Lcom\/example\/location\/MainActivity;","32":"    invoke-virtual {v0, p1}, Lcom\/example\/location\/MainActivity;->onLocationChanged(Landroid\/location\/Location;)V","33":"    return-void"}}