{"onProviderDisabled(Ljava\/lang\/String;)V":{"1":"    const-string p1, \"Latitude\"","2":"    const-string v0, \"disable\"","3":"    invoke-static {p1, v0}, Landroid\/util\/Log;->d(Ljava\/lang\/String;Ljava\/lang\/String;)I","4":"    return-void"},"onCreate(Landroid\/os\/Bundle;)V":{"1":"    invoke-super {p0, p1}, Landroid\/app\/Activity;->onCreate(Landroid\/os\/Bundle;)V","2":"    const p1, 0x7f09001b","3":"    invoke-virtual {p0, p1}, Lcom\/example\/location\/MainActivity;->setContentView(I)V","4":"    const-string p1, \"android.permission.ACCESS_COARSE_LOCATION\"","5":"    const-string v0, \"android.permission.ACCESS_FINE_LOCATION\"","6":"    filled-new-array {p1, v0}, [Ljava\/lang\/String;","7":"    move-result-object p1","8":"    const\/4 v0, 0x0","9":"    invoke-static {p0, p1, v0}, Landroid\/support\/v4\/app\/ActivityCompat;->requestPermissions(Landroid\/app\/Activity;[Ljava\/lang\/String;I)V","10":"    const p1, 0x7f070076","11":"    invoke-virtual {p0, p1}, Lcom\/example\/location\/MainActivity;->findViewById(I)Landroid\/view\/View;","12":"    move-result-object p1","13":"    check-cast p1, Landroid\/widget\/Button;","14":"    new-instance v0, Lcom\/example\/location\/MainActivity$1;","15":"    invoke-direct {v0, p0}, Lcom\/example\/location\/MainActivity$1;-><init>(Lcom\/example\/location\/MainActivity;)V","16":"    invoke-virtual {p1, v0}, Landroid\/widget\/Button;->setOnClickListener(Landroid\/view\/View$OnClickListener;)V","17":"    return-void"},"onLocationChanged(Landroid\/location\/Location;)V":{"1":"    iget-object v0, p0, Lcom\/example\/location\/MainActivity;->loc:Ljava\/lang\/String;","2":"    const-string v1, \"Latitude:\"","3":"    invoke-virtual {v0, v1}, Ljava\/lang\/String;->concat(Ljava\/lang\/String;)Ljava\/lang\/String;","4":"    move-result-object v0","5":"    iput-object v0, p0, Lcom\/example\/location\/MainActivity;->loc:Ljava\/lang\/String;","6":"    invoke-virtual {p1}, Landroid\/location\/Location;->getLatitude()D","7":"    move-result-wide v1","8":"    invoke-static {v1, v2}, Ljava\/lang\/Double;->toString(D)Ljava\/lang\/String;","9":"    move-result-object v1","10":"    invoke-virtual {v0, v1}, Ljava\/lang\/String;->concat(Ljava\/lang\/String;)Ljava\/lang\/String;","11":"    move-result-object v0","12":"    iput-object v0, p0, Lcom\/example\/location\/MainActivity;->loc:Ljava\/lang\/String;","13":"    const-string v1, \", Longitude:\"","14":"    invoke-virtual {v0, v1}, Ljava\/lang\/String;->concat(Ljava\/lang\/String;)Ljava\/lang\/String;","15":"    move-result-object v0","16":"    iput-object v0, p0, Lcom\/example\/location\/MainActivity;->loc:Ljava\/lang\/String;","17":"    invoke-virtual {p1}, Landroid\/location\/Location;->getLongitude()D","18":"    move-result-wide v1","19":"    invoke-static {v1, v2}, Ljava\/lang\/Double;->toString(D)Ljava\/lang\/String;","20":"    move-result-object p1","21":"    invoke-virtual {v0, p1}, Ljava\/lang\/String;->concat(Ljava\/lang\/String;)Ljava\/lang\/String;","22":"    move-result-object p1","23":"    iput-object p1, p0, Lcom\/example\/location\/MainActivity;->loc:Ljava\/lang\/String;","24":"    const-string p1, \"DroidBench\"","25":"    const-string v0, \"onLocationChanged triggered\"","26":"    invoke-static {p1, v0}, Landroid\/util\/Log;->i(Ljava\/lang\/String;Ljava\/lang\/String;)I","27":"    return-void"},"onClick(Landroid\/view\/View;)V":{"1":"    new-instance p1, Landroid\/content\/Intent;","2":"    const-string v0, \"com.example.collector\"","3":"    invoke-direct {p1, v0}, Landroid\/content\/Intent;-><init>(Ljava\/lang\/String;)V","4":"    iget-object v0, p0, Lcom\/example\/location\/MainActivity;->loc:Ljava\/lang\/String;","5":"    const-string v1, \"android.intent.extra.TEXT\"","6":"    invoke-virtual {p1, v1, v0}, Landroid\/content\/Intent;->putExtra(Ljava\/lang\/String;Ljava\/lang\/String;)Landroid\/content\/Intent;","7":"    const-string v0, \"text\/plain\"","8":"    invoke-virtual {p1, v0}, Landroid\/content\/Intent;->setType(Ljava\/lang\/String;)Landroid\/content\/Intent;","9":"    invoke-virtual {p0, p1}, Lcom\/example\/location\/MainActivity;->startActivity(Landroid\/content\/Intent;)V","10":"    return-void"},"onStatusChanged(Ljava\/lang\/String;ILandroid\/os\/Bundle;)V":{"1":"    const-string p1, \"Latitude\"","2":"    const-string p2, \"status\"","3":"    invoke-static {p1, p2}, Landroid\/util\/Log;->d(Ljava\/lang\/String;Ljava\/lang\/String;)I","4":"    return-void"},"onProviderEnabled(Ljava\/lang\/String;)V":{"1":"    const-string p1, \"Latitude\"","2":"    const-string v0, \"enable\"","3":"    invoke-static {p1, v0}, Landroid\/util\/Log;->d(Ljava\/lang\/String;Ljava\/lang\/String;)I","4":"    return-void"},"<init>()V":{"1":"    invoke-direct {p0}, Landroid\/app\/Activity;-><init>()V","2":"    const-string v0, \" Location: \"","3":"    iput-object v0, p0, Lcom\/example\/location\/MainActivity;->loc:Ljava\/lang\/String;","4":"    return-void"}}