{
    "MEM": {
        "decomposition": {
            "0": [
                {
                    "id": "locustfile.py"
                },
                {
                    "id": "app.py"
                }
            ],
            "1": [
                {
                    "id": "TestOrderingConfiguration"
                },
                {
                    "id": "MongoShipmentRepositoryTest"
                },
                {
                    "id": "MockDealersRepositoryTest"
                },
                {
                    "id": "MongoDealersRepositoryTest"
                },
                {
                    "id": "MongoQuoteRepositoryTest"
                },
                {
                    "id": "MongoOrderRepositoryTest"
                },
                {
                    "id": "MongoCatalogItemsRepositoryTest"
                },
                {
                    "id": "AppInsightsFilter"
                },
                {
                    "id": "DealerController"
                },
                {
                    "id": "MongoOperationsWithRetry"
                },
                {
                    "id": "ProductMessage"
                },
                {
                    "id": "ShipmentRecord"
                },
                {
                    "id": "PostgresqlProperties"
                },
                {
                    "id": "QuoteController"
                },
                {
                    "id": "QuoteControllerTest"
                },
                {
                    "id": "DealersRepositoryTest"
                },
                {
                    "id": "ShipmentControllerTest"
                }
            ]
        }
    }
}