{
    "tool": {
        "decomposition": {
            "1": [
                {
                    "id": "PostgresqlProperties.getPassword"
                },
                {
                    "id": "MongoOperationsWithRetry.findById"
                },
                {
                    "id": "MongoOperationsWithRetry.insert"
                },
                {
                    "id": "MongoOperationsWithRetry.execute"
                },
                {
                    "id": "MongoOperationsWithRetry.find"
                },
                {
                    "id": "MongoOperationsWithRetry.collectionExists"
                },
                {
                    "id": "MongoOperationsWithRetry.count"
                },
                {
                    "id": "ShipmentRecord.setContactName"
                },
                {
                    "id": "AppInsightsFilter.AppInsightsFilter"
                },
                {
                    "id": "ShipmentRecord.addEvent"
                },
                {
                    "id": "ShipmentRecord.setDeliveryAddress"
                },
                {
                    "id": "QuoteController.getQuotesByCustomerName"
                },
                {
                    "id": "ShipmentRecord.getEvents"
                },
                {
                    "id": "MongoOperationsWithRetry.findAll"
                },
                {
                    "id": "DealerController.getDealer"
                },
                {
                    "id": "PostgresqlProperties.setUsername"
                },
                {
                    "id": "MongoOperationsWithRetry.mapReduce"
                },
                {
                    "id": "PostgresqlProperties.getDriverClass"
                },
                {
                    "id": "PostgresqlProperties.getUsername"
                },
                {
                    "id": "ShipmentRecord.ShipmentRecord"
                },
                {
                    "id": "ShipmentRecord.getPrimaryContactPhone"
                },
                {
                    "id": "MongoOperationsWithRetry.findOne"
                },
                {
                    "id": "MongoOperationsWithRetry.exists"
                },
                {
                    "id": "MongoOperationsWithRetry.executeQuery"
                },
                {
                    "id": "PostgresqlProperties.setPassword"
                },
                {
                    "id": "MongoOperationsWithRetry.getCollection"
                },
                {
                    "id": "AppInsightsFilter.doFilter"
                },
                {
                    "id": "MongoOperationsWithRetry.findAndModify"
                },
                {
                    "id": "MongoOperationsWithRetry.geoNear"
                },
                {
                    "id": "ShipmentRecord.validate"
                },
                {
                    "id": "QuoteController.createQuote"
                },
                {
                    "id": "MongoOperationsWithRetry.sendTelemetry"
                },
                {
                    "id": "MongoOperationsWithRetry.updateFirst"
                },
                {
                    "id": "MongoOperationsWithRetry.aggregate"
                },
                {
                    "id": "MongoOperationsWithRetry.getConverter"
                },
                {
                    "id": "AppInsightsFilter.init"
                },
                {
                    "id": "PostgresqlProperties.getUrl"
                },
                {
                    "id": "MongoOperationsWithRetry.createCollection"
                },
                {
                    "id": "DealerController.getRepository"
                },
                {
                    "id": "DealerController.removeDealer"
                },
                {
                    "id": "MongoOperationsWithRetry.indexOps"
                },
                {
                    "id": "DealerController.DealerController"
                },
                {
                    "id": "DealerController.updateDealer"
                },
                {
                    "id": "MongoOperationsWithRetry.executeCommand"
                },
                {
                    "id": "ShipmentRecord.setPrimaryContactPhone"
                },
                {
                    "id": "QuoteController.updateQuote"
                },
                {
                    "id": "PostgresqlProperties.setDriverClass"
                },
                {
                    "id": "ShipmentRecord.getDeliveryAddress"
                },
                {
                    "id": "ShipmentRecord.getContactName"
                },
                {
                    "id": "MongoOperationsWithRetry.remove"
                },
                {
                    "id": "MongoOperationsWithRetry.dropCollection"
                },
                {
                    "id": "MongoOperationsWithRetry.insertAll"
                },
                {
                    "id": "MongoOperationsWithRetry.getCollectionName"
                },
                {
                    "id": "AppInsightsFilter.destroy"
                },
                {
                    "id": "ShipmentRecord.getOrderId"
                },
                {
                    "id": "PostgresqlProperties.PostgresqlProperties"
                },
                {
                    "id": "ShipmentRecord.setOrderId"
                },
                {
                    "id": "MongoOperationsWithRetry.executeInSession"
                },
                {
                    "id": "MongoOperationsWithRetry.updateMulti"
                },
                {
                    "id": "MongoOperationsWithRetry.group"
                },
                {
                    "id": "QuoteController.deleteQuote"
                },
                {
                    "id": "MongoOperationsWithRetry.upsert"
                },
                {
                    "id": "ShipmentRecord.getAlternateContactPhone"
                },
                {
                    "id": "ShipmentRecord.setDeliveryDate"
                },
                {
                    "id": "DealerController.getDealers"
                },
                {
                    "id": "ShipmentRecord.setAlternateContactPhone"
                },
                {
                    "id": "QuoteController.getRepository"
                },
                {
                    "id": "QuoteController.getQuoteById"
                },
                {
                    "id": "PostgresqlProperties.setUrl"
                },
                {
                    "id": "MongoOperationsWithRetry.getCollectionNames"
                },
                {
                    "id": "DealerController.addDealer"
                },
                {
                    "id": "MongoOperationsWithRetry.findAllAndRemove"
                },
                {
                    "id": "MongoOperationsWithRetry.save"
                },
                {
                    "id": "MongoOperationsWithRetry.findAndRemove"
                },
                {
                    "id": "MongoOperationsWithRetry.MongoOperationsWithRetry"
                },
                {
                    "id": "ShipmentRecord.getDeliveryDate"
                },
                {
                    "id": "QuoteController.QuoteController"
                }
            ],
            "UNOBSERVED": [
                {
                    "id": "RepositoryFactory$Repositories.RepositoryFactory$Repositories"
                },
                {
                    "id": "OrderStatus[].clone"
                }
            ]
        }
    }
}