partitionID,className,classID
0,locustfile.py,Labfiles/DevOps200.1x-PracticesandPrinciples/Mod04/load_testing_locust-master/locustfile.py
0,app.py,Labfiles/DevOps200.1x-PracticesandPrinciples/Mod04/load_testing_locust-master/app/app.py
1,TestOrderingConfiguration.java,src/Backend/OrderService/src/test/java/smpl/ordering/TestOrderingConfiguration.java
1,MongoShipmentRepositoryTest.java,src/Backend/OrderService/src/test/java/smpl/ordering/repositories/mongodb/test/MongoShipmentRepositoryTest.java
1,MockDealersRepositoryTest.java,src/Backend/OrderService/src/test/java/smpl/ordering/repositories/mock/test/MockDealersRepositoryTest.java
1,MongoDealersRepositoryTest.java,src/Backend/OrderService/src/test/java/smpl/ordering/repositories/mongodb/test/MongoDealersRepositoryTest.java
1,MongoQuoteRepositoryTest.java,src/Backend/OrderService/src/test/java/smpl/ordering/repositories/mongodb/test/MongoQuoteRepositoryTest.java
1,MongoOrderRepositoryTest.java,src/Backend/OrderService/src/test/java/smpl/ordering/repositories/mongodb/test/MongoOrderRepositoryTest.java
1,MongoCatalogItemsRepositoryTest.java,src/Backend/OrderService/src/test/java/smpl/ordering/repositories/mongodb/test/MongoCatalogItemsRepositoryTest.java
1,AppInsightsFilter.java,src/Backend/OrderService/src/main/java/smpl/ordering/AppInsightsFilter.java
1,DealerController.java,src/Backend/OrderService/src/main/java/smpl/ordering/controllers/DealerController.java
1,MongoOperationsWithRetry.java,src/Backend/OrderService/src/main/java/smpl/ordering/repositories/mongodb/MongoOperationsWithRetry.java
1,ProductMessage.java,src/Backend/IntegrationService/src/main/java/integration/models/website/ProductMessage.java
1,ShipmentRecord.java,src/Backend/IntegrationService/src/main/java/integration/models/mrp/ShipmentRecord.java
1,PostgresqlProperties.java,src/Backend/OrderService/src/main/java/smpl/ordering/PostgresqlProperties.java
1,QuoteController.java,src/Backend/OrderService/src/main/java/smpl/ordering/controllers/QuoteController.java
1,QuoteControllerTest.java,src/Backend/OrderService/src/test/java/smpl/ordering/controllers/QuoteControllerTest.java
1,DealersRepositoryTest.java,src/Backend/OrderService/src/test/java/smpl/ordering/repositories/DealersRepositoryTest.java
1,ShipmentControllerTest.java,src/Backend/OrderService/src/test/java/smpl/ordering/controllers/ShipmentControllerTest.java
