{"onCreate(Landroid\/os\/Bundle;)V":{"1":"    invoke-super {p0, p1}, Landroid\/app\/Activity;->onCreate(Landroid\/os\/Bundle;)V","2":"    const p1, 0x7f09001b","3":"    invoke-virtual {p0, p1}, Ledu\/mit\/icc_concat_action_string\/OutFlowActivity;->setContentView(I)V","4":"    const-string p1, \"android.permission.READ_PHONE_STATE\"","5":"    const-string v0, \"android.permission.SEND_SMS\"","6":"    filled-new-array {p1, v0}, [Ljava\/lang\/String;","7":"    move-result-object p1","8":"    const\/4 v0, 0x0","9":"    invoke-static {p0, p1, v0}, Landroid\/support\/v4\/app\/ActivityCompat;->requestPermissions(Landroid\/app\/Activity;[Ljava\/lang\/String;I)V","10":"    const p1, 0x7f070075","11":"    invoke-virtual {p0, p1}, Ledu\/mit\/icc_concat_action_string\/OutFlowActivity;->findViewById(I)Landroid\/view\/View;","12":"    move-result-object p1","13":"    check-cast p1, Landroid\/widget\/Button;","14":"    new-instance v0, Ledu\/mit\/icc_concat_action_string\/OutFlowActivity$1;","15":"    invoke-direct {v0, p0}, Ledu\/mit\/icc_concat_action_string\/OutFlowActivity$1;-><init>(Ledu\/mit\/icc_concat_action_string\/OutFlowActivity;)V","16":"    invoke-virtual {p1, v0}, Landroid\/widget\/Button;->setOnClickListener(Landroid\/view\/View$OnClickListener;)V","17":"    return-void"},"<init>()V":{"1":"    invoke-direct {p0}, Landroid\/app\/Activity;-><init>()V","2":"    return-void"}}