{"onCreate(Landroid\/os\/Bundle;)V":{"1":"    invoke-super {p0, p1}, Landroid\/app\/Activity;->onCreate(Landroid\/os\/Bundle;)V","2":"    invoke-virtual {p0}, Ledu\/mit\/icc_concat_action_string\/IsolateActivity;->getIntent()Landroid\/content\/Intent;","3":"    move-result-object p1","4":"    const-string v0, \"DroidBench\"","5":"    invoke-virtual {p1, v0}, Landroid\/content\/Intent;->getStringExtra(Ljava\/lang\/String;)Ljava\/lang\/String;","6":"    move-result-object p1","7":"    invoke-static {v0, p1}, Landroid\/util\/Log;->i(Ljava\/lang\/String;Ljava\/lang\/String;)I","8":"    return-void"},"<init>()V":{"1":"    invoke-direct {p0}, Landroid\/app\/Activity;-><init>()V","2":"    return-void"}}