{"<init>(Ledu\/mit\/icc_concat_action_string\/OutFlowActivity;)V":{"1":"    iput-object p1, p0, Ledu\/mit\/icc_concat_action_string\/OutFlowActivity$1;->this$0:Ledu\/mit\/icc_concat_action_string\/OutFlowActivity;","2":"    invoke-direct {p0}, Ljava\/lang\/Object;-><init>()V","3":"    return-void"},"onClick(Landroid\/view\/View;)V":{"1":"    iget-object p1, p0, Ledu\/mit\/icc_concat_action_string\/OutFlowActivity$1;->this$0:Ledu\/mit\/icc_concat_action_string\/OutFlowActivity;","2":"    const-string v0, \"phone\"","3":"    invoke-virtual {p1, v0}, Ledu\/mit\/icc_concat_action_string\/OutFlowActivity;->getSystemService(Ljava\/lang\/String;)Ljava\/lang\/Object;","4":"    move-result-object p1","5":"    check-cast p1, Landroid\/telephony\/TelephonyManager;","6":"    invoke-virtual {p1}, Landroid\/telephony\/TelephonyManager;->getDeviceId()Ljava\/lang\/String;","7":"    move-result-object p1","8":"    new-instance v0, Landroid\/content\/Intent;","9":"    const-string v1, \"edu.mit.icc_concat_action_string.ACTION\"","10":"    invoke-direct {v0, v1}, Landroid\/content\/Intent;-><init>(Ljava\/lang\/String;)V","11":"    const-string v1, \"DroidBench\"","12":"    invoke-virtual {v0, v1, p1}, Landroid\/content\/Intent;->putExtra(Ljava\/lang\/String;Ljava\/lang\/String;)Landroid\/content\/Intent;","13":"    iget-object p1, p0, Ledu\/mit\/icc_concat_action_string\/OutFlowActivity$1;->this$0:Ledu\/mit\/icc_concat_action_string\/OutFlowActivity;","14":"    invoke-virtual {p1, v0}, Ledu\/mit\/icc_concat_action_string\/OutFlowActivity;->startActivity(Landroid\/content\/Intent;)V","15":"    return-void"}}