,method,stmtLineNumber,stmt
0,<de.ecspride.FactoryMethods1: void onCreate(android.os.Bundle)>,-1,$d0 = virtualinvoke $r6.<android.location.Location: double getLatitude()>()
1,<de.ecspride.FactoryMethods1: void onCreate(android.os.Bundle)>,-1,$r7 = virtualinvoke $r7.<java.lang.StringBuilder: java.lang.StringBuilder append(double)>($d0)
2,<de.ecspride.FactoryMethods1: void onCreate(android.os.Bundle)>,-1,$r5 = virtualinvoke $r7.<java.lang.StringBuilder: java.lang.String toString()>()
3,<de.ecspride.FactoryMethods1: void onCreate(android.os.Bundle)>,-1,"staticinvoke <android.util.Log: int d(java.lang.String,java.lang.String)>(""Latitude"", $r5)"
