partitionID,className,classID
0,package-info.java,src/main/java/com/coveros/training/authentication/package-info.java
0,package-info.java,src/main/java/com/coveros/training/authentication/domainobjects/package-info.java
1,authenticationStepDefs.py,src/ui_tests/behave/features/steps/authenticationStepDefs.py
1,environment.py,src/ui_tests/behave/features/environment.py
2,DateUtilsTests.java,src/test/java/com/coveros/training/helpers/DateUtilsTests.java
2,LibraryLendServletTests.java,src/test/java/com/coveros/training/library/LibraryLendServletTests.java
2,LibraryLendServlet.java,src/main/java/com/coveros/training/library/LibraryLendServlet.java
2,LibraryRegisterBorrowerServlet.java,src/main/java/com/coveros/training/library/LibraryRegisterBorrowerServlet.java
2,LibraryRegisterBookServlet.java,src/main/java/com/coveros/training/library/LibraryRegisterBookServlet.java
2,LoanTests.java,src/test/java/com/coveros/training/library/domainobjects/LoanTests.java
2,BorrowerTests.java,src/test/java/com/coveros/training/library/domainobjects/BorrowerTests.java
2,DateUtils.java,src/test/java/com/coveros/training/helpers/DateUtils.java
3,FibServlet.java,src/main/java/com/coveros/training/mathematics/FibServlet.java
3,FibonacciTests.java,src/test/java/com/coveros/training/mathematics/FibonacciTests.java
3,AckServlet.java,src/main/java/com/coveros/training/mathematics/AckServlet.java
3,MathServlet.java,src/main/java/com/coveros/training/mathematics/MathServlet.java
4,AutoInsuranceProcessor.java,desktop_app/src/main/java/com/coveros/training/autoinsurance/AutoInsuranceProcessor.java
4,AutoInsuranceUI.java,desktop_app/src/main/java/com/coveros/training/autoinsurance/AutoInsuranceUI.java
4,DesktopTester.java,desktop_app/src/test/java/com/coveros/training/autoinsurance/DesktopTester.java
4,AutoInsuranceActionTests.java,desktop_app/src/test/java/com/coveros/training/autoinsurance/AutoInsuranceActionTests.java
4,DesktopUiTests.java,desktop_app/src/test/java/com/coveros/training/autoinsurance/DesktopUiTests.java
4,AutoInsuranceProcessorTests.java,desktop_app/src/test/java/com/coveros/training/autoinsurance/AutoInsuranceProcessorTests.java
4,AutoInsuranceAction.java,desktop_app/src/main/java/com/coveros/training/autoinsurance/AutoInsuranceAction.java
4,WarningLetterEnum.java,desktop_app/src/main/java/com/coveros/training/autoinsurance/WarningLetterEnum.java
5,RegistrationResultTests.java,src/test/java/com/coveros/training/authentication/domainobjects/RegistrationResultTests.java
5,StringUtilsTests.java,src/test/java/com/coveros/training/helpers/StringUtilsTests.java
5,AlcoholCalculator.java,src/main/java/com/coveros/training/expenses/AlcoholCalculator.java
5,AlcoholStepDefs.java,src/bdd_test/java/com/coveros/training/expenses/AlcoholStepDefs.java
5,AlcoholResult.java,src/main/java/com/coveros/training/expenses/AlcoholResult.java
5,PasswordResultTests.java,src/test/java/com/coveros/training/authentication/domainobjects/PasswordResultTests.java
5,PasswordResult.java,src/main/java/com/coveros/training/authentication/domainobjects/PasswordResult.java
5,PasswordResultEnums.java,src/main/java/com/coveros/training/authentication/domainobjects/PasswordResultEnums.java
6,EmptyDataSourceTests.java,src/test/java/com/coveros/training/persistence/EmptyDataSourceTests.java
6,EmptyDataSource.java,src/main/java/com/coveros/training/persistence/EmptyDataSource.java
6,NotImplementedException.java,src/main/java/com/coveros/training/persistence/NotImplementedException.java
7,RegistrationStepDefs.java,src/bdd_test/java/com/coveros/training/authentication/RegistrationStepDefs.java
7,RegisterServlet.java,src/main/java/com/coveros/training/authentication/RegisterServlet.java
7,LoginServlet.java,src/main/java/com/coveros/training/authentication/LoginServlet.java
7,RegistrationUtils.java,src/main/java/com/coveros/training/authentication/RegistrationUtils.java
8,LibraryBorrowerListSearchServlet.java,src/main/java/com/coveros/training/library/LibraryBorrowerListSearchServlet.java
8,IPersistenceLayer.java,src/main/java/com/coveros/training/persistence/IPersistenceLayer.java
8,PersistenceLayer.java,src/main/java/com/coveros/training/persistence/PersistenceLayer.java
8,LibraryBookListSearchServlet.java,src/main/java/com/coveros/training/library/LibraryBookListSearchServlet.java
8,Book.java,src/main/java/com/coveros/training/library/domainobjects/Book.java
8,Borrower.java,src/main/java/com/coveros/training/library/domainobjects/Borrower.java
8,User.java,src/main/java/com/coveros/training/authentication/domainobjects/User.java
8,UserTests.java,src/test/java/com/coveros/training/authentication/domainobjects/UserTests.java
9,AutoInsuranceScriptClient.java,desktop_app/src/test/java/com/coveros/training/autoinsurance/AutoInsuranceScriptClient.java
9,ExecutionDataClient.java,desktop_app/src/test/java/com/coveros/training/autoinsurance/ExecutionDataClient.java
10,package-info.java,src/main/java/com/coveros/training/library/package-info.java
10,package-info.java,src/main/java/com/coveros/training/library/domainobjects/package-info.java
11,LoginUtilsTests.java,src/test/java/com/coveros/training/authentication/LoginUtilsTests.java
11,LoginUtils.java,src/main/java/com/coveros/training/authentication/LoginUtils.java
12,AckermannStepDefs.java,src/bdd_test/java/com/coveros/training/math/AckermannStepDefs.java
12,package-info.java,src/main/java/com/coveros/training/mathematics/package-info.java
12,FunctionalField.java,src/main/java/com/coveros/training/mathematics/FunctionalField.java
12,FibonacciStepDefs.java,src/bdd_test/java/com/coveros/training/math/FibonacciStepDefs.java
12,MathStepDefs.java,src/bdd_test/java/com/coveros/training/math/MathStepDefs.java
12,Fibonacci.java,src/main/java/com/coveros/training/mathematics/Fibonacci.java
12,fibonacciStepDefs.py,src/ui_tests/behave/features/steps/fibonacciStepDefs.py
12,ackermannStepDefs.py,src/ui_tests/behave/features/steps/ackermannStepDefs.py
13,SelenifiedSample.java,src/selenified_tests/java/com/coveros/training/selenified/SelenifiedSample.java
13,test_api.py,src/api_tests/test_api.py
13,ApiCalls.java,src/ui_tests/java/src/test/java/com/coveros/training/ApiCalls.java
13,SeleniumTests.java,src/ui_tests/java/src/test/java/com/coveros/training/SeleniumTests.java
13,HtmlUnitTests.java,src/ui_tests/java/src/test/java/com/coveros/training/HtmlUnitTests.java
14,RegisterServletTests.java,src/test/java/com/coveros/training/authentication/RegisterServletTests.java
14,LibraryRegisterBookServletTests.java,src/test/java/com/coveros/training/library/LibraryRegisterBookServletTests.java
14,LibraryRegisterBorrowerServletTests.java,src/test/java/com/coveros/training/library/LibraryRegisterBorrowerServletTests.java
14,LibraryBorrowerListSearchServletTests.java,src/test/java/com/coveros/training/library/LibraryBorrowerListSearchServletTests.java
14,LibraryBookListSearchServletTests.java,src/test/java/com/coveros/training/library/LibraryBookListSearchServletTests.java
14,LibraryBookListAvailableServletTests.java,src/test/java/com/coveros/training/library/LibraryBookListAvailableServletTests.java
14,LibraryBookListAvailableServlet.java,src/main/java/com/coveros/training/library/LibraryBookListAvailableServlet.java
15,AckermannIterativeParameterizedTests.java,src/test/java/com/coveros/training/mathematics/AckermannIterativeParameterizedTests.java
15,FibonacciParameterizedTests.java,src/test/java/com/coveros/training/mathematics/FibonacciParameterizedTests.java
15,AckermannParameterizedTests.java,src/test/java/com/coveros/training/mathematics/AckermannParameterizedTests.java
16,CartesianProductStepDefs.java,src/bdd_test/java/com/coveros/training/cartesianproduct/CartesianProductStepDefs.java
16,CartesianProduct.java,src/main/java/com/coveros/training/cartesianproduct/CartesianProduct.java
17,LibraryUtilsTests.java,src/test/java/com/coveros/training/library/LibraryUtilsTests.java
17,PersistenceLayerTests.java,src/integration_test/java/com/coveros/training/persistence/PersistenceLayerTests.java
17,LendingTests.java,src/test/java/com/coveros/training/library/LendingTests.java
18,ParameterObjectTests.java,src/test/java/com/coveros/training/persistence/ParameterObjectTests.java
18,ParameterObject.java,src/main/java/com/coveros/training/persistence/ParameterObject.java
19,DbServletTests.java,src/test/java/com/coveros/training/persistence/DbServletTests.java
19,DbServlet.java,src/main/java/com/coveros/training/persistence/DbServlet.java
19,WebAppListener.java,src/main/java/com/coveros/training/tomcat/WebAppListener.java
19,WebAppListenerTests.java,src/test/java/com/coveros/training/tomcat/WebAppListenerTests.java
20,StringUtils.java,src/main/java/com/coveros/training/helpers/StringUtils.java
20,CheckUtils.java,src/main/java/com/coveros/training/helpers/CheckUtils.java
