,method,stmtLineNumber,stmt
0,<de.ecspride.Button1Listener: void onClick(android.view.View)>,-1,$r5 = virtualinvoke r4.<android.telephony.TelephonyManager: java.lang.String getDeviceId()>()
1,<de.ecspride.Button1Listener: void onClick(android.view.View)>,-1,$r2.<de.ecspride.MainActivity: java.lang.String imei> = $r5
2,<de.ecspride.Button1Listener: void onClick(android.view.View)>,-1,$r2 = r0.<de.ecspride.Button1Listener: de.ecspride.MainActivity act>
3,<de.ecspride.Button1Listener: void onClick(android.view.View)>,-1,r0 := @this: de.ecspride.Button1Listener
4,<dummyMainClass: de.ecspride.MainActivity dummyMainMethod_de_ecspride_MainActivity(android.content.Intent)>,-1,specialinvoke $r2.<de.ecspride.Button1Listener: void <init>(de.ecspride.MainActivity)>($r0)
5,<de.ecspride.Button1Listener: void <init>(de.ecspride.MainActivity)>,-1,r0.<de.ecspride.Button1Listener: de.ecspride.MainActivity act> = $r1
6,<de.ecspride.Button1Listener: void <init>(de.ecspride.MainActivity)>,-1,return
7,<dummyMainClass: de.ecspride.MainActivity dummyMainMethod_de_ecspride_MainActivity(android.content.Intent)>,-1,specialinvoke $r1.<de.ecspride.Button2Listener: void <init>(de.ecspride.MainActivity)>($r0)
8,<de.ecspride.Button2Listener: void <init>(de.ecspride.MainActivity)>,-1,r0.<de.ecspride.Button2Listener: de.ecspride.MainActivity act> = $r1
9,<de.ecspride.Button2Listener: void <init>(de.ecspride.MainActivity)>,-1,return
10,<dummyMainClass: de.ecspride.MainActivity dummyMainMethod_de_ecspride_MainActivity(android.content.Intent)>,-1,virtualinvoke $r1.<de.ecspride.Button2Listener: void onClick(android.view.View)>(null)
11,<de.ecspride.Button2Listener: void onClick(android.view.View)>,-1,$r3 = r0.<de.ecspride.Button2Listener: de.ecspride.MainActivity act>
12,<de.ecspride.Button2Listener: void onClick(android.view.View)>,-1,$r4 = $r3.<de.ecspride.MainActivity: java.lang.String imei>
13,<de.ecspride.Button2Listener: void onClick(android.view.View)>,-1,"virtualinvoke $r2.<android.telephony.SmsManager: void sendTextMessage(java.lang.String,java.lang.String,java.lang.String,android.app.PendingIntent,android.app.PendingIntent)>(""+49"", null, $r4, null, null)"
