{"onCreate(Landroid\/os\/Bundle;)V":{"1":"    invoke-super {p0, p1}, Landroid\/app\/Activity;->onCreate(Landroid\/os\/Bundle;)V","2":"    const p1, 0x7f09001b","3":"    invoke-virtual {p0, p1}, Lde\/ecspride\/PrivateDataLeak2;->setContentView(I)V","4":"    const p1, 0x7f07004c","5":"    invoke-virtual {p0, p1}, Lde\/ecspride\/PrivateDataLeak2;->findViewById(I)Landroid\/view\/View;","6":"    move-result-object p1","7":"    check-cast p1, Landroid\/widget\/EditText;","8":"    invoke-virtual {p1}, Landroid\/widget\/EditText;->getText()Landroid\/text\/Editable;","9":"    move-result-object p1","10":"    invoke-virtual {p1}, Ljava\/lang\/Object;->toString()Ljava\/lang\/String;","11":"    move-result-object p1","12":"    const-string v0, \"Password\"","13":"    invoke-static {v0, p1}, Landroid\/util\/Log;->v(Ljava\/lang\/String;Ljava\/lang\/String;)I","14":"    return-void"},"<init>()V":{"1":"    invoke-direct {p0}, Landroid\/app\/Activity;-><init>()V","2":"    return-void"}}