0,org.mybatis.jpetstore.domain.Account,org.mybatis.jpetstore.domain.CartItem,0.8181818181818182
1,org.mybatis.jpetstore.domain.Account,org.mybatis.jpetstore.domain.Category,0.9
2,org.mybatis.jpetstore.domain.Account,org.mybatis.jpetstore.domain.Item,0.8181818181818182
3,org.mybatis.jpetstore.domain.Account,org.mybatis.jpetstore.domain.LineItem,0.75
4,org.mybatis.jpetstore.domain.Account,org.mybatis.jpetstore.domain.Order,0.8181818181818182
5,org.mybatis.jpetstore.domain.Account,org.mybatis.jpetstore.domain.Product,0.8181818181818182
6,org.mybatis.jpetstore.domain.Account,org.mybatis.jpetstore.domain.Sequence,0.9
7,org.mybatis.jpetstore.domain.Account,org.mybatis.jpetstore.mapper.AccountMapper,0.6
8,org.mybatis.jpetstore.domain.Account,org.mybatis.jpetstore.mapper.CategoryMapper,0.6
9,org.mybatis.jpetstore.domain.Account,org.mybatis.jpetstore.mapper.ItemMapper,0.6
10,org.mybatis.jpetstore.domain.Account,org.mybatis.jpetstore.mapper.LineItemMapper,0.6
11,org.mybatis.jpetstore.domain.Account,org.mybatis.jpetstore.mapper.OrderMapper,0.6
12,org.mybatis.jpetstore.domain.Account,org.mybatis.jpetstore.mapper.ProductMapper,0.6
13,org.mybatis.jpetstore.domain.Account,org.mybatis.jpetstore.mapper.SequenceMapper,0.6
14,org.mybatis.jpetstore.domain.Account,org.mybatis.jpetstore.service.AccountService,0.6
15,org.mybatis.jpetstore.domain.Account,org.mybatis.jpetstore.web.actions.AbstractActionBean,0.75
16,org.mybatis.jpetstore.domain.Account,org.mybatis.jpetstore.web.actions.AccountActionBean,0.6923076923076923
17,org.mybatis.jpetstore.domain.Account,org.mybatis.jpetstore.web.actions.CartActionBean,0.75
18,org.mybatis.jpetstore.domain.Account,org.mybatis.jpetstore.web.actions.CatalogActionBean,0.8181818181818182
19,org.mybatis.jpetstore.domain.Account,org.mybatis.jpetstore.web.actions.OrderActionBean,0.6428571428571429
20,org.mybatis.jpetstore.domain.Account,org.mybatis.jpetstore.domain.Cart,0.5714285714285714
21,org.mybatis.jpetstore.domain.Account,org.mybatis.jpetstore.service.CatalogService,0.6153846153846154
22,org.mybatis.jpetstore.domain.Account,org.mybatis.jpetstore.service.OrderService,0.6153846153846154
23,org.mybatis.jpetstore.domain.CartItem,org.mybatis.jpetstore.domain.Category,0.75
24,org.mybatis.jpetstore.domain.CartItem,org.mybatis.jpetstore.domain.Item,0.6923076923076923
25,org.mybatis.jpetstore.domain.CartItem,org.mybatis.jpetstore.domain.LineItem,0.7692307692307693
26,org.mybatis.jpetstore.domain.CartItem,org.mybatis.jpetstore.domain.Order,0.6923076923076923
27,org.mybatis.jpetstore.domain.CartItem,org.mybatis.jpetstore.domain.Product,0.8333333333333334
28,org.mybatis.jpetstore.domain.CartItem,org.mybatis.jpetstore.domain.Sequence,0.9090909090909091
29,org.mybatis.jpetstore.domain.CartItem,org.mybatis.jpetstore.mapper.AccountMapper,0.5
30,org.mybatis.jpetstore.domain.CartItem,org.mybatis.jpetstore.mapper.CategoryMapper,0.5
31,org.mybatis.jpetstore.domain.CartItem,org.mybatis.jpetstore.mapper.ItemMapper,0.5
32,org.mybatis.jpetstore.domain.CartItem,org.mybatis.jpetstore.mapper.LineItemMapper,0.5
33,org.mybatis.jpetstore.domain.CartItem,org.mybatis.jpetstore.mapper.OrderMapper,0.5
34,org.mybatis.jpetstore.domain.CartItem,org.mybatis.jpetstore.mapper.ProductMapper,0.5
35,org.mybatis.jpetstore.domain.CartItem,org.mybatis.jpetstore.mapper.SequenceMapper,0.5
36,org.mybatis.jpetstore.domain.CartItem,org.mybatis.jpetstore.service.AccountService,0.625
37,org.mybatis.jpetstore.domain.CartItem,org.mybatis.jpetstore.web.actions.AbstractActionBean,0.6428571428571429
38,org.mybatis.jpetstore.domain.CartItem,org.mybatis.jpetstore.web.actions.AccountActionBean,0.7142857142857143
39,org.mybatis.jpetstore.domain.CartItem,org.mybatis.jpetstore.web.actions.CartActionBean,0.6428571428571429
40,org.mybatis.jpetstore.domain.CartItem,org.mybatis.jpetstore.web.actions.CatalogActionBean,0.6923076923076923
41,org.mybatis.jpetstore.domain.CartItem,org.mybatis.jpetstore.web.actions.OrderActionBean,0.6666666666666666
42,org.mybatis.jpetstore.domain.CartItem,org.mybatis.jpetstore.domain.Cart,0.7142857142857143
43,org.mybatis.jpetstore.domain.CartItem,org.mybatis.jpetstore.service.CatalogService,0.5333333333333333
44,org.mybatis.jpetstore.domain.CartItem,org.mybatis.jpetstore.service.OrderService,0.6428571428571429
45,org.mybatis.jpetstore.domain.Category,org.mybatis.jpetstore.domain.Item,0.9090909090909091
46,org.mybatis.jpetstore.domain.Category,org.mybatis.jpetstore.domain.LineItem,0.6923076923076923
47,org.mybatis.jpetstore.domain.Category,org.mybatis.jpetstore.domain.Order,0.75
48,org.mybatis.jpetstore.domain.Category,org.mybatis.jpetstore.domain.Product,0.9090909090909091
49,org.mybatis.jpetstore.domain.Category,org.mybatis.jpetstore.domain.Sequence,0.8181818181818182
50,org.mybatis.jpetstore.domain.Category,org.mybatis.jpetstore.mapper.AccountMapper,0.5454545454545454
51,org.mybatis.jpetstore.domain.Category,org.mybatis.jpetstore.mapper.CategoryMapper,0.5454545454545454
52,org.mybatis.jpetstore.domain.Category,org.mybatis.jpetstore.mapper.ItemMapper,0.5454545454545454
53,org.mybatis.jpetstore.domain.Category,org.mybatis.jpetstore.mapper.LineItemMapper,0.5454545454545454
54,org.mybatis.jpetstore.domain.Category,org.mybatis.jpetstore.mapper.OrderMapper,0.5454545454545454
55,org.mybatis.jpetstore.domain.Category,org.mybatis.jpetstore.mapper.ProductMapper,0.5454545454545454
56,org.mybatis.jpetstore.domain.Category,org.mybatis.jpetstore.mapper.SequenceMapper,0.5454545454545454
57,org.mybatis.jpetstore.domain.Category,org.mybatis.jpetstore.service.AccountService,0.5625
58,org.mybatis.jpetstore.domain.Category,org.mybatis.jpetstore.web.actions.AbstractActionBean,0.8333333333333334
59,org.mybatis.jpetstore.domain.Category,org.mybatis.jpetstore.web.actions.AccountActionBean,0.6428571428571429
60,org.mybatis.jpetstore.domain.Category,org.mybatis.jpetstore.web.actions.CartActionBean,0.6923076923076923
61,org.mybatis.jpetstore.domain.Category,org.mybatis.jpetstore.web.actions.CatalogActionBean,0.75
62,org.mybatis.jpetstore.domain.Category,org.mybatis.jpetstore.web.actions.OrderActionBean,0.6
63,org.mybatis.jpetstore.domain.Category,org.mybatis.jpetstore.domain.Cart,0.5333333333333333
64,org.mybatis.jpetstore.domain.Category,org.mybatis.jpetstore.service.CatalogService,0.5714285714285714
65,org.mybatis.jpetstore.domain.Category,org.mybatis.jpetstore.service.OrderService,0.5714285714285714
66,org.mybatis.jpetstore.domain.Item,org.mybatis.jpetstore.domain.LineItem,0.7692307692307693
67,org.mybatis.jpetstore.domain.Item,org.mybatis.jpetstore.domain.Order,0.6923076923076923
68,org.mybatis.jpetstore.domain.Item,org.mybatis.jpetstore.domain.Product,0.8333333333333334
69,org.mybatis.jpetstore.domain.Item,org.mybatis.jpetstore.domain.Sequence,0.75
70,org.mybatis.jpetstore.domain.Item,org.mybatis.jpetstore.mapper.AccountMapper,0.5
71,org.mybatis.jpetstore.domain.Item,org.mybatis.jpetstore.mapper.CategoryMapper,0.5
72,org.mybatis.jpetstore.domain.Item,org.mybatis.jpetstore.mapper.ItemMapper,0.5
73,org.mybatis.jpetstore.domain.Item,org.mybatis.jpetstore.mapper.LineItemMapper,0.5
74,org.mybatis.jpetstore.domain.Item,org.mybatis.jpetstore.mapper.OrderMapper,0.5
75,org.mybatis.jpetstore.domain.Item,org.mybatis.jpetstore.mapper.ProductMapper,0.5
76,org.mybatis.jpetstore.domain.Item,org.mybatis.jpetstore.mapper.SequenceMapper,0.5
77,org.mybatis.jpetstore.domain.Item,org.mybatis.jpetstore.service.AccountService,0.5294117647058824
78,org.mybatis.jpetstore.domain.Item,org.mybatis.jpetstore.web.actions.AbstractActionBean,0.7692307692307693
79,org.mybatis.jpetstore.domain.Item,org.mybatis.jpetstore.web.actions.AccountActionBean,0.6
80,org.mybatis.jpetstore.domain.Item,org.mybatis.jpetstore.web.actions.CartActionBean,0.6428571428571429
81,org.mybatis.jpetstore.domain.Item,org.mybatis.jpetstore.web.actions.CatalogActionBean,0.6923076923076923
82,org.mybatis.jpetstore.domain.Item,org.mybatis.jpetstore.web.actions.OrderActionBean,0.5625
83,org.mybatis.jpetstore.domain.Item,org.mybatis.jpetstore.domain.Cart,0.5
84,org.mybatis.jpetstore.domain.Item,org.mybatis.jpetstore.service.CatalogService,0.5333333333333333
85,org.mybatis.jpetstore.domain.Item,org.mybatis.jpetstore.service.OrderService,0.5333333333333333
86,org.mybatis.jpetstore.domain.LineItem,org.mybatis.jpetstore.domain.Order,0.7692307692307693
87,org.mybatis.jpetstore.domain.LineItem,org.mybatis.jpetstore.domain.Product,0.6428571428571429
88,org.mybatis.jpetstore.domain.LineItem,org.mybatis.jpetstore.domain.Sequence,0.6923076923076923
89,org.mybatis.jpetstore.domain.LineItem,org.mybatis.jpetstore.mapper.AccountMapper,0.46153846153846156
90,org.mybatis.jpetstore.domain.LineItem,org.mybatis.jpetstore.mapper.CategoryMapper,0.46153846153846156
91,org.mybatis.jpetstore.domain.LineItem,org.mybatis.jpetstore.mapper.ItemMapper,0.46153846153846156
92,org.mybatis.jpetstore.domain.LineItem,org.mybatis.jpetstore.mapper.LineItemMapper,0.46153846153846156
93,org.mybatis.jpetstore.domain.LineItem,org.mybatis.jpetstore.mapper.OrderMapper,0.46153846153846156
94,org.mybatis.jpetstore.domain.LineItem,org.mybatis.jpetstore.mapper.ProductMapper,0.46153846153846156
95,org.mybatis.jpetstore.domain.LineItem,org.mybatis.jpetstore.mapper.SequenceMapper,0.46153846153846156
96,org.mybatis.jpetstore.domain.LineItem,org.mybatis.jpetstore.service.AccountService,0.6875
97,org.mybatis.jpetstore.domain.LineItem,org.mybatis.jpetstore.web.actions.AbstractActionBean,0.6
98,org.mybatis.jpetstore.domain.LineItem,org.mybatis.jpetstore.web.actions.AccountActionBean,0.6666666666666666
99,org.mybatis.jpetstore.domain.LineItem,org.mybatis.jpetstore.web.actions.CartActionBean,0.7142857142857143
100,org.mybatis.jpetstore.domain.LineItem,org.mybatis.jpetstore.web.actions.CatalogActionBean,0.6428571428571429
101,org.mybatis.jpetstore.domain.LineItem,org.mybatis.jpetstore.web.actions.OrderActionBean,0.625
102,org.mybatis.jpetstore.domain.LineItem,org.mybatis.jpetstore.domain.Cart,0.6666666666666666
103,org.mybatis.jpetstore.domain.LineItem,org.mybatis.jpetstore.service.CatalogService,0.6
104,org.mybatis.jpetstore.domain.LineItem,org.mybatis.jpetstore.service.OrderService,0.7142857142857143
105,org.mybatis.jpetstore.domain.Order,org.mybatis.jpetstore.domain.Product,0.6923076923076923
106,org.mybatis.jpetstore.domain.Order,org.mybatis.jpetstore.domain.Sequence,0.75
107,org.mybatis.jpetstore.domain.Order,org.mybatis.jpetstore.mapper.AccountMapper,0.5
108,org.mybatis.jpetstore.domain.Order,org.mybatis.jpetstore.mapper.CategoryMapper,0.5
109,org.mybatis.jpetstore.domain.Order,org.mybatis.jpetstore.mapper.ItemMapper,0.5
110,org.mybatis.jpetstore.domain.Order,org.mybatis.jpetstore.mapper.LineItemMapper,0.5
111,org.mybatis.jpetstore.domain.Order,org.mybatis.jpetstore.mapper.OrderMapper,0.5
112,org.mybatis.jpetstore.domain.Order,org.mybatis.jpetstore.mapper.ProductMapper,0.5
113,org.mybatis.jpetstore.domain.Order,org.mybatis.jpetstore.mapper.SequenceMapper,0.5
114,org.mybatis.jpetstore.domain.Order,org.mybatis.jpetstore.service.AccountService,0.7333333333333333
115,org.mybatis.jpetstore.domain.Order,org.mybatis.jpetstore.web.actions.AbstractActionBean,0.6428571428571429
116,org.mybatis.jpetstore.domain.Order,org.mybatis.jpetstore.web.actions.AccountActionBean,0.7142857142857143
117,org.mybatis.jpetstore.domain.Order,org.mybatis.jpetstore.web.actions.CartActionBean,0.7692307692307693
118,org.mybatis.jpetstore.domain.Order,org.mybatis.jpetstore.web.actions.CatalogActionBean,0.6923076923076923
119,org.mybatis.jpetstore.domain.Order,org.mybatis.jpetstore.web.actions.OrderActionBean,0.6666666666666666
120,org.mybatis.jpetstore.domain.Order,org.mybatis.jpetstore.domain.Cart,0.7142857142857143
121,org.mybatis.jpetstore.domain.Order,org.mybatis.jpetstore.service.CatalogService,0.7692307692307693
122,org.mybatis.jpetstore.domain.Order,org.mybatis.jpetstore.service.OrderService,0.7692307692307693
123,org.mybatis.jpetstore.domain.Product,org.mybatis.jpetstore.domain.Sequence,0.9090909090909091
124,org.mybatis.jpetstore.domain.Product,org.mybatis.jpetstore.mapper.AccountMapper,0.5
125,org.mybatis.jpetstore.domain.Product,org.mybatis.jpetstore.mapper.CategoryMapper,0.5
126,org.mybatis.jpetstore.domain.Product,org.mybatis.jpetstore.mapper.ItemMapper,0.5
127,org.mybatis.jpetstore.domain.Product,org.mybatis.jpetstore.mapper.LineItemMapper,0.5
128,org.mybatis.jpetstore.domain.Product,org.mybatis.jpetstore.mapper.OrderMapper,0.5
129,org.mybatis.jpetstore.domain.Product,org.mybatis.jpetstore.mapper.ProductMapper,0.5
130,org.mybatis.jpetstore.domain.Product,org.mybatis.jpetstore.mapper.SequenceMapper,0.5
131,org.mybatis.jpetstore.domain.Product,org.mybatis.jpetstore.service.AccountService,0.5294117647058824
132,org.mybatis.jpetstore.domain.Product,org.mybatis.jpetstore.web.actions.AbstractActionBean,0.7692307692307693
133,org.mybatis.jpetstore.domain.Product,org.mybatis.jpetstore.web.actions.AccountActionBean,0.6
134,org.mybatis.jpetstore.domain.Product,org.mybatis.jpetstore.web.actions.CartActionBean,0.6428571428571429
135,org.mybatis.jpetstore.domain.Product,org.mybatis.jpetstore.web.actions.CatalogActionBean,0.6923076923076923
136,org.mybatis.jpetstore.domain.Product,org.mybatis.jpetstore.web.actions.OrderActionBean,0.5625
137,org.mybatis.jpetstore.domain.Product,org.mybatis.jpetstore.domain.Cart,0.6
138,org.mybatis.jpetstore.domain.Product,org.mybatis.jpetstore.service.CatalogService,0.5333333333333333
139,org.mybatis.jpetstore.domain.Product,org.mybatis.jpetstore.service.OrderService,0.5333333333333333
140,org.mybatis.jpetstore.domain.Sequence,org.mybatis.jpetstore.mapper.AccountMapper,0.5454545454545454
141,org.mybatis.jpetstore.domain.Sequence,org.mybatis.jpetstore.mapper.CategoryMapper,0.5454545454545454
142,org.mybatis.jpetstore.domain.Sequence,org.mybatis.jpetstore.mapper.ItemMapper,0.5454545454545454
143,org.mybatis.jpetstore.domain.Sequence,org.mybatis.jpetstore.mapper.LineItemMapper,0.5454545454545454
144,org.mybatis.jpetstore.domain.Sequence,org.mybatis.jpetstore.mapper.OrderMapper,0.5454545454545454
145,org.mybatis.jpetstore.domain.Sequence,org.mybatis.jpetstore.mapper.ProductMapper,0.5454545454545454
146,org.mybatis.jpetstore.domain.Sequence,org.mybatis.jpetstore.mapper.SequenceMapper,0.5454545454545454
147,org.mybatis.jpetstore.domain.Sequence,org.mybatis.jpetstore.service.AccountService,0.5625
148,org.mybatis.jpetstore.domain.Sequence,org.mybatis.jpetstore.web.actions.AbstractActionBean,0.6923076923076923
149,org.mybatis.jpetstore.domain.Sequence,org.mybatis.jpetstore.web.actions.AccountActionBean,0.6428571428571429
150,org.mybatis.jpetstore.domain.Sequence,org.mybatis.jpetstore.web.actions.CartActionBean,0.6923076923076923
151,org.mybatis.jpetstore.domain.Sequence,org.mybatis.jpetstore.web.actions.CatalogActionBean,0.75
152,org.mybatis.jpetstore.domain.Sequence,org.mybatis.jpetstore.web.actions.OrderActionBean,0.6
153,org.mybatis.jpetstore.domain.Sequence,org.mybatis.jpetstore.domain.Cart,0.6428571428571429
154,org.mybatis.jpetstore.domain.Sequence,org.mybatis.jpetstore.service.CatalogService,0.5714285714285714
155,org.mybatis.jpetstore.domain.Sequence,org.mybatis.jpetstore.service.OrderService,0.5714285714285714
156,org.mybatis.jpetstore.mapper.AccountMapper,org.mybatis.jpetstore.mapper.CategoryMapper,1.0
157,org.mybatis.jpetstore.mapper.AccountMapper,org.mybatis.jpetstore.mapper.ItemMapper,1.0
158,org.mybatis.jpetstore.mapper.AccountMapper,org.mybatis.jpetstore.mapper.LineItemMapper,1.0
159,org.mybatis.jpetstore.mapper.AccountMapper,org.mybatis.jpetstore.mapper.OrderMapper,1.0
160,org.mybatis.jpetstore.mapper.AccountMapper,org.mybatis.jpetstore.mapper.ProductMapper,1.0
161,org.mybatis.jpetstore.mapper.AccountMapper,org.mybatis.jpetstore.mapper.SequenceMapper,1.0
162,org.mybatis.jpetstore.mapper.AccountMapper,org.mybatis.jpetstore.service.AccountService,0.4666666666666667
163,org.mybatis.jpetstore.mapper.AccountMapper,org.mybatis.jpetstore.web.actions.AbstractActionBean,0.46153846153846156
164,org.mybatis.jpetstore.mapper.AccountMapper,org.mybatis.jpetstore.web.actions.AccountActionBean,0.42857142857142855
165,org.mybatis.jpetstore.mapper.AccountMapper,org.mybatis.jpetstore.web.actions.CartActionBean,0.46153846153846156
166,org.mybatis.jpetstore.mapper.AccountMapper,org.mybatis.jpetstore.web.actions.CatalogActionBean,0.5
167,org.mybatis.jpetstore.mapper.AccountMapper,org.mybatis.jpetstore.web.actions.OrderActionBean,0.4
168,org.mybatis.jpetstore.mapper.AccountMapper,org.mybatis.jpetstore.domain.Cart,0.3333333333333333
169,org.mybatis.jpetstore.mapper.AccountMapper,org.mybatis.jpetstore.service.CatalogService,0.46153846153846156
170,org.mybatis.jpetstore.mapper.AccountMapper,org.mybatis.jpetstore.service.OrderService,0.46153846153846156
171,org.mybatis.jpetstore.mapper.CategoryMapper,org.mybatis.jpetstore.mapper.ItemMapper,1.0
172,org.mybatis.jpetstore.mapper.CategoryMapper,org.mybatis.jpetstore.mapper.LineItemMapper,1.0
173,org.mybatis.jpetstore.mapper.CategoryMapper,org.mybatis.jpetstore.mapper.OrderMapper,1.0
174,org.mybatis.jpetstore.mapper.CategoryMapper,org.mybatis.jpetstore.mapper.ProductMapper,1.0
175,org.mybatis.jpetstore.mapper.CategoryMapper,org.mybatis.jpetstore.mapper.SequenceMapper,1.0
176,org.mybatis.jpetstore.mapper.CategoryMapper,org.mybatis.jpetstore.service.AccountService,0.4666666666666667
177,org.mybatis.jpetstore.mapper.CategoryMapper,org.mybatis.jpetstore.web.actions.AbstractActionBean,0.46153846153846156
178,org.mybatis.jpetstore.mapper.CategoryMapper,org.mybatis.jpetstore.web.actions.AccountActionBean,0.42857142857142855
179,org.mybatis.jpetstore.mapper.CategoryMapper,org.mybatis.jpetstore.web.actions.CartActionBean,0.46153846153846156
180,org.mybatis.jpetstore.mapper.CategoryMapper,org.mybatis.jpetstore.web.actions.CatalogActionBean,0.5
181,org.mybatis.jpetstore.mapper.CategoryMapper,org.mybatis.jpetstore.web.actions.OrderActionBean,0.4
182,org.mybatis.jpetstore.mapper.CategoryMapper,org.mybatis.jpetstore.domain.Cart,0.3333333333333333
183,org.mybatis.jpetstore.mapper.CategoryMapper,org.mybatis.jpetstore.service.CatalogService,0.46153846153846156
184,org.mybatis.jpetstore.mapper.CategoryMapper,org.mybatis.jpetstore.service.OrderService,0.46153846153846156
185,org.mybatis.jpetstore.mapper.ItemMapper,org.mybatis.jpetstore.mapper.LineItemMapper,1.0
186,org.mybatis.jpetstore.mapper.ItemMapper,org.mybatis.jpetstore.mapper.OrderMapper,1.0
187,org.mybatis.jpetstore.mapper.ItemMapper,org.mybatis.jpetstore.mapper.ProductMapper,1.0
188,org.mybatis.jpetstore.mapper.ItemMapper,org.mybatis.jpetstore.mapper.SequenceMapper,1.0
189,org.mybatis.jpetstore.mapper.ItemMapper,org.mybatis.jpetstore.service.AccountService,0.4666666666666667
190,org.mybatis.jpetstore.mapper.ItemMapper,org.mybatis.jpetstore.web.actions.AbstractActionBean,0.46153846153846156
191,org.mybatis.jpetstore.mapper.ItemMapper,org.mybatis.jpetstore.web.actions.AccountActionBean,0.42857142857142855
192,org.mybatis.jpetstore.mapper.ItemMapper,org.mybatis.jpetstore.web.actions.CartActionBean,0.46153846153846156
193,org.mybatis.jpetstore.mapper.ItemMapper,org.mybatis.jpetstore.web.actions.CatalogActionBean,0.5
194,org.mybatis.jpetstore.mapper.ItemMapper,org.mybatis.jpetstore.web.actions.OrderActionBean,0.4
195,org.mybatis.jpetstore.mapper.ItemMapper,org.mybatis.jpetstore.domain.Cart,0.3333333333333333
196,org.mybatis.jpetstore.mapper.ItemMapper,org.mybatis.jpetstore.service.CatalogService,0.46153846153846156
197,org.mybatis.jpetstore.mapper.ItemMapper,org.mybatis.jpetstore.service.OrderService,0.46153846153846156
198,org.mybatis.jpetstore.mapper.LineItemMapper,org.mybatis.jpetstore.mapper.OrderMapper,1.0
199,org.mybatis.jpetstore.mapper.LineItemMapper,org.mybatis.jpetstore.mapper.ProductMapper,1.0
200,org.mybatis.jpetstore.mapper.LineItemMapper,org.mybatis.jpetstore.mapper.SequenceMapper,1.0
201,org.mybatis.jpetstore.mapper.LineItemMapper,org.mybatis.jpetstore.service.AccountService,0.4666666666666667
202,org.mybatis.jpetstore.mapper.LineItemMapper,org.mybatis.jpetstore.web.actions.AbstractActionBean,0.46153846153846156
203,org.mybatis.jpetstore.mapper.LineItemMapper,org.mybatis.jpetstore.web.actions.AccountActionBean,0.42857142857142855
204,org.mybatis.jpetstore.mapper.LineItemMapper,org.mybatis.jpetstore.web.actions.CartActionBean,0.46153846153846156
205,org.mybatis.jpetstore.mapper.LineItemMapper,org.mybatis.jpetstore.web.actions.CatalogActionBean,0.5
206,org.mybatis.jpetstore.mapper.LineItemMapper,org.mybatis.jpetstore.web.actions.OrderActionBean,0.4
207,org.mybatis.jpetstore.mapper.LineItemMapper,org.mybatis.jpetstore.domain.Cart,0.3333333333333333
208,org.mybatis.jpetstore.mapper.LineItemMapper,org.mybatis.jpetstore.service.CatalogService,0.46153846153846156
209,org.mybatis.jpetstore.mapper.LineItemMapper,org.mybatis.jpetstore.service.OrderService,0.46153846153846156
210,org.mybatis.jpetstore.mapper.OrderMapper,org.mybatis.jpetstore.mapper.ProductMapper,1.0
211,org.mybatis.jpetstore.mapper.OrderMapper,org.mybatis.jpetstore.mapper.SequenceMapper,1.0
212,org.mybatis.jpetstore.mapper.OrderMapper,org.mybatis.jpetstore.service.AccountService,0.4666666666666667
213,org.mybatis.jpetstore.mapper.OrderMapper,org.mybatis.jpetstore.web.actions.AbstractActionBean,0.46153846153846156
214,org.mybatis.jpetstore.mapper.OrderMapper,org.mybatis.jpetstore.web.actions.AccountActionBean,0.42857142857142855
215,org.mybatis.jpetstore.mapper.OrderMapper,org.mybatis.jpetstore.web.actions.CartActionBean,0.46153846153846156
216,org.mybatis.jpetstore.mapper.OrderMapper,org.mybatis.jpetstore.web.actions.CatalogActionBean,0.5
217,org.mybatis.jpetstore.mapper.OrderMapper,org.mybatis.jpetstore.web.actions.OrderActionBean,0.4
218,org.mybatis.jpetstore.mapper.OrderMapper,org.mybatis.jpetstore.domain.Cart,0.3333333333333333
219,org.mybatis.jpetstore.mapper.OrderMapper,org.mybatis.jpetstore.service.CatalogService,0.46153846153846156
220,org.mybatis.jpetstore.mapper.OrderMapper,org.mybatis.jpetstore.service.OrderService,0.46153846153846156
221,org.mybatis.jpetstore.mapper.ProductMapper,org.mybatis.jpetstore.mapper.SequenceMapper,1.0
222,org.mybatis.jpetstore.mapper.ProductMapper,org.mybatis.jpetstore.service.AccountService,0.4666666666666667
223,org.mybatis.jpetstore.mapper.ProductMapper,org.mybatis.jpetstore.web.actions.AbstractActionBean,0.46153846153846156
224,org.mybatis.jpetstore.mapper.ProductMapper,org.mybatis.jpetstore.web.actions.AccountActionBean,0.42857142857142855
225,org.mybatis.jpetstore.mapper.ProductMapper,org.mybatis.jpetstore.web.actions.CartActionBean,0.46153846153846156
226,org.mybatis.jpetstore.mapper.ProductMapper,org.mybatis.jpetstore.web.actions.CatalogActionBean,0.5
227,org.mybatis.jpetstore.mapper.ProductMapper,org.mybatis.jpetstore.web.actions.OrderActionBean,0.4
228,org.mybatis.jpetstore.mapper.ProductMapper,org.mybatis.jpetstore.domain.Cart,0.3333333333333333
229,org.mybatis.jpetstore.mapper.ProductMapper,org.mybatis.jpetstore.service.CatalogService,0.46153846153846156
230,org.mybatis.jpetstore.mapper.ProductMapper,org.mybatis.jpetstore.service.OrderService,0.46153846153846156
231,org.mybatis.jpetstore.mapper.SequenceMapper,org.mybatis.jpetstore.service.AccountService,0.4666666666666667
232,org.mybatis.jpetstore.mapper.SequenceMapper,org.mybatis.jpetstore.web.actions.AbstractActionBean,0.46153846153846156
233,org.mybatis.jpetstore.mapper.SequenceMapper,org.mybatis.jpetstore.web.actions.AccountActionBean,0.42857142857142855
234,org.mybatis.jpetstore.mapper.SequenceMapper,org.mybatis.jpetstore.web.actions.CartActionBean,0.46153846153846156
235,org.mybatis.jpetstore.mapper.SequenceMapper,org.mybatis.jpetstore.web.actions.CatalogActionBean,0.5
236,org.mybatis.jpetstore.mapper.SequenceMapper,org.mybatis.jpetstore.web.actions.OrderActionBean,0.4
237,org.mybatis.jpetstore.mapper.SequenceMapper,org.mybatis.jpetstore.domain.Cart,0.3333333333333333
238,org.mybatis.jpetstore.mapper.SequenceMapper,org.mybatis.jpetstore.service.CatalogService,0.46153846153846156
239,org.mybatis.jpetstore.mapper.SequenceMapper,org.mybatis.jpetstore.service.OrderService,0.46153846153846156
240,org.mybatis.jpetstore.service.AccountService,org.mybatis.jpetstore.web.actions.AbstractActionBean,0.5
241,org.mybatis.jpetstore.service.AccountService,org.mybatis.jpetstore.web.actions.AccountActionBean,0.6470588235294118
242,org.mybatis.jpetstore.service.AccountService,org.mybatis.jpetstore.web.actions.CartActionBean,0.5882352941176471
243,org.mybatis.jpetstore.service.AccountService,org.mybatis.jpetstore.web.actions.CatalogActionBean,0.5294117647058824
244,org.mybatis.jpetstore.service.AccountService,org.mybatis.jpetstore.web.actions.OrderActionBean,0.6111111111111112
245,org.mybatis.jpetstore.service.AccountService,org.mybatis.jpetstore.domain.Cart,0.6470588235294118
246,org.mybatis.jpetstore.service.AccountService,org.mybatis.jpetstore.service.CatalogService,0.6875
247,org.mybatis.jpetstore.service.AccountService,org.mybatis.jpetstore.service.OrderService,0.8
248,org.mybatis.jpetstore.web.actions.AbstractActionBean,org.mybatis.jpetstore.web.actions.AccountActionBean,0.5625
249,org.mybatis.jpetstore.web.actions.AbstractActionBean,org.mybatis.jpetstore.web.actions.CartActionBean,0.6
250,org.mybatis.jpetstore.web.actions.AbstractActionBean,org.mybatis.jpetstore.web.actions.CatalogActionBean,0.6428571428571429
251,org.mybatis.jpetstore.web.actions.AbstractActionBean,org.mybatis.jpetstore.web.actions.OrderActionBean,0.5294117647058824
252,org.mybatis.jpetstore.web.actions.AbstractActionBean,org.mybatis.jpetstore.domain.Cart,0.47058823529411764
253,org.mybatis.jpetstore.web.actions.AbstractActionBean,org.mybatis.jpetstore.service.CatalogService,0.5
254,org.mybatis.jpetstore.web.actions.AbstractActionBean,org.mybatis.jpetstore.service.OrderService,0.5
255,org.mybatis.jpetstore.web.actions.AccountActionBean,org.mybatis.jpetstore.web.actions.CartActionBean,0.7857142857142857
256,org.mybatis.jpetstore.web.actions.AccountActionBean,org.mybatis.jpetstore.web.actions.CatalogActionBean,0.8461538461538461
257,org.mybatis.jpetstore.web.actions.AccountActionBean,org.mybatis.jpetstore.web.actions.OrderActionBean,0.9285714285714286
258,org.mybatis.jpetstore.web.actions.AccountActionBean,org.mybatis.jpetstore.domain.Cart,0.625
259,org.mybatis.jpetstore.web.actions.AccountActionBean,org.mybatis.jpetstore.service.CatalogService,0.5625
260,org.mybatis.jpetstore.web.actions.AccountActionBean,org.mybatis.jpetstore.service.OrderService,0.6666666666666666
261,org.mybatis.jpetstore.web.actions.CartActionBean,org.mybatis.jpetstore.web.actions.CatalogActionBean,0.9166666666666666
262,org.mybatis.jpetstore.web.actions.CartActionBean,org.mybatis.jpetstore.web.actions.OrderActionBean,0.7333333333333333
263,org.mybatis.jpetstore.web.actions.CartActionBean,org.mybatis.jpetstore.domain.Cart,0.5625
264,org.mybatis.jpetstore.web.actions.CartActionBean,org.mybatis.jpetstore.service.CatalogService,0.6
265,org.mybatis.jpetstore.web.actions.CartActionBean,org.mybatis.jpetstore.service.OrderService,0.6
266,org.mybatis.jpetstore.web.actions.CatalogActionBean,org.mybatis.jpetstore.web.actions.OrderActionBean,0.7857142857142857
267,org.mybatis.jpetstore.web.actions.CatalogActionBean,org.mybatis.jpetstore.domain.Cart,0.5
268,org.mybatis.jpetstore.web.actions.CatalogActionBean,org.mybatis.jpetstore.service.CatalogService,0.5333333333333333
269,org.mybatis.jpetstore.web.actions.CatalogActionBean,org.mybatis.jpetstore.service.OrderService,0.5333333333333333
270,org.mybatis.jpetstore.web.actions.OrderActionBean,org.mybatis.jpetstore.domain.Cart,0.5882352941176471
271,org.mybatis.jpetstore.web.actions.OrderActionBean,org.mybatis.jpetstore.service.CatalogService,0.5294117647058824
272,org.mybatis.jpetstore.web.actions.OrderActionBean,org.mybatis.jpetstore.service.OrderService,0.625
273,org.mybatis.jpetstore.domain.Cart,org.mybatis.jpetstore.service.CatalogService,0.6666666666666666
274,org.mybatis.jpetstore.domain.Cart,org.mybatis.jpetstore.service.OrderService,0.7857142857142857
275,org.mybatis.jpetstore.service.CatalogService,org.mybatis.jpetstore.service.OrderService,0.8461538461538461
