0,org.mybatis.jpetstore.domain.Account,org.mybatis.jpetstore.domain.CartItem,0.6666666666666666
1,org.mybatis.jpetstore.domain.Account,org.mybatis.jpetstore.domain.Category,1.0
2,org.mybatis.jpetstore.domain.Account,org.mybatis.jpetstore.domain.Item,0.6666666666666666
3,org.mybatis.jpetstore.domain.Account,org.mybatis.jpetstore.domain.LineItem,0.6666666666666666
4,org.mybatis.jpetstore.domain.Account,org.mybatis.jpetstore.domain.Order,0.6666666666666666
5,org.mybatis.jpetstore.domain.Account,org.mybatis.jpetstore.domain.Product,1.0
6,org.mybatis.jpetstore.domain.Account,org.mybatis.jpetstore.domain.Sequence,1.0
7,org.mybatis.jpetstore.domain.Account,org.mybatis.jpetstore.mapper.AccountMapper,1.0
8,org.mybatis.jpetstore.domain.Account,org.mybatis.jpetstore.mapper.CategoryMapper,1.0
9,org.mybatis.jpetstore.domain.Account,org.mybatis.jpetstore.mapper.ItemMapper,1.0
10,org.mybatis.jpetstore.domain.Account,org.mybatis.jpetstore.mapper.LineItemMapper,1.0
11,org.mybatis.jpetstore.domain.Account,org.mybatis.jpetstore.mapper.OrderMapper,1.0
12,org.mybatis.jpetstore.domain.Account,org.mybatis.jpetstore.mapper.ProductMapper,1.0
13,org.mybatis.jpetstore.domain.Account,org.mybatis.jpetstore.mapper.SequenceMapper,1.0
14,org.mybatis.jpetstore.domain.Account,org.mybatis.jpetstore.service.AccountService,0.6666666666666666
15,org.mybatis.jpetstore.domain.Account,org.mybatis.jpetstore.web.actions.AbstractActionBean,1.0
16,org.mybatis.jpetstore.domain.Account,org.mybatis.jpetstore.web.actions.AccountActionBean,0.6666666666666666
17,org.mybatis.jpetstore.domain.Account,org.mybatis.jpetstore.web.actions.CartActionBean,1.0
18,org.mybatis.jpetstore.domain.Account,org.mybatis.jpetstore.web.actions.CatalogActionBean,1.0
19,org.mybatis.jpetstore.domain.Account,org.mybatis.jpetstore.web.actions.OrderActionBean,0.6666666666666666
20,org.mybatis.jpetstore.domain.Account,org.mybatis.jpetstore.domain.Cart,0.6666666666666666
21,org.mybatis.jpetstore.domain.Account,org.mybatis.jpetstore.service.CatalogService,0.5
22,org.mybatis.jpetstore.domain.Account,org.mybatis.jpetstore.service.OrderService,0.6666666666666666
23,org.mybatis.jpetstore.domain.CartItem,org.mybatis.jpetstore.domain.Category,0.6666666666666666
24,org.mybatis.jpetstore.domain.CartItem,org.mybatis.jpetstore.domain.Item,1.0
25,org.mybatis.jpetstore.domain.CartItem,org.mybatis.jpetstore.domain.LineItem,1.0
26,org.mybatis.jpetstore.domain.CartItem,org.mybatis.jpetstore.domain.Order,1.0
27,org.mybatis.jpetstore.domain.CartItem,org.mybatis.jpetstore.domain.Product,0.6666666666666666
28,org.mybatis.jpetstore.domain.CartItem,org.mybatis.jpetstore.domain.Sequence,0.6666666666666666
29,org.mybatis.jpetstore.domain.CartItem,org.mybatis.jpetstore.mapper.AccountMapper,0.6666666666666666
30,org.mybatis.jpetstore.domain.CartItem,org.mybatis.jpetstore.mapper.CategoryMapper,0.6666666666666666
31,org.mybatis.jpetstore.domain.CartItem,org.mybatis.jpetstore.mapper.ItemMapper,0.6666666666666666
32,org.mybatis.jpetstore.domain.CartItem,org.mybatis.jpetstore.mapper.LineItemMapper,0.6666666666666666
33,org.mybatis.jpetstore.domain.CartItem,org.mybatis.jpetstore.mapper.OrderMapper,0.6666666666666666
34,org.mybatis.jpetstore.domain.CartItem,org.mybatis.jpetstore.mapper.ProductMapper,0.6666666666666666
35,org.mybatis.jpetstore.domain.CartItem,org.mybatis.jpetstore.mapper.SequenceMapper,0.6666666666666666
36,org.mybatis.jpetstore.domain.CartItem,org.mybatis.jpetstore.service.AccountService,1.0
37,org.mybatis.jpetstore.domain.CartItem,org.mybatis.jpetstore.web.actions.AbstractActionBean,0.6666666666666666
38,org.mybatis.jpetstore.domain.CartItem,org.mybatis.jpetstore.web.actions.AccountActionBean,1.0
39,org.mybatis.jpetstore.domain.CartItem,org.mybatis.jpetstore.web.actions.CartActionBean,0.6666666666666666
40,org.mybatis.jpetstore.domain.CartItem,org.mybatis.jpetstore.web.actions.CatalogActionBean,0.6666666666666666
41,org.mybatis.jpetstore.domain.CartItem,org.mybatis.jpetstore.web.actions.OrderActionBean,1.0
42,org.mybatis.jpetstore.domain.CartItem,org.mybatis.jpetstore.domain.Cart,1.0
43,org.mybatis.jpetstore.domain.CartItem,org.mybatis.jpetstore.service.CatalogService,0.75
44,org.mybatis.jpetstore.domain.CartItem,org.mybatis.jpetstore.service.OrderService,1.0
45,org.mybatis.jpetstore.domain.Category,org.mybatis.jpetstore.domain.Item,0.6666666666666666
46,org.mybatis.jpetstore.domain.Category,org.mybatis.jpetstore.domain.LineItem,0.6666666666666666
47,org.mybatis.jpetstore.domain.Category,org.mybatis.jpetstore.domain.Order,0.6666666666666666
48,org.mybatis.jpetstore.domain.Category,org.mybatis.jpetstore.domain.Product,1.0
49,org.mybatis.jpetstore.domain.Category,org.mybatis.jpetstore.domain.Sequence,1.0
50,org.mybatis.jpetstore.domain.Category,org.mybatis.jpetstore.mapper.AccountMapper,1.0
51,org.mybatis.jpetstore.domain.Category,org.mybatis.jpetstore.mapper.CategoryMapper,1.0
52,org.mybatis.jpetstore.domain.Category,org.mybatis.jpetstore.mapper.ItemMapper,1.0
53,org.mybatis.jpetstore.domain.Category,org.mybatis.jpetstore.mapper.LineItemMapper,1.0
54,org.mybatis.jpetstore.domain.Category,org.mybatis.jpetstore.mapper.OrderMapper,1.0
55,org.mybatis.jpetstore.domain.Category,org.mybatis.jpetstore.mapper.ProductMapper,1.0
56,org.mybatis.jpetstore.domain.Category,org.mybatis.jpetstore.mapper.SequenceMapper,1.0
57,org.mybatis.jpetstore.domain.Category,org.mybatis.jpetstore.service.AccountService,0.6666666666666666
58,org.mybatis.jpetstore.domain.Category,org.mybatis.jpetstore.web.actions.AbstractActionBean,1.0
59,org.mybatis.jpetstore.domain.Category,org.mybatis.jpetstore.web.actions.AccountActionBean,0.6666666666666666
60,org.mybatis.jpetstore.domain.Category,org.mybatis.jpetstore.web.actions.CartActionBean,1.0
61,org.mybatis.jpetstore.domain.Category,org.mybatis.jpetstore.web.actions.CatalogActionBean,1.0
62,org.mybatis.jpetstore.domain.Category,org.mybatis.jpetstore.web.actions.OrderActionBean,0.6666666666666666
63,org.mybatis.jpetstore.domain.Category,org.mybatis.jpetstore.domain.Cart,0.6666666666666666
64,org.mybatis.jpetstore.domain.Category,org.mybatis.jpetstore.service.CatalogService,0.5
65,org.mybatis.jpetstore.domain.Category,org.mybatis.jpetstore.service.OrderService,0.6666666666666666
66,org.mybatis.jpetstore.domain.Item,org.mybatis.jpetstore.domain.LineItem,1.0
67,org.mybatis.jpetstore.domain.Item,org.mybatis.jpetstore.domain.Order,1.0
68,org.mybatis.jpetstore.domain.Item,org.mybatis.jpetstore.domain.Product,0.6666666666666666
69,org.mybatis.jpetstore.domain.Item,org.mybatis.jpetstore.domain.Sequence,0.6666666666666666
70,org.mybatis.jpetstore.domain.Item,org.mybatis.jpetstore.mapper.AccountMapper,0.6666666666666666
71,org.mybatis.jpetstore.domain.Item,org.mybatis.jpetstore.mapper.CategoryMapper,0.6666666666666666
72,org.mybatis.jpetstore.domain.Item,org.mybatis.jpetstore.mapper.ItemMapper,0.6666666666666666
73,org.mybatis.jpetstore.domain.Item,org.mybatis.jpetstore.mapper.LineItemMapper,0.6666666666666666
74,org.mybatis.jpetstore.domain.Item,org.mybatis.jpetstore.mapper.OrderMapper,0.6666666666666666
75,org.mybatis.jpetstore.domain.Item,org.mybatis.jpetstore.mapper.ProductMapper,0.6666666666666666
76,org.mybatis.jpetstore.domain.Item,org.mybatis.jpetstore.mapper.SequenceMapper,0.6666666666666666
77,org.mybatis.jpetstore.domain.Item,org.mybatis.jpetstore.service.AccountService,1.0
78,org.mybatis.jpetstore.domain.Item,org.mybatis.jpetstore.web.actions.AbstractActionBean,0.6666666666666666
79,org.mybatis.jpetstore.domain.Item,org.mybatis.jpetstore.web.actions.AccountActionBean,1.0
80,org.mybatis.jpetstore.domain.Item,org.mybatis.jpetstore.web.actions.CartActionBean,0.6666666666666666
81,org.mybatis.jpetstore.domain.Item,org.mybatis.jpetstore.web.actions.CatalogActionBean,0.6666666666666666
82,org.mybatis.jpetstore.domain.Item,org.mybatis.jpetstore.web.actions.OrderActionBean,1.0
83,org.mybatis.jpetstore.domain.Item,org.mybatis.jpetstore.domain.Cart,1.0
84,org.mybatis.jpetstore.domain.Item,org.mybatis.jpetstore.service.CatalogService,0.75
85,org.mybatis.jpetstore.domain.Item,org.mybatis.jpetstore.service.OrderService,1.0
86,org.mybatis.jpetstore.domain.LineItem,org.mybatis.jpetstore.domain.Order,1.0
87,org.mybatis.jpetstore.domain.LineItem,org.mybatis.jpetstore.domain.Product,0.6666666666666666
88,org.mybatis.jpetstore.domain.LineItem,org.mybatis.jpetstore.domain.Sequence,0.6666666666666666
89,org.mybatis.jpetstore.domain.LineItem,org.mybatis.jpetstore.mapper.AccountMapper,0.6666666666666666
90,org.mybatis.jpetstore.domain.LineItem,org.mybatis.jpetstore.mapper.CategoryMapper,0.6666666666666666
91,org.mybatis.jpetstore.domain.LineItem,org.mybatis.jpetstore.mapper.ItemMapper,0.6666666666666666
92,org.mybatis.jpetstore.domain.LineItem,org.mybatis.jpetstore.mapper.LineItemMapper,0.6666666666666666
93,org.mybatis.jpetstore.domain.LineItem,org.mybatis.jpetstore.mapper.OrderMapper,0.6666666666666666
94,org.mybatis.jpetstore.domain.LineItem,org.mybatis.jpetstore.mapper.ProductMapper,0.6666666666666666
95,org.mybatis.jpetstore.domain.LineItem,org.mybatis.jpetstore.mapper.SequenceMapper,0.6666666666666666
96,org.mybatis.jpetstore.domain.LineItem,org.mybatis.jpetstore.service.AccountService,1.0
97,org.mybatis.jpetstore.domain.LineItem,org.mybatis.jpetstore.web.actions.AbstractActionBean,0.6666666666666666
98,org.mybatis.jpetstore.domain.LineItem,org.mybatis.jpetstore.web.actions.AccountActionBean,1.0
99,org.mybatis.jpetstore.domain.LineItem,org.mybatis.jpetstore.web.actions.CartActionBean,0.6666666666666666
100,org.mybatis.jpetstore.domain.LineItem,org.mybatis.jpetstore.web.actions.CatalogActionBean,0.6666666666666666
101,org.mybatis.jpetstore.domain.LineItem,org.mybatis.jpetstore.web.actions.OrderActionBean,1.0
102,org.mybatis.jpetstore.domain.LineItem,org.mybatis.jpetstore.domain.Cart,1.0
103,org.mybatis.jpetstore.domain.LineItem,org.mybatis.jpetstore.service.CatalogService,0.75
104,org.mybatis.jpetstore.domain.LineItem,org.mybatis.jpetstore.service.OrderService,1.0
105,org.mybatis.jpetstore.domain.Order,org.mybatis.jpetstore.domain.Product,0.6666666666666666
106,org.mybatis.jpetstore.domain.Order,org.mybatis.jpetstore.domain.Sequence,0.6666666666666666
107,org.mybatis.jpetstore.domain.Order,org.mybatis.jpetstore.mapper.AccountMapper,0.6666666666666666
108,org.mybatis.jpetstore.domain.Order,org.mybatis.jpetstore.mapper.CategoryMapper,0.6666666666666666
109,org.mybatis.jpetstore.domain.Order,org.mybatis.jpetstore.mapper.ItemMapper,0.6666666666666666
110,org.mybatis.jpetstore.domain.Order,org.mybatis.jpetstore.mapper.LineItemMapper,0.6666666666666666
111,org.mybatis.jpetstore.domain.Order,org.mybatis.jpetstore.mapper.OrderMapper,0.6666666666666666
112,org.mybatis.jpetstore.domain.Order,org.mybatis.jpetstore.mapper.ProductMapper,0.6666666666666666
113,org.mybatis.jpetstore.domain.Order,org.mybatis.jpetstore.mapper.SequenceMapper,0.6666666666666666
114,org.mybatis.jpetstore.domain.Order,org.mybatis.jpetstore.service.AccountService,1.0
115,org.mybatis.jpetstore.domain.Order,org.mybatis.jpetstore.web.actions.AbstractActionBean,0.6666666666666666
116,org.mybatis.jpetstore.domain.Order,org.mybatis.jpetstore.web.actions.AccountActionBean,1.0
117,org.mybatis.jpetstore.domain.Order,org.mybatis.jpetstore.web.actions.CartActionBean,0.6666666666666666
118,org.mybatis.jpetstore.domain.Order,org.mybatis.jpetstore.web.actions.CatalogActionBean,0.6666666666666666
119,org.mybatis.jpetstore.domain.Order,org.mybatis.jpetstore.web.actions.OrderActionBean,1.0
120,org.mybatis.jpetstore.domain.Order,org.mybatis.jpetstore.domain.Cart,1.0
121,org.mybatis.jpetstore.domain.Order,org.mybatis.jpetstore.service.CatalogService,0.75
122,org.mybatis.jpetstore.domain.Order,org.mybatis.jpetstore.service.OrderService,1.0
123,org.mybatis.jpetstore.domain.Product,org.mybatis.jpetstore.domain.Sequence,1.0
124,org.mybatis.jpetstore.domain.Product,org.mybatis.jpetstore.mapper.AccountMapper,1.0
125,org.mybatis.jpetstore.domain.Product,org.mybatis.jpetstore.mapper.CategoryMapper,1.0
126,org.mybatis.jpetstore.domain.Product,org.mybatis.jpetstore.mapper.ItemMapper,1.0
127,org.mybatis.jpetstore.domain.Product,org.mybatis.jpetstore.mapper.LineItemMapper,1.0
128,org.mybatis.jpetstore.domain.Product,org.mybatis.jpetstore.mapper.OrderMapper,1.0
129,org.mybatis.jpetstore.domain.Product,org.mybatis.jpetstore.mapper.ProductMapper,1.0
130,org.mybatis.jpetstore.domain.Product,org.mybatis.jpetstore.mapper.SequenceMapper,1.0
131,org.mybatis.jpetstore.domain.Product,org.mybatis.jpetstore.service.AccountService,0.6666666666666666
132,org.mybatis.jpetstore.domain.Product,org.mybatis.jpetstore.web.actions.AbstractActionBean,1.0
133,org.mybatis.jpetstore.domain.Product,org.mybatis.jpetstore.web.actions.AccountActionBean,0.6666666666666666
134,org.mybatis.jpetstore.domain.Product,org.mybatis.jpetstore.web.actions.CartActionBean,1.0
135,org.mybatis.jpetstore.domain.Product,org.mybatis.jpetstore.web.actions.CatalogActionBean,1.0
136,org.mybatis.jpetstore.domain.Product,org.mybatis.jpetstore.web.actions.OrderActionBean,0.6666666666666666
137,org.mybatis.jpetstore.domain.Product,org.mybatis.jpetstore.domain.Cart,0.6666666666666666
138,org.mybatis.jpetstore.domain.Product,org.mybatis.jpetstore.service.CatalogService,0.5
139,org.mybatis.jpetstore.domain.Product,org.mybatis.jpetstore.service.OrderService,0.6666666666666666
140,org.mybatis.jpetstore.domain.Sequence,org.mybatis.jpetstore.mapper.AccountMapper,1.0
141,org.mybatis.jpetstore.domain.Sequence,org.mybatis.jpetstore.mapper.CategoryMapper,1.0
142,org.mybatis.jpetstore.domain.Sequence,org.mybatis.jpetstore.mapper.ItemMapper,1.0
143,org.mybatis.jpetstore.domain.Sequence,org.mybatis.jpetstore.mapper.LineItemMapper,1.0
144,org.mybatis.jpetstore.domain.Sequence,org.mybatis.jpetstore.mapper.OrderMapper,1.0
145,org.mybatis.jpetstore.domain.Sequence,org.mybatis.jpetstore.mapper.ProductMapper,1.0
146,org.mybatis.jpetstore.domain.Sequence,org.mybatis.jpetstore.mapper.SequenceMapper,1.0
147,org.mybatis.jpetstore.domain.Sequence,org.mybatis.jpetstore.service.AccountService,0.6666666666666666
148,org.mybatis.jpetstore.domain.Sequence,org.mybatis.jpetstore.web.actions.AbstractActionBean,1.0
149,org.mybatis.jpetstore.domain.Sequence,org.mybatis.jpetstore.web.actions.AccountActionBean,0.6666666666666666
150,org.mybatis.jpetstore.domain.Sequence,org.mybatis.jpetstore.web.actions.CartActionBean,1.0
151,org.mybatis.jpetstore.domain.Sequence,org.mybatis.jpetstore.web.actions.CatalogActionBean,1.0
152,org.mybatis.jpetstore.domain.Sequence,org.mybatis.jpetstore.web.actions.OrderActionBean,0.6666666666666666
153,org.mybatis.jpetstore.domain.Sequence,org.mybatis.jpetstore.domain.Cart,0.6666666666666666
154,org.mybatis.jpetstore.domain.Sequence,org.mybatis.jpetstore.service.CatalogService,0.5
155,org.mybatis.jpetstore.domain.Sequence,org.mybatis.jpetstore.service.OrderService,0.6666666666666666
156,org.mybatis.jpetstore.mapper.AccountMapper,org.mybatis.jpetstore.mapper.CategoryMapper,1.0
157,org.mybatis.jpetstore.mapper.AccountMapper,org.mybatis.jpetstore.mapper.ItemMapper,1.0
158,org.mybatis.jpetstore.mapper.AccountMapper,org.mybatis.jpetstore.mapper.LineItemMapper,1.0
159,org.mybatis.jpetstore.mapper.AccountMapper,org.mybatis.jpetstore.mapper.OrderMapper,1.0
160,org.mybatis.jpetstore.mapper.AccountMapper,org.mybatis.jpetstore.mapper.ProductMapper,1.0
161,org.mybatis.jpetstore.mapper.AccountMapper,org.mybatis.jpetstore.mapper.SequenceMapper,1.0
162,org.mybatis.jpetstore.mapper.AccountMapper,org.mybatis.jpetstore.service.AccountService,0.6666666666666666
163,org.mybatis.jpetstore.mapper.AccountMapper,org.mybatis.jpetstore.web.actions.AbstractActionBean,1.0
164,org.mybatis.jpetstore.mapper.AccountMapper,org.mybatis.jpetstore.web.actions.AccountActionBean,0.6666666666666666
165,org.mybatis.jpetstore.mapper.AccountMapper,org.mybatis.jpetstore.web.actions.CartActionBean,1.0
166,org.mybatis.jpetstore.mapper.AccountMapper,org.mybatis.jpetstore.web.actions.CatalogActionBean,1.0
167,org.mybatis.jpetstore.mapper.AccountMapper,org.mybatis.jpetstore.web.actions.OrderActionBean,0.6666666666666666
168,org.mybatis.jpetstore.mapper.AccountMapper,org.mybatis.jpetstore.domain.Cart,0.6666666666666666
169,org.mybatis.jpetstore.mapper.AccountMapper,org.mybatis.jpetstore.service.CatalogService,0.5
170,org.mybatis.jpetstore.mapper.AccountMapper,org.mybatis.jpetstore.service.OrderService,0.6666666666666666
171,org.mybatis.jpetstore.mapper.CategoryMapper,org.mybatis.jpetstore.mapper.ItemMapper,1.0
172,org.mybatis.jpetstore.mapper.CategoryMapper,org.mybatis.jpetstore.mapper.LineItemMapper,1.0
173,org.mybatis.jpetstore.mapper.CategoryMapper,org.mybatis.jpetstore.mapper.OrderMapper,1.0
174,org.mybatis.jpetstore.mapper.CategoryMapper,org.mybatis.jpetstore.mapper.ProductMapper,1.0
175,org.mybatis.jpetstore.mapper.CategoryMapper,org.mybatis.jpetstore.mapper.SequenceMapper,1.0
176,org.mybatis.jpetstore.mapper.CategoryMapper,org.mybatis.jpetstore.service.AccountService,0.6666666666666666
177,org.mybatis.jpetstore.mapper.CategoryMapper,org.mybatis.jpetstore.web.actions.AbstractActionBean,1.0
178,org.mybatis.jpetstore.mapper.CategoryMapper,org.mybatis.jpetstore.web.actions.AccountActionBean,0.6666666666666666
179,org.mybatis.jpetstore.mapper.CategoryMapper,org.mybatis.jpetstore.web.actions.CartActionBean,1.0
180,org.mybatis.jpetstore.mapper.CategoryMapper,org.mybatis.jpetstore.web.actions.CatalogActionBean,1.0
181,org.mybatis.jpetstore.mapper.CategoryMapper,org.mybatis.jpetstore.web.actions.OrderActionBean,0.6666666666666666
182,org.mybatis.jpetstore.mapper.CategoryMapper,org.mybatis.jpetstore.domain.Cart,0.6666666666666666
183,org.mybatis.jpetstore.mapper.CategoryMapper,org.mybatis.jpetstore.service.CatalogService,0.5
184,org.mybatis.jpetstore.mapper.CategoryMapper,org.mybatis.jpetstore.service.OrderService,0.6666666666666666
185,org.mybatis.jpetstore.mapper.ItemMapper,org.mybatis.jpetstore.mapper.LineItemMapper,1.0
186,org.mybatis.jpetstore.mapper.ItemMapper,org.mybatis.jpetstore.mapper.OrderMapper,1.0
187,org.mybatis.jpetstore.mapper.ItemMapper,org.mybatis.jpetstore.mapper.ProductMapper,1.0
188,org.mybatis.jpetstore.mapper.ItemMapper,org.mybatis.jpetstore.mapper.SequenceMapper,1.0
189,org.mybatis.jpetstore.mapper.ItemMapper,org.mybatis.jpetstore.service.AccountService,0.6666666666666666
190,org.mybatis.jpetstore.mapper.ItemMapper,org.mybatis.jpetstore.web.actions.AbstractActionBean,1.0
191,org.mybatis.jpetstore.mapper.ItemMapper,org.mybatis.jpetstore.web.actions.AccountActionBean,0.6666666666666666
192,org.mybatis.jpetstore.mapper.ItemMapper,org.mybatis.jpetstore.web.actions.CartActionBean,1.0
193,org.mybatis.jpetstore.mapper.ItemMapper,org.mybatis.jpetstore.web.actions.CatalogActionBean,1.0
194,org.mybatis.jpetstore.mapper.ItemMapper,org.mybatis.jpetstore.web.actions.OrderActionBean,0.6666666666666666
195,org.mybatis.jpetstore.mapper.ItemMapper,org.mybatis.jpetstore.domain.Cart,0.6666666666666666
196,org.mybatis.jpetstore.mapper.ItemMapper,org.mybatis.jpetstore.service.CatalogService,0.5
197,org.mybatis.jpetstore.mapper.ItemMapper,org.mybatis.jpetstore.service.OrderService,0.6666666666666666
198,org.mybatis.jpetstore.mapper.LineItemMapper,org.mybatis.jpetstore.mapper.OrderMapper,1.0
199,org.mybatis.jpetstore.mapper.LineItemMapper,org.mybatis.jpetstore.mapper.ProductMapper,1.0
200,org.mybatis.jpetstore.mapper.LineItemMapper,org.mybatis.jpetstore.mapper.SequenceMapper,1.0
201,org.mybatis.jpetstore.mapper.LineItemMapper,org.mybatis.jpetstore.service.AccountService,0.6666666666666666
202,org.mybatis.jpetstore.mapper.LineItemMapper,org.mybatis.jpetstore.web.actions.AbstractActionBean,1.0
203,org.mybatis.jpetstore.mapper.LineItemMapper,org.mybatis.jpetstore.web.actions.AccountActionBean,0.6666666666666666
204,org.mybatis.jpetstore.mapper.LineItemMapper,org.mybatis.jpetstore.web.actions.CartActionBean,1.0
205,org.mybatis.jpetstore.mapper.LineItemMapper,org.mybatis.jpetstore.web.actions.CatalogActionBean,1.0
206,org.mybatis.jpetstore.mapper.LineItemMapper,org.mybatis.jpetstore.web.actions.OrderActionBean,0.6666666666666666
207,org.mybatis.jpetstore.mapper.LineItemMapper,org.mybatis.jpetstore.domain.Cart,0.6666666666666666
208,org.mybatis.jpetstore.mapper.LineItemMapper,org.mybatis.jpetstore.service.CatalogService,0.5
209,org.mybatis.jpetstore.mapper.LineItemMapper,org.mybatis.jpetstore.service.OrderService,0.6666666666666666
210,org.mybatis.jpetstore.mapper.OrderMapper,org.mybatis.jpetstore.mapper.ProductMapper,1.0
211,org.mybatis.jpetstore.mapper.OrderMapper,org.mybatis.jpetstore.mapper.SequenceMapper,1.0
212,org.mybatis.jpetstore.mapper.OrderMapper,org.mybatis.jpetstore.service.AccountService,0.6666666666666666
213,org.mybatis.jpetstore.mapper.OrderMapper,org.mybatis.jpetstore.web.actions.AbstractActionBean,1.0
214,org.mybatis.jpetstore.mapper.OrderMapper,org.mybatis.jpetstore.web.actions.AccountActionBean,0.6666666666666666
215,org.mybatis.jpetstore.mapper.OrderMapper,org.mybatis.jpetstore.web.actions.CartActionBean,1.0
216,org.mybatis.jpetstore.mapper.OrderMapper,org.mybatis.jpetstore.web.actions.CatalogActionBean,1.0
217,org.mybatis.jpetstore.mapper.OrderMapper,org.mybatis.jpetstore.web.actions.OrderActionBean,0.6666666666666666
218,org.mybatis.jpetstore.mapper.OrderMapper,org.mybatis.jpetstore.domain.Cart,0.6666666666666666
219,org.mybatis.jpetstore.mapper.OrderMapper,org.mybatis.jpetstore.service.CatalogService,0.5
220,org.mybatis.jpetstore.mapper.OrderMapper,org.mybatis.jpetstore.service.OrderService,0.6666666666666666
221,org.mybatis.jpetstore.mapper.ProductMapper,org.mybatis.jpetstore.mapper.SequenceMapper,1.0
222,org.mybatis.jpetstore.mapper.ProductMapper,org.mybatis.jpetstore.service.AccountService,0.6666666666666666
223,org.mybatis.jpetstore.mapper.ProductMapper,org.mybatis.jpetstore.web.actions.AbstractActionBean,1.0
224,org.mybatis.jpetstore.mapper.ProductMapper,org.mybatis.jpetstore.web.actions.AccountActionBean,0.6666666666666666
225,org.mybatis.jpetstore.mapper.ProductMapper,org.mybatis.jpetstore.web.actions.CartActionBean,1.0
226,org.mybatis.jpetstore.mapper.ProductMapper,org.mybatis.jpetstore.web.actions.CatalogActionBean,1.0
227,org.mybatis.jpetstore.mapper.ProductMapper,org.mybatis.jpetstore.web.actions.OrderActionBean,0.6666666666666666
228,org.mybatis.jpetstore.mapper.ProductMapper,org.mybatis.jpetstore.domain.Cart,0.6666666666666666
229,org.mybatis.jpetstore.mapper.ProductMapper,org.mybatis.jpetstore.service.CatalogService,0.5
230,org.mybatis.jpetstore.mapper.ProductMapper,org.mybatis.jpetstore.service.OrderService,0.6666666666666666
231,org.mybatis.jpetstore.mapper.SequenceMapper,org.mybatis.jpetstore.service.AccountService,0.6666666666666666
232,org.mybatis.jpetstore.mapper.SequenceMapper,org.mybatis.jpetstore.web.actions.AbstractActionBean,1.0
233,org.mybatis.jpetstore.mapper.SequenceMapper,org.mybatis.jpetstore.web.actions.AccountActionBean,0.6666666666666666
234,org.mybatis.jpetstore.mapper.SequenceMapper,org.mybatis.jpetstore.web.actions.CartActionBean,1.0
235,org.mybatis.jpetstore.mapper.SequenceMapper,org.mybatis.jpetstore.web.actions.CatalogActionBean,1.0
236,org.mybatis.jpetstore.mapper.SequenceMapper,org.mybatis.jpetstore.web.actions.OrderActionBean,0.6666666666666666
237,org.mybatis.jpetstore.mapper.SequenceMapper,org.mybatis.jpetstore.domain.Cart,0.6666666666666666
238,org.mybatis.jpetstore.mapper.SequenceMapper,org.mybatis.jpetstore.service.CatalogService,0.5
239,org.mybatis.jpetstore.mapper.SequenceMapper,org.mybatis.jpetstore.service.OrderService,0.6666666666666666
240,org.mybatis.jpetstore.service.AccountService,org.mybatis.jpetstore.web.actions.AbstractActionBean,0.6666666666666666
241,org.mybatis.jpetstore.service.AccountService,org.mybatis.jpetstore.web.actions.AccountActionBean,1.0
242,org.mybatis.jpetstore.service.AccountService,org.mybatis.jpetstore.web.actions.CartActionBean,0.6666666666666666
243,org.mybatis.jpetstore.service.AccountService,org.mybatis.jpetstore.web.actions.CatalogActionBean,0.6666666666666666
244,org.mybatis.jpetstore.service.AccountService,org.mybatis.jpetstore.web.actions.OrderActionBean,1.0
245,org.mybatis.jpetstore.service.AccountService,org.mybatis.jpetstore.domain.Cart,1.0
246,org.mybatis.jpetstore.service.AccountService,org.mybatis.jpetstore.service.CatalogService,0.75
247,org.mybatis.jpetstore.service.AccountService,org.mybatis.jpetstore.service.OrderService,1.0
248,org.mybatis.jpetstore.web.actions.AbstractActionBean,org.mybatis.jpetstore.web.actions.AccountActionBean,0.6666666666666666
249,org.mybatis.jpetstore.web.actions.AbstractActionBean,org.mybatis.jpetstore.web.actions.CartActionBean,1.0
250,org.mybatis.jpetstore.web.actions.AbstractActionBean,org.mybatis.jpetstore.web.actions.CatalogActionBean,1.0
251,org.mybatis.jpetstore.web.actions.AbstractActionBean,org.mybatis.jpetstore.web.actions.OrderActionBean,0.6666666666666666
252,org.mybatis.jpetstore.web.actions.AbstractActionBean,org.mybatis.jpetstore.domain.Cart,0.6666666666666666
253,org.mybatis.jpetstore.web.actions.AbstractActionBean,org.mybatis.jpetstore.service.CatalogService,0.5
254,org.mybatis.jpetstore.web.actions.AbstractActionBean,org.mybatis.jpetstore.service.OrderService,0.6666666666666666
255,org.mybatis.jpetstore.web.actions.AccountActionBean,org.mybatis.jpetstore.web.actions.CartActionBean,0.6666666666666666
256,org.mybatis.jpetstore.web.actions.AccountActionBean,org.mybatis.jpetstore.web.actions.CatalogActionBean,0.6666666666666666
257,org.mybatis.jpetstore.web.actions.AccountActionBean,org.mybatis.jpetstore.web.actions.OrderActionBean,1.0
258,org.mybatis.jpetstore.web.actions.AccountActionBean,org.mybatis.jpetstore.domain.Cart,1.0
259,org.mybatis.jpetstore.web.actions.AccountActionBean,org.mybatis.jpetstore.service.CatalogService,0.75
260,org.mybatis.jpetstore.web.actions.AccountActionBean,org.mybatis.jpetstore.service.OrderService,1.0
261,org.mybatis.jpetstore.web.actions.CartActionBean,org.mybatis.jpetstore.web.actions.CatalogActionBean,1.0
262,org.mybatis.jpetstore.web.actions.CartActionBean,org.mybatis.jpetstore.web.actions.OrderActionBean,0.6666666666666666
263,org.mybatis.jpetstore.web.actions.CartActionBean,org.mybatis.jpetstore.domain.Cart,0.6666666666666666
264,org.mybatis.jpetstore.web.actions.CartActionBean,org.mybatis.jpetstore.service.CatalogService,0.5
265,org.mybatis.jpetstore.web.actions.CartActionBean,org.mybatis.jpetstore.service.OrderService,0.6666666666666666
266,org.mybatis.jpetstore.web.actions.CatalogActionBean,org.mybatis.jpetstore.web.actions.OrderActionBean,0.6666666666666666
267,org.mybatis.jpetstore.web.actions.CatalogActionBean,org.mybatis.jpetstore.domain.Cart,0.6666666666666666
268,org.mybatis.jpetstore.web.actions.CatalogActionBean,org.mybatis.jpetstore.service.CatalogService,0.5
269,org.mybatis.jpetstore.web.actions.CatalogActionBean,org.mybatis.jpetstore.service.OrderService,0.6666666666666666
270,org.mybatis.jpetstore.web.actions.OrderActionBean,org.mybatis.jpetstore.domain.Cart,1.0
271,org.mybatis.jpetstore.web.actions.OrderActionBean,org.mybatis.jpetstore.service.CatalogService,0.75
272,org.mybatis.jpetstore.web.actions.OrderActionBean,org.mybatis.jpetstore.service.OrderService,1.0
273,org.mybatis.jpetstore.domain.Cart,org.mybatis.jpetstore.service.CatalogService,0.75
274,org.mybatis.jpetstore.domain.Cart,org.mybatis.jpetstore.service.OrderService,1.0
275,org.mybatis.jpetstore.service.CatalogService,org.mybatis.jpetstore.service.OrderService,0.75
