{
    "tool": {
        "decomposition": {
            "2": [
                {
                    "id": "Utility.validateStringField"
                },
                {
                    "id": "Utility.isNullOrEmpty"
                },
                {
                    "id": "Utility.Utility"
                },
                {
                    "id": "Utility.getTelemetryClient"
                }
            ],
            "3": [
                {
                    "id": "Order.getStatus"
                },
                {
                    "id": "Order.setStatus"
                },
                {
                    "id": "Order.getQuoteId"
                },
                {
                    "id": "OrderDetails.toOrder"
                },
                {
                    "id": "OrderController.createOrder"
                },
                {
                    "id": "OrderController.getOrderById"
                },
                {
                    "id": "Order.setQuoteId"
                },
                {
                    "id": "Order.getOrderId"
                },
                {
                    "id": "Order.addEvent"
                },
                {
                    "id": "OrderDetails.OrderDetails"
                },
                {
                    "id": "OrderController.addEvent"
                },
                {
                    "id": "OrderController.getOrdersByDealerName"
                },
                {
                    "id": "Order.setOrderId"
                },
                {
                    "id": "Order.setEvents"
                },
                {
                    "id": "OrderController.getQuotes"
                },
                {
                    "id": "Order.hashCode"
                },
                {
                    "id": "Order.getOrderDate"
                },
                {
                    "id": "OrderController.updateOrder"
                },
                {
                    "id": "OrderController.OrderController"
                },
                {
                    "id": "OrderDetails.setId"
                },
                {
                    "id": "OrderDetails.getId"
                },
                {
                    "id": "OrderController.updateStatus"
                },
                {
                    "id": "OrderController.deleteOrder"
                },
                {
                    "id": "OrderController.getOrders"
                },
                {
                    "id": "Order.setOrderDate"
                },
                {
                    "id": "Order.getEvents"
                },
                {
                    "id": "Order.equals"
                },
                {
                    "id": "Order.validate"
                },
                {
                    "id": "Order.Order"
                }
            ],
            "4": [
                {
                    "id": "TestPath.reset"
                }
            ],
            "6": [
                {
                    "id": "PhoneInfo.PhoneInfo"
                },
                {
                    "id": "PhoneInfo.getKind"
                },
                {
                    "id": "QuoteItemInfo.setSkuNumber"
                },
                {
                    "id": "PhoneInfo.setPhoneNumber"
                },
                {
                    "id": "QuoteItemInfo.equals"
                },
                {
                    "id": "QuoteItemInfo.QuoteItemInfo"
                },
                {
                    "id": "QuoteItemInfo.getAmount"
                },
                {
                    "id": "QuoteItemInfo.getSkuNumber"
                },
                {
                    "id": "PhoneInfo.setKind"
                },
                {
                    "id": "QuoteItemInfo.compareTo"
                },
                {
                    "id": "PhoneInfo.getPhoneNumber"
                },
                {
                    "id": "QuoteItemInfo.setAmount"
                },
                {
                    "id": "QuoteItemInfo.hashCode"
                }
            ],
            "7": [
                {
                    "id": "MockQuoteRepository.removeQuote"
                },
                {
                    "id": "DeliveryAddress.getSpecialInstructions"
                },
                {
                    "id": "MongoQuoteRepository.findExistingQuote"
                },
                {
                    "id": "DeliveryAddress.validate"
                },
                {
                    "id": "DeliveryAddress.setState"
                },
                {
                    "id": "DeliveryAddress.setCity"
                },
                {
                    "id": "QuoteDetails.getQuoteId"
                },
                {
                    "id": "MongoQuoteRepository.reset"
                },
                {
                    "id": "DeliveryAddress.getState"
                },
                {
                    "id": "Quote.getTotalCost"
                },
                {
                    "id": "QuoteRepository.createQuote"
                },
                {
                    "id": "MongoQuoteRepository.createQuote"
                },
                {
                    "id": "DeliveryAddress.DeliveryAddress"
                },
                {
                    "id": "QuoteController.deleteQuote"
                },
                {
                    "id": "QuoteController.updateQuote"
                },
                {
                    "id": "DeliveryAddress.setStreet"
                },
                {
                    "id": "Quote.getDiscount"
                },
                {
                    "id": "Quote.getCustomerName"
                },
                {
                    "id": "MongoQuoteRepository.getQuote"
                },
                {
                    "id": "Quote.equals"
                },
                {
                    "id": "Quote.getQuoteItems"
                },
                {
                    "id": "Quote.setPostalCode"
                },
                {
                    "id": "QuoteRepository.getQuoteIdsByDealerName"
                },
                {
                    "id": "DeliveryAddress.isNotEmpty"
                },
                {
                    "id": "MockQuoteRepository.updateQuote"
                },
                {
                    "id": "QuoteDetails.toQuote"
                },
                {
                    "id": "Quote.setDiscount"
                },
                {
                    "id": "Quote.setTotalCost"
                },
                {
                    "id": "QuoteController.getRepository"
                },
                {
                    "id": "QuoteController.getQuoteById"
                },
                {
                    "id": "DeliveryAddress.setSpecialInstructions"
                },
                {
                    "id": "Quote.getState"
                },
                {
                    "id": "MongoQuoteRepository.MongoQuoteRepository"
                },
                {
                    "id": "QuoteDetails.QuoteDetails"
                },
                {
                    "id": "Quote.Quote"
                },
                {
                    "id": "QuoteDetails.getCustomerName"
                },
                {
                    "id": "QuoteRepository.removeQuote"
                },
                {
                    "id": "DeliveryAddress.setPostalCode"
                },
                {
                    "id": "Quote.getPostalCode"
                },
                {
                    "id": "MongoQuoteRepository.getQuoteIdsByDealerName"
                },
                {
                    "id": "MockQuoteRepository.getQuotesByCustomerName"
                },
                {
                    "id": "QuoteController.createQuote"
                },
                {
                    "id": "Quote.getDealerName"
                },
                {
                    "id": "QuoteDetails.getDealerName"
                },
                {
                    "id": "QuoteController.getQuotesByCustomerName"
                },
                {
                    "id": "Quote.setCustomerName"
                },
                {
                    "id": "DeliveryAddress.getPostalCode"
                },
                {
                    "id": "QuoteRepository.updateQuote"
                },
                {
                    "id": "Quote.setValidUntil"
                },
                {
                    "id": "Quote.setState"
                },
                {
                    "id": "MockQuoteRepository.createQuote"
                },
                {
                    "id": "MongoQuoteRepository.removeQuote"
                },
                {
                    "id": "Quote.getCity"
                },
                {
                    "id": "Quote.setQuoteItems"
                },
                {
                    "id": "MongoQuoteRepository.updateQuote"
                },
                {
                    "id": "DeliveryAddress.getStreet"
                },
                {
                    "id": "Quote.setQuoteId"
                },
                {
                    "id": "QuoteDetails.getId"
                },
                {
                    "id": "Quote.setDealerName"
                },
                {
                    "id": "QuoteDetails.setId"
                },
                {
                    "id": "Quote.addQuoteItem"
                },
                {
                    "id": "Quote.getValidUntil"
                },
                {
                    "id": "Quote.validate"
                },
                {
                    "id": "MockQuoteRepository.getQuoteIdsByDealerName"
                },
                {
                    "id": "MongoQuoteRepository.getQuotesByCustomerName"
                },
                {
                    "id": "MockQuoteRepository.reset"
                },
                {
                    "id": "QuoteRepository.getQuote"
                },
                {
                    "id": "MockQuoteRepository.MockQuoteRepository"
                },
                {
                    "id": "DeliveryAddress.getCity"
                },
                {
                    "id": "Quote.getQuoteId"
                },
                {
                    "id": "Quote.setCity"
                },
                {
                    "id": "Quote.hashCode"
                },
                {
                    "id": "QuoteRepository.getQuotesByCustomerName"
                },
                {
                    "id": "QuoteController.QuoteController"
                },
                {
                    "id": "MockQuoteRepository.getQuote"
                }
            ],
            "8": [
                {
                    "id": "MockDealersRepository.getDealer"
                },
                {
                    "id": "DealerInfo.getAddress"
                },
                {
                    "id": "DealerInfo.getContact"
                },
                {
                    "id": "Dealer.setId"
                },
                {
                    "id": "DealersRepository.removeDealer"
                },
                {
                    "id": "DealerInfo.setAddress"
                },
                {
                    "id": "MongoDealersRepository.removeDealer"
                },
                {
                    "id": "MockDealersRepository.upsertDealer"
                },
                {
                    "id": "Dealer.toDealerInfo"
                },
                {
                    "id": "DealerInfo.setName"
                },
                {
                    "id": "DealerInfo.getPhone"
                },
                {
                    "id": "DealersRepository.getDealers"
                },
                {
                    "id": "DealerInfo.setContact"
                },
                {
                    "id": "MongoDealersRepository.getDealers"
                },
                {
                    "id": "MongoDealersRepository.reset"
                },
                {
                    "id": "DealerInfo.getName"
                },
                {
                    "id": "Dealer.Dealer"
                },
                {
                    "id": "MockDealersRepository.removeDealer"
                },
                {
                    "id": "DealersRepository.getDealer"
                },
                {
                    "id": "DealerInfo.setPhone"
                },
                {
                    "id": "DealerInfo.validate"
                },
                {
                    "id": "MockDealersRepository.reset"
                },
                {
                    "id": "MongoDealersRepository.MongoDealersRepository"
                },
                {
                    "id": "DealerInfo.DealerInfo"
                },
                {
                    "id": "MockDealersRepository.compareDealerNames"
                },
                {
                    "id": "DealersRepository.upsertDealer"
                },
                {
                    "id": "MockDealersRepository.getDealers"
                },
                {
                    "id": "MongoDealersRepository.upsertDealer"
                },
                {
                    "id": "Dealer.getId"
                },
                {
                    "id": "DealerInfo.getEmail"
                },
                {
                    "id": "MongoDealersRepository.getDealer"
                },
                {
                    "id": "DealerInfo.setEmail"
                },
                {
                    "id": "MockDealersRepository.MockDealersRepository"
                }
            ],
            "10": [
                {
                    "id": "ConflictingRequestException.ConflictingRequestException"
                },
                {
                    "id": "PingController.PingController"
                },
                {
                    "id": "MongoDBProperties.getDatabase"
                },
                {
                    "id": "RepositoryFactory.getShipmentRepository"
                },
                {
                    "id": "MongoDBProperties.setHost"
                },
                {
                    "id": "PropertyHelper.getProperties"
                },
                {
                    "id": "OrderingConfiguration.getTelemetryClient"
                },
                {
                    "id": "OrderingConfiguration.OrderingConfiguration"
                },
                {
                    "id": "RepositoryFactory.init"
                },
                {
                    "id": "OrderingConfiguration.getApplicationContext"
                },
                {
                    "id": "OrderingServiceProperties.getInstrumentationKey"
                },
                {
                    "id": "OrderingServiceProperties.getPingMessage"
                },
                {
                    "id": "PropertyHelper.getPropValues"
                },
                {
                    "id": "OrderingConfiguration.setApplicationContext"
                },
                {
                    "id": "RepositoryFactory.RepositoryFactory"
                },
                {
                    "id": "OrderingServiceProperties.setStorage"
                },
                {
                    "id": "RepositoryFactory.getOrderRepository"
                },
                {
                    "id": "OrderingServiceProperties.OrderingServiceProperties"
                },
                {
                    "id": "RepositoryFactory.getCatalogItemsRepository"
                },
                {
                    "id": "PingController.getStatus"
                },
                {
                    "id": "OrderingServiceProperties.setInstrumentationKey"
                },
                {
                    "id": "OrderingConfiguration.orderingServiceProperties"
                },
                {
                    "id": "OrderingServiceProperties.getStorage"
                },
                {
                    "id": "BadRequestException.BadRequestException"
                },
                {
                    "id": "PropertyHelper.PropertyHelper"
                },
                {
                    "id": "RepositoryFactory.getFactory"
                },
                {
                    "id": "BadRequestException.getMessage"
                },
                {
                    "id": "OrderingConfiguration.repositoryFactory"
                },
                {
                    "id": "RepositoryFactory.reset"
                },
                {
                    "id": "MongoDBProperties.MongoDBProperties"
                },
                {
                    "id": "OrderingServiceProperties.getValidationMessage"
                },
                {
                    "id": "OrderingServiceProperties.setValidationMessage"
                },
                {
                    "id": "MongoDBProperties.getHost"
                },
                {
                    "id": "OrderingServiceProperties.setPingMessage"
                },
                {
                    "id": "PingController.ping"
                },
                {
                    "id": "ConflictingRequestException.getMessage"
                },
                {
                    "id": "RepositoryFactory.getQuoteRepository"
                },
                {
                    "id": "OrderingConfiguration.mongoTemplate"
                },
                {
                    "id": "RepositoryFactory.getDealersRepository"
                },
                {
                    "id": "OrderingConfiguration.main"
                },
                {
                    "id": "MongoDBProperties.setDatabase"
                }
            ],
            "11": [
                {
                    "id": "ShipmentEventInfo.getComments"
                },
                {
                    "id": "MongoOrderRepository.removeOrder"
                },
                {
                    "id": "OrderEventInfo.setComments"
                },
                {
                    "id": "MongoOrderRepository.getOrder"
                },
                {
                    "id": "OrderStatus.OrderStatus"
                },
                {
                    "id": "ShipmentEventInfo.getDate"
                },
                {
                    "id": "OrderEventInfo.setDate"
                },
                {
                    "id": "MongoOrderRepository.getOrdersByDealerName"
                },
                {
                    "id": "OrderUpdateInfo.getStatus"
                },
                {
                    "id": "ShipmentEventInfo.ShipmentEventInfo"
                },
                {
                    "id": "MongoOrderRepository.getOrderByQuoteId"
                },
                {
                    "id": "OrderStatus.values"
                },
                {
                    "id": "MongoOrderRepository.getOrdersByStatus"
                },
                {
                    "id": "MongoOrderRepository.findExistingOrder"
                },
                {
                    "id": "ShipmentEventInfo.validate"
                },
                {
                    "id": "ShipmentEventInfo.setComments"
                },
                {
                    "id": "OrderEventInfo.getComments"
                },
                {
                    "id": "OrderStatus.valueOf"
                },
                {
                    "id": "OrderUpdateInfo.OrderUpdateInfo"
                },
                {
                    "id": "OrderUpdateInfo.setStatus"
                },
                {
                    "id": "MongoOrderRepository.MongoOrderRepository"
                },
                {
                    "id": "MongoOrderRepository.reset"
                },
                {
                    "id": "OrderStatus.hashCode"
                },
                {
                    "id": "ShipmentEventInfo.setDate"
                },
                {
                    "id": "MongoOrderRepository.updateOrder"
                },
                {
                    "id": "OrderEventInfo.OrderEventInfo"
                },
                {
                    "id": "OrderUpdateInfo.setEventInfo"
                },
                {
                    "id": "MongoOrderRepository.createOrder"
                },
                {
                    "id": "OrderEventInfo.getDate"
                },
                {
                    "id": "OrderUpdateInfo.getEventInfo"
                },
                {
                    "id": "MongoOrderRepository.saveOrder"
                },
                {
                    "id": "MongoOrderRepository.hasOrder"
                }
            ],
            "12": [
                {
                    "id": "ShipmentRecord.setAlternateContactPhone"
                },
                {
                    "id": "ShipmentRecord.getEvents"
                },
                {
                    "id": "ShipmentRecord.setPrimaryContactPhone"
                },
                {
                    "id": "ShipmentRecord.addEvent"
                },
                {
                    "id": "ShipmentRecord.setDeliveryAddress"
                },
                {
                    "id": "ShipmentRecord.validate"
                },
                {
                    "id": "ShipmentRecord.setOrderId"
                },
                {
                    "id": "ShipmentRecord.getContactName"
                },
                {
                    "id": "ShipmentRecord.ShipmentRecord"
                },
                {
                    "id": "ShipmentRecord.getOrderId"
                },
                {
                    "id": "ShipmentRecord.getPrimaryContactPhone"
                },
                {
                    "id": "ShipmentRecord.getDeliveryDate"
                },
                {
                    "id": "ShipmentRecord.setContactName"
                },
                {
                    "id": "ShipmentRecord.setDeliveryDate"
                },
                {
                    "id": "ShipmentRecord.getDeliveryAddress"
                },
                {
                    "id": "ShipmentRecord.getAlternateContactPhone"
                }
            ],
            "13": [
                {
                    "id": "MongoShipmentRepository.MongoShipmentRepository"
                },
                {
                    "id": "MongoShipmentRepository.getShipments"
                },
                {
                    "id": "MongoShipmentRepository.removeShipment"
                },
                {
                    "id": "MongoShipmentRepository.saveUpdates"
                },
                {
                    "id": "MongoShipmentRepository.updateShipment"
                },
                {
                    "id": "ShipmentDetails.setId"
                },
                {
                    "id": "ShipmentDetails.toShipmentRecord"
                },
                {
                    "id": "ShipmentDetails.ShipmentDetails"
                },
                {
                    "id": "ShipmentDetails.getId"
                },
                {
                    "id": "MongoShipmentRepository.findExistingShipmentDetails"
                },
                {
                    "id": "MongoShipmentRepository.getShipmentById"
                },
                {
                    "id": "MongoShipmentRepository.addEvent"
                },
                {
                    "id": "MongoShipmentRepository.createShipment"
                },
                {
                    "id": "MongoShipmentRepository.reset"
                }
            ],
            "15": [
                {
                    "id": "CatalogItem.getId"
                },
                {
                    "id": "MockCatalogItemsRepository.getCatalogItems"
                },
                {
                    "id": "MockCatalogItemsRepository.reset"
                },
                {
                    "id": "CatalogController.getRepository"
                },
                {
                    "id": "MongoCatalogItemsRepository.getCatalogItems"
                },
                {
                    "id": "CatalogItem.setInventory"
                },
                {
                    "id": "CatalogController.CatalogController"
                },
                {
                    "id": "MockCatalogItemsRepository.MockCatalogItemsRepository"
                },
                {
                    "id": "MockCatalogItemsRepository.getCatalogItem"
                },
                {
                    "id": "CatalogController.addCatalogItem"
                },
                {
                    "id": "CatalogItem.getLeadTime"
                },
                {
                    "id": "CatalogItem.setId"
                },
                {
                    "id": "CatalogItemsRepository.getCatalogItems"
                },
                {
                    "id": "CatalogItemsRepository.upsertCatalogItem"
                },
                {
                    "id": "CatalogItem.validate"
                },
                {
                    "id": "MongoCatalogItemsRepository.reset"
                },
                {
                    "id": "CatalogItemsRepository.getCatalogItem"
                },
                {
                    "id": "MockCatalogItemsRepository.upsertCatalogItem"
                },
                {
                    "id": "CatalogController.removeCatalogItem"
                },
                {
                    "id": "CatalogItem.getSkuNumber"
                },
                {
                    "id": "CatalogItem.setLeadTime"
                },
                {
                    "id": "MongoCatalogItemsRepository.findExistingCatalogItem"
                },
                {
                    "id": "CatalogController.upsertCatalogItem"
                },
                {
                    "id": "CatalogItem.setDescription"
                },
                {
                    "id": "CatalogItem.setPrice"
                },
                {
                    "id": "CatalogItem.getPrice"
                },
                {
                    "id": "CatalogItem.toCatalogItem"
                },
                {
                    "id": "CatalogItem.getDescription"
                },
                {
                    "id": "CatalogItem.CatalogItem"
                },
                {
                    "id": "CatalogController.getCatalogItems"
                },
                {
                    "id": "CatalogController.getCatalogItem"
                },
                {
                    "id": "MockCatalogItemsRepository.removeCatalogItem"
                },
                {
                    "id": "MockCatalogItemsRepository.compareSkuNumbers"
                },
                {
                    "id": "MongoCatalogItemsRepository.removeCatalogItem"
                },
                {
                    "id": "MongoCatalogItemsRepository.upsertCatalogItem"
                },
                {
                    "id": "CatalogItem.getInventory"
                },
                {
                    "id": "CatalogItem.setSkuNumber"
                },
                {
                    "id": "MongoCatalogItemsRepository.MongoCatalogItemsRepository"
                },
                {
                    "id": "MongoCatalogItemsRepository.getCatalogItem"
                },
                {
                    "id": "CatalogItemsRepository.removeCatalogItem"
                }
            ],
            "16": [
                {
                    "id": "OrderingInitializer.getApplicationPath"
                },
                {
                    "id": "OrderingInitializer.OrderingInitializer"
                },
                {
                    "id": "OrderingInitializer.configure"
                },
                {
                    "id": "OrderingInitializer.onStartup"
                }
            ],
            "UNOBSERVED": [
                {
                    "id": "RepositoryFactory$Repositories.RepositoryFactory$Repositories"
                },
                {
                    "id": "OrderStatus[].clone"
                }
            ]
        }
    }
}