partitionID,className,classID
0,DbServletTests.java,src/test/java/com/coveros/training/persistence/DbServletTests.java
0,DateUtilsTests.java,src/test/java/com/coveros/training/helpers/DateUtilsTests.java
1,AlcoholStepDefs.java,src/bdd_test/java/com/coveros/training/expenses/AlcoholStepDefs.java
1,AlcoholResult.java,src/main/java/com/coveros/training/expenses/AlcoholResult.java
1,LibraryBookListAvailableServletTests.java,src/test/java/com/coveros/training/library/LibraryBookListAvailableServletTests.java
1,LoanTests.java,src/test/java/com/coveros/training/library/domainobjects/LoanTests.java
1,DinnerPrices.java,src/main/java/com/coveros/training/expenses/DinnerPrices.java
1,AlcoholCalculator.java,src/main/java/com/coveros/training/expenses/AlcoholCalculator.java
1,package-info.java,src/main/java/com/coveros/training/library/domainobjects/package-info.java
1,CartesianProductStepDefs.java,src/bdd_test/java/com/coveros/training/cartesianproduct/CartesianProductStepDefs.java
1,BookTests.java,src/test/java/com/coveros/training/library/domainobjects/BookTests.java
1,UserTests.java,src/test/java/com/coveros/training/authentication/domainobjects/UserTests.java
1,LendingTests.java,src/test/java/com/coveros/training/library/LendingTests.java
1,PasswordResultEnums.java,src/main/java/com/coveros/training/authentication/domainobjects/PasswordResultEnums.java
1,FibServlet.java,src/main/java/com/coveros/training/mathematics/FibServlet.java
1,LibraryBookListAvailableServlet.java,src/main/java/com/coveros/training/library/LibraryBookListAvailableServlet.java
1,MathServlet.java,src/main/java/com/coveros/training/mathematics/MathServlet.java
1,DateUtils.java,src/test/java/com/coveros/training/helpers/DateUtils.java
1,BorrowerTests.java,src/test/java/com/coveros/training/library/domainobjects/BorrowerTests.java
1,RegisterServlet.java,src/main/java/com/coveros/training/authentication/RegisterServlet.java
1,RegistrationUtilsTests.java,src/test/java/com/coveros/training/authentication/RegistrationUtilsTests.java
1,LoginServletTests.java,src/test/java/com/coveros/training/authentication/LoginServletTests.java
1,AckermannIterative.java,src/main/java/com/coveros/training/mathematics/AckermannIterative.java
1,LoginServlet.java,src/main/java/com/coveros/training/authentication/LoginServlet.java
1,AckServletTests.java,src/test/java/com/coveros/training/mathematics/AckServletTests.java
1,IPersistenceLayer.java,src/main/java/com/coveros/training/persistence/IPersistenceLayer.java
1,CheckUtils.java,src/main/java/com/coveros/training/helpers/CheckUtils.java
1,LibraryRegisterBorrowerServlet.java,src/main/java/com/coveros/training/library/LibraryRegisterBorrowerServlet.java
1,LoginUtils.java,src/main/java/com/coveros/training/authentication/LoginUtils.java
1,Calculator.java,src/main/java/com/coveros/training/mathematics/Calculator.java
1,CheckUtilsTests.java,src/test/java/com/coveros/training/helpers/CheckUtilsTests.java
1,test_api.py,src/api_tests/test_api.py
1,LibraryBookListSearchServlet.java,src/main/java/com/coveros/training/library/LibraryBookListSearchServlet.java
1,RegistrationUtils.java,src/main/java/com/coveros/training/authentication/RegistrationUtils.java
1,Fibonacci.java,src/main/java/com/coveros/training/mathematics/Fibonacci.java
1,package-info.java,src/main/java/com/coveros/training/helpers/package-info.java
1,StringUtils.java,src/main/java/com/coveros/training/helpers/StringUtils.java
1,package-info.java,src/main/java/com/coveros/training/library/package-info.java
1,LibraryBorrowerListSearchServlet.java,src/main/java/com/coveros/training/library/LibraryBorrowerListSearchServlet.java
1,LibraryRegisterBookServlet.java,src/main/java/com/coveros/training/library/LibraryRegisterBookServlet.java
1,LibraryUtilsTests.java,src/test/java/com/coveros/training/library/LibraryUtilsTests.java
1,FibonacciParameterizedTests.java,src/test/java/com/coveros/training/mathematics/FibonacciParameterizedTests.java
1,HtmlUnitTests.java,src/ui_tests/java/src/test/java/com/coveros/training/HtmlUnitTests.java
1,SeleniumTests.java,src/ui_tests/java/src/test/java/com/coveros/training/SeleniumTests.java
1,CalculatorTests.java,src/test/java/com/coveros/training/mathematics/CalculatorTests.java
1,ApiCalls.java,src/ui_tests/java/src/test/java/com/coveros/training/ApiCalls.java
1,NbvcxzTests.java,src/test/java/com/coveros/training/authentication/NbvcxzTests.java
1,BookCheckOutStepDefs.java,src/bdd_test/java/com/coveros/training/library/BookCheckOutStepDefs.java
1,package-info.java,src/main/java/com/coveros/training/mathematics/package-info.java
1,MathStepDefs.java,src/bdd_test/java/com/coveros/training/math/MathStepDefs.java
1,package-info.java,src/main/java/com/coveros/training/expenses/package-info.java
1,RegistrationResultTests.java,src/test/java/com/coveros/training/authentication/domainobjects/RegistrationResultTests.java
1,PasswordResultTests.java,src/test/java/com/coveros/training/authentication/domainobjects/PasswordResultTests.java
1,FibonacciStepDefs.java,src/bdd_test/java/com/coveros/training/math/FibonacciStepDefs.java
1,LibraryRegisterBorrowerServletTests.java,src/test/java/com/coveros/training/library/LibraryRegisterBorrowerServletTests.java
1,LoginStepDefs.java,src/bdd_test/java/com/coveros/training/authentication/LoginStepDefs.java
1,LibraryLendServlet.java,src/main/java/com/coveros/training/library/LibraryLendServlet.java
1,LibraryActionResults.java,src/main/java/com/coveros/training/library/domainobjects/LibraryActionResults.java
1,AckermannParameterizedTests.java,src/test/java/com/coveros/training/mathematics/AckermannParameterizedTests.java
1,AddDeleteListSearchBooksAndBorrowersStepDefs.java,src/bdd_test/java/com/coveros/training/library/AddDeleteListSearchBooksAndBorrowersStepDefs.java
1,package-info.java,src/main/java/com/coveros/training/authentication/package-info.java
1,RegistrationStepDefs.java,src/bdd_test/java/com/coveros/training/authentication/RegistrationStepDefs.java
1,LibraryBookListSearchServletTests.java,src/test/java/com/coveros/training/library/LibraryBookListSearchServletTests.java
1,AckermannStepDefs.java,src/bdd_test/java/com/coveros/training/math/AckermannStepDefs.java
1,MathServletTests.java,src/test/java/com/coveros/training/mathematics/MathServletTests.java
1,WebAppListener.java,src/main/java/com/coveros/training/tomcat/WebAppListener.java
1,User.java,src/main/java/com/coveros/training/authentication/domainobjects/User.java
1,LibraryRegisterBookServletTests.java,src/test/java/com/coveros/training/library/LibraryRegisterBookServletTests.java
1,LibraryBorrowerListSearchServletTests.java,src/test/java/com/coveros/training/library/LibraryBorrowerListSearchServletTests.java
1,DbServlet.java,src/main/java/com/coveros/training/persistence/DbServlet.java
1,Book.java,src/main/java/com/coveros/training/library/domainobjects/Book.java
1,PasswordResult.java,src/main/java/com/coveros/training/authentication/domainobjects/PasswordResult.java
1,AckermannIterativeParameterizedTests.java,src/test/java/com/coveros/training/mathematics/AckermannIterativeParameterizedTests.java
1,AssertionException.java,src/main/java/com/coveros/training/helpers/AssertionException.java
1,WebAppListenerTests.java,src/test/java/com/coveros/training/tomcat/WebAppListenerTests.java
1,package-info.java,src/main/java/com/coveros/training/tomcat/package-info.java
1,LibraryUtils.java,src/main/java/com/coveros/training/library/LibraryUtils.java
1,Ackermann.java,src/main/java/com/coveros/training/mathematics/Ackermann.java
1,AutoInsuranceProcessorTests.java,desktop_app/src/test/java/com/coveros/training/autoinsurance/AutoInsuranceProcessorTests.java
1,DesktopTester.java,desktop_app/src/test/java/com/coveros/training/autoinsurance/DesktopTester.java
1,AutoInsuranceUI.java,desktop_app/src/main/java/com/coveros/training/autoinsurance/AutoInsuranceUI.java
1,package-info.java,src/main/java/com/coveros/training/cartesianproduct/package-info.java
1,AutoInsuranceAction.java,desktop_app/src/main/java/com/coveros/training/autoinsurance/AutoInsuranceAction.java
1,AutoInsuranceScriptServer.java,desktop_app/src/main/java/com/coveros/training/autoinsurance/AutoInsuranceScriptServer.java
1,AutoInsuranceActionTests.java,desktop_app/src/test/java/com/coveros/training/autoinsurance/AutoInsuranceActionTests.java
1,package-info.java,src/main/java/com/coveros/training/authentication/domainobjects/package-info.java
1,WarningLetterEnum.java,desktop_app/src/main/java/com/coveros/training/autoinsurance/WarningLetterEnum.java
1,InvalidClaimsException.java,desktop_app/src/main/java/com/coveros/training/autoinsurance/InvalidClaimsException.java
1,ExecutionDataClient.java,desktop_app/src/test/java/com/coveros/training/autoinsurance/ExecutionDataClient.java
1,DesktopUiTests.java,desktop_app/src/test/java/com/coveros/training/autoinsurance/DesktopUiTests.java
1,AutoInsuranceProcessor.java,desktop_app/src/main/java/com/coveros/training/autoinsurance/AutoInsuranceProcessor.java
1,FibonacciTests.java,src/test/java/com/coveros/training/mathematics/FibonacciTests.java
1,AutoInsuranceScriptClient.java,desktop_app/src/test/java/com/coveros/training/autoinsurance/AutoInsuranceScriptClient.java
1,FibServletTests.java,src/test/java/com/coveros/training/mathematics/FibServletTests.java
1,TailRecursive.java,src/main/java/com/coveros/training/mathematics/TailRecursive.java
1,RegistrationResult.java,src/main/java/com/coveros/training/authentication/domainobjects/RegistrationResult.java
1,RegistrationStatusEnums.java,src/main/java/com/coveros/training/authentication/domainobjects/RegistrationStatusEnums.java
1,ServletUtils.java,src/main/java/com/coveros/training/helpers/ServletUtils.java
1,CartesianProduct.java,src/main/java/com/coveros/training/cartesianproduct/CartesianProduct.java
2,FibonacciIterative.java,src/main/java/com/coveros/training/mathematics/FibonacciIterative.java
2,AckServlet.java,src/main/java/com/coveros/training/mathematics/AckServlet.java
3,basic_test.py,src/ui_tests/python/basic_test.py
3,Borrower.java,src/main/java/com/coveros/training/library/domainobjects/Borrower.java
3,librarianStepDefs.py,src/ui_tests/behave/features/steps/librarianStepDefs.py
3,fibonacciStepDefs.py,src/ui_tests/behave/features/steps/fibonacciStepDefs.py
3,ackermannStepDefs.py,src/ui_tests/behave/features/steps/ackermannStepDefs.py
3,environment.py,src/ui_tests/behave/features/environment.py
3,FunctionalField.java,src/main/java/com/coveros/training/mathematics/FunctionalField.java
3,authenticationStepDefs.py,src/ui_tests/behave/features/steps/authenticationStepDefs.py
