partitionID,className,classID
0,RegisterServlet.java,src/main/java/com/coveros/training/authentication/RegisterServlet.java
0,MathServlet.java,src/main/java/com/coveros/training/mathematics/MathServlet.java
0,AckServlet.java,src/main/java/com/coveros/training/mathematics/AckServlet.java
0,FibServlet.java,src/main/java/com/coveros/training/mathematics/FibServlet.java
0,Ackermann.java,src/main/java/com/coveros/training/mathematics/Ackermann.java
0,FibonacciIterative.java,src/main/java/com/coveros/training/mathematics/FibonacciIterative.java
0,FibonacciTests.java,src/test/java/com/coveros/training/mathematics/FibonacciTests.java
0,AckermannIterative.java,src/main/java/com/coveros/training/mathematics/AckermannIterative.java
0,LibraryBookListAvailableServlet.java,src/main/java/com/coveros/training/library/LibraryBookListAvailableServlet.java
0,LendingTests.java,src/test/java/com/coveros/training/library/LendingTests.java
0,DateUtils.java,src/test/java/com/coveros/training/helpers/DateUtils.java
0,DateUtilsTests.java,src/test/java/com/coveros/training/helpers/DateUtilsTests.java
0,BorrowerTests.java,src/test/java/com/coveros/training/library/domainobjects/BorrowerTests.java
0,UserTests.java,src/test/java/com/coveros/training/authentication/domainobjects/UserTests.java
0,LoanTests.java,src/test/java/com/coveros/training/library/domainobjects/LoanTests.java
0,RegistrationResultTests.java,src/test/java/com/coveros/training/authentication/domainobjects/RegistrationResultTests.java
0,StringUtilsTests.java,src/test/java/com/coveros/training/helpers/StringUtilsTests.java
0,PasswordResultTests.java,src/test/java/com/coveros/training/authentication/domainobjects/PasswordResultTests.java
0,AlcoholStepDefs.java,src/bdd_test/java/com/coveros/training/expenses/AlcoholStepDefs.java
0,AlcoholCalculator.java,src/main/java/com/coveros/training/expenses/AlcoholCalculator.java
0,AlcoholResult.java,src/main/java/com/coveros/training/expenses/AlcoholResult.java
0,DinnerPrices.java,src/main/java/com/coveros/training/expenses/DinnerPrices.java
0,CartesianProductStepDefs.java,src/bdd_test/java/com/coveros/training/cartesianproduct/CartesianProductStepDefs.java
0,MathStepDefs.java,src/bdd_test/java/com/coveros/training/math/MathStepDefs.java
0,FibonacciStepDefs.java,src/bdd_test/java/com/coveros/training/math/FibonacciStepDefs.java
0,AckermannStepDefs.java,src/bdd_test/java/com/coveros/training/math/AckermannStepDefs.java
0,package-info.java,src/main/java/com/coveros/training/mathematics/package-info.java
0,FunctionalField.java,src/main/java/com/coveros/training/mathematics/FunctionalField.java
0,CartesianProduct.java,src/main/java/com/coveros/training/cartesianproduct/CartesianProduct.java
0,package-info.java,src/main/java/com/coveros/training/cartesianproduct/package-info.java
0,BookTests.java,src/test/java/com/coveros/training/library/domainobjects/BookTests.java
0,LoginServlet.java,src/main/java/com/coveros/training/authentication/LoginServlet.java
0,LoginServletTests.java,src/test/java/com/coveros/training/authentication/LoginServletTests.java
1,AckermannIterativeParameterizedTests.java,src/test/java/com/coveros/training/mathematics/AckermannIterativeParameterizedTests.java
1,Calculator.java,src/main/java/com/coveros/training/mathematics/Calculator.java
1,FibonacciParameterizedTests.java,src/test/java/com/coveros/training/mathematics/FibonacciParameterizedTests.java
1,Fibonacci.java,src/main/java/com/coveros/training/mathematics/Fibonacci.java
1,AckermannParameterizedTests.java,src/test/java/com/coveros/training/mathematics/AckermannParameterizedTests.java
2,package-info.java,src/main/java/com/coveros/training/persistence/package-info.java
2,package-info.java,src/main/java/com/coveros/training/expenses/package-info.java
2,package-info.java,src/main/java/com/coveros/training/authentication/package-info.java
2,package-info.java,src/main/java/com/coveros/training/authentication/domainobjects/package-info.java
2,package-info.java,src/main/java/com/coveros/training/tomcat/package-info.java
2,package-info.java,src/main/java/com/coveros/training/helpers/package-info.java
2,package-info.java,src/main/java/com/coveros/training/library/package-info.java
2,package-info.java,src/main/java/com/coveros/training/library/domainobjects/package-info.java
2,LibraryRegisterBorrowerServlet.java,src/main/java/com/coveros/training/library/LibraryRegisterBorrowerServlet.java
2,LibraryLendServlet.java,src/main/java/com/coveros/training/library/LibraryLendServlet.java
2,LibraryLendServletTests.java,src/test/java/com/coveros/training/library/LibraryLendServletTests.java
2,LibraryUtils.java,src/main/java/com/coveros/training/library/LibraryUtils.java
2,LibraryActionResults.java,src/main/java/com/coveros/training/library/domainobjects/LibraryActionResults.java
2,Loan.java,src/main/java/com/coveros/training/library/domainobjects/Loan.java
2,IPersistenceLayer.java,src/main/java/com/coveros/training/persistence/IPersistenceLayer.java
2,PersistenceLayer.java,src/main/java/com/coveros/training/persistence/PersistenceLayer.java
2,BookCheckOutStepDefs.java,src/bdd_test/java/com/coveros/training/library/BookCheckOutStepDefs.java
2,LibraryRegisterBookServletTests.java,src/test/java/com/coveros/training/library/LibraryRegisterBookServletTests.java
2,RegisterServletTests.java,src/test/java/com/coveros/training/authentication/RegisterServletTests.java
2,MathServletTests.java,src/test/java/com/coveros/training/mathematics/MathServletTests.java
2,FibServletTests.java,src/test/java/com/coveros/training/mathematics/FibServletTests.java
2,AckServletTests.java,src/test/java/com/coveros/training/mathematics/AckServletTests.java
2,LibraryRegisterBorrowerServletTests.java,src/test/java/com/coveros/training/library/LibraryRegisterBorrowerServletTests.java
2,LibraryBorrowerListSearchServletTests.java,src/test/java/com/coveros/training/library/LibraryBorrowerListSearchServletTests.java
2,LibraryBookListSearchServletTests.java,src/test/java/com/coveros/training/library/LibraryBookListSearchServletTests.java
2,LibraryBookListAvailableServletTests.java,src/test/java/com/coveros/training/library/LibraryBookListAvailableServletTests.java
2,LibraryUtilsTests.java,src/test/java/com/coveros/training/library/LibraryUtilsTests.java
2,PersistenceLayerTests.java,src/integration_test/java/com/coveros/training/persistence/PersistenceLayerTests.java
2,AddDeleteListSearchBooksAndBorrowersStepDefs.java,src/bdd_test/java/com/coveros/training/library/AddDeleteListSearchBooksAndBorrowersStepDefs.java
2,LoginStepDefs.java,src/bdd_test/java/com/coveros/training/authentication/LoginStepDefs.java
2,StringUtils.java,src/main/java/com/coveros/training/helpers/StringUtils.java
2,RegistrationStepDefs.java,src/bdd_test/java/com/coveros/training/authentication/RegistrationStepDefs.java
2,LibraryRegisterBookServlet.java,src/main/java/com/coveros/training/library/LibraryRegisterBookServlet.java
3,WebAppListener.java,src/main/java/com/coveros/training/tomcat/WebAppListener.java
3,DbServlet.java,src/main/java/com/coveros/training/persistence/DbServlet.java
3,DbServletTests.java,src/test/java/com/coveros/training/persistence/DbServletTests.java
3,WebAppListenerTests.java,src/test/java/com/coveros/training/tomcat/WebAppListenerTests.java
4,SeleniumTests.java,src/ui_tests/java/src/test/java/com/coveros/training/SeleniumTests.java
4,SelenifiedSample.java,src/selenified_tests/java/com/coveros/training/selenified/SelenifiedSample.java
4,basic_test.py,src/ui_tests/python/basic_test.py
4,WarningLetterEnum.java,desktop_app/src/main/java/com/coveros/training/autoinsurance/WarningLetterEnum.java
4,AutoInsuranceProcessorTests.java,desktop_app/src/test/java/com/coveros/training/autoinsurance/AutoInsuranceProcessorTests.java
4,AutoInsuranceAction.java,desktop_app/src/main/java/com/coveros/training/autoinsurance/AutoInsuranceAction.java
4,AutoInsuranceProcessor.java,desktop_app/src/main/java/com/coveros/training/autoinsurance/AutoInsuranceProcessor.java
4,AutoInsuranceUI.java,desktop_app/src/main/java/com/coveros/training/autoinsurance/AutoInsuranceUI.java
4,InvalidClaimsException.java,desktop_app/src/main/java/com/coveros/training/autoinsurance/InvalidClaimsException.java
4,DesktopTester.java,desktop_app/src/test/java/com/coveros/training/autoinsurance/DesktopTester.java
4,AutoInsuranceActionTests.java,desktop_app/src/test/java/com/coveros/training/autoinsurance/AutoInsuranceActionTests.java
4,AutoInsuranceScriptServer.java,desktop_app/src/main/java/com/coveros/training/autoinsurance/AutoInsuranceScriptServer.java
4,TailRecursive.java,src/main/java/com/coveros/training/mathematics/TailRecursive.java
4,AutoInsuranceScriptClient.java,desktop_app/src/test/java/com/coveros/training/autoinsurance/AutoInsuranceScriptClient.java
4,ExecutionDataClient.java,desktop_app/src/test/java/com/coveros/training/autoinsurance/ExecutionDataClient.java
4,DesktopUiTests.java,desktop_app/src/test/java/com/coveros/training/autoinsurance/DesktopUiTests.java
4,librarianStepDefs.py,src/ui_tests/behave/features/steps/librarianStepDefs.py
4,authenticationStepDefs.py,src/ui_tests/behave/features/steps/authenticationStepDefs.py
4,environment.py,src/ui_tests/behave/features/environment.py
4,fibonacciStepDefs.py,src/ui_tests/behave/features/steps/fibonacciStepDefs.py
4,ackermannStepDefs.py,src/ui_tests/behave/features/steps/ackermannStepDefs.py
4,test_api.py,src/api_tests/test_api.py
4,ApiCalls.java,src/ui_tests/java/src/test/java/com/coveros/training/ApiCalls.java
4,HtmlUnitTests.java,src/ui_tests/java/src/test/java/com/coveros/training/HtmlUnitTests.java
5,ParameterObject.java,src/main/java/com/coveros/training/persistence/ParameterObject.java
5,ParameterObjectTests.java,src/test/java/com/coveros/training/persistence/ParameterObjectTests.java
6,PasswordResultEnums.java,src/main/java/com/coveros/training/authentication/domainobjects/PasswordResultEnums.java
6,RegistrationStatusEnums.java,src/main/java/com/coveros/training/authentication/domainobjects/RegistrationStatusEnums.java
7,CheckUtilsTests.java,src/test/java/com/coveros/training/helpers/CheckUtilsTests.java
7,CalculatorTests.java,src/test/java/com/coveros/training/mathematics/CalculatorTests.java
7,RegistrationUtilsTests.java,src/test/java/com/coveros/training/authentication/RegistrationUtilsTests.java
7,CheckUtils.java,src/main/java/com/coveros/training/helpers/CheckUtils.java
7,AssertionException.java,src/main/java/com/coveros/training/helpers/AssertionException.java
8,LoginUtils.java,src/main/java/com/coveros/training/authentication/LoginUtils.java
8,LoginUtilsTests.java,src/test/java/com/coveros/training/authentication/LoginUtilsTests.java
9,SqlDataTests.java,src/test/java/com/coveros/training/persistence/SqlDataTests.java
9,SqlData.java,src/main/java/com/coveros/training/persistence/SqlData.java
10,User.java,src/main/java/com/coveros/training/authentication/domainobjects/User.java
10,Borrower.java,src/main/java/com/coveros/training/library/domainobjects/Borrower.java
10,LibraryBorrowerListSearchServlet.java,src/main/java/com/coveros/training/library/LibraryBorrowerListSearchServlet.java
10,Book.java,src/main/java/com/coveros/training/library/domainobjects/Book.java
10,LibraryBookListSearchServlet.java,src/main/java/com/coveros/training/library/LibraryBookListSearchServlet.java
10,PasswordResult.java,src/main/java/com/coveros/training/authentication/domainobjects/PasswordResult.java
10,RegistrationResult.java,src/main/java/com/coveros/training/authentication/domainobjects/RegistrationResult.java
11,NotImplementedException.java,src/main/java/com/coveros/training/persistence/NotImplementedException.java
11,EmptyDataSource.java,src/main/java/com/coveros/training/persistence/EmptyDataSource.java
11,EmptyDataSourceTests.java,src/test/java/com/coveros/training/persistence/EmptyDataSourceTests.java
