,method,stmtLineNumber,stmt
0,<de.ecspride.MainActivity: void onCreate(android.os.Bundle)>,-1,$r10 = virtualinvoke r9.<android.telephony.TelephonyManager: java.lang.String getDeviceId()>()
1,<de.ecspride.MainActivity: void onCreate(android.os.Bundle)>,-1,r4.<android.os.Message: java.lang.Object obj> = $r10
2,<de.ecspride.MainActivity: void onCreate(android.os.Bundle)>,-1,virtualinvoke $r11.<android.os.Handler: void dispatchMessage(android.os.Message)>(r4)
3,<android.os.Handler: void dispatchMessage(android.os.Message)>,-1,virtualinvoke this.<android.os.Handler: void handleMessage(android.os.Message)>(param0)
4,<de.ecspride.LooperThread$1: void handleMessage(android.os.Message)>,-1,$r2 = $r1.<android.os.Message: java.lang.Object obj>
5,<de.ecspride.LooperThread$1: void handleMessage(android.os.Message)>,-1,$r3 = (java.lang.String) $r2
6,<de.ecspride.LooperThread$1: void handleMessage(android.os.Message)>,-1,"staticinvoke <android.util.Log: int d(java.lang.String,java.lang.String)>(""DroidBench"", $r3)"
