{
    "tool": {
        "decomposition": {
            "0": [
                {
                    "id": "Calculator.calculateAndMorePart3"
                },
                {
                    "id": "Calculator.calculateAndMore"
                },
                {
                    "id": "Fibonacci.Fibonacci"
                },
                {
                    "id": "Fibonacci.calculate"
                },
                {
                    "id": "Calculator.Calculator"
                },
                {
                    "id": "Calculator.calculateAndMorePart2"
                },
                {
                    "id": "Calculator.toStringZeroToTen"
                },
                {
                    "id": "Calculator.add"
                }
            ],
            "3": [
                {
                    "id": "TailRecursive.tailie"
                }
            ],
            "5": [
                {
                    "id": "WebAppListener.contextDestroyed"
                },
                {
                    "id": "DbServlet.DbServlet"
                },
                {
                    "id": "DbServlet.doGet"
                },
                {
                    "id": "WebAppListener.WebAppListener"
                },
                {
                    "id": "WebAppListener.contextInitialized"
                }
            ],
            "6": [
                {
                    "id": "LibraryBookListAvailableServlet.doGet"
                },
                {
                    "id": "LibraryBookListAvailableServlet.LibraryBookListAvailableServlet"
                },
                {
                    "id": "RegisterServlet.doPost"
                },
                {
                    "id": "LoginServlet.LoginServlet"
                },
                {
                    "id": "RegisterServlet.forwardToResult"
                },
                {
                    "id": "RegisterServlet.RegisterServlet"
                },
                {
                    "id": "LoginServlet.doPost"
                }
            ],
            "8": [
                {
                    "id": "CartesianProduct.CartesianProduct"
                },
                {
                    "id": "FunctionalField.untypedField"
                },
                {
                    "id": "FunctionalField.field"
                },
                {
                    "id": "CartesianProduct.calculate"
                }
            ],
            "10": [
                {
                    "id": "AlcoholResult.AlcoholResult"
                },
                {
                    "id": "DinnerPrices.DinnerPrices"
                },
                {
                    "id": "AlcoholResult.returnEmpty"
                }
            ],
            "11": [
                {
                    "id": "ParameterObject.hashCode"
                },
                {
                    "id": "ParameterObject.equals"
                },
                {
                    "id": "ParameterObject.createEmpty"
                },
                {
                    "id": "ParameterObject.ParameterObject"
                },
                {
                    "id": "ParameterObject.toString"
                },
                {
                    "id": "ParameterObject.isEmpty"
                }
            ],
            "12": [
                {
                    "id": "PasswordResultEnums.PasswordResultEnums"
                },
                {
                    "id": "PasswordResultEnums.valueOf"
                },
                {
                    "id": "RegistrationStatusEnums.RegistrationStatusEnums"
                },
                {
                    "id": "PasswordResultEnums.values"
                },
                {
                    "id": "RegistrationStatusEnums.valueOf"
                },
                {
                    "id": "RegistrationStatusEnums.values"
                }
            ],
            "13": [
                {
                    "id": "CheckUtils.mustBeTrueAtThisPoint"
                },
                {
                    "id": "CheckUtils.StringMustNotBeNullOrEmpty"
                },
                {
                    "id": "AssertionException.AssertionException"
                },
                {
                    "id": "CheckUtils.IntParameterMustBePositive"
                },
                {
                    "id": "CheckUtils.CheckUtils"
                }
            ],
            "14": [
                {
                    "id": "PersistenceLayer.areCredentialsValid"
                },
                {
                    "id": "PersistenceLayer.configureFlyway"
                },
                {
                    "id": "PersistenceLayer.PersistenceLayer"
                },
                {
                    "id": "PersistenceLayer.executeUpdateOnPreparedStatement"
                },
                {
                    "id": "IPersistenceLayer.searchBooksById"
                },
                {
                    "id": "PersistenceLayer.runBackup"
                },
                {
                    "id": "PersistenceLayer.saveNewBorrower"
                },
                {
                    "id": "IPersistenceLayer.getBorrowerName"
                },
                {
                    "id": "PersistenceLayer.listBooks"
                },
                {
                    "id": "IPersistenceLayer.listAllBorrowers"
                },
                {
                    "id": "IPersistenceLayer.updateUserWithPassword"
                },
                {
                    "id": "PersistenceLayer.runRestore"
                },
                {
                    "id": "PersistenceLayer.searchForLoanByBook"
                },
                {
                    "id": "PersistenceLayer.listAvailableBooks"
                },
                {
                    "id": "IPersistenceLayer.createLoan"
                },
                {
                    "id": "PersistenceLayer.cleanDatabase"
                },
                {
                    "id": "PersistenceLayer.saveNewUser"
                },
                {
                    "id": "IPersistenceLayer.searchForUserByName"
                },
                {
                    "id": "PersistenceLayer.deleteBook"
                },
                {
                    "id": "PersistenceLayer.executeInsertOnPreparedStatement"
                },
                {
                    "id": "IPersistenceLayer.deleteBorrower"
                },
                {
                    "id": "IPersistenceLayer.cleanDatabase"
                },
                {
                    "id": "IPersistenceLayer.listAvailableBooks"
                },
                {
                    "id": "PersistenceLayer.searchBorrowerDataByName"
                },
                {
                    "id": "PersistenceLayer.cleanAndMigrateDatabase"
                },
                {
                    "id": "IPersistenceLayer.searchBorrowersById"
                },
                {
                    "id": "IPersistenceLayer.listAllBooks"
                },
                {
                    "id": "PersistenceLayer.executeUpdateTemplate"
                },
                {
                    "id": "PersistenceLayer.updateUserWithPassword"
                },
                {
                    "id": "PersistenceLayer.searchBorrowersById"
                },
                {
                    "id": "IPersistenceLayer.searchForLoanByBook"
                },
                {
                    "id": "PersistenceLayer.deleteBorrower"
                },
                {
                    "id": "PersistenceLayer.updateBorrower"
                },
                {
                    "id": "IPersistenceLayer.updateBorrower"
                },
                {
                    "id": "PersistenceLayer.createHashedValueFromPassword"
                },
                {
                    "id": "PersistenceLayer.listAllBooks"
                },
                {
                    "id": "PersistenceLayer.throwingFunctionWrapper"
                },
                {
                    "id": "PersistenceLayer.runQuery"
                },
                {
                    "id": "PersistenceLayer.searchBooksById"
                },
                {
                    "id": "IPersistenceLayer.saveNewBorrower"
                },
                {
                    "id": "PersistenceLayer.prepareStatementWithKeys"
                },
                {
                    "id": "IPersistenceLayer.searchBorrowerDataByName"
                },
                {
                    "id": "PersistenceLayer.executeInsertTemplate"
                },
                {
                    "id": "IPersistenceLayer.deleteBook"
                },
                {
                    "id": "PersistenceLayer.migrateDatabase"
                },
                {
                    "id": "IPersistenceLayer.runRestore"
                },
                {
                    "id": "IPersistenceLayer.searchForLoanByBorrower"
                },
                {
                    "id": "PersistenceLayer.createLoan"
                },
                {
                    "id": "IPersistenceLayer.runBackup"
                },
                {
                    "id": "PersistenceLayer.obtainConnectionPool"
                },
                {
                    "id": "PersistenceLayer.searchForLoanByBorrower"
                },
                {
                    "id": "PersistenceLayer.bytesToHex"
                },
                {
                    "id": "PersistenceLayer.searchForUserByName"
                },
                {
                    "id": "PersistenceLayer.listAllBorrowers"
                },
                {
                    "id": "PersistenceLayer.searchBooksByTitle"
                },
                {
                    "id": "IPersistenceLayer.migrateDatabase"
                },
                {
                    "id": "PersistenceLayer.getBorrowerName"
                },
                {
                    "id": "PersistenceLayer.saveNewBook"
                },
                {
                    "id": "IPersistenceLayer.isEmpty"
                },
                {
                    "id": "IPersistenceLayer.saveNewUser"
                },
                {
                    "id": "PersistenceLayer.isEmpty"
                },
                {
                    "id": "IPersistenceLayer.areCredentialsValid"
                },
                {
                    "id": "PersistenceLayer.createEmpty"
                },
                {
                    "id": "IPersistenceLayer.saveNewBook"
                },
                {
                    "id": "IPersistenceLayer.cleanAndMigrateDatabase"
                },
                {
                    "id": "PersistenceLayer.createExtractor"
                },
                {
                    "id": "IPersistenceLayer.searchBooksByTitle"
                }
            ],
            "15": [
                {
                    "id": "LoginUtils.isUserRegistered"
                },
                {
                    "id": "LoginUtils.LoginUtils"
                },
                {
                    "id": "LoginUtils.isEmpty"
                },
                {
                    "id": "LoginUtils.createEmpty"
                }
            ],
            "16": [
                {
                    "id": "SqlData.equals"
                },
                {
                    "id": "SqlData.toString"
                },
                {
                    "id": "SqlData.hashCode"
                },
                {
                    "id": "SqlData.isEmpty"
                },
                {
                    "id": "SqlData.addParameter"
                },
                {
                    "id": "SqlData.generateParams"
                },
                {
                    "id": "SqlData.applyParametersToPreparedStatement"
                },
                {
                    "id": "SqlData.SqlData"
                },
                {
                    "id": "SqlData.createEmpty"
                }
            ],
            "17": [
                {
                    "id": "StringUtils.escapeForJson"
                },
                {
                    "id": "StringUtils.StringUtils"
                },
                {
                    "id": "StringUtils.makeNotNullable"
                }
            ],
            "18": [
                {
                    "id": "PasswordResult.isEmpty"
                },
                {
                    "id": "Borrower.equals"
                },
                {
                    "id": "Borrower.toOutputString"
                },
                {
                    "id": "LibraryBorrowerListSearchServlet.searchByName"
                },
                {
                    "id": "User.hashCode"
                },
                {
                    "id": "RegistrationResult.isEmpty"
                },
                {
                    "id": "PasswordResult.hashCode"
                },
                {
                    "id": "PasswordResult.PasswordResult"
                },
                {
                    "id": "Book.isEmpty"
                },
                {
                    "id": "LibraryBorrowerListSearchServlet.LibraryBorrowerListSearchServlet"
                },
                {
                    "id": "PasswordResult.toString"
                },
                {
                    "id": "LibraryBorrowerListSearchServlet.listAllBorrowers"
                },
                {
                    "id": "LibraryBookListSearchServlet.listAllBooks"
                },
                {
                    "id": "User.User"
                },
                {
                    "id": "PasswordResult.createEmpty"
                },
                {
                    "id": "PasswordResult.equals"
                },
                {
                    "id": "User.toString"
                },
                {
                    "id": "User.equals"
                },
                {
                    "id": "LibraryBookListSearchServlet.LibraryBookListSearchServlet"
                },
                {
                    "id": "Book.createEmpty"
                },
                {
                    "id": "Book.hashCode"
                },
                {
                    "id": "User.createEmpty"
                },
                {
                    "id": "RegistrationResult.toPrettyString"
                },
                {
                    "id": "Book.toString"
                },
                {
                    "id": "Book.equals"
                },
                {
                    "id": "Borrower.Borrower"
                },
                {
                    "id": "Book.toOutputString"
                },
                {
                    "id": "RegistrationResult.toString"
                },
                {
                    "id": "Borrower.toString"
                },
                {
                    "id": "LibraryBorrowerListSearchServlet.doGet"
                },
                {
                    "id": "PasswordResult.createDefault"
                },
                {
                    "id": "RegistrationResult.equals"
                },
                {
                    "id": "RegistrationResult.createEmpty"
                },
                {
                    "id": "PasswordResult.toPrettyString"
                },
                {
                    "id": "Borrower.isEmpty"
                },
                {
                    "id": "LibraryBookListSearchServlet.searchByTitle"
                },
                {
                    "id": "LibraryBorrowerListSearchServlet.searchById"
                },
                {
                    "id": "RegistrationResult.hashCode"
                },
                {
                    "id": "User.isEmpty"
                },
                {
                    "id": "Book.Book"
                },
                {
                    "id": "LibraryBookListSearchServlet.doGet"
                },
                {
                    "id": "Borrower.hashCode"
                },
                {
                    "id": "LibraryBookListSearchServlet.searchById"
                },
                {
                    "id": "Borrower.createEmpty"
                },
                {
                    "id": "RegistrationResult.RegistrationResult"
                }
            ],
            "19": [
                {
                    "id": "LibraryRegisterBookServlet.doPost"
                },
                {
                    "id": "LibraryRegisterBookServlet.LibraryRegisterBookServlet"
                },
                {
                    "id": "LibraryLendServlet.getDateNow"
                },
                {
                    "id": "LibraryLendServlet.LibraryLendServlet"
                },
                {
                    "id": "LibraryLendServlet.doPost"
                },
                {
                    "id": "LibraryRegisterBorrowerServlet.LibraryRegisterBorrowerServlet"
                },
                {
                    "id": "LibraryRegisterBorrowerServlet.doPost"
                }
            ],
            "20": [
                {
                    "id": "EmptyDataSource.EmptyDataSource"
                },
                {
                    "id": "EmptyDataSource.setLoginTimeout"
                },
                {
                    "id": "NotImplementedException.NotImplementedException"
                },
                {
                    "id": "EmptyDataSource.isWrapperFor"
                },
                {
                    "id": "EmptyDataSource.getLogWriter"
                },
                {
                    "id": "EmptyDataSource.getLoginTimeout"
                },
                {
                    "id": "EmptyDataSource.getParentLogger"
                },
                {
                    "id": "EmptyDataSource.unwrap"
                },
                {
                    "id": "EmptyDataSource.setLogWriter"
                },
                {
                    "id": "EmptyDataSource.getConnection"
                }
            ],
            "22": [
                {
                    "id": "AckServlet.forwardToResult"
                },
                {
                    "id": "FibServlet.FibServlet"
                },
                {
                    "id": "FibServlet.putNumberInRequest"
                },
                {
                    "id": "AckServlet.AckServlet"
                },
                {
                    "id": "FibServlet.defaultRecursiveCalculation"
                },
                {
                    "id": "FibServlet.forwardToResult"
                },
                {
                    "id": "FibServlet.doPost"
                },
                {
                    "id": "AckServlet.tailRecursive"
                },
                {
                    "id": "AckServlet.doPost"
                },
                {
                    "id": "FibServlet.tailRecursiveAlgo2Calc"
                },
                {
                    "id": "AckServlet.putNumberInRequest"
                },
                {
                    "id": "AckServlet.regularRecursive"
                },
                {
                    "id": "FibServlet.tailRecursiveAlgo1Calc"
                }
            ],
            "UNOBSERVED": [
                {
                    "id": "AckermannIterative$$$FunctionalAckermann.field"
                },
                {
                    "id": "TailRecursive$$.epsilon"
                },
                {
                    "id": "AckermannIterative$$.AckermannIterative$$"
                },
                {
                    "id": "TailRecursive$$.TailRecursive$$"
                },
                {
                    "id": "AckermannIterative$$[].clone"
                },
                {
                    "id": "AckermannIterative$$$FunctionalAckermann.stack"
                },
                {
                    "id": "AckermannIterative$$$FunctionalAckermann.number1"
                },
                {
                    "id": "TailRecursive$$.valueOf"
                },
                {
                    "id": "AckermannIterative$$.main"
                },
                {
                    "id": "Calculator$Baz.Calculator$Baz"
                },
                {
                    "id": "PersistenceLayer$ThrowingFunction.apply"
                },
                {
                    "id": "AckermannIterative$$.valueOf"
                },
                {
                    "id": "AckermannIterative$$$Field.valueOf"
                },
                {
                    "id": "Calculator$Baz.doThirdPartyThing"
                },
                {
                    "id": "TailRecursive$$.values"
                },
                {
                    "id": "Calculator$Foo.doComplexThing"
                },
                {
                    "id": "AckermannIterative$$$Field.values"
                },
                {
                    "id": "Calculator$Foo.Calculator$Foo"
                },
                {
                    "id": "AckermannIterative$$$Field[].clone"
                },
                {
                    "id": "PasswordResultEnums[].clone"
                },
                {
                    "id": "AckermannIterative$$$FunctionalAckermann.flag"
                },
                {
                    "id": "Calculator$Bar.doOtherComplexThing"
                },
                {
                    "id": "Calculator$iBar.doOtherComplexThing"
                },
                {
                    "id": "AckermannIterative$$$Field.AckermannIterative$$$Field"
                },
                {
                    "id": "Calculator$iFoo.doComplexThing"
                },
                {
                    "id": "Calculator$Bar.Calculator$Bar"
                },
                {
                    "id": "AckermannIterative$$.values"
                },
                {
                    "id": "LibraryActionResults[].clone"
                },
                {
                    "id": "AckermannIterative$$$FunctionalAckermann.number2"
                },
                {
                    "id": "RegistrationStatusEnums[].clone"
                },
                {
                    "id": "AckermannIterative$$$Field.ordinal"
                },
                {
                    "id": "AckermannIterative$$.tail"
                },
                {
                    "id": "TailRecursive$$[].clone"
                }
            ]
        }
    }
}