partitionID,className,classID
0,AckermannIterativeParameterizedTests.java,src/test/java/com/coveros/training/mathematics/AckermannIterativeParameterizedTests.java
0,Calculator.java,src/main/java/com/coveros/training/mathematics/Calculator.java
0,FibonacciParameterizedTests.java,src/test/java/com/coveros/training/mathematics/FibonacciParameterizedTests.java
0,Fibonacci.java,src/main/java/com/coveros/training/mathematics/Fibonacci.java
0,AckermannParameterizedTests.java,src/test/java/com/coveros/training/mathematics/AckermannParameterizedTests.java
1,package-info.java,src/main/java/com/coveros/training/authentication/package-info.java
1,package-info.java,src/main/java/com/coveros/training/authentication/domainobjects/package-info.java
2,AutoInsuranceUI.java,desktop_app/src/main/java/com/coveros/training/autoinsurance/AutoInsuranceUI.java
2,InvalidClaimsException.java,desktop_app/src/main/java/com/coveros/training/autoinsurance/InvalidClaimsException.java
3,AutoInsuranceScriptServer.java,desktop_app/src/main/java/com/coveros/training/autoinsurance/AutoInsuranceScriptServer.java
3,TailRecursive.java,src/main/java/com/coveros/training/mathematics/TailRecursive.java
3,AutoInsuranceScriptClient.java,desktop_app/src/test/java/com/coveros/training/autoinsurance/AutoInsuranceScriptClient.java
3,ExecutionDataClient.java,desktop_app/src/test/java/com/coveros/training/autoinsurance/ExecutionDataClient.java
3,AutoInsuranceActionTests.java,desktop_app/src/test/java/com/coveros/training/autoinsurance/AutoInsuranceActionTests.java
3,DesktopUiTests.java,desktop_app/src/test/java/com/coveros/training/autoinsurance/DesktopUiTests.java
4,authenticationStepDefs.py,src/ui_tests/behave/features/steps/authenticationStepDefs.py
4,librarianStepDefs.py,src/ui_tests/behave/features/steps/librarianStepDefs.py
4,basic_test.py,src/ui_tests/python/basic_test.py
4,WarningLetterEnum.java,desktop_app/src/main/java/com/coveros/training/autoinsurance/WarningLetterEnum.java
4,AutoInsuranceProcessorTests.java,desktop_app/src/test/java/com/coveros/training/autoinsurance/AutoInsuranceProcessorTests.java
4,AutoInsuranceAction.java,desktop_app/src/main/java/com/coveros/training/autoinsurance/AutoInsuranceAction.java
4,environment.py,src/ui_tests/behave/features/environment.py
4,fibonacciStepDefs.py,src/ui_tests/behave/features/steps/fibonacciStepDefs.py
4,ackermannStepDefs.py,src/ui_tests/behave/features/steps/ackermannStepDefs.py
5,WebAppListener.java,src/main/java/com/coveros/training/tomcat/WebAppListener.java
5,DbServlet.java,src/main/java/com/coveros/training/persistence/DbServlet.java
5,DbServletTests.java,src/test/java/com/coveros/training/persistence/DbServletTests.java
5,WebAppListenerTests.java,src/test/java/com/coveros/training/tomcat/WebAppListenerTests.java
6,LibraryBookListAvailableServlet.java,src/main/java/com/coveros/training/library/LibraryBookListAvailableServlet.java
6,RegisterServlet.java,src/main/java/com/coveros/training/authentication/RegisterServlet.java
6,LoginServlet.java,src/main/java/com/coveros/training/authentication/LoginServlet.java
6,LoginServletTests.java,src/test/java/com/coveros/training/authentication/LoginServletTests.java
7,BorrowerTests.java,src/test/java/com/coveros/training/library/domainobjects/BorrowerTests.java
7,UserTests.java,src/test/java/com/coveros/training/authentication/domainobjects/UserTests.java
7,LoanTests.java,src/test/java/com/coveros/training/library/domainobjects/LoanTests.java
7,BookTests.java,src/test/java/com/coveros/training/library/domainobjects/BookTests.java
8,CartesianProductStepDefs.java,src/bdd_test/java/com/coveros/training/cartesianproduct/CartesianProductStepDefs.java
8,MathStepDefs.java,src/bdd_test/java/com/coveros/training/math/MathStepDefs.java
8,FibonacciStepDefs.java,src/bdd_test/java/com/coveros/training/math/FibonacciStepDefs.java
8,AckermannStepDefs.java,src/bdd_test/java/com/coveros/training/math/AckermannStepDefs.java
8,package-info.java,src/main/java/com/coveros/training/mathematics/package-info.java
8,FunctionalField.java,src/main/java/com/coveros/training/mathematics/FunctionalField.java
8,CartesianProduct.java,src/main/java/com/coveros/training/cartesianproduct/CartesianProduct.java
8,package-info.java,src/main/java/com/coveros/training/cartesianproduct/package-info.java
9,LibraryBookListSearchServletTests.java,src/test/java/com/coveros/training/library/LibraryBookListSearchServletTests.java
9,LibraryBorrowerListSearchServletTests.java,src/test/java/com/coveros/training/library/LibraryBorrowerListSearchServletTests.java
9,LibraryRegisterBorrowerServletTests.java,src/test/java/com/coveros/training/library/LibraryRegisterBorrowerServletTests.java
9,LibraryBookListAvailableServletTests.java,src/test/java/com/coveros/training/library/LibraryBookListAvailableServletTests.java
10,AlcoholResult.java,src/main/java/com/coveros/training/expenses/AlcoholResult.java
10,DinnerPrices.java,src/main/java/com/coveros/training/expenses/DinnerPrices.java
11,ParameterObject.java,src/main/java/com/coveros/training/persistence/ParameterObject.java
11,ParameterObjectTests.java,src/test/java/com/coveros/training/persistence/ParameterObjectTests.java
12,PasswordResultEnums.java,src/main/java/com/coveros/training/authentication/domainobjects/PasswordResultEnums.java
12,RegistrationStatusEnums.java,src/main/java/com/coveros/training/authentication/domainobjects/RegistrationStatusEnums.java
13,CheckUtilsTests.java,src/test/java/com/coveros/training/helpers/CheckUtilsTests.java
13,CalculatorTests.java,src/test/java/com/coveros/training/mathematics/CalculatorTests.java
13,RegistrationUtilsTests.java,src/test/java/com/coveros/training/authentication/RegistrationUtilsTests.java
13,CheckUtils.java,src/main/java/com/coveros/training/helpers/CheckUtils.java
13,AssertionException.java,src/main/java/com/coveros/training/helpers/AssertionException.java
14,IPersistenceLayer.java,src/main/java/com/coveros/training/persistence/IPersistenceLayer.java
14,PersistenceLayer.java,src/main/java/com/coveros/training/persistence/PersistenceLayer.java
15,LoginUtils.java,src/main/java/com/coveros/training/authentication/LoginUtils.java
15,LoginUtilsTests.java,src/test/java/com/coveros/training/authentication/LoginUtilsTests.java
16,SqlDataTests.java,src/test/java/com/coveros/training/persistence/SqlDataTests.java
16,SqlData.java,src/main/java/com/coveros/training/persistence/SqlData.java
17,BookCheckOutStepDefs.java,src/bdd_test/java/com/coveros/training/library/BookCheckOutStepDefs.java
17,LibraryUtilsTests.java,src/test/java/com/coveros/training/library/LibraryUtilsTests.java
17,PersistenceLayerTests.java,src/integration_test/java/com/coveros/training/persistence/PersistenceLayerTests.java
17,AddDeleteListSearchBooksAndBorrowersStepDefs.java,src/bdd_test/java/com/coveros/training/library/AddDeleteListSearchBooksAndBorrowersStepDefs.java
17,LoginStepDefs.java,src/bdd_test/java/com/coveros/training/authentication/LoginStepDefs.java
17,StringUtils.java,src/main/java/com/coveros/training/helpers/StringUtils.java
17,RegistrationStepDefs.java,src/bdd_test/java/com/coveros/training/authentication/RegistrationStepDefs.java
18,User.java,src/main/java/com/coveros/training/authentication/domainobjects/User.java
18,Borrower.java,src/main/java/com/coveros/training/library/domainobjects/Borrower.java
18,LibraryBorrowerListSearchServlet.java,src/main/java/com/coveros/training/library/LibraryBorrowerListSearchServlet.java
18,Book.java,src/main/java/com/coveros/training/library/domainobjects/Book.java
18,LibraryBookListSearchServlet.java,src/main/java/com/coveros/training/library/LibraryBookListSearchServlet.java
18,PasswordResult.java,src/main/java/com/coveros/training/authentication/domainobjects/PasswordResult.java
18,RegistrationResult.java,src/main/java/com/coveros/training/authentication/domainobjects/RegistrationResult.java
19,LibraryLendServlet.java,src/main/java/com/coveros/training/library/LibraryLendServlet.java
19,LibraryLendServletTests.java,src/test/java/com/coveros/training/library/LibraryLendServletTests.java
19,LibraryRegisterBorrowerServlet.java,src/main/java/com/coveros/training/library/LibraryRegisterBorrowerServlet.java
19,package-info.java,src/main/java/com/coveros/training/library/domainobjects/package-info.java
19,package-info.java,src/main/java/com/coveros/training/library/package-info.java
19,LibraryRegisterBookServlet.java,src/main/java/com/coveros/training/library/LibraryRegisterBookServlet.java
20,NotImplementedException.java,src/main/java/com/coveros/training/persistence/NotImplementedException.java
20,EmptyDataSource.java,src/main/java/com/coveros/training/persistence/EmptyDataSource.java
20,EmptyDataSourceTests.java,src/test/java/com/coveros/training/persistence/EmptyDataSourceTests.java
21,DateUtils.java,src/test/java/com/coveros/training/helpers/DateUtils.java
21,DateUtilsTests.java,src/test/java/com/coveros/training/helpers/DateUtilsTests.java
22,AckServlet.java,src/main/java/com/coveros/training/mathematics/AckServlet.java
22,FibServlet.java,src/main/java/com/coveros/training/mathematics/FibServlet.java
