{
    "all-groups": {
        "group0": [
            "chrome_paths_internal", 
            "chrome_paths_linux"
        ], 
        "group1": [
            "cairo-hash", 
            "cairo-hash-private"
        ], 
        "group2": [
            "nsContentIterator", 
            "nsIContentIterator"
        ], 
        "group3": [
            "nsINodeInfo", 
            "nsNodeInfo"
        ], 
        "group4": [
            "nsBeOSCharset", 
            "nsOS2Charset"
        ], 
        "group5": [
            "cairo-paginated-surface-private", 
            "cairo-paginated-surface"
        ], 
        "group6": [
            "nsPluginArray", 
            "nsMimeTypeArray"
        ], 
        "group7": [
            "nsSVGPathSeg", 
            "nsSVGPathSegList"
        ], 
        "group8": [
            "nsBrowserProfileMigratorUtils", 
            "nsMacIEProfileMigrator"
        ], 
        "group9": [
            "nsAuthSSPI", 
            "nsAuthSambaNTLM", 
            "nsAuth"
        ], 
        "group10": [
            "nsDOMStorageDBWrapper", 
            "nsDOMStorageMemoryDB", 
            "nsDOMStoragePersistentDB"
        ], 
        "group11": [
            "nsSVGForeignObjectElement", 
            "nsSVGDefsElement"
        ], 
        "group12": [
            "x11_util_internal", 
            "x11_util"
        ], 
        "group13": [
            "native_widget_types", 
            "native_widget_types_gtk"
        ], 
        "group14": [
            "cairo-dwrite-font", 
            "cairo-dwrite-private"
        ], 
        "group15": [
            "debug_util_win", 
            "debug_util", 
            "debug_util_posix"
        ], 
        "group16": [
            "nsMathMLElementFactory", 
            "nsMathMLElement"
        ], 
        "group17": [
            "message_pump_default", 
            "MessagePump"
        ], 
        "group18": [
            "GeckoChildProcessHost", 
            "child_process_host"
        ], 
        "group19": [
            "stats_counters", 
            "stats_table"
        ], 
        "group20": [
            "nsBIG5HKSCSToUnicode", 
            "nsUnicodeToBIG5HKSCS"
        ], 
        "group21": [
            "nsAccessibilityService", 
            "nsAccessibilityFactory"
        ], 
        "group22": [
            "nsXHTMLContentSerializer", 
            "nsHTMLContentSerializer"
        ], 
        "group23": [
            "platform_util_linux", 
            "platform_util"
        ], 
        "group24": [
            "nsIEventStateManager", 
            "nsEventStateManager"
        ], 
        "group25": [
            "idle_timer", 
            "idle_timer_none"
        ], 
        "group26": [
            "nsSVGMaskElement", 
            "nsSVGStylableElement", 
            "nsSVGStopElement"
        ], 
        "group27": [
            "cairo-type1-subset", 
            "cairo-cff-subset"
        ], 
        "group28": [
            "native_web_keyboard_event_linux", 
            "native_web_keyboard_event", 
            "native_web_keyboard_event_win"
        ], 
        "group29": [
            "nsCaseConversionImp2", 
            "nsICaseConversion"
        ], 
        "group30": [
            "pixman-compose-accessors", 
            "pixman-compose"
        ], 
        "group31": [
            "nsUnicodeToISO88591", 
            "nsISO88591ToUnicode"
        ], 
        "group32": [
            "directory_watcher_stub", 
            "directory_watcher"
        ], 
        "group33": [
            "cairo-mutex-impl-private", 
            "cairo-mutex-type-private", 
            "cairo-mutex"
        ], 
        "group34": [
            "nsMutationEvent", 
            "nsDOMMutationEvent"
        ], 
        "group35": [
            "nsGB2312Prober", 
            "nsEUCTWProber"
        ], 
        "group36": [
            "nsDOMException", 
            "nsIBaseDOMException"
        ], 
        "group37": [
            "nsSMILTimeValueSpec", 
            "nsSMILTimeValue"
        ], 
        "group38": [
            "nsScriptElement", 
            "nsIScriptElement"
        ], 
        "group39": [
            "pixman-arm-simd-asm", 
            "pixman-arm-simd"
        ], 
        "group40": [
            "nsOperaProfileMigrator", 
            "nsSafariProfileMigrator", 
            "nsPhoenixProfileMigrator"
        ], 
        "group41": [
            "cairo-path-fixed", 
            "cairo-path-fixed-private"
        ], 
        "group42": [
            "nsISO88596ToUnicode", 
            "nsISO88596IToUnicode"
        ], 
        "group43": [
            "ipc_channel_posix", 
            "ipc_channel_win"
        ], 
        "group44": [
            "nsThebesRegion", 
            "nsIRegion"
        ], 
        "group45": [
            "nsARIAGridAccessible", 
            "nsARIAGridAccessibleWrap"
        ], 
        "group46": [
            "nsDogbertProfileMigrator", 
            "nsSeamonkeyProfileMigrator"
        ], 
        "group47": [
            "nsCyrillicProb", 
            "nsCyrillicClass"
        ], 
        "group48": [
            "nsPosixLocale", 
            "nsIPosixLocale"
        ], 
        "group49": [
            "devtools_messages_internal", 
            "devtools_messages"
        ], 
        "group50": [
            "nsDOMPageTransitionEvent", 
            "nsDOMTransitionEvent"
        ], 
        "group51": [
            "transform-sse1", 
            "transform-sse2"
        ], 
        "group52": [
            "cairo-region", 
            "cairo-region-private"
        ], 
        "group53": [
            "nsIRange", 
            "nsRange"
        ], 
        "group54": [
            "nsHTMLBodyElement", 
            "nsHTMLTableColElement"
        ], 
        "group55": [
            "nsIRadioVisitor", 
            "nsIRadioControlElement"
        ], 
        "group56": [
            "nsXULMenuAccessibleWrap", 
            "nsXULMenuAccessible"
        ], 
        "group57": [
            "CAccessibleComponent", 
            "CAccessibleTable"
        ], 
        "group58": [
            "nsEscCharsetProber", 
            "nsEscSM"
        ], 
        "group59": [
            "lock_impl_win", 
            "lock_impl_posix"
        ], 
        "group60": [
            "nsXULTreeGridAccessibleWrap", 
            "nsXULTreeGridAccessible", 
            "nsXULTreeAccessible"
        ], 
        "group61": [
            "cairo-output-stream-private", 
            "cairo-output-stream"
        ], 
        "group62": [
            "win_util", 
            "win_safe_util"
        ], 
        "group63": [
            "gfxPlatformGtk", 
            "gfxQtPlatform", 
            "gfxPlatform", 
            "gfxOS2Platform"
        ], 
        "group64": [
            "nsDOMFile", 
            "nsDOMFileReader"
        ], 
        "group65": [
            "nsIDeviceContext", 
            "nsThebesDeviceContext"
        ], 
        "group66": [
            "morkUniqRowCursor", 
            "morkSearchRowCursor", 
            "morkTableRowCursor"
        ], 
        "group67": [
            "nsHTMLMediaElement", 
            "nsHTMLMediaError"
        ], 
        "group68": [
            "morkThumb", 
            "morkQuickSort"
        ], 
        "group69": [
            "nsDateTimeFormatMac", 
            "nsDateTimeFormatWin"
        ], 
        "group70": [
            "nsISO88598EToUnicode", 
            "nsISO88598ToUnicode"
        ], 
        "group71": [
            "cairo-quartz-image-surface", 
            "cairo-quartz-surface"
        ], 
        "group72": [
            "cairo-qpainter", 
            "cairo-qpainter-surface"
        ], 
        "group73": [
            "nsXPathEvaluator", 
            "nsIXPathEvaluatorInternal"
        ], 
        "group74": [
            "nsSVGFeaturesList", 
            "nsSVGFeatures"
        ], 
        "group75": [
            "strlcpy-internal", 
            "strlcpy"
        ], 
        "group76": [
            "WebGLContextGL", 
            "WebGLContext", 
            "WebGLContextValidate"
        ], 
        "group77": [
            "sqlite_compiled_statement", 
            "cookie_monster_sqlite"
        ], 
        "group78": [
            "ChildTimer", 
            "StreamNotifyChild", 
            "PluginInstanceChild", 
            "BrowserStreamChild"
        ], 
        "group79": [
            "nsUnicodeToT61", 
            "nsT61ToUnicode"
        ], 
        "group80": [
            "txPatternOptimizer", 
            "txXSLTPatterns", 
            "txPatternParser"
        ], 
        "group81": [
            "SharedDIB", 
            "SharedDIBWin"
        ], 
        "group82": [
            "base_paths_win", 
            "base_paths", 
            "base_paths_linux"
        ], 
        "group83": [
            "LangBulgarianModel", 
            "LangHungarianModel", 
            "LangThaiModel", 
            "LangHebrewModel", 
            "LangGreekModel"
        ], 
        "group84": [
            "morkRowSpace", 
            "morkSpace"
        ], 
        "group85": [
            "txXSLTNumber", 
            "txXSLTNumberCounters"
        ], 
        "group86": [
            "txElement", 
            "txAttr"
        ], 
        "group87": [
            "nsLocaleService", 
            "nsLocale"
        ], 
        "group88": [
            "string_util_icu", 
            "file_util_icu", 
            "icu_util"
        ], 
        "group89": [
            "nsStringBundle", 
            "nsStringBundleService"
        ], 
        "group90": [
            "ref_counted_util", 
            "ref_counted"
        ], 
        "group91": [
            "cairo-path-bounds", 
            "cairo-path-stroke"
        ], 
        "group92": [
            "mozISanitizingSerializer", 
            "mozSanitizingSerializer"
        ], 
        "group93": [
            "nsUConvModule", 
            "nsUConvCID"
        ], 
        "group94": [
            "directory_watcher_mac", 
            "directory_watcher_win"
        ], 
        "group95": [
            "cairo-glitz-private", 
            "cairo-glitz"
        ], 
        "group96": [
            "nsSystemFontsWin", 
            "nsSystemFontsQt", 
            "nsSystemFontsGTK2"
        ], 
        "group97": [
            "SharedMemory", 
            "SharedMemory_windows"
        ], 
        "group98": [
            "gfxWindowsSurface", 
            "gfxXlibSurface"
        ], 
        "group99": [
            "process_util", 
            "process_util_linux"
        ], 
        "group100": [
            "nsSystemPrefLog", 
            "nsSystemPref"
        ], 
        "group101": [
            "nsIStyleSheetLinkingElement", 
            "nsHTMLStyleElement"
        ], 
        "group102": [
            "nsCharsetAliasImp", 
            "nsCharsetAlias"
        ], 
        "group103": [
            "PluginLibrary", 
            "PluginPRLibrary"
        ], 
        "group104": [
            "mozSpellCheckerFactory", 
            "mozSpellChecker"
        ], 
        "group105": [
            "nsRootAccessibleWrap", 
            "nsRootAccessible"
        ], 
        "group106": [
            "nsIMetaCharsetService", 
            "nsMetaCharsetObserver"
        ], 
        "group107": [
            "gfxDWriteTextAnalysis", 
            "gfxDWriteShaper"
        ], 
        "group108": [
            "nsSVGAngle", 
            "nsSVGMetadataElement"
        ], 
        "group109": [
            "nsSVGSetElement", 
            "nsSVGAnimationElement"
        ], 
        "group110": [
            "nsUnicodeToCP864", 
            "nsUnicodeToCP864i"
        ], 
        "group111": [
            "nsTemplateMatch", 
            "nsTemplateRule"
        ], 
        "group112": [
            "cairo-user-font", 
            "cairo-user-font-private"
        ], 
        "group113": [
            "nsLanguageAtomService", 
            "nsILanguageAtomService"
        ], 
        "group114": [
            "arm-wince-as", 
            "arm-wince-res", 
            "arm-wince-lib"
        ], 
        "group115": [
            "pixman-solid-fill", 
            "pixman-implementation", 
            "pixman-combine64", 
            "pixman-general", 
            "pixman-timer"
        ], 
        "group116": [
            "WebGLArray", 
            "WebGLContextNotSupported"
        ], 
        "group117": [
            "nsSMILNullType", 
            "SMILEnumType", 
            "SMILBoolType", 
            "nsSMILFloatType", 
            "SMILIntegerType"
        ], 
        "group118": [
            "cairo-xlib-surface", 
            "cairo-xlib-surface-private"
        ], 
        "group119": [
            "NPEventWindows", 
            "NPEventX11"
        ], 
        "group120": [
            "nsIRenderingContext", 
            "nsThebesRenderingContext"
        ], 
        "group121": [
            "cairo-ddraw", 
            "cairo-ddraw-private"
        ], 
        "group122": [
            "file_version_info_linux", 
            "file_version_info"
        ], 
        "group123": [
            "shared_memory_posix", 
            "shared_memory_win"
        ], 
        "group124": [
            "pixman", 
            "pixman-region32", 
            "pixman-trap", 
            "pixman-matrix", 
            "pixman-pict"
        ], 
        "group125": [
            "nsXMLEncodingObserver", 
            "nsIXMLEncodingService"
        ], 
        "group126": [
            "nsCollationUnix", 
            "nsCollationOS2", 
            "nsCollation"
        ], 
        "group127": [
            "platform_file_posix", 
            "platform_file"
        ], 
        "group128": [
            "ipc_message", 
            "ipc_sync_message"
        ], 
        "group129": [
            "nsJSTimeoutHandler", 
            "nsIScriptTimeoutHandler"
        ], 
        "group130": [
            "security_filter_peer", 
            "filter_policy"
        ], 
        "group131": [
            "nsGfxCIID", 
            "nsThebesGfxFactory"
        ], 
        "group132": [
            "morkCellObject", 
            "morkCell"
        ], 
        "group133": [
            "gfxAtomList", 
            "gfxAtoms"
        ], 
        "group134": [
            "event_recorder", 
            "event_recorder_stubs"
        ], 
        "group135": [
            "nsCP1253ToUnicode", 
            "nsUnicodeToCP1253"
        ], 
        "group136": [
            "nsINameSpaceManager", 
            "nsNameSpaceManager"
        ], 
        "group137": [
            "nsApplicationAccessibleWrap", 
            "nsApplicationAccessible"
        ], 
        "group138": [
            "nsUnicodeToMacRoman", 
            "nsMacRomanToUnicode"
        ], 
        "group139": [
            "cairo-fixed-private", 
            "cairo-fixed-type-private"
        ], 
        "group140": [
            "nsDOMClassInfoClasses", 
            "nsDOMClassInfoID"
        ], 
        "group141": [
            "nsIScriptRuntime", 
            "nsScriptLoader"
        ], 
        "group142": [
            "nsSVGTextContentElement", 
            "nsSVGTextElement"
        ], 
        "group143": [
            "mozEnglishWordUtils", 
            "mozGenericWordUtils"
        ], 
        "group144": [
            "gfxColor", 
            "gfxPattern"
        ], 
        "group145": [
            "gssapi", 
            "nsAuthGSSAPI"
        ], 
        "group146": [
            "Layers", 
            "BasicLayers"
        ], 
        "group147": [
            "sys_string_conversions", 
            "sys_string_conversions_linux", 
            "sys_string_conversions_win"
        ], 
        "group148": [
            "nsXULListboxAccessible", 
            "nsXULListboxAccessibleWrap"
        ], 
        "group149": [
            "message_pump_mac", 
            "message_pump_win"
        ], 
        "group150": [
            "nsUnicodeToEUCTW", 
            "nsEUCTWToUnicode"
        ], 
        "group151": [
            "nsCompressedCharMap", 
            "nsICharRepresentable"
        ], 
        "group152": [
            "cairo-surface-fallback-private", 
            "cairo-surface-fallback"
        ], 
        "group153": [
            "txGenerateIdFunctionCall", 
            "txCurrentFunctionCall"
        ], 
        "group154": [
            "nsMaiInterfaceText", 
            "nsMaiInterfaceEditableText"
        ], 
        "group155": [
            "cairo-win32-printing-surface", 
            "cairo-win32-surface"
        ], 
        "group156": [
            "ThebesLayerOGL", 
            "ContainerLayerOGL"
        ], 
        "group157": [
            "cairo-wideint", 
            "cairo-wideint-type-private"
        ], 
        "group158": [
            "nsPrivateTextRange", 
            "nsIPrivateTextRange"
        ], 
        "group159": [
            "nsSVGDataParser", 
            "nsSVGPathDataParser"
        ], 
        "group160": [
            "txBooleanResult", 
            "txStringResult", 
            "txNumberResult", 
            "txExprResult"
        ], 
        "group161": [
            "nsContentList", 
            "nsINodeList"
        ], 
        "group162": [
            "transport_dib", 
            "transport_dib_linux"
        ], 
        "group163": [
            "nsUnicodeToCP862", 
            "nsCP862ToUnicode"
        ], 
        "group164": [
            "nsComplexBreaker", 
            "nsPangoBreaker", 
            "nsUniscribeBreaker", 
            "nsCarbonBreaker"
        ], 
        "group165": [
            "nsUnicodeToMacIcelandic", 
            "nsUnicodeToZapfDingbat", 
            "nsMacIcelandicToUnicode"
        ], 
        "group166": [
            "nsUnicodeToVISCII", 
            "nsVISCIIToUnicode"
        ], 
        "group167": [
            "pixman-sse2", 
            "pixman-vmx", 
            "pixman-combine32"
        ], 
        "group168": [
            "nsCP864ToUnicode", 
            "nsCP864iToUnicode"
        ], 
        "group169": [
            "nsDOMOrientationEvent", 
            "nsDOMEvent", 
            "nsDOMPopStateEvent", 
            "nsDOMBeforeUnloadEvent", 
            "nsDOMCommandEvent", 
            "nsDOMMessageEvent", 
            "nsDOMProgressEvent"
        ], 
        "group170": [
            "txTextHandler", 
            "txTextOutput"
        ], 
        "group171": [
            "nsUnicodeToJohab", 
            "nsJohabToUnicode"
        ], 
        "group172": [
            "txError", 
            "txErrorExpr"
        ], 
        "group173": [
            "nsIwin32LocaleImpl", 
            "nsIWin32LocaleImpl", 
            "nsIWin32Locale"
        ], 
        "group174": [
            "clipboard", 
            "clipboard_linux"
        ], 
        "group175": [
            "gfxOS2Fonts", 
            "gfxFont", 
            "gfxPangoFonts"
        ], 
        "group176": [
            "atomicops_internals_x86_macosx", 
            "atomicops_internals_x86_gcc", 
            "atomicops", 
            "atomicops_internals_x86_msvc", 
            "atomicops_internals_arm_gcc"
        ], 
        "group177": [
            "nsGLPbuffer", 
            "nsGLPbufferOSMesa"
        ], 
        "group178": [
            "txXPathTreeWalker", 
            "txStandaloneXPathTreeWalker"
        ], 
        "group179": [
            "keyboard_codes", 
            "keyboard_codes_posix"
        ], 
        "group180": [
            "nsSVGPolyElement", 
            "nsSVGPolylineElement"
        ], 
        "group181": [
            "nsWyciwygProtocolHandler", 
            "nsWyciwygChannel"
        ], 
        "group182": [
            "cairo-path-fill", 
            "cairo-path-in-fill"
        ], 
        "group183": [
            "cairo-arc-private", 
            "cairo-arc"
        ], 
        "group184": [
            "nsCP1131ToUnicode", 
            "nsUnicodeToCP1131"
        ], 
        "group185": [
            "nsThebesFontMetrics", 
            "nsIThebesFontMetrics", 
            "nsIFontMetrics"
        ], 
        "group186": [
            "xpidl_javastub", 
            "xpidl_doc", 
            "xpidl_idl", 
            "xpidl_typelib", 
            "xpidl_header", 
            "xpidl"
        ], 
        "group187": [
            "nsGLPbufferEGL", 
            "nsGLPbufferGLX", 
            "nsGLPbufferWGL"
        ], 
        "group188": [
            "nsIFormSubmission", 
            "nsFormSubmission"
        ], 
        "group189": [
            "nsXBLBinding", 
            "nsXBLPrototypeBinding", 
            "nsXBLService"
        ], 
        "group190": [
            "epoll_sub", 
            "epoll"
        ], 
        "group191": [
            "nsUnicodeToISO88598E", 
            "nsUnicodeToISO88598"
        ], 
        "group192": [
            "condition_variable_posix", 
            "condition_variable"
        ], 
        "group193": [
            "nsIDOMMouseMotionListener", 
            "nsIDOMMouseListener"
        ], 
        "group194": [
            "StreamNotifyParent", 
            "PluginStreamParent"
        ], 
        "group195": [
            "cairo-ft-private", 
            "cairo-ft"
        ], 
        "group196": [
            "nsJavaXPTCStubWeakRef", 
            "nsJavaXPTCStub"
        ], 
        "group197": [
            "nsEventListenerManager", 
            "nsIEventListenerManager"
        ], 
        "group198": [
            "cairo-xlib-display", 
            "cairo-xlib-visual"
        ], 
        "group199": [
            "nsColorNameList", 
            "nsColor"
        ], 
        "group200": [
            "nsUnicodeToCP1252", 
            "nsCP1252ToUnicode"
        ], 
        "group201": [
            "cairo-gstate", 
            "cairo-gstate-private"
        ], 
        "group202": [
            "nsMediaCache", 
            "nsMediaStream"
        ], 
        "group203": [
            "nsLayoutDebugCIID", 
            "nsLayoutDebugCLH", 
            "nsDebugFactory"
        ], 
        "group204": [
            "nsAuthFactory", 
            "nsAuthSASL"
        ], 
        "group205": [
            "plugin_messages_internal", 
            "worker_messages_internal"
        ], 
        "group206": [
            "cairo-spans-private", 
            "cairo-spans"
        ], 
        "group207": [
            "nsMaiInterfaceTable", 
            "nsMaiInterfaceComponent"
        ], 
        "group208": [
            "nsUnicodeToISO88596E", 
            "nsUnicodeToISO88596"
        ], 
        "group209": [
            "waitable_event_watcher_posix", 
            "waitable_event_watcher"
        ], 
        "group210": [
            "txXPathOptimizer", 
            "txPathExpr"
        ], 
        "group211": [
            "cairo-scaled-font-private", 
            "cairo-scaled-font"
        ], 
        "group212": [
            "PluginIdentifierChild", 
            "PluginModuleChild", 
            "ChildAsyncCall"
        ], 
        "group213": [
            "cairo-xcb-surface", 
            "cairo-xcb-xrender", 
            "cairo-xcb"
        ], 
        "group214": [
            "nsHTMLDelElement", 
            "nsHTMLButtonElement", 
            "nsHTMLMetaElement"
        ], 
        "group215": [
            "evrpc-internal", 
            "evrpc"
        ], 
        "group216": [
            "nsXULContentBuilder", 
            "nsXULContentUtils"
        ], 
        "group217": [
            "nsCP1125ToUnicode", 
            "nsUnicodeToCP1125"
        ], 
        "group218": [
            "nsXBLProtoImplField", 
            "nsXBLProtoImpl"
        ], 
        "group219": [
            "nsHTMLParagraphElement", 
            "nsHTMLDivElement"
        ], 
        "group220": [
            "notification_registrar", 
            "notification_observer"
        ], 
        "group221": [
            "arm-wince-gcc", 
            "arm-wince-link"
        ], 
        "group222": [
            "nsCP869ToUnicode", 
            "nsUnicodeToCP869"
        ], 
        "group223": [
            "nsDOMWorkerNavigator", 
            "nsDOMWorkerMacros", 
            "nsDOMWorkerLocation"
        ], 
        "group224": [
            "nsCookiePromptService", 
            "nsCookieModule"
        ], 
        "group225": [
            "nsIOptionElement", 
            "nsHTMLOptionElement"
        ], 
        "group226": [
            "file_util_posix", 
            "file_util"
        ], 
        "group227": [
            "http", 
            "http-internal"
        ], 
        "group228": [
            "nsUnicodeToKOI8R", 
            "nsKOI8UToUnicode"
        ], 
        "group229": [
            "morkDeque", 
            "morkZone"
        ], 
        "group230": [
            "nsSVGEllipseElement", 
            "nsSVGGradientElement"
        ], 
        "group231": [
            "nsAutoCompleteCollector", 
            "nsProfileCollector"
        ], 
        "group232": [
            "morkYarn", 
            "morkArray"
        ], 
        "group233": [
            "notification_details", 
            "notification_service", 
            "notification_source"
        ], 
        "group234": [
            "nsSystemPrefFactory", 
            "nsSystemPrefService"
        ], 
        "group235": [
            "message_pump_glib", 
            "message_pump_qt"
        ], 
        "group236": [
            "nsXULFormControlAccessible", 
            "nsFormControlAccessible"
        ], 
        "group237": [
            "txFilterExpr", 
            "txBooleanExpr", 
            "txUnaryExpr", 
            "txExpr", 
            "txNumberExpr", 
            "txUnionExpr", 
            "txLiteralExpr"
        ], 
        "group238": [
            "signature_verifier_nss", 
            "signature_verifier"
        ], 
        "group239": [
            "nsXBLProtoImplMember", 
            "nsXBLProtoImplProperty"
        ], 
        "group240": [
            "cairo-quartz-private", 
            "cairo-quartz-font"
        ], 
        "group241": [
            "nsIDocument", 
            "nsDocument"
        ], 
        "group242": [
            "nsMaiHyperlink", 
            "nsMaiInterfaceHyperlinkImpl"
        ], 
        "group243": [
            "woff", 
            "woff-private"
        ], 
        "group244": [
            "cairo-svg", 
            "cairo-svg-surface"
        ], 
        "group245": [
            "nsXMLContentSink", 
            "nsXMLFragmentContentSink"
        ], 
        "group246": [
            "morkTable", 
            "morkFactory"
        ], 
        "group247": [
            "nsDOMWorkerScriptLoader", 
            "nsDOMWorker", 
            "nsDOMWorkerTimeout", 
            "nsDOMWorkerSecurityManager"
        ], 
        "group248": [
            "nsXFormsFormControlsAccessible", 
            "nsXFormsAccessible"
        ], 
        "group249": [
            "nsUnicodeToMacFarsi", 
            "nsMacFarsiToUnicode"
        ], 
        "group250": [
            "nsSystemFontsBeOS", 
            "nsSystemFontsOS2"
        ], 
        "group251": [
            "transport_dib_win", 
            "transport_dib_mac"
        ], 
        "group252": [
            "nsMacCyrillicToUnicode", 
            "nsUnicodeToMacCyrillic"
        ], 
        "group253": [
            "nsDataDocumentContentPolicy", 
            "nsNoDataProtocolContentPolicy"
        ], 
        "group254": [
            "nsReadConfig", 
            "nsConfigFactory", 
            "nsAutoConfig"
        ], 
        "group255": [
            "chrome_plugin_lib", 
            "chrome_plugin_api"
        ], 
        "group256": [
            "gfxRect", 
            "gfxPoint", 
            "gfxContext", 
            "gfxBlur"
        ], 
        "group257": [
            "nsXBLPrototypeResources", 
            "nsXBLResourceLoader"
        ], 
        "group258": [
            "nsXMLStylesheetPI", 
            "nsXMLProcessingInstruction"
        ], 
        "group259": [
            "nsUCvTWCID", 
            "nsUCvTW2CID", 
            "nsUCvKOCID", 
            "nsUCvCnCID", 
            "nsUCvIBMCID", 
            "nsUCvLatinCID"
        ], 
        "group260": [
            "cairo-image-info-private", 
            "cairo-image-info"
        ], 
        "group261": [
            "nsSVGAnimateElement", 
            "nsSVGAnimateTransformElement"
        ], 
        "group262": [
            "nsSMILSetAnimationFunction", 
            "nsSMILAnimationFunction"
        ], 
        "group263": [
            "process_watcher_posix", 
            "process_watcher"
        ], 
        "group264": [
            "nsScriptableDateFormat", 
            "nsDateTimeFormatCID"
        ], 
        "group265": [
            "nsDOMWorkerXHRProxy", 
            "nsDOMWorkerXHRProxiedFunctions"
        ], 
        "group266": [
            "nsMacLocale", 
            "nsIMacLocale"
        ], 
        "group267": [
            "cairo-truetype-subset", 
            "cairo-truetype-subset-private"
        ], 
        "group268": [
            "cairo-skiplist", 
            "cairo-skiplist-private"
        ], 
        "group269": [
            "nsCP1258ToUnicode", 
            "nsUnicodeToCP1258"
        ], 
        "group270": [
            "cairo-clip", 
            "cairo-clip-private"
        ], 
        "group271": [
            "observer_list_threadsafe", 
            "observer_list"
        ], 
        "group272": [
            "nsDOMMouseEvent", 
            "nsDOMMouseScrollEvent"
        ], 
        "group273": [
            "url_constants", 
            "url_pattern"
        ], 
        "group274": [
            "time_posix", 
            "time_mac"
        ], 
        "group275": [
            "nsTextFragment", 
            "nsPlainTextSerializer"
        ], 
        "group276": [
            "native_library_linux", 
            "native_library_win", 
            "native_library"
        ], 
        "group277": [
            "nsScriptNameSpaceManager", 
            "nsIScriptNameSpaceManager"
        ], 
        "group278": [
            "mozAccessibleWrapper", 
            "mozAccessible"
        ], 
        "group279": [
            "txExprLexer", 
            "txExprParser"
        ], 
        "group280": [
            "waitable_event", 
            "waitable_event_posix"
        ], 
        "group281": [
            "morkBead", 
            "morkHandle"
        ], 
        "group282": [
            "nsVideoDocument", 
            "nsMediaDocument"
        ], 
        "group283": [
            "cairo-cache", 
            "cairo-cache-private"
        ], 
        "group284": [
            "nsICanvasRenderingContextInternal", 
            "nsCanvasRenderingContext2D"
        ], 
        "group285": [
            "pixman-edge-imp", 
            "pixman-edge"
        ], 
        "group286": [
            "tracked", 
            "tracked_objects"
        ], 
        "group287": [
            "morkFile", 
            "morkConfig"
        ], 
        "group288": [
            "nsICabProfileMigrator", 
            "nsIEProfileMigrator", 
            "nsCaminoProfileMigrator"
        ], 
        "group289": [
            "file_descriptor_set_posix", 
            "file_descriptor_posix"
        ], 
        "group290": [
            "cairo-meta-surface-private", 
            "cairo-meta-surface"
        ], 
        "group291": [
            "nsHTMLLegendElement", 
            "nsHTMLLabelElement"
        ], 
        "group292": [
            "gfxMatrix", 
            "gfx3DMatrix"
        ], 
        "group293": [
            "nsAccessProxy", 
            "nsAccessProxyRegistration"
        ], 
        "group294": [
            "nsAccessibleRelation", 
            "nsAccessibleRelationWrap"
        ], 
        "group295": [
            "nsIUGenCategory", 
            "nsCategoryImp"
        ], 
        "group296": [
            "nsXTFWeakTearoff", 
            "nsXTFInterfaceAggregator"
        ], 
        "group297": [
            "nsLatin1Prober", 
            "nsSJISProber", 
            "nsEUCKRProber", 
            "nsHebrewProber", 
            "nsBig5Prober", 
            "nsUTF8Prober"
        ], 
        "group298": [
            "pixman-conical-gradient", 
            "pixman-radial-gradient"
        ], 
        "group299": [
            "nsUCvMinDll", 
            "nsUCvIBMDll"
        ], 
        "group300": [
            "nsJISx4501LineBreaker", 
            "nsILineBreaker"
        ]
    }, 
    "groups-not-in-ground-truth": {
        "group0": [
            "message_pump_default", 
            "MessagePump"
        ], 
        "group1": [
            "GeckoChildProcessHost", 
            "child_process_host"
        ], 
        "group2": [
            "nsAccessibilityService", 
            "nsAccessibilityFactory"
        ], 
        "group3": [
            "nsThebesRegion", 
            "nsIRegion"
        ], 
        "group4": [
            "nsARIAGridAccessible", 
            "nsARIAGridAccessibleWrap"
        ], 
        "group5": [
            "nsXULMenuAccessibleWrap", 
            "nsXULMenuAccessible"
        ], 
        "group6": [
            "nsXULTreeGridAccessibleWrap", 
            "nsXULTreeGridAccessible", 
            "nsXULTreeAccessible"
        ], 
        "group7": [
            "nsIDeviceContext", 
            "nsThebesDeviceContext"
        ], 
        "group8": [
            "nsXPathEvaluator", 
            "nsIXPathEvaluatorInternal"
        ], 
        "group9": [
            "nsIStyleSheetLinkingElement", 
            "nsHTMLStyleElement"
        ], 
        "group10": [
            "nsRootAccessibleWrap", 
            "nsRootAccessible"
        ], 
        "group11": [
            "nsIRenderingContext", 
            "nsThebesRenderingContext"
        ], 
        "group12": [
            "nsGfxCIID", 
            "nsThebesGfxFactory"
        ], 
        "group13": [
            "nsApplicationAccessibleWrap", 
            "nsApplicationAccessible"
        ], 
        "group14": [
            "nsIScriptRuntime", 
            "nsScriptLoader"
        ], 
        "group15": [
            "nsXULListboxAccessible", 
            "nsXULListboxAccessibleWrap"
        ], 
        "group16": [
            "nsCompressedCharMap", 
            "nsICharRepresentable"
        ], 
        "group17": [
            "nsThebesFontMetrics", 
            "nsIThebesFontMetrics", 
            "nsIFontMetrics"
        ], 
        "group18": [
            "nsXULFormControlAccessible", 
            "nsFormControlAccessible"
        ], 
        "group19": [
            "nsAccessibleRelation", 
            "nsAccessibleRelationWrap"
        ]
    }, 
    "groups-in-gt-split-by-union": {
        "group0": [
            "nsINodeInfo", 
            "nsNodeInfo"
        ], 
        "group1": [
            "nsAuthSSPI", 
            "nsAuthSambaNTLM", 
            "nsAuth"
        ], 
        "group2": [
            "nsSVGForeignObjectElement", 
            "nsSVGDefsElement"
        ], 
        "group3": [
            "nsSVGMaskElement", 
            "nsSVGStylableElement", 
            "nsSVGStopElement"
        ], 
        "group4": [
            "cairo-mutex-impl-private", 
            "cairo-mutex-type-private", 
            "cairo-mutex"
        ], 
        "group5": [
            "nsOperaProfileMigrator", 
            "nsSafariProfileMigrator", 
            "nsPhoenixProfileMigrator"
        ], 
        "group6": [
            "nsEscCharsetProber", 
            "nsEscSM"
        ], 
        "group7": [
            "gfxPlatformGtk", 
            "gfxQtPlatform", 
            "gfxPlatform", 
            "gfxOS2Platform"
        ], 
        "group8": [
            "nsDOMFile", 
            "nsDOMFileReader"
        ], 
        "group9": [
            "morkThumb", 
            "morkQuickSort"
        ], 
        "group10": [
            "WebGLContextGL", 
            "WebGLContext", 
            "WebGLContextValidate"
        ], 
        "group11": [
            "ChildTimer", 
            "StreamNotifyChild", 
            "PluginInstanceChild", 
            "BrowserStreamChild"
        ], 
        "group12": [
            "base_paths_win", 
            "base_paths", 
            "base_paths_linux"
        ], 
        "group13": [
            "cairo-path-bounds", 
            "cairo-path-stroke"
        ], 
        "group14": [
            "nsUConvModule", 
            "nsUConvCID"
        ], 
        "group15": [
            "nsSystemFontsWin", 
            "nsSystemFontsQt", 
            "nsSystemFontsGTK2"
        ], 
        "group16": [
            "gfxWindowsSurface", 
            "gfxXlibSurface"
        ], 
        "group17": [
            "gfxDWriteTextAnalysis", 
            "gfxDWriteShaper"
        ], 
        "group18": [
            "nsSVGAngle", 
            "nsSVGMetadataElement"
        ], 
        "group19": [
            "nsSVGSetElement", 
            "nsSVGAnimationElement"
        ], 
        "group20": [
            "pixman-solid-fill", 
            "pixman-implementation", 
            "pixman-combine64", 
            "pixman-general", 
            "pixman-timer"
        ], 
        "group21": [
            "nsSMILNullType", 
            "SMILEnumType", 
            "SMILBoolType", 
            "nsSMILFloatType", 
            "SMILIntegerType"
        ], 
        "group22": [
            "pixman", 
            "pixman-region32", 
            "pixman-trap", 
            "pixman-matrix", 
            "pixman-pict"
        ], 
        "group23": [
            "ipc_message", 
            "ipc_sync_message"
        ], 
        "group24": [
            "morkCellObject", 
            "morkCell"
        ], 
        "group25": [
            "nsMaiInterfaceText", 
            "nsMaiInterfaceEditableText"
        ], 
        "group26": [
            "nsUnicodeToMacIcelandic", 
            "nsUnicodeToZapfDingbat", 
            "nsMacIcelandicToUnicode"
        ], 
        "group27": [
            "nsDOMOrientationEvent", 
            "nsDOMEvent", 
            "nsDOMPopStateEvent", 
            "nsDOMBeforeUnloadEvent", 
            "nsDOMCommandEvent", 
            "nsDOMMessageEvent", 
            "nsDOMProgressEvent"
        ], 
        "group28": [
            "gfxOS2Fonts", 
            "gfxFont", 
            "gfxPangoFonts"
        ], 
        "group29": [
            "cairo-xlib-display", 
            "cairo-xlib-visual"
        ], 
        "group30": [
            "nsColorNameList", 
            "nsColor"
        ], 
        "group31": [
            "plugin_messages_internal", 
            "worker_messages_internal"
        ], 
        "group32": [
            "PluginIdentifierChild", 
            "PluginModuleChild", 
            "ChildAsyncCall"
        ], 
        "group33": [
            "nsHTMLDelElement", 
            "nsHTMLButtonElement", 
            "nsHTMLMetaElement"
        ], 
        "group34": [
            "nsXULContentBuilder", 
            "nsXULContentUtils"
        ], 
        "group35": [
            "morkDeque", 
            "morkZone"
        ], 
        "group36": [
            "nsSVGEllipseElement", 
            "nsSVGGradientElement"
        ], 
        "group37": [
            "morkYarn", 
            "morkArray"
        ], 
        "group38": [
            "nsIDocument", 
            "nsDocument"
        ], 
        "group39": [
            "morkTable", 
            "morkFactory"
        ], 
        "group40": [
            "nsDOMWorkerScriptLoader", 
            "nsDOMWorker", 
            "nsDOMWorkerTimeout", 
            "nsDOMWorkerSecurityManager"
        ], 
        "group41": [
            "chrome_plugin_lib", 
            "chrome_plugin_api"
        ], 
        "group42": [
            "gfxRect", 
            "gfxPoint", 
            "gfxContext", 
            "gfxBlur"
        ], 
        "group43": [
            "nsUCvTWCID", 
            "nsUCvTW2CID", 
            "nsUCvKOCID", 
            "nsUCvCnCID", 
            "nsUCvIBMCID", 
            "nsUCvLatinCID"
        ], 
        "group44": [
            "time_posix", 
            "time_mac"
        ], 
        "group45": [
            "morkBead", 
            "morkHandle"
        ], 
        "group46": [
            "morkFile", 
            "morkConfig"
        ], 
        "group47": [
            "nsICabProfileMigrator", 
            "nsIEProfileMigrator", 
            "nsCaminoProfileMigrator"
        ], 
        "group48": [
            "nsIUGenCategory", 
            "nsCategoryImp"
        ], 
        "group49": [
            "nsLatin1Prober", 
            "nsSJISProber", 
            "nsEUCKRProber", 
            "nsHebrewProber", 
            "nsBig5Prober", 
            "nsUTF8Prober"
        ]
    }
}
