{
    "MEM": {
        "decomposition": {
            "0": [
                {
                    "id": "PetType"
                },
                {
                    "id": "Specialty"
                },
                {
                    "id": "Vet"
                },
                {
                    "id": "PetTypeFormatter"
                },
                {
                    "id": "PetTypeFormatterTests"
                }
            ],
            "1": [
                {
                    "id": "PetControllerTests"
                },
                {
                    "id": "Pet"
                },
                {
                    "id": "OwnerControllerTests"
                }
            ],
            "2": [
                {
                    "id": "VisitController"
                },
                {
                    "id": "PetController"
                },
                {
                    "id": "OwnerController"
                },
                {
                    "id": "OwnerRepository"
                }
            ],
            "3": [
                {
                    "id": "VetController"
                },
                {
                    "id": "VetRepository"
                },
                {
                    "id": "Vets"
                },
                {
                    "id": "VetControllerTests"
                },
                {
                    "id": "CacheConfiguration"
                }
            ],
            "4": [
                {
                    "id": "WelcomeController"
                },
                {
                    "id": "CrashController"
                }
            ]
        }
    }
}