{
    "tool": {
        "decomposition": {
            "0": [
                {
                    "id": "Vet.Vet"
                },
                {
                    "id": "Vet.getSpecialties"
                },
                {
                    "id": "PetType.PetType"
                },
                {
                    "id": "Vet.addSpecialty"
                },
                {
                    "id": "Vet.getSpecialtiesInternal"
                },
                {
                    "id": "PetTypeFormatter.PetTypeFormatter"
                },
                {
                    "id": "Specialty.Specialty"
                },
                {
                    "id": "Vet.setSpecialtiesInternal"
                },
                {
                    "id": "PetTypeFormatter.parse"
                },
                {
                    "id": "Vet.getNrOfSpecialties"
                },
                {
                    "id": "PetTypeFormatter.print"
                },
                {
                    "id": "PetType.getName"
                }
            ],
            "1": [
                {
                    "id": "Pet.isNew"
                },
                {
                    "id": "Pet.setType"
                },
                {
                    "id": "Pet.getType"
                },
                {
                    "id": "Pet.Pet"
                },
                {
                    "id": "Pet.getVisits"
                },
                {
                    "id": "Pet.getName"
                },
                {
                    "id": "Pet.setBirthDate"
                },
                {
                    "id": "Pet.getId"
                },
                {
                    "id": "Pet.addVisit"
                },
                {
                    "id": "Pet.getBirthDate"
                }
            ],
            "2": [
                {
                    "id": "PetController.PetController"
                },
                {
                    "id": "PetController.initOwnerBinder"
                },
                {
                    "id": "PetController.initCreationForm"
                },
                {
                    "id": "OwnerController.addPaginationModel"
                },
                {
                    "id": "OwnerController.setAllowedFields"
                },
                {
                    "id": "PetController.findPet"
                },
                {
                    "id": "OwnerController.processCreationForm"
                },
                {
                    "id": "OwnerController.findOwner"
                },
                {
                    "id": "PetController.initUpdateForm"
                },
                {
                    "id": "VisitController.loadPetWithVisit"
                },
                {
                    "id": "OwnerController.initUpdateOwnerForm"
                },
                {
                    "id": "VisitController.initNewVisitForm"
                },
                {
                    "id": "PetController.initPetBinder"
                },
                {
                    "id": "OwnerController.showOwner"
                },
                {
                    "id": "VisitController.VisitController"
                },
                {
                    "id": "OwnerRepository.findPetTypes"
                },
                {
                    "id": "VisitController.processNewVisitForm"
                },
                {
                    "id": "OwnerController.initCreationForm"
                },
                {
                    "id": "OwnerRepository.save"
                },
                {
                    "id": "PetController.processUpdateForm"
                },
                {
                    "id": "PetController.findOwner"
                },
                {
                    "id": "VisitController.setAllowedFields"
                },
                {
                    "id": "OwnerController.OwnerController"
                },
                {
                    "id": "OwnerRepository.findAll"
                },
                {
                    "id": "PetController.processCreationForm"
                },
                {
                    "id": "PetController.populatePetTypes"
                },
                {
                    "id": "OwnerController.processUpdateOwnerForm"
                },
                {
                    "id": "OwnerRepository.findByLastName"
                },
                {
                    "id": "OwnerController.findPaginatedForOwnersLastName"
                },
                {
                    "id": "OwnerController.processFindForm"
                },
                {
                    "id": "OwnerRepository.findById"
                },
                {
                    "id": "OwnerController.initFindForm"
                }
            ],
            "3": [
                {
                    "id": "VetController.addPaginationModel"
                },
                {
                    "id": "VetController.findPaginated"
                },
                {
                    "id": "Vets.Vets"
                },
                {
                    "id": "VetController.showVetList"
                },
                {
                    "id": "CacheConfiguration.cacheConfiguration"
                },
                {
                    "id": "Vets.getVetList"
                },
                {
                    "id": "VetController.VetController"
                },
                {
                    "id": "VetController.showResourcesVetList"
                },
                {
                    "id": "CacheConfiguration.CacheConfiguration"
                },
                {
                    "id": "VetRepository.findAll"
                },
                {
                    "id": "CacheConfiguration.petclinicCacheConfigurationCustomizer"
                }
            ],
            "4": [
                {
                    "id": "CrashController.triggerException"
                },
                {
                    "id": "CrashController.CrashController"
                },
                {
                    "id": "WelcomeController.WelcomeController"
                },
                {
                    "id": "WelcomeController.welcome"
                }
            ],
            "UNOBSERVED": []
        }
    }
}