partitionID,className,classID
0,PetType.java,src/main/java/org/springframework/samples/petclinic/owner/PetType.java
0,Specialty.java,src/main/java/org/springframework/samples/petclinic/vet/Specialty.java
0,Vet.java,src/main/java/org/springframework/samples/petclinic/vet/Vet.java
0,PetTypeFormatter.java,src/main/java/org/springframework/samples/petclinic/owner/PetTypeFormatter.java
0,PetTypeFormatterTests.java,src/test/java/org/springframework/samples/petclinic/owner/PetTypeFormatterTests.java
1,PetControllerTests.java,src/test/java/org/springframework/samples/petclinic/owner/PetControllerTests.java
1,Pet.java,src/main/java/org/springframework/samples/petclinic/owner/Pet.java
1,OwnerControllerTests.java,src/test/java/org/springframework/samples/petclinic/owner/OwnerControllerTests.java
2,VisitController.java,src/main/java/org/springframework/samples/petclinic/owner/VisitController.java
2,PetController.java,src/main/java/org/springframework/samples/petclinic/owner/PetController.java
2,OwnerController.java,src/main/java/org/springframework/samples/petclinic/owner/OwnerController.java
2,OwnerRepository.java,src/main/java/org/springframework/samples/petclinic/owner/OwnerRepository.java
3,VetController.java,src/main/java/org/springframework/samples/petclinic/vet/VetController.java
3,VetRepository.java,src/main/java/org/springframework/samples/petclinic/vet/VetRepository.java
3,Vets.java,src/main/java/org/springframework/samples/petclinic/vet/Vets.java
3,VetControllerTests.java,src/test/java/org/springframework/samples/petclinic/vet/VetControllerTests.java
3,CacheConfiguration.java,src/main/java/org/springframework/samples/petclinic/system/CacheConfiguration.java
4,WelcomeController.java,src/main/java/org/springframework/samples/petclinic/system/WelcomeController.java
4,CrashController.java,src/main/java/org/springframework/samples/petclinic/system/CrashController.java
