partitionID,className,classID
0,NamedEntity.java,src/main/java/org/springframework/samples/petclinic/model/NamedEntity.java
0,Person.java,src/main/java/org/springframework/samples/petclinic/model/Person.java
1,Pet.java,src/main/java/org/springframework/samples/petclinic/owner/Pet.java
1,Visit.java,src/main/java/org/springframework/samples/petclinic/owner/Visit.java
2,WelcomeController.java,src/main/java/org/springframework/samples/petclinic/system/WelcomeController.java
2,package-info.java,src/main/java/org/springframework/samples/petclinic/model/package-info.java
2,PetType.java,src/main/java/org/springframework/samples/petclinic/owner/PetType.java
2,Specialty.java,src/main/java/org/springframework/samples/petclinic/vet/Specialty.java
2,Vet.java,src/main/java/org/springframework/samples/petclinic/vet/Vet.java
2,PetClinicIntegrationTests.java,src/test/java/org/springframework/samples/petclinic/PetClinicIntegrationTests.java
2,CrashControllerTests.java,src/test/java/org/springframework/samples/petclinic/system/CrashControllerTests.java
2,VetControllerTests.java,src/test/java/org/springframework/samples/petclinic/vet/VetControllerTests.java
2,VetController.java,src/main/java/org/springframework/samples/petclinic/vet/VetController.java
2,VetRepository.java,src/main/java/org/springframework/samples/petclinic/vet/VetRepository.java
2,Vets.java,src/main/java/org/springframework/samples/petclinic/vet/Vets.java
2,VisitControllerTests.java,src/test/java/org/springframework/samples/petclinic/owner/VisitControllerTests.java
2,VisitController.java,src/main/java/org/springframework/samples/petclinic/owner/VisitController.java
2,PetController.java,src/main/java/org/springframework/samples/petclinic/owner/PetController.java
2,ClinicServiceTests.java,src/test/java/org/springframework/samples/petclinic/service/ClinicServiceTests.java
2,OwnerController.java,src/main/java/org/springframework/samples/petclinic/owner/OwnerController.java
2,OwnerRepository.java,src/main/java/org/springframework/samples/petclinic/owner/OwnerRepository.java
2,Owner.java,src/main/java/org/springframework/samples/petclinic/owner/Owner.java
2,PetTypeFormatterTests.java,src/test/java/org/springframework/samples/petclinic/owner/PetTypeFormatterTests.java
2,PetTypeFormatter.java,src/main/java/org/springframework/samples/petclinic/owner/PetTypeFormatter.java
2,PetValidator.java,src/main/java/org/springframework/samples/petclinic/owner/PetValidator.java
2,PetControllerTests.java,src/test/java/org/springframework/samples/petclinic/owner/PetControllerTests.java
2,OwnerControllerTests.java,src/test/java/org/springframework/samples/petclinic/owner/OwnerControllerTests.java
2,CrashController.java,src/main/java/org/springframework/samples/petclinic/system/CrashController.java
