partitionID,className,classID
0,WelcomeController.java,src/main/java/org/springframework/samples/petclinic/system/WelcomeController.java
0,package-info.java,src/main/java/org/springframework/samples/petclinic/model/package-info.java
0,VetController.java,src/main/java/org/springframework/samples/petclinic/vet/VetController.java
0,VetRepository.java,src/main/java/org/springframework/samples/petclinic/vet/VetRepository.java
0,OwnerController.java,src/main/java/org/springframework/samples/petclinic/owner/OwnerController.java
0,PetController.java,src/main/java/org/springframework/samples/petclinic/owner/PetController.java
0,VisitController.java,src/main/java/org/springframework/samples/petclinic/owner/VisitController.java
0,Owner.java,src/main/java/org/springframework/samples/petclinic/owner/Owner.java
0,CrashController.java,src/main/java/org/springframework/samples/petclinic/system/CrashController.java
1,Vet.java,src/main/java/org/springframework/samples/petclinic/vet/Vet.java
1,Specialty.java,src/main/java/org/springframework/samples/petclinic/vet/Specialty.java
2,PetTypeFormatterTests.java,src/test/java/org/springframework/samples/petclinic/owner/PetTypeFormatterTests.java
2,PetValidator.java,src/main/java/org/springframework/samples/petclinic/owner/PetValidator.java
2,ValidatorTests.java,src/test/java/org/springframework/samples/petclinic/model/ValidatorTests.java
2,ClinicServiceTests.java,src/test/java/org/springframework/samples/petclinic/service/ClinicServiceTests.java
3,NamedEntity.java,src/main/java/org/springframework/samples/petclinic/model/NamedEntity.java
3,BaseEntity.java,src/main/java/org/springframework/samples/petclinic/model/BaseEntity.java
3,Person.java,src/main/java/org/springframework/samples/petclinic/model/Person.java
4,PetTypeFormatter.java,src/main/java/org/springframework/samples/petclinic/owner/PetTypeFormatter.java
4,OwnerRepository.java,src/main/java/org/springframework/samples/petclinic/owner/OwnerRepository.java
5,VisitControllerTests.java,src/test/java/org/springframework/samples/petclinic/owner/VisitControllerTests.java
5,VetControllerTests.java,src/test/java/org/springframework/samples/petclinic/vet/VetControllerTests.java
