<?xml version="1.0"?>

<!--
  ~ Copyright (C) 2016-2019 ActionTech.
  ~ License: http://www.gnu.org/licenses/gpl.html GPL version 2 or higher.
  -->

<!DOCTYPE suppressions PUBLIC
        "-//Puppy Crawl//DTD Suppressions 1.1//EN"
        "http://checkstyle.sourceforge.net/dtds/suppressions_1_1.dtd">

<suppressions>
    <suppress checks=".*" files="StructureMeta.java"/>
    <suppress checks=".*" files="UcoreInterface.java"/>
    <suppress checks=".*" files="UcoreGrpc.java"/>
    <suppress checks=".*" files="AlertBlockQueue.java"/>
    <suppress checks=".*" files="UshardInterface.java"/>
    <suppress checks=".*" files="DbleClusterGrpc.java"/>
    <suppress checks="Indentation" files="MyTime.java"/>
    <suppress checks="CyclomaticComplexity" files="MyTime.java"/>
    <suppress checks="CyclomaticComplexity" files="TimSort.java"/>
    <suppress checks="CyclomaticComplexity" files="DbleCreateTableParser.java"/>
    <suppress checks=".*" files="BTraceCostTime.java"/>
    <suppress checks="CyclomaticComplexity" files="CreateTableParserImp.java"/>

</suppressions>