{
    "1_structural_static": {
        "decomposition": {
            "0": [
                {
                    "id": "Cart.getAllCartItems"
                },
                {
                    "id": "Cart.removeItemById"
                },
                {
                    "id": "Cart.containsItemId"
                },
                {
                    "id": "CartActionBean.setCart"
                },
                {
                    "id": "CartActionBean.setWorkingItemId"
                },
                {
                    "id": "CartActionBean.getCart"
                },
                {
                    "id": "CartActionBean.CartActionBean"
                }
            ],
            "1": [
                {
                    "id": "AccountActionBean.setUsername"
                },
                {
                    "id": "AccountActionBean.getPassword"
                },
                {
                    "id": "Account.setPassword"
                },
                {
                    "id": "AccountActionBean.getUsername"
                },
                {
                    "id": "AccountActionBean.setMyList"
                },
                {
                    "id": "CartActionBean.checkOut"
                },
                {
                    "id": "AccountActionBean.editAccount"
                },
                {
                    "id": "AccountActionBean.clear"
                },
                {
                    "id": "AccountActionBean.AccountActionBean"
                },
                {
                    "id": "Account.getFavouriteCategoryId"
                },
                {
                    "id": "Account.getPassword"
                },
                {
                    "id": "Account.getUsername"
                },
                {
                    "id": "AccountActionBean.isAuthenticated"
                },
                {
                    "id": "Account.setUsername"
                },
                {
                    "id": "AccountActionBean.setPassword"
                },
                {
                    "id": "AccountActionBean.signoff"
                },
                {
                    "id": "AccountActionBean.signon"
                },
                {
                    "id": "AccountActionBean.newAccount"
                }
            ],
            "2": [
                {
                    "id": "CatalogActionBean.setProduct"
                },
                {
                    "id": "CatalogActionBean.setCategoryList"
                },
                {
                    "id": "CatalogActionBean.setItem"
                },
                {
                    "id": "CatalogActionBean.viewItem"
                },
                {
                    "id": "CatalogActionBean.setItemList"
                },
                {
                    "id": "CatalogActionBean.clear"
                },
                {
                    "id": "CatalogActionBean.setProductList"
                },
                {
                    "id": "CatalogActionBean.setItemId"
                },
                {
                    "id": "CatalogActionBean.viewCategory"
                },
                {
                    "id": "CatalogActionBean.setKeyword"
                },
                {
                    "id": "CatalogActionBean.viewProduct"
                },
                {
                    "id": "CatalogActionBean.setCategory"
                },
                {
                    "id": "CatalogActionBean.setCategoryId"
                },
                {
                    "id": "Item.getProduct"
                },
                {
                    "id": "CatalogActionBean.setProductId"
                }
            ],
            "3": [
                {
                    "id": "CartActionBean.updateCartQuantities"
                },
                {
                    "id": "Cart.Cart"
                },
                {
                    "id": "CartItem.incrementQuantity"
                },
                {
                    "id": "CartItem.setItem"
                },
                {
                    "id": "CartItem.setQuantity"
                },
                {
                    "id": "Cart.addItem"
                },
                {
                    "id": "CartActionBean.removeItemFromCart"
                },
                {
                    "id": "CartActionBean.addItemToCart"
                },
                {
                    "id": "CartActionBean.clear"
                }
            ],
            "4": [
                {
                    "id": "AbstractActionBean.setMessage"
                }
            ],
            "5": [
                {
                    "id": "Order.initOrder"
                },
                {
                    "id": "CatalogActionBean.CatalogActionBean"
                },
                {
                    "id": "OrderActionBean.setOrder"
                },
                {
                    "id": "OrderActionBean.setOrderId"
                },
                {
                    "id": "OrderActionBean.viewOrder"
                },
                {
                    "id": "AccountActionBean.editAccountForm"
                },
                {
                    "id": "Order.getOrderId"
                },
                {
                    "id": "CatalogActionBean.searchProducts"
                },
                {
                    "id": "OrderActionBean.getOrderId"
                },
                {
                    "id": "Order.setOrderId"
                },
                {
                    "id": "OrderActionBean.newOrder"
                },
                {
                    "id": "OrderActionBean.setShippingAddressRequired"
                },
                {
                    "id": "OrderActionBean.newOrderForm"
                },
                {
                    "id": "LineItem.LineItem"
                },
                {
                    "id": "CatalogActionBean.viewMain"
                },
                {
                    "id": "OrderActionBean.OrderActionBean"
                },
                {
                    "id": "AccountActionBean.signonForm"
                },
                {
                    "id": "Order.getUsername"
                },
                {
                    "id": "CartActionBean.viewCart"
                },
                {
                    "id": "OrderActionBean.setConfirmed"
                },
                {
                    "id": "OrderActionBean.getOrder"
                },
                {
                    "id": "Order.addLineItem"
                },
                {
                    "id": "OrderActionBean.listOrders"
                },
                {
                    "id": "OrderActionBean.isConfirmed"
                },
                {
                    "id": "AccountActionBean.newAccountForm"
                },
                {
                    "id": "OrderActionBean.clear"
                },
                {
                    "id": "Order.Order"
                }
            ]
        },
        "links": [
            {
                "source": "Cart.addItem",
                "target": "CartItem.incrementQuantity",
                "weight": "1"
            },
            {
                "source": "Cart.addItem",
                "target": "CartItem.setItem",
                "weight": "1"
            },
            {
                "source": "Cart.addItem",
                "target": "CartItem.setQuantity",
                "weight": "1"
            },
            {
                "source": "Order.addLineItem",
                "target": "LineItem.LineItem",
                "weight": "1"
            },
            {
                "source": "Order.initOrder",
                "target": "Account.getUsername",
                "weight": "1"
            },
            {
                "source": "Order.initOrder",
                "target": "Cart.getAllCartItems",
                "weight": "1"
            },
            {
                "source": "Order.initOrder",
                "target": "Order.addLineItem",
                "weight": "1"
            },
            {
                "source": "AccountActionBean.editAccount",
                "target": "Account.getFavouriteCategoryId",
                "weight": "1"
            },
            {
                "source": "AccountActionBean.editAccount",
                "target": "Account.getUsername",
                "weight": "1"
            },
            {
                "source": "AccountActionBean.getPassword",
                "target": "Account.getPassword",
                "weight": "1"
            },
            {
                "source": "AccountActionBean.getUsername",
                "target": "Account.getUsername",
                "weight": "1"
            },
            {
                "source": "AccountActionBean.isAuthenticated",
                "target": "Account.getUsername",
                "weight": "1"
            },
            {
                "source": "AccountActionBean.newAccount",
                "target": "Account.getFavouriteCategoryId",
                "weight": "1"
            },
            {
                "source": "AccountActionBean.newAccount",
                "target": "Account.getUsername",
                "weight": "1"
            },
            {
                "source": "AccountActionBean.setPassword",
                "target": "Account.setPassword",
                "weight": "1"
            },
            {
                "source": "AccountActionBean.setUsername",
                "target": "Account.setUsername",
                "weight": "1"
            },
            {
                "source": "AccountActionBean.signoff",
                "target": "AccountActionBean.clear",
                "weight": "1"
            },
            {
                "source": "AccountActionBean.signon",
                "target": "Account.getFavouriteCategoryId",
                "weight": "1"
            },
            {
                "source": "AccountActionBean.signon",
                "target": "Account.setPassword",
                "weight": "1"
            },
            {
                "source": "AccountActionBean.signon",
                "target": "AccountActionBean.clear",
                "weight": "1"
            },
            {
                "source": "AccountActionBean.signon",
                "target": "AccountActionBean.getPassword",
                "weight": "1"
            },
            {
                "source": "AccountActionBean.signon",
                "target": "AccountActionBean.getUsername",
                "weight": "1"
            },
            {
                "source": "CartActionBean.CartActionBean",
                "target": "Cart.Cart",
                "weight": "1"
            },
            {
                "source": "CartActionBean.addItemToCart",
                "target": "Cart.addItem",
                "weight": "1"
            },
            {
                "source": "CartActionBean.addItemToCart",
                "target": "Cart.containsItemId",
                "weight": "1"
            },
            {
                "source": "CartActionBean.clear",
                "target": "Cart.Cart",
                "weight": "1"
            },
            {
                "source": "CartActionBean.removeItemFromCart",
                "target": "Cart.removeItemById",
                "weight": "1"
            },
            {
                "source": "CartActionBean.updateCartQuantities",
                "target": "Cart.getAllCartItems",
                "weight": "1"
            },
            {
                "source": "CartActionBean.updateCartQuantities",
                "target": "CartActionBean.getCart",
                "weight": "1"
            },
            {
                "source": "CatalogActionBean.viewItem",
                "target": "Item.getProduct",
                "weight": "1"
            },
            {
                "source": "OrderActionBean.OrderActionBean",
                "target": "Order.Order",
                "weight": "1"
            },
            {
                "source": "OrderActionBean.clear",
                "target": "Order.Order",
                "weight": "1"
            },
            {
                "source": "OrderActionBean.getOrderId",
                "target": "Order.getOrderId",
                "weight": "1"
            },
            {
                "source": "OrderActionBean.listOrders",
                "target": "Account.getUsername",
                "weight": "1"
            },
            {
                "source": "OrderActionBean.newOrder",
                "target": "CartActionBean.clear",
                "weight": "1"
            },
            {
                "source": "OrderActionBean.newOrder",
                "target": "OrderActionBean.getOrder",
                "weight": "1"
            },
            {
                "source": "OrderActionBean.newOrder",
                "target": "OrderActionBean.isConfirmed",
                "weight": "1"
            },
            {
                "source": "OrderActionBean.newOrderForm",
                "target": "Order.initOrder",
                "weight": "1"
            },
            {
                "source": "OrderActionBean.newOrderForm",
                "target": "AccountActionBean.isAuthenticated",
                "weight": "1"
            },
            {
                "source": "OrderActionBean.newOrderForm",
                "target": "CartActionBean.getCart",
                "weight": "1"
            },
            {
                "source": "OrderActionBean.newOrderForm",
                "target": "OrderActionBean.clear",
                "weight": "1"
            },
            {
                "source": "OrderActionBean.setOrderId",
                "target": "Order.setOrderId",
                "weight": "1"
            },
            {
                "source": "OrderActionBean.viewOrder",
                "target": "Account.getUsername",
                "weight": "1"
            },
            {
                "source": "OrderActionBean.viewOrder",
                "target": "Order.getOrderId",
                "weight": "1"
            },
            {
                "source": "OrderActionBean.viewOrder",
                "target": "Order.getUsername",
                "weight": "1"
            }
        ]
    },
    "3_business_use_cases": {
        "decomposition": {
            "0": [
                {
                    "id": "Cart.getAllCartItems"
                },
                {
                    "id": "Cart.removeItemById"
                },
                {
                    "id": "Cart.containsItemId"
                },
                {
                    "id": "CartActionBean.setCart"
                },
                {
                    "id": "CartActionBean.setWorkingItemId"
                },
                {
                    "id": "CartActionBean.getCart"
                },
                {
                    "id": "CartActionBean.CartActionBean"
                }
            ],
            "1": [
                {
                    "id": "AccountActionBean.setUsername"
                },
                {
                    "id": "AccountActionBean.getPassword"
                },
                {
                    "id": "Account.setPassword"
                },
                {
                    "id": "AccountActionBean.getUsername"
                },
                {
                    "id": "AccountActionBean.setMyList"
                },
                {
                    "id": "CartActionBean.checkOut"
                },
                {
                    "id": "AccountActionBean.editAccount"
                },
                {
                    "id": "AccountActionBean.clear"
                },
                {
                    "id": "AccountActionBean.AccountActionBean"
                },
                {
                    "id": "Account.getFavouriteCategoryId"
                },
                {
                    "id": "Account.getPassword"
                },
                {
                    "id": "Account.getUsername"
                },
                {
                    "id": "AccountActionBean.isAuthenticated"
                },
                {
                    "id": "Account.setUsername"
                },
                {
                    "id": "AccountActionBean.setPassword"
                },
                {
                    "id": "AccountActionBean.signoff"
                },
                {
                    "id": "AccountActionBean.signon"
                },
                {
                    "id": "AccountActionBean.newAccount"
                }
            ],
            "2": [
                {
                    "id": "CatalogActionBean.setProduct"
                },
                {
                    "id": "CatalogActionBean.setCategoryList"
                },
                {
                    "id": "CatalogActionBean.setItem"
                },
                {
                    "id": "CatalogActionBean.viewItem"
                },
                {
                    "id": "CatalogActionBean.setItemList"
                },
                {
                    "id": "CatalogActionBean.clear"
                },
                {
                    "id": "CatalogActionBean.setProductList"
                },
                {
                    "id": "CatalogActionBean.setItemId"
                },
                {
                    "id": "CatalogActionBean.viewCategory"
                },
                {
                    "id": "CatalogActionBean.setKeyword"
                },
                {
                    "id": "CatalogActionBean.viewProduct"
                },
                {
                    "id": "CatalogActionBean.setCategory"
                },
                {
                    "id": "CatalogActionBean.setCategoryId"
                },
                {
                    "id": "Item.getProduct"
                },
                {
                    "id": "CatalogActionBean.setProductId"
                }
            ],
            "3": [
                {
                    "id": "CartActionBean.updateCartQuantities"
                },
                {
                    "id": "Cart.Cart"
                },
                {
                    "id": "CartItem.incrementQuantity"
                },
                {
                    "id": "CartItem.setItem"
                },
                {
                    "id": "CartItem.setQuantity"
                },
                {
                    "id": "Cart.addItem"
                },
                {
                    "id": "CartActionBean.removeItemFromCart"
                },
                {
                    "id": "CartActionBean.addItemToCart"
                },
                {
                    "id": "CartActionBean.clear"
                }
            ],
            "4": [
                {
                    "id": "AbstractActionBean.setMessage"
                }
            ],
            "5": [
                {
                    "id": "Order.initOrder"
                },
                {
                    "id": "CatalogActionBean.CatalogActionBean"
                },
                {
                    "id": "OrderActionBean.setOrder"
                },
                {
                    "id": "OrderActionBean.setOrderId"
                },
                {
                    "id": "OrderActionBean.viewOrder"
                },
                {
                    "id": "AccountActionBean.editAccountForm"
                },
                {
                    "id": "Order.getOrderId"
                },
                {
                    "id": "CatalogActionBean.searchProducts"
                },
                {
                    "id": "OrderActionBean.getOrderId"
                },
                {
                    "id": "Order.setOrderId"
                },
                {
                    "id": "OrderActionBean.newOrder"
                },
                {
                    "id": "OrderActionBean.setShippingAddressRequired"
                },
                {
                    "id": "OrderActionBean.newOrderForm"
                },
                {
                    "id": "LineItem.LineItem"
                },
                {
                    "id": "CatalogActionBean.viewMain"
                },
                {
                    "id": "OrderActionBean.OrderActionBean"
                },
                {
                    "id": "AccountActionBean.signonForm"
                },
                {
                    "id": "Order.getUsername"
                },
                {
                    "id": "CartActionBean.viewCart"
                },
                {
                    "id": "OrderActionBean.setConfirmed"
                },
                {
                    "id": "OrderActionBean.getOrder"
                },
                {
                    "id": "Order.addLineItem"
                },
                {
                    "id": "OrderActionBean.listOrders"
                },
                {
                    "id": "OrderActionBean.isConfirmed"
                },
                {
                    "id": "AccountActionBean.newAccountForm"
                },
                {
                    "id": "OrderActionBean.clear"
                },
                {
                    "id": "Order.Order"
                }
            ],
            "Order USE CASE": [
                {
                    "id": "ORDER USE CASE"
                }
            ],
            "SelectItems USE CASE": [
                {
                    "id": "SELECTITEMS USE CASE"
                }
            ],
            "UpdateProfile USE CASE": [
                {
                    "id": "UPDATEPROFILE USE CASE"
                }
            ]
        },
        "links": [
            {
                "source": "ORDER USE CASE",
                "target": "AbstractActionBean.getContext",
                "weight": "309"
            },
            {
                "source": "ORDER USE CASE",
                "target": "AbstractActionBean.setContext",
                "weight": "24"
            },
            {
                "source": "ORDER USE CASE",
                "target": "AbstractActionBean.setMessage",
                "weight": "1"
            },
            {
                "source": "ORDER USE CASE",
                "target": "Account.getAddress1",
                "weight": "3"
            },
            {
                "source": "ORDER USE CASE",
                "target": "Account.getAddress2",
                "weight": "3"
            },
            {
                "source": "ORDER USE CASE",
                "target": "Account.getBannerName",
                "weight": "17"
            },
            {
                "source": "ORDER USE CASE",
                "target": "Account.getCity",
                "weight": "3"
            },
            {
                "source": "ORDER USE CASE",
                "target": "Account.getCountry",
                "weight": "3"
            },
            {
                "source": "ORDER USE CASE",
                "target": "Account.getEmail",
                "weight": "1"
            },
            {
                "source": "ORDER USE CASE",
                "target": "Account.getFavouriteCategoryId",
                "weight": "2"
            },
            {
                "source": "ORDER USE CASE",
                "target": "Account.getFirstName",
                "weight": "4"
            },
            {
                "source": "ORDER USE CASE",
                "target": "Account.getLanguagePreference",
                "weight": "1"
            },
            {
                "source": "ORDER USE CASE",
                "target": "Account.getLastName",
                "weight": "3"
            },
            {
                "source": "ORDER USE CASE",
                "target": "Account.getPassword",
                "weight": "2"
            },
            {
                "source": "ORDER USE CASE",
                "target": "Account.getPhone",
                "weight": "1"
            },
            {
                "source": "ORDER USE CASE",
                "target": "Account.getState",
                "weight": "3"
            },
            {
                "source": "ORDER USE CASE",
                "target": "Account.getUsername",
                "weight": "63"
            },
            {
                "source": "ORDER USE CASE",
                "target": "Account.getZip",
                "weight": "3"
            },
            {
                "source": "ORDER USE CASE",
                "target": "Account.isBannerOption",
                "weight": "18"
            },
            {
                "source": "ORDER USE CASE",
                "target": "Account.isListOption",
                "weight": "1"
            },
            {
                "source": "ORDER USE CASE",
                "target": "Account.setAddress1",
                "weight": "1"
            },
            {
                "source": "ORDER USE CASE",
                "target": "Account.setAddress2",
                "weight": "1"
            },
            {
                "source": "ORDER USE CASE",
                "target": "Account.setBannerName",
                "weight": "1"
            },
            {
                "source": "ORDER USE CASE",
                "target": "Account.setBannerOption",
                "weight": "1"
            },
            {
                "source": "ORDER USE CASE",
                "target": "Account.setCity",
                "weight": "1"
            },
            {
                "source": "ORDER USE CASE",
                "target": "Account.setCountry",
                "weight": "1"
            },
            {
                "source": "ORDER USE CASE",
                "target": "Account.setEmail",
                "weight": "1"
            },
            {
                "source": "ORDER USE CASE",
                "target": "Account.setFavouriteCategoryId",
                "weight": "1"
            },
            {
                "source": "ORDER USE CASE",
                "target": "Account.setFirstName",
                "weight": "1"
            },
            {
                "source": "ORDER USE CASE",
                "target": "Account.setLanguagePreference",
                "weight": "1"
            },
            {
                "source": "ORDER USE CASE",
                "target": "Account.setLastName",
                "weight": "1"
            },
            {
                "source": "ORDER USE CASE",
                "target": "Account.setListOption",
                "weight": "1"
            },
            {
                "source": "ORDER USE CASE",
                "target": "Account.setPassword",
                "weight": "2"
            },
            {
                "source": "ORDER USE CASE",
                "target": "Account.setPhone",
                "weight": "1"
            },
            {
                "source": "ORDER USE CASE",
                "target": "Account.setState",
                "weight": "1"
            },
            {
                "source": "ORDER USE CASE",
                "target": "Account.setStatus",
                "weight": "1"
            },
            {
                "source": "ORDER USE CASE",
                "target": "Account.setUsername",
                "weight": "2"
            },
            {
                "source": "ORDER USE CASE",
                "target": "Account.setZip",
                "weight": "1"
            },
            {
                "source": "ORDER USE CASE",
                "target": "AccountActionBean.clear",
                "weight": "1"
            },
            {
                "source": "ORDER USE CASE",
                "target": "AccountActionBean.editAccountForm",
                "weight": "1"
            },
            {
                "source": "ORDER USE CASE",
                "target": "AccountActionBean.getAccount",
                "weight": "52"
            },
            {
                "source": "ORDER USE CASE",
                "target": "AccountActionBean.getCategories",
                "weight": "1"
            },
            {
                "source": "ORDER USE CASE",
                "target": "AccountActionBean.getLanguages",
                "weight": "1"
            },
            {
                "source": "ORDER USE CASE",
                "target": "AccountActionBean.getPassword",
                "weight": "2"
            },
            {
                "source": "ORDER USE CASE",
                "target": "AccountActionBean.getUsername",
                "weight": "3"
            },
            {
                "source": "ORDER USE CASE",
                "target": "AccountActionBean.isAuthenticated",
                "weight": "57"
            },
            {
                "source": "ORDER USE CASE",
                "target": "AccountActionBean.setPassword",
                "weight": "1"
            },
            {
                "source": "ORDER USE CASE",
                "target": "AccountActionBean.setUsername",
                "weight": "1"
            },
            {
                "source": "ORDER USE CASE",
                "target": "AccountActionBean.signoff",
                "weight": "1"
            },
            {
                "source": "ORDER USE CASE",
                "target": "AccountActionBean.signon",
                "weight": "1"
            },
            {
                "source": "ORDER USE CASE",
                "target": "AccountActionBean.signonForm",
                "weight": "1"
            },
            {
                "source": "ORDER USE CASE",
                "target": "AccountService.getAccount",
                "weight": "1"
            },
            {
                "source": "ORDER USE CASE",
                "target": "Cart.addItem",
                "weight": "2"
            },
            {
                "source": "ORDER USE CASE",
                "target": "Cart.containsItemId",
                "weight": "2"
            },
            {
                "source": "ORDER USE CASE",
                "target": "Cart.getAllCartItems",
                "weight": "2"
            },
            {
                "source": "ORDER USE CASE",
                "target": "Cart.getCartItems",
                "weight": "5"
            },
            {
                "source": "ORDER USE CASE",
                "target": "Cart.getNumberOfItems",
                "weight": "10"
            },
            {
                "source": "ORDER USE CASE",
                "target": "Cart.getSubTotal",
                "weight": "6"
            },
            {
                "source": "ORDER USE CASE",
                "target": "Cart.lambda$getSubTotal$0",
                "weight": "7"
            },
            {
                "source": "ORDER USE CASE",
                "target": "Cart.removeItemById",
                "weight": "1"
            },
            {
                "source": "ORDER USE CASE",
                "target": "Cart.setQuantityByItemId",
                "weight": "2"
            },
            {
                "source": "ORDER USE CASE",
                "target": "CartActionBean.addItemToCart",
                "weight": "2"
            },
            {
                "source": "ORDER USE CASE",
                "target": "CartActionBean.clear",
                "weight": "1"
            },
            {
                "source": "ORDER USE CASE",
                "target": "CartActionBean.getCart",
                "weight": "24"
            },
            {
                "source": "ORDER USE CASE",
                "target": "CartActionBean.removeItemFromCart",
                "weight": "1"
            },
            {
                "source": "ORDER USE CASE",
                "target": "CartActionBean.setWorkingItemId",
                "weight": "3"
            },
            {
                "source": "ORDER USE CASE",
                "target": "CartActionBean.updateCartQuantities",
                "weight": "1"
            },
            {
                "source": "ORDER USE CASE",
                "target": "CartActionBean.viewCart",
                "weight": "1"
            },
            {
                "source": "ORDER USE CASE",
                "target": "CartItem.calculateTotal",
                "weight": "8"
            },
            {
                "source": "ORDER USE CASE",
                "target": "CartItem.getItem",
                "weight": "85"
            },
            {
                "source": "ORDER USE CASE",
                "target": "CartItem.getQuantity",
                "weight": "14"
            },
            {
                "source": "ORDER USE CASE",
                "target": "CartItem.getTotal",
                "weight": "6"
            },
            {
                "source": "ORDER USE CASE",
                "target": "CartItem.incrementQuantity",
                "weight": "2"
            },
            {
                "source": "ORDER USE CASE",
                "target": "CartItem.isInStock",
                "weight": "6"
            },
            {
                "source": "ORDER USE CASE",
                "target": "CartItem.lambda$calculateTotal$0",
                "weight": "8"
            },
            {
                "source": "ORDER USE CASE",
                "target": "CartItem.setInStock",
                "weight": "2"
            },
            {
                "source": "ORDER USE CASE",
                "target": "CartItem.setItem",
                "weight": "2"
            },
            {
                "source": "ORDER USE CASE",
                "target": "CartItem.setQuantity",
                "weight": "4"
            },
            {
                "source": "ORDER USE CASE",
                "target": "CatalogActionBean.getCategory",
                "weight": "1"
            },
            {
                "source": "ORDER USE CASE",
                "target": "CatalogActionBean.getItem",
                "weight": "11"
            },
            {
                "source": "ORDER USE CASE",
                "target": "CatalogActionBean.getItemList",
                "weight": "2"
            },
            {
                "source": "ORDER USE CASE",
                "target": "CatalogActionBean.getKeyword",
                "weight": "22"
            },
            {
                "source": "ORDER USE CASE",
                "target": "CatalogActionBean.getProduct",
                "weight": "14"
            },
            {
                "source": "ORDER USE CASE",
                "target": "CatalogActionBean.getProductList",
                "weight": "2"
            },
            {
                "source": "ORDER USE CASE",
                "target": "CatalogActionBean.searchProducts",
                "weight": "1"
            },
            {
                "source": "ORDER USE CASE",
                "target": "CatalogActionBean.setCategoryId",
                "weight": "1"
            },
            {
                "source": "ORDER USE CASE",
                "target": "CatalogActionBean.setItemId",
                "weight": "1"
            },
            {
                "source": "ORDER USE CASE",
                "target": "CatalogActionBean.setKeyword",
                "weight": "1"
            },
            {
                "source": "ORDER USE CASE",
                "target": "CatalogActionBean.setProductId",
                "weight": "2"
            },
            {
                "source": "ORDER USE CASE",
                "target": "CatalogActionBean.viewCategory",
                "weight": "1"
            },
            {
                "source": "ORDER USE CASE",
                "target": "CatalogActionBean.viewItem",
                "weight": "1"
            },
            {
                "source": "ORDER USE CASE",
                "target": "CatalogActionBean.viewMain",
                "weight": "4"
            },
            {
                "source": "ORDER USE CASE",
                "target": "CatalogActionBean.viewProduct",
                "weight": "2"
            },
            {
                "source": "ORDER USE CASE",
                "target": "CatalogService.getCategory",
                "weight": "1"
            },
            {
                "source": "ORDER USE CASE",
                "target": "CatalogService.getItem",
                "weight": "3"
            },
            {
                "source": "ORDER USE CASE",
                "target": "CatalogService.getItemListByProduct",
                "weight": "2"
            },
            {
                "source": "ORDER USE CASE",
                "target": "CatalogService.getProduct",
                "weight": "2"
            },
            {
                "source": "ORDER USE CASE",
                "target": "CatalogService.getProductListByCategory",
                "weight": "2"
            },
            {
                "source": "ORDER USE CASE",
                "target": "CatalogService.isItemInStock",
                "weight": "2"
            },
            {
                "source": "ORDER USE CASE",
                "target": "CatalogService.searchProductList",
                "weight": "1"
            },
            {
                "source": "ORDER USE CASE",
                "target": "Category.getName",
                "weight": "1"
            },
            {
                "source": "ORDER USE CASE",
                "target": "Item.getAttribute1",
                "weight": "12"
            },
            {
                "source": "ORDER USE CASE",
                "target": "Item.getAttribute2",
                "weight": "12"
            },
            {
                "source": "ORDER USE CASE",
                "target": "Item.getAttribute3",
                "weight": "12"
            },
            {
                "source": "ORDER USE CASE",
                "target": "Item.getAttribute4",
                "weight": "12"
            },
            {
                "source": "ORDER USE CASE",
                "target": "Item.getAttribute5",
                "weight": "12"
            },
            {
                "source": "ORDER USE CASE",
                "target": "Item.getItemId",
                "weight": "46"
            },
            {
                "source": "ORDER USE CASE",
                "target": "Item.getListPrice",
                "weight": "28"
            },
            {
                "source": "ORDER USE CASE",
                "target": "Item.getProduct",
                "weight": "70"
            },
            {
                "source": "ORDER USE CASE",
                "target": "Item.getQuantity",
                "weight": "3"
            },
            {
                "source": "ORDER USE CASE",
                "target": "Item.setAttribute1",
                "weight": "5"
            },
            {
                "source": "ORDER USE CASE",
                "target": "Item.setItemId",
                "weight": "5"
            },
            {
                "source": "ORDER USE CASE",
                "target": "Item.setListPrice",
                "weight": "5"
            },
            {
                "source": "ORDER USE CASE",
                "target": "Item.setProduct",
                "weight": "5"
            },
            {
                "source": "ORDER USE CASE",
                "target": "Item.setQuantity",
                "weight": "3"
            },
            {
                "source": "ORDER USE CASE",
                "target": "Item.setStatus",
                "weight": "5"
            },
            {
                "source": "ORDER USE CASE",
                "target": "Item.setSupplierId",
                "weight": "5"
            },
            {
                "source": "ORDER USE CASE",
                "target": "Item.setUnitCost",
                "weight": "5"
            },
            {
                "source": "ORDER USE CASE",
                "target": "LineItem.calculateTotal",
                "weight": "3"
            },
            {
                "source": "ORDER USE CASE",
                "target": "LineItem.getItem",
                "weight": "20"
            },
            {
                "source": "ORDER USE CASE",
                "target": "LineItem.getItemId",
                "weight": "4"
            },
            {
                "source": "ORDER USE CASE",
                "target": "LineItem.getLineNumber",
                "weight": "1"
            },
            {
                "source": "ORDER USE CASE",
                "target": "LineItem.getOrderId",
                "weight": "1"
            },
            {
                "source": "ORDER USE CASE",
                "target": "LineItem.getQuantity",
                "weight": "4"
            },
            {
                "source": "ORDER USE CASE",
                "target": "LineItem.getTotal",
                "weight": "2"
            },
            {
                "source": "ORDER USE CASE",
                "target": "LineItem.getUnitPrice",
                "weight": "3"
            },
            {
                "source": "ORDER USE CASE",
                "target": "LineItem.lambda$calculateTotal$0",
                "weight": "2"
            },
            {
                "source": "ORDER USE CASE",
                "target": "LineItem.setItem",
                "weight": "1"
            },
            {
                "source": "ORDER USE CASE",
                "target": "LineItem.setItemId",
                "weight": "1"
            },
            {
                "source": "ORDER USE CASE",
                "target": "LineItem.setLineNumber",
                "weight": "1"
            },
            {
                "source": "ORDER USE CASE",
                "target": "LineItem.setOrderId",
                "weight": "2"
            },
            {
                "source": "ORDER USE CASE",
                "target": "LineItem.setQuantity",
                "weight": "1"
            },
            {
                "source": "ORDER USE CASE",
                "target": "LineItem.setUnitPrice",
                "weight": "1"
            },
            {
                "source": "ORDER USE CASE",
                "target": "Order.addLineItem",
                "weight": "2"
            },
            {
                "source": "ORDER USE CASE",
                "target": "Order.getBillAddress1",
                "weight": "5"
            },
            {
                "source": "ORDER USE CASE",
                "target": "Order.getBillAddress2",
                "weight": "5"
            },
            {
                "source": "ORDER USE CASE",
                "target": "Order.getBillCity",
                "weight": "5"
            },
            {
                "source": "ORDER USE CASE",
                "target": "Order.getBillCountry",
                "weight": "5"
            },
            {
                "source": "ORDER USE CASE",
                "target": "Order.getBillState",
                "weight": "5"
            },
            {
                "source": "ORDER USE CASE",
                "target": "Order.getBillToFirstName",
                "weight": "5"
            },
            {
                "source": "ORDER USE CASE",
                "target": "Order.getBillToLastName",
                "weight": "5"
            },
            {
                "source": "ORDER USE CASE",
                "target": "Order.getBillZip",
                "weight": "5"
            },
            {
                "source": "ORDER USE CASE",
                "target": "Order.getCardType",
                "weight": "4"
            },
            {
                "source": "ORDER USE CASE",
                "target": "Order.getCourier",
                "weight": "3"
            },
            {
                "source": "ORDER USE CASE",
                "target": "Order.getCreditCard",
                "weight": "4"
            },
            {
                "source": "ORDER USE CASE",
                "target": "Order.getExpiryDate",
                "weight": "4"
            },
            {
                "source": "ORDER USE CASE",
                "target": "Order.getLineItems",
                "weight": "5"
            },
            {
                "source": "ORDER USE CASE",
                "target": "Order.getLocale",
                "weight": "1"
            },
            {
                "source": "ORDER USE CASE",
                "target": "Order.getOrderDate",
                "weight": "75"
            },
            {
                "source": "ORDER USE CASE",
                "target": "Order.getOrderId",
                "weight": "147"
            },
            {
                "source": "ORDER USE CASE",
                "target": "Order.getShipAddress1",
                "weight": "5"
            },
            {
                "source": "ORDER USE CASE",
                "target": "Order.getShipAddress2",
                "weight": "5"
            },
            {
                "source": "ORDER USE CASE",
                "target": "Order.getShipCity",
                "weight": "5"
            },
            {
                "source": "ORDER USE CASE",
                "target": "Order.getShipCountry",
                "weight": "5"
            },
            {
                "source": "ORDER USE CASE",
                "target": "Order.getShipState",
                "weight": "5"
            },
            {
                "source": "ORDER USE CASE",
                "target": "Order.getShipToFirstName",
                "weight": "5"
            },
            {
                "source": "ORDER USE CASE",
                "target": "Order.getShipToLastName",
                "weight": "5"
            },
            {
                "source": "ORDER USE CASE",
                "target": "Order.getShipZip",
                "weight": "5"
            },
            {
                "source": "ORDER USE CASE",
                "target": "Order.getStatus",
                "weight": "3"
            },
            {
                "source": "ORDER USE CASE",
                "target": "Order.getTotalPrice",
                "weight": "73"
            },
            {
                "source": "ORDER USE CASE",
                "target": "Order.getUsername",
                "weight": "2"
            },
            {
                "source": "ORDER USE CASE",
                "target": "Order.initOrder",
                "weight": "1"
            },
            {
                "source": "ORDER USE CASE",
                "target": "Order.setBillAddress1",
                "weight": "72"
            },
            {
                "source": "ORDER USE CASE",
                "target": "Order.setBillAddress2",
                "weight": "72"
            },
            {
                "source": "ORDER USE CASE",
                "target": "Order.setBillCity",
                "weight": "72"
            },
            {
                "source": "ORDER USE CASE",
                "target": "Order.setBillCountry",
                "weight": "72"
            },
            {
                "source": "ORDER USE CASE",
                "target": "Order.setBillState",
                "weight": "72"
            },
            {
                "source": "ORDER USE CASE",
                "target": "Order.setBillToFirstName",
                "weight": "72"
            },
            {
                "source": "ORDER USE CASE",
                "target": "Order.setBillToLastName",
                "weight": "72"
            },
            {
                "source": "ORDER USE CASE",
                "target": "Order.setBillZip",
                "weight": "72"
            },
            {
                "source": "ORDER USE CASE",
                "target": "Order.setCardType",
                "weight": "72"
            },
            {
                "source": "ORDER USE CASE",
                "target": "Order.setCourier",
                "weight": "71"
            },
            {
                "source": "ORDER USE CASE",
                "target": "Order.setCreditCard",
                "weight": "72"
            },
            {
                "source": "ORDER USE CASE",
                "target": "Order.setExpiryDate",
                "weight": "72"
            },
            {
                "source": "ORDER USE CASE",
                "target": "Order.setLineItems",
                "weight": "1"
            },
            {
                "source": "ORDER USE CASE",
                "target": "Order.setLocale",
                "weight": "71"
            },
            {
                "source": "ORDER USE CASE",
                "target": "Order.setOrderDate",
                "weight": "71"
            },
            {
                "source": "ORDER USE CASE",
                "target": "Order.setOrderId",
                "weight": "73"
            },
            {
                "source": "ORDER USE CASE",
                "target": "Order.setShipAddress1",
                "weight": "72"
            },
            {
                "source": "ORDER USE CASE",
                "target": "Order.setShipAddress2",
                "weight": "72"
            },
            {
                "source": "ORDER USE CASE",
                "target": "Order.setShipCity",
                "weight": "72"
            },
            {
                "source": "ORDER USE CASE",
                "target": "Order.setShipCountry",
                "weight": "72"
            },
            {
                "source": "ORDER USE CASE",
                "target": "Order.setShipState",
                "weight": "72"
            },
            {
                "source": "ORDER USE CASE",
                "target": "Order.setShipToFirstName",
                "weight": "72"
            },
            {
                "source": "ORDER USE CASE",
                "target": "Order.setShipToLastName",
                "weight": "72"
            },
            {
                "source": "ORDER USE CASE",
                "target": "Order.setShipZip",
                "weight": "72"
            },
            {
                "source": "ORDER USE CASE",
                "target": "Order.setStatus",
                "weight": "71"
            },
            {
                "source": "ORDER USE CASE",
                "target": "Order.setTotalPrice",
                "weight": "71"
            },
            {
                "source": "ORDER USE CASE",
                "target": "Order.setUsername",
                "weight": "71"
            },
            {
                "source": "ORDER USE CASE",
                "target": "OrderActionBean.clear",
                "weight": "1"
            },
            {
                "source": "ORDER USE CASE",
                "target": "OrderActionBean.getCreditCardTypes",
                "weight": "1"
            },
            {
                "source": "ORDER USE CASE",
                "target": "OrderActionBean.getOrder",
                "weight": "106"
            },
            {
                "source": "ORDER USE CASE",
                "target": "OrderActionBean.getOrderList",
                "weight": "1"
            },
            {
                "source": "ORDER USE CASE",
                "target": "OrderActionBean.isConfirmed",
                "weight": "2"
            },
            {
                "source": "ORDER USE CASE",
                "target": "OrderActionBean.isShippingAddressRequired",
                "weight": "1"
            },
            {
                "source": "ORDER USE CASE",
                "target": "OrderActionBean.listOrders",
                "weight": "1"
            },
            {
                "source": "ORDER USE CASE",
                "target": "OrderActionBean.newOrder",
                "weight": "3"
            },
            {
                "source": "ORDER USE CASE",
                "target": "OrderActionBean.newOrderForm",
                "weight": "1"
            },
            {
                "source": "ORDER USE CASE",
                "target": "OrderActionBean.setConfirmed",
                "weight": "1"
            },
            {
                "source": "ORDER USE CASE",
                "target": "OrderActionBean.setOrderId",
                "weight": "1"
            },
            {
                "source": "ORDER USE CASE",
                "target": "OrderActionBean.setShippingAddressRequired",
                "weight": "1"
            },
            {
                "source": "ORDER USE CASE",
                "target": "OrderActionBean.viewOrder",
                "weight": "1"
            },
            {
                "source": "ORDER USE CASE",
                "target": "OrderService.getNextId",
                "weight": "1"
            },
            {
                "source": "ORDER USE CASE",
                "target": "OrderService.getOrder",
                "weight": "1"
            },
            {
                "source": "ORDER USE CASE",
                "target": "OrderService.getOrdersByUsername",
                "weight": "1"
            },
            {
                "source": "ORDER USE CASE",
                "target": "OrderService.insertOrder",
                "weight": "1"
            },
            {
                "source": "ORDER USE CASE",
                "target": "OrderService.lambda$getOrder$2",
                "weight": "1"
            },
            {
                "source": "ORDER USE CASE",
                "target": "OrderService.lambda$insertOrder$0",
                "weight": "1"
            },
            {
                "source": "ORDER USE CASE",
                "target": "OrderService.lambda$insertOrder$1",
                "weight": "1"
            },
            {
                "source": "ORDER USE CASE",
                "target": "Product.getCategoryId",
                "weight": "4"
            },
            {
                "source": "ORDER USE CASE",
                "target": "Product.getDescription",
                "weight": "3"
            },
            {
                "source": "ORDER USE CASE",
                "target": "Product.getName",
                "weight": "19"
            },
            {
                "source": "ORDER USE CASE",
                "target": "Product.getProductId",
                "weight": "21"
            },
            {
                "source": "ORDER USE CASE",
                "target": "Product.setCategoryId",
                "weight": "5"
            },
            {
                "source": "ORDER USE CASE",
                "target": "Product.setDescription",
                "weight": "5"
            },
            {
                "source": "ORDER USE CASE",
                "target": "Product.setName",
                "weight": "5"
            },
            {
                "source": "ORDER USE CASE",
                "target": "Product.setProductId",
                "weight": "5"
            },
            {
                "source": "ORDER USE CASE",
                "target": "Sequence.getName",
                "weight": "3"
            },
            {
                "source": "ORDER USE CASE",
                "target": "Sequence.getNextId",
                "weight": "3"
            },
            {
                "source": "ORDER USE CASE",
                "target": "Sequence.setName",
                "weight": "1"
            },
            {
                "source": "ORDER USE CASE",
                "target": "Sequence.setNextId",
                "weight": "1"
            },
            {
                "source": "UPDATEPROFILE USE CASE",
                "target": "AbstractActionBean.getContext",
                "weight": "274"
            },
            {
                "source": "UPDATEPROFILE USE CASE",
                "target": "AbstractActionBean.setContext",
                "weight": "18"
            },
            {
                "source": "UPDATEPROFILE USE CASE",
                "target": "Account.getAddress1",
                "weight": "4"
            },
            {
                "source": "UPDATEPROFILE USE CASE",
                "target": "Account.getAddress2",
                "weight": "4"
            },
            {
                "source": "UPDATEPROFILE USE CASE",
                "target": "Account.getBannerName",
                "weight": "4"
            },
            {
                "source": "UPDATEPROFILE USE CASE",
                "target": "Account.getCity",
                "weight": "4"
            },
            {
                "source": "UPDATEPROFILE USE CASE",
                "target": "Account.getCountry",
                "weight": "4"
            },
            {
                "source": "UPDATEPROFILE USE CASE",
                "target": "Account.getEmail",
                "weight": "4"
            },
            {
                "source": "UPDATEPROFILE USE CASE",
                "target": "Account.getFavouriteCategoryId",
                "weight": "7"
            },
            {
                "source": "UPDATEPROFILE USE CASE",
                "target": "Account.getFirstName",
                "weight": "6"
            },
            {
                "source": "UPDATEPROFILE USE CASE",
                "target": "Account.getLanguagePreference",
                "weight": "4"
            },
            {
                "source": "UPDATEPROFILE USE CASE",
                "target": "Account.getLastName",
                "weight": "4"
            },
            {
                "source": "UPDATEPROFILE USE CASE",
                "target": "Account.getPassword",
                "weight": "5"
            },
            {
                "source": "UPDATEPROFILE USE CASE",
                "target": "Account.getPhone",
                "weight": "4"
            },
            {
                "source": "UPDATEPROFILE USE CASE",
                "target": "Account.getState",
                "weight": "4"
            },
            {
                "source": "UPDATEPROFILE USE CASE",
                "target": "Account.getStatus",
                "weight": "1"
            },
            {
                "source": "UPDATEPROFILE USE CASE",
                "target": "Account.getUsername",
                "weight": "26"
            },
            {
                "source": "UPDATEPROFILE USE CASE",
                "target": "Account.getZip",
                "weight": "4"
            },
            {
                "source": "UPDATEPROFILE USE CASE",
                "target": "Account.isBannerOption",
                "weight": "8"
            },
            {
                "source": "UPDATEPROFILE USE CASE",
                "target": "Account.isListOption",
                "weight": "4"
            },
            {
                "source": "UPDATEPROFILE USE CASE",
                "target": "Account.setAddress1",
                "weight": "4"
            },
            {
                "source": "UPDATEPROFILE USE CASE",
                "target": "Account.setAddress2",
                "weight": "4"
            },
            {
                "source": "UPDATEPROFILE USE CASE",
                "target": "Account.setBannerName",
                "weight": "2"
            },
            {
                "source": "UPDATEPROFILE USE CASE",
                "target": "Account.setBannerOption",
                "weight": "4"
            },
            {
                "source": "UPDATEPROFILE USE CASE",
                "target": "Account.setCity",
                "weight": "4"
            },
            {
                "source": "UPDATEPROFILE USE CASE",
                "target": "Account.setCountry",
                "weight": "4"
            },
            {
                "source": "UPDATEPROFILE USE CASE",
                "target": "Account.setEmail",
                "weight": "4"
            },
            {
                "source": "UPDATEPROFILE USE CASE",
                "target": "Account.setFavouriteCategoryId",
                "weight": "4"
            },
            {
                "source": "UPDATEPROFILE USE CASE",
                "target": "Account.setFirstName",
                "weight": "4"
            },
            {
                "source": "UPDATEPROFILE USE CASE",
                "target": "Account.setLanguagePreference",
                "weight": "4"
            },
            {
                "source": "UPDATEPROFILE USE CASE",
                "target": "Account.setLastName",
                "weight": "4"
            },
            {
                "source": "UPDATEPROFILE USE CASE",
                "target": "Account.setListOption",
                "weight": "4"
            },
            {
                "source": "UPDATEPROFILE USE CASE",
                "target": "Account.setPassword",
                "weight": "5"
            },
            {
                "source": "UPDATEPROFILE USE CASE",
                "target": "Account.setPhone",
                "weight": "4"
            },
            {
                "source": "UPDATEPROFILE USE CASE",
                "target": "Account.setState",
                "weight": "4"
            },
            {
                "source": "UPDATEPROFILE USE CASE",
                "target": "Account.setUsername",
                "weight": "5"
            },
            {
                "source": "UPDATEPROFILE USE CASE",
                "target": "Account.setZip",
                "weight": "4"
            },
            {
                "source": "UPDATEPROFILE USE CASE",
                "target": "AccountActionBean.clear",
                "weight": "2"
            },
            {
                "source": "UPDATEPROFILE USE CASE",
                "target": "AccountActionBean.editAccountForm",
                "weight": "1"
            },
            {
                "source": "UPDATEPROFILE USE CASE",
                "target": "AccountActionBean.getAccount",
                "weight": "80"
            },
            {
                "source": "UPDATEPROFILE USE CASE",
                "target": "AccountActionBean.getCategories",
                "weight": "3"
            },
            {
                "source": "UPDATEPROFILE USE CASE",
                "target": "AccountActionBean.getLanguages",
                "weight": "3"
            },
            {
                "source": "UPDATEPROFILE USE CASE",
                "target": "AccountActionBean.getPassword",
                "weight": "4"
            },
            {
                "source": "UPDATEPROFILE USE CASE",
                "target": "AccountActionBean.getUsername",
                "weight": "8"
            },
            {
                "source": "UPDATEPROFILE USE CASE",
                "target": "AccountActionBean.isAuthenticated",
                "weight": "14"
            },
            {
                "source": "UPDATEPROFILE USE CASE",
                "target": "AccountActionBean.newAccount",
                "weight": "1"
            },
            {
                "source": "UPDATEPROFILE USE CASE",
                "target": "AccountActionBean.newAccountForm",
                "weight": "1"
            },
            {
                "source": "UPDATEPROFILE USE CASE",
                "target": "AccountActionBean.setPassword",
                "weight": "3"
            },
            {
                "source": "UPDATEPROFILE USE CASE",
                "target": "AccountActionBean.setUsername",
                "weight": "3"
            },
            {
                "source": "UPDATEPROFILE USE CASE",
                "target": "AccountActionBean.signoff",
                "weight": "2"
            },
            {
                "source": "UPDATEPROFILE USE CASE",
                "target": "AccountActionBean.signon",
                "weight": "2"
            },
            {
                "source": "UPDATEPROFILE USE CASE",
                "target": "AccountActionBean.signonForm",
                "weight": "3"
            },
            {
                "source": "UPDATEPROFILE USE CASE",
                "target": "AccountService.getAccount",
                "weight": "3"
            },
            {
                "source": "UPDATEPROFILE USE CASE",
                "target": "AccountService.insertAccount",
                "weight": "1"
            },
            {
                "source": "UPDATEPROFILE USE CASE",
                "target": "CatalogActionBean.getKeyword",
                "weight": "13"
            },
            {
                "source": "UPDATEPROFILE USE CASE",
                "target": "CatalogActionBean.viewMain",
                "weight": "7"
            },
            {
                "source": "UPDATEPROFILE USE CASE",
                "target": "CatalogService.getProductListByCategory",
                "weight": "3"
            },
            {
                "source": "SELECTITEMS USE CASE",
                "target": "AbstractActionBean.getContext",
                "weight": "68"
            },
            {
                "source": "SELECTITEMS USE CASE",
                "target": "AbstractActionBean.setContext",
                "weight": "7"
            },
            {
                "source": "SELECTITEMS USE CASE",
                "target": "CatalogActionBean.getCategory",
                "weight": "2"
            },
            {
                "source": "SELECTITEMS USE CASE",
                "target": "CatalogActionBean.getItem",
                "weight": "11"
            },
            {
                "source": "SELECTITEMS USE CASE",
                "target": "CatalogActionBean.getItemList",
                "weight": "2"
            },
            {
                "source": "SELECTITEMS USE CASE",
                "target": "CatalogActionBean.getKeyword",
                "weight": "7"
            },
            {
                "source": "SELECTITEMS USE CASE",
                "target": "CatalogActionBean.getProduct",
                "weight": "15"
            },
            {
                "source": "SELECTITEMS USE CASE",
                "target": "CatalogActionBean.getProductList",
                "weight": "2"
            },
            {
                "source": "SELECTITEMS USE CASE",
                "target": "CatalogActionBean.setCategoryId",
                "weight": "2"
            },
            {
                "source": "SELECTITEMS USE CASE",
                "target": "CatalogActionBean.setItemId",
                "weight": "1"
            },
            {
                "source": "SELECTITEMS USE CASE",
                "target": "CatalogActionBean.setProductId",
                "weight": "2"
            },
            {
                "source": "SELECTITEMS USE CASE",
                "target": "CatalogActionBean.viewCategory",
                "weight": "2"
            },
            {
                "source": "SELECTITEMS USE CASE",
                "target": "CatalogActionBean.viewItem",
                "weight": "1"
            },
            {
                "source": "SELECTITEMS USE CASE",
                "target": "CatalogActionBean.viewMain",
                "weight": "2"
            },
            {
                "source": "SELECTITEMS USE CASE",
                "target": "CatalogActionBean.viewProduct",
                "weight": "2"
            },
            {
                "source": "SELECTITEMS USE CASE",
                "target": "CatalogService.getCategory",
                "weight": "2"
            },
            {
                "source": "SELECTITEMS USE CASE",
                "target": "CatalogService.getItem",
                "weight": "1"
            },
            {
                "source": "SELECTITEMS USE CASE",
                "target": "CatalogService.getItemListByProduct",
                "weight": "2"
            },
            {
                "source": "SELECTITEMS USE CASE",
                "target": "CatalogService.getProduct",
                "weight": "2"
            },
            {
                "source": "SELECTITEMS USE CASE",
                "target": "CatalogService.getProductListByCategory",
                "weight": "2"
            },
            {
                "source": "SELECTITEMS USE CASE",
                "target": "Category.getName",
                "weight": "2"
            },
            {
                "source": "SELECTITEMS USE CASE",
                "target": "Item.getAttribute1",
                "weight": "5"
            },
            {
                "source": "SELECTITEMS USE CASE",
                "target": "Item.getAttribute2",
                "weight": "5"
            },
            {
                "source": "SELECTITEMS USE CASE",
                "target": "Item.getAttribute3",
                "weight": "5"
            },
            {
                "source": "SELECTITEMS USE CASE",
                "target": "Item.getAttribute4",
                "weight": "5"
            },
            {
                "source": "SELECTITEMS USE CASE",
                "target": "Item.getAttribute5",
                "weight": "5"
            },
            {
                "source": "SELECTITEMS USE CASE",
                "target": "Item.getItemId",
                "weight": "14"
            },
            {
                "source": "SELECTITEMS USE CASE",
                "target": "Item.getListPrice",
                "weight": "5"
            },
            {
                "source": "SELECTITEMS USE CASE",
                "target": "Item.getProduct",
                "weight": "33"
            },
            {
                "source": "SELECTITEMS USE CASE",
                "target": "Item.getQuantity",
                "weight": "3"
            },
            {
                "source": "SELECTITEMS USE CASE",
                "target": "Item.setAttribute1",
                "weight": "3"
            },
            {
                "source": "SELECTITEMS USE CASE",
                "target": "Item.setItemId",
                "weight": "3"
            },
            {
                "source": "SELECTITEMS USE CASE",
                "target": "Item.setListPrice",
                "weight": "3"
            },
            {
                "source": "SELECTITEMS USE CASE",
                "target": "Item.setProduct",
                "weight": "3"
            },
            {
                "source": "SELECTITEMS USE CASE",
                "target": "Item.setQuantity",
                "weight": "1"
            },
            {
                "source": "SELECTITEMS USE CASE",
                "target": "Item.setStatus",
                "weight": "3"
            },
            {
                "source": "SELECTITEMS USE CASE",
                "target": "Item.setSupplierId",
                "weight": "3"
            },
            {
                "source": "SELECTITEMS USE CASE",
                "target": "Item.setUnitCost",
                "weight": "3"
            },
            {
                "source": "SELECTITEMS USE CASE",
                "target": "Product.getCategoryId",
                "weight": "4"
            },
            {
                "source": "SELECTITEMS USE CASE",
                "target": "Product.getDescription",
                "weight": "1"
            },
            {
                "source": "SELECTITEMS USE CASE",
                "target": "Product.getName",
                "weight": "16"
            },
            {
                "source": "SELECTITEMS USE CASE",
                "target": "Product.getProductId",
                "weight": "22"
            },
            {
                "source": "SELECTITEMS USE CASE",
                "target": "Product.setCategoryId",
                "weight": "3"
            },
            {
                "source": "SELECTITEMS USE CASE",
                "target": "Product.setDescription",
                "weight": "3"
            },
            {
                "source": "SELECTITEMS USE CASE",
                "target": "Product.setName",
                "weight": "3"
            },
            {
                "source": "SELECTITEMS USE CASE",
                "target": "Product.setProductId",
                "weight": "3"
            }
        ]
    },
    "4_database_access": {
        "decomposition": {
            "0": [
                {
                    "id": "Cart.getAllCartItems"
                },
                {
                    "id": "Cart.removeItemById"
                },
                {
                    "id": "Cart.containsItemId"
                },
                {
                    "id": "CartActionBean.setCart"
                },
                {
                    "id": "CartActionBean.setWorkingItemId"
                },
                {
                    "id": "CartActionBean.getCart"
                },
                {
                    "id": "CartActionBean.CartActionBean"
                }
            ],
            "1": [
                {
                    "id": "AccountActionBean.setUsername"
                },
                {
                    "id": "AccountActionBean.getPassword"
                },
                {
                    "id": "Account.setPassword"
                },
                {
                    "id": "AccountActionBean.getUsername"
                },
                {
                    "id": "AccountActionBean.setMyList"
                },
                {
                    "id": "CartActionBean.checkOut"
                },
                {
                    "id": "AccountActionBean.editAccount"
                },
                {
                    "id": "AccountActionBean.clear"
                },
                {
                    "id": "AccountActionBean.AccountActionBean"
                },
                {
                    "id": "Account.getFavouriteCategoryId"
                },
                {
                    "id": "Account.getPassword"
                },
                {
                    "id": "Account.getUsername"
                },
                {
                    "id": "AccountActionBean.isAuthenticated"
                },
                {
                    "id": "Account.setUsername"
                },
                {
                    "id": "AccountActionBean.setPassword"
                },
                {
                    "id": "AccountActionBean.signoff"
                },
                {
                    "id": "AccountActionBean.signon"
                },
                {
                    "id": "AccountActionBean.newAccount"
                }
            ],
            "2": [
                {
                    "id": "CatalogActionBean.setProduct"
                },
                {
                    "id": "CatalogActionBean.setCategoryList"
                },
                {
                    "id": "CatalogActionBean.setItem"
                },
                {
                    "id": "CatalogActionBean.viewItem"
                },
                {
                    "id": "CatalogActionBean.setItemList"
                },
                {
                    "id": "CatalogActionBean.clear"
                },
                {
                    "id": "CatalogActionBean.setProductList"
                },
                {
                    "id": "CatalogActionBean.setItemId"
                },
                {
                    "id": "CatalogActionBean.viewCategory"
                },
                {
                    "id": "CatalogActionBean.setKeyword"
                },
                {
                    "id": "CatalogActionBean.viewProduct"
                },
                {
                    "id": "CatalogActionBean.setCategory"
                },
                {
                    "id": "CatalogActionBean.setCategoryId"
                },
                {
                    "id": "Item.getProduct"
                },
                {
                    "id": "CatalogActionBean.setProductId"
                }
            ],
            "3": [
                {
                    "id": "CartActionBean.updateCartQuantities"
                },
                {
                    "id": "Cart.Cart"
                },
                {
                    "id": "CartItem.incrementQuantity"
                },
                {
                    "id": "CartItem.setItem"
                },
                {
                    "id": "CartItem.setQuantity"
                },
                {
                    "id": "Cart.addItem"
                },
                {
                    "id": "CartActionBean.removeItemFromCart"
                },
                {
                    "id": "CartActionBean.addItemToCart"
                },
                {
                    "id": "CartActionBean.clear"
                }
            ],
            "4": [
                {
                    "id": "AbstractActionBean.setMessage"
                }
            ],
            "5": [
                {
                    "id": "Order.initOrder"
                },
                {
                    "id": "CatalogActionBean.CatalogActionBean"
                },
                {
                    "id": "OrderActionBean.setOrder"
                },
                {
                    "id": "OrderActionBean.setOrderId"
                },
                {
                    "id": "OrderActionBean.viewOrder"
                },
                {
                    "id": "AccountActionBean.editAccountForm"
                },
                {
                    "id": "Order.getOrderId"
                },
                {
                    "id": "CatalogActionBean.searchProducts"
                },
                {
                    "id": "OrderActionBean.getOrderId"
                },
                {
                    "id": "Order.setOrderId"
                },
                {
                    "id": "OrderActionBean.newOrder"
                },
                {
                    "id": "OrderActionBean.setShippingAddressRequired"
                },
                {
                    "id": "OrderActionBean.newOrderForm"
                },
                {
                    "id": "LineItem.LineItem"
                },
                {
                    "id": "CatalogActionBean.viewMain"
                },
                {
                    "id": "OrderActionBean.OrderActionBean"
                },
                {
                    "id": "AccountActionBean.signonForm"
                },
                {
                    "id": "Order.getUsername"
                },
                {
                    "id": "CartActionBean.viewCart"
                },
                {
                    "id": "OrderActionBean.setConfirmed"
                },
                {
                    "id": "OrderActionBean.getOrder"
                },
                {
                    "id": "Order.addLineItem"
                },
                {
                    "id": "OrderActionBean.listOrders"
                },
                {
                    "id": "OrderActionBean.isConfirmed"
                },
                {
                    "id": "AccountActionBean.newAccountForm"
                },
                {
                    "id": "OrderActionBean.clear"
                },
                {
                    "id": "Order.Order"
                }
            ],
            "ACCOUNT TABLE": [
                {
                    "id": "ACCOUNT TABLE"
                }
            ],
            "BANNERDATA TABLE": [
                {
                    "id": "BANNERDATA TABLE"
                }
            ],
            "CATEGORY TABLE": [
                {
                    "id": "CATEGORY TABLE"
                }
            ],
            "INVENTORY TABLE": [
                {
                    "id": "INVENTORY TABLE"
                }
            ],
            "ITEM TABLE": [
                {
                    "id": "ITEM TABLE"
                }
            ],
            "LINEITEM TABLE": [
                {
                    "id": "LINEITEM TABLE"
                }
            ],
            "ORDERS TABLE": [
                {
                    "id": "ORDERS TABLE"
                }
            ],
            "ORDERSTATUS TABLE": [
                {
                    "id": "ORDERSTATUS TABLE"
                }
            ],
            "PRODUCT TABLE": [
                {
                    "id": "PRODUCT TABLE"
                }
            ],
            "PROFILE TABLE": [
                {
                    "id": "PROFILE TABLE"
                }
            ],
            "SEQUENCE TABLE": [
                {
                    "id": "SEQUENCE TABLE"
                }
            ],
            "SIGNON TABLE": [
                {
                    "id": "SIGNON TABLE"
                }
            ]
        },
        "links": [
            {
                "source": "AccountActionBean.editAccount",
                "target": "SIGNON TABLE",
                "weight": "1"
            },
            {
                "source": "AccountActionBean.newAccount",
                "target": "SIGNON TABLE",
                "weight": "1"
            },
            {
                "source": "AccountActionBean.signon",
                "target": "SIGNON TABLE",
                "weight": "1"
            },
            {
                "source": "AccountMapper.getAccountByUsername",
                "target": "SIGNON TABLE",
                "weight": "1"
            },
            {
                "source": "AccountMapper.getAccountByUsernameAndPassword",
                "target": "SIGNON TABLE",
                "weight": "1"
            },
            {
                "source": "AccountMapper.insertSignon",
                "target": "SIGNON TABLE",
                "weight": "1"
            },
            {
                "source": "AccountMapper.updateSignon",
                "target": "SIGNON TABLE",
                "weight": "1"
            },
            {
                "source": "AccountService.getAccount",
                "target": "SIGNON TABLE",
                "weight": "1"
            },
            {
                "source": "AccountService.insertAccount",
                "target": "SIGNON TABLE",
                "weight": "1"
            },
            {
                "source": "AccountService.lambda$updateAccount$1",
                "target": "SIGNON TABLE",
                "weight": "1"
            },
            {
                "source": "AccountActionBean.editAccount",
                "target": "ACCOUNT TABLE",
                "weight": "1"
            },
            {
                "source": "AccountActionBean.newAccount",
                "target": "ACCOUNT TABLE",
                "weight": "1"
            },
            {
                "source": "AccountActionBean.signon",
                "target": "ACCOUNT TABLE",
                "weight": "1"
            },
            {
                "source": "AccountMapper.getAccountByUsername",
                "target": "ACCOUNT TABLE",
                "weight": "1"
            },
            {
                "source": "AccountMapper.getAccountByUsernameAndPassword",
                "target": "ACCOUNT TABLE",
                "weight": "1"
            },
            {
                "source": "AccountMapper.insertAccount",
                "target": "ACCOUNT TABLE",
                "weight": "1"
            },
            {
                "source": "AccountMapper.updateAccount",
                "target": "ACCOUNT TABLE",
                "weight": "1"
            },
            {
                "source": "AccountService.getAccount",
                "target": "ACCOUNT TABLE",
                "weight": "1"
            },
            {
                "source": "AccountService.insertAccount",
                "target": "ACCOUNT TABLE",
                "weight": "1"
            },
            {
                "source": "AccountService.updateAccount",
                "target": "ACCOUNT TABLE",
                "weight": "1"
            },
            {
                "source": "AccountActionBean.editAccount",
                "target": "PROFILE TABLE",
                "weight": "1"
            },
            {
                "source": "AccountActionBean.newAccount",
                "target": "PROFILE TABLE",
                "weight": "1"
            },
            {
                "source": "AccountActionBean.signon",
                "target": "PROFILE TABLE",
                "weight": "1"
            },
            {
                "source": "AccountMapper.getAccountByUsername",
                "target": "PROFILE TABLE",
                "weight": "1"
            },
            {
                "source": "AccountMapper.getAccountByUsernameAndPassword",
                "target": "PROFILE TABLE",
                "weight": "1"
            },
            {
                "source": "AccountMapper.insertProfile",
                "target": "PROFILE TABLE",
                "weight": "1"
            },
            {
                "source": "AccountMapper.updateProfile",
                "target": "PROFILE TABLE",
                "weight": "1"
            },
            {
                "source": "AccountService.getAccount",
                "target": "PROFILE TABLE",
                "weight": "1"
            },
            {
                "source": "AccountService.insertAccount",
                "target": "PROFILE TABLE",
                "weight": "1"
            },
            {
                "source": "AccountService.updateAccount",
                "target": "PROFILE TABLE",
                "weight": "1"
            },
            {
                "source": "AccountActionBean.editAccount",
                "target": "BANNERDATA TABLE",
                "weight": "1"
            },
            {
                "source": "AccountActionBean.newAccount",
                "target": "BANNERDATA TABLE",
                "weight": "1"
            },
            {
                "source": "AccountActionBean.signon",
                "target": "BANNERDATA TABLE",
                "weight": "1"
            },
            {
                "source": "AccountMapper.getAccountByUsername",
                "target": "BANNERDATA TABLE",
                "weight": "1"
            },
            {
                "source": "AccountMapper.getAccountByUsernameAndPassword",
                "target": "BANNERDATA TABLE",
                "weight": "1"
            },
            {
                "source": "AccountService.getAccount",
                "target": "BANNERDATA TABLE",
                "weight": "1"
            },
            {
                "source": "OrderActionBean.listOrders",
                "target": "ORDERS TABLE",
                "weight": "1"
            },
            {
                "source": "OrderActionBean.newOrder",
                "target": "ORDERS TABLE",
                "weight": "1"
            },
            {
                "source": "OrderActionBean.viewOrder",
                "target": "ORDERS TABLE",
                "weight": "1"
            },
            {
                "source": "OrderMapper.getOrder",
                "target": "ORDERS TABLE",
                "weight": "1"
            },
            {
                "source": "OrderMapper.getOrdersByUsername",
                "target": "ORDERS TABLE",
                "weight": "1"
            },
            {
                "source": "OrderMapper.insertOrder",
                "target": "ORDERS TABLE",
                "weight": "1"
            },
            {
                "source": "OrderService.getOrder",
                "target": "ORDERS TABLE",
                "weight": "1"
            },
            {
                "source": "OrderService.getOrdersByUsername",
                "target": "ORDERS TABLE",
                "weight": "1"
            },
            {
                "source": "OrderService.insertOrder",
                "target": "ORDERS TABLE",
                "weight": "1"
            },
            {
                "source": "OrderActionBean.listOrders",
                "target": "ORDERSTATUS TABLE",
                "weight": "1"
            },
            {
                "source": "OrderActionBean.newOrder",
                "target": "ORDERSTATUS TABLE",
                "weight": "1"
            },
            {
                "source": "OrderActionBean.viewOrder",
                "target": "ORDERSTATUS TABLE",
                "weight": "1"
            },
            {
                "source": "OrderMapper.getOrder",
                "target": "ORDERSTATUS TABLE",
                "weight": "1"
            },
            {
                "source": "OrderMapper.getOrdersByUsername",
                "target": "ORDERSTATUS TABLE",
                "weight": "1"
            },
            {
                "source": "OrderMapper.insertOrderStatus",
                "target": "ORDERSTATUS TABLE",
                "weight": "1"
            },
            {
                "source": "OrderService.getOrder",
                "target": "ORDERSTATUS TABLE",
                "weight": "1"
            },
            {
                "source": "OrderService.getOrdersByUsername",
                "target": "ORDERSTATUS TABLE",
                "weight": "1"
            },
            {
                "source": "OrderService.insertOrder",
                "target": "ORDERSTATUS TABLE",
                "weight": "1"
            },
            {
                "source": "LineItemMapper.getLineItemsByOrderId",
                "target": "LINEITEM TABLE",
                "weight": "1"
            },
            {
                "source": "LineItemMapper.insertLineItem",
                "target": "LINEITEM TABLE",
                "weight": "1"
            },
            {
                "source": "OrderActionBean.viewOrder",
                "target": "LINEITEM TABLE",
                "weight": "1"
            },
            {
                "source": "OrderService.getOrder",
                "target": "LINEITEM TABLE",
                "weight": "1"
            },
            {
                "source": "OrderService.lambda$insertOrder$1",
                "target": "LINEITEM TABLE",
                "weight": "1"
            },
            {
                "source": "CatalogActionBean.viewCategory",
                "target": "CATEGORY TABLE",
                "weight": "1"
            },
            {
                "source": "CatalogService.getCategory",
                "target": "CATEGORY TABLE",
                "weight": "1"
            },
            {
                "source": "CatalogService.getCategoryList",
                "target": "CATEGORY TABLE",
                "weight": "1"
            },
            {
                "source": "CategoryMapper.getCategory",
                "target": "CATEGORY TABLE",
                "weight": "1"
            },
            {
                "source": "CategoryMapper.getCategoryList",
                "target": "CATEGORY TABLE",
                "weight": "1"
            },
            {
                "source": "AccountActionBean.editAccount",
                "target": "PRODUCT TABLE",
                "weight": "1"
            },
            {
                "source": "AccountActionBean.newAccount",
                "target": "PRODUCT TABLE",
                "weight": "1"
            },
            {
                "source": "AccountActionBean.signon",
                "target": "PRODUCT TABLE",
                "weight": "1"
            },
            {
                "source": "CartActionBean.addItemToCart",
                "target": "PRODUCT TABLE",
                "weight": "1"
            },
            {
                "source": "CatalogActionBean.searchProducts",
                "target": "PRODUCT TABLE",
                "weight": "1"
            },
            {
                "source": "CatalogActionBean.viewCategory",
                "target": "PRODUCT TABLE",
                "weight": "1"
            },
            {
                "source": "CatalogActionBean.viewItem",
                "target": "PRODUCT TABLE",
                "weight": "1"
            },
            {
                "source": "CatalogActionBean.viewProduct",
                "target": "PRODUCT TABLE",
                "weight": "1"
            },
            {
                "source": "CatalogService.getItem",
                "target": "PRODUCT TABLE",
                "weight": "1"
            },
            {
                "source": "CatalogService.getItemListByProduct",
                "target": "PRODUCT TABLE",
                "weight": "1"
            },
            {
                "source": "CatalogService.getProduct",
                "target": "PRODUCT TABLE",
                "weight": "1"
            },
            {
                "source": "CatalogService.getProductListByCategory",
                "target": "PRODUCT TABLE",
                "weight": "1"
            },
            {
                "source": "CatalogService.searchProductList",
                "target": "PRODUCT TABLE",
                "weight": "1"
            },
            {
                "source": "ItemMapper.getItem",
                "target": "PRODUCT TABLE",
                "weight": "1"
            },
            {
                "source": "ItemMapper.getItemListByProduct",
                "target": "PRODUCT TABLE",
                "weight": "1"
            },
            {
                "source": "OrderService.lambda$getOrder$2",
                "target": "PRODUCT TABLE",
                "weight": "1"
            },
            {
                "source": "ProductMapper.getProduct",
                "target": "PRODUCT TABLE",
                "weight": "1"
            },
            {
                "source": "ProductMapper.getProductListByCategory",
                "target": "PRODUCT TABLE",
                "weight": "1"
            },
            {
                "source": "ProductMapper.searchProductList",
                "target": "PRODUCT TABLE",
                "weight": "1"
            },
            {
                "source": "CartActionBean.addItemToCart",
                "target": "ITEM TABLE",
                "weight": "1"
            },
            {
                "source": "CatalogActionBean.viewItem",
                "target": "ITEM TABLE",
                "weight": "1"
            },
            {
                "source": "CatalogActionBean.viewProduct",
                "target": "ITEM TABLE",
                "weight": "1"
            },
            {
                "source": "CatalogService.getItem",
                "target": "ITEM TABLE",
                "weight": "1"
            },
            {
                "source": "CatalogService.getItemListByProduct",
                "target": "ITEM TABLE",
                "weight": "1"
            },
            {
                "source": "ItemMapper.getItem",
                "target": "ITEM TABLE",
                "weight": "1"
            },
            {
                "source": "ItemMapper.getItemListByProduct",
                "target": "ITEM TABLE",
                "weight": "1"
            },
            {
                "source": "OrderService.lambda$getOrder$2",
                "target": "ITEM TABLE",
                "weight": "1"
            },
            {
                "source": "CartActionBean.addItemToCart",
                "target": "INVENTORY TABLE",
                "weight": "1"
            },
            {
                "source": "CatalogActionBean.viewItem",
                "target": "INVENTORY TABLE",
                "weight": "1"
            },
            {
                "source": "CatalogService.getItem",
                "target": "INVENTORY TABLE",
                "weight": "1"
            },
            {
                "source": "CatalogService.isItemInStock",
                "target": "INVENTORY TABLE",
                "weight": "1"
            },
            {
                "source": "ItemMapper.getInventoryQuantity",
                "target": "INVENTORY TABLE",
                "weight": "1"
            },
            {
                "source": "ItemMapper.getItem",
                "target": "INVENTORY TABLE",
                "weight": "1"
            },
            {
                "source": "ItemMapper.updateInventoryQuantity",
                "target": "INVENTORY TABLE",
                "weight": "1"
            },
            {
                "source": "OrderService.lambda$getOrder$2",
                "target": "INVENTORY TABLE",
                "weight": "1"
            },
            {
                "source": "OrderService.lambda$insertOrder$0",
                "target": "INVENTORY TABLE",
                "weight": "1"
            },
            {
                "source": "OrderActionBean.newOrder",
                "target": "SEQUENCE TABLE",
                "weight": "1"
            },
            {
                "source": "OrderService.getNextId",
                "target": "SEQUENCE TABLE",
                "weight": "1"
            },
            {
                "source": "OrderService.insertOrder",
                "target": "SEQUENCE TABLE",
                "weight": "1"
            },
            {
                "source": "SequenceMapper.getSequence",
                "target": "SEQUENCE TABLE",
                "weight": "1"
            },
            {
                "source": "SequenceMapper.updateSequence",
                "target": "SEQUENCE TABLE",
                "weight": "1"
            }
        ]
    }
}