﻿Table,Type,Method
CATALOG,Direct,smpl.ordering.repositories.mongodb.MongoCatalogItemsRepository.findExistingCatalogItem
CATALOG,Direct,smpl.ordering.repositories.mongodb.MongoCatalogItemsRepository.getCatalogItems
CATALOG,Direct,smpl.ordering.repositories.mongodb.MongoCatalogItemsRepository.removeCatalogItem
CATALOG,Direct,smpl.ordering.repositories.mongodb.MongoCatalogItemsRepository.reset
CATALOG,Direct,smpl.ordering.repositories.mongodb.MongoCatalogItemsRepository.upsertCatalogItem
DEALERS,Direct,smpl.ordering.repositories.mongodb.MongoDealersRepository.getDealer
DEALERS,Direct,smpl.ordering.repositories.mongodb.MongoDealersRepository.getDealers
DEALERS,Direct,smpl.ordering.repositories.mongodb.MongoDealersRepository.removeDealer
DEALERS,Direct,smpl.ordering.repositories.mongodb.MongoDealersRepository.reset
DEALERS,Direct,smpl.ordering.repositories.mongodb.MongoDealersRepository.upsertDealer
ORDERS,Direct,smpl.ordering.repositories.mongodb.MongoOrderRepository.createOrder
ORDERS,Direct,smpl.ordering.repositories.mongodb.MongoOrderRepository.findExistingOrder
ORDERS,Direct,smpl.ordering.repositories.mongodb.MongoOrderRepository.getOrderByQuoteId
ORDERS,Direct,smpl.ordering.repositories.mongodb.MongoOrderRepository.getOrdersByDealerName
ORDERS,Direct,smpl.ordering.repositories.mongodb.MongoOrderRepository.getOrdersByStatus
ORDERS,Direct,smpl.ordering.repositories.mongodb.MongoOrderRepository.hasOrder
ORDERS,Direct,smpl.ordering.repositories.mongodb.MongoOrderRepository.removeOrder
ORDERS,Direct,smpl.ordering.repositories.mongodb.MongoOrderRepository.reset
ORDERS,Direct,smpl.ordering.repositories.mongodb.MongoOrderRepository.saveOrder
ORDERS,Direct,smpl.ordering.repositories.mongodb.MongoOrderRepository.updateOrder
ORDERS,Direct,smpl.ordering.repositories.mongodb.MongoOrderRepository.updateOrder
QUOTES,Direct,smpl.ordering.repositories.mongodb.MongoQuoteRepository.createQuote
QUOTES,Direct,smpl.ordering.repositories.mongodb.MongoQuoteRepository.findExistingQuote
QUOTES,Direct,smpl.ordering.repositories.mongodb.MongoQuoteRepository.getQuoteIdsByDealerName
QUOTES,Direct,smpl.ordering.repositories.mongodb.MongoQuoteRepository.getQuotesByCustomerName
QUOTES,Direct,smpl.ordering.repositories.mongodb.MongoQuoteRepository.removeQuote
QUOTES,Direct,smpl.ordering.repositories.mongodb.MongoQuoteRepository.reset
QUOTES,Direct,smpl.ordering.repositories.mongodb.MongoQuoteRepository.updateQuote
SHIPMENTS,Direct,smpl.ordering.repositories.mongodb.MongoShipmentRepository.addEvent
SHIPMENTS,Direct,smpl.ordering.repositories.mongodb.MongoShipmentRepository.createShipment
SHIPMENTS,Direct,smpl.ordering.repositories.mongodb.MongoShipmentRepository.findExistingShipmentDetails
SHIPMENTS,Direct,smpl.ordering.repositories.mongodb.MongoShipmentRepository.getShipmentById
SHIPMENTS,Direct,smpl.ordering.repositories.mongodb.MongoShipmentRepository.getShipments
SHIPMENTS,Direct,smpl.ordering.repositories.mongodb.MongoShipmentRepository.removeShipment
SHIPMENTS,Direct,smpl.ordering.repositories.mongodb.MongoShipmentRepository.reset
SHIPMENTS,Direct,smpl.ordering.repositories.mongodb.MongoShipmentRepository.saveUpdates
SHIPMENTS,Direct,smpl.ordering.repositories.mongodb.MongoShipmentRepository.updateShipment
CATALOG,Direct,smpl.ordering.repositories.CatalogItemsRepository.findExistingCatalogItem
CATALOG,Direct,smpl.ordering.repositories.CatalogItemsRepository.getCatalogItems
CATALOG,Direct,smpl.ordering.repositories.CatalogItemsRepository.removeCatalogItem
CATALOG,Direct,smpl.ordering.repositories.CatalogItemsRepository.reset
CATALOG,Direct,smpl.ordering.repositories.CatalogItemsRepository.upsertCatalogItem
DEALERS,Direct,smpl.ordering.repositories.DealersRepository.getDealer
DEALERS,Direct,smpl.ordering.repositories.DealersRepository.getDealers
DEALERS,Direct,smpl.ordering.repositories.DealersRepository.removeDealer
DEALERS,Direct,smpl.ordering.repositories.DealersRepository.reset
DEALERS,Direct,smpl.ordering.repositories.DealersRepository.upsertDealer
ORDERS,Direct,smpl.ordering.repositories.OrderRepository.createOrder
ORDERS,Direct,smpl.ordering.repositories.OrderRepository.findExistingOrder
ORDERS,Direct,smpl.ordering.repositories.OrderRepository.getOrderByQuoteId
ORDERS,Direct,smpl.ordering.repositories.OrderRepository.getOrdersByDealerName
ORDERS,Direct,smpl.ordering.repositories.OrderRepository.getOrdersByStatus
ORDERS,Direct,smpl.ordering.repositories.OrderRepository.hasOrder
ORDERS,Direct,smpl.ordering.repositories.OrderRepository.removeOrder
ORDERS,Direct,smpl.ordering.repositories.OrderRepository.reset
ORDERS,Direct,smpl.ordering.repositories.OrderRepository.saveOrder
ORDERS,Direct,smpl.ordering.repositories.OrderRepository.updateOrder
ORDERS,Direct,smpl.ordering.repositories.OrderRepository.updateOrder
QUOTES,Direct,smpl.ordering.repositories.QuoteRepository.createQuote
QUOTES,Direct,smpl.ordering.repositories.QuoteRepository.findExistingQuote
QUOTES,Direct,smpl.ordering.repositories.QuoteRepository.getQuoteIdsByDealerName
QUOTES,Direct,smpl.ordering.repositories.QuoteRepository.getQuotesByCustomerName
QUOTES,Direct,smpl.ordering.repositories.QuoteRepository.removeQuote
QUOTES,Direct,smpl.ordering.repositories.QuoteRepository.reset
QUOTES,Direct,smpl.ordering.repositories.QuoteRepository.updateQuote
SHIPMENTS,Direct,smpl.ordering.repositories.ShipmentRepository.addEvent
SHIPMENTS,Direct,smpl.ordering.repositories.ShipmentRepository.createShipment
SHIPMENTS,Direct,smpl.ordering.repositories.ShipmentRepository.findExistingShipmentDetails
SHIPMENTS,Direct,smpl.ordering.repositories.ShipmentRepository.getShipmentById
SHIPMENTS,Direct,smpl.ordering.repositories.ShipmentRepository.getShipments
SHIPMENTS,Direct,smpl.ordering.repositories.ShipmentRepository.removeShipment
SHIPMENTS,Direct,smpl.ordering.repositories.ShipmentRepository.reset
SHIPMENTS,Direct,smpl.ordering.repositories.ShipmentRepository.saveUpdates
SHIPMENTS,Direct,smpl.ordering.repositories.ShipmentRepository.updateShipment