partitionID,className,classID
0,AccountActionBeanTest.java,src/test/java/org/mybatis/jpetstore/web/actions/AccountActionBeanTest.java
0,OrderActionBeanTest.java,src/test/java/org/mybatis/jpetstore/web/actions/OrderActionBeanTest.java
0,CatalogActionBeanTest.java,src/test/java/org/mybatis/jpetstore/web/actions/CatalogActionBeanTest.java
1,OrderTest.java,src/test/java/org/mybatis/jpetstore/domain/OrderTest.java
1,OrderMapperTest.java,src/test/java/org/mybatis/jpetstore/mapper/OrderMapperTest.java
1,AccountMapperTest.java,src/test/java/org/mybatis/jpetstore/mapper/AccountMapperTest.java
1,ItemMapperTest.java,src/test/java/org/mybatis/jpetstore/mapper/ItemMapperTest.java
1,SequenceMapperTest.java,src/test/java/org/mybatis/jpetstore/mapper/SequenceMapperTest.java
1,CartTest.java,src/test/java/org/mybatis/jpetstore/domain/CartTest.java
1,LineItemMapperTest.java,src/test/java/org/mybatis/jpetstore/mapper/LineItemMapperTest.java
1,CategoryMapperTest.java,src/test/java/org/mybatis/jpetstore/mapper/CategoryMapperTest.java
1,ProductMapperTest.java,src/test/java/org/mybatis/jpetstore/mapper/ProductMapperTest.java
2,CatalogActionBean.java,src/main/java/org/mybatis/jpetstore/web/actions/CatalogActionBean.java
2,CartActionBean.java,src/main/java/org/mybatis/jpetstore/web/actions/CartActionBean.java
2,OrderActionBean.java,src/main/java/org/mybatis/jpetstore/web/actions/OrderActionBean.java
2,AccountActionBean.java,src/main/java/org/mybatis/jpetstore/web/actions/AccountActionBean.java
2,CatalogServiceTest.java,src/test/java/org/mybatis/jpetstore/service/CatalogServiceTest.java
2,ProductMapper.java,src/main/java/org/mybatis/jpetstore/mapper/ProductMapper.java
2,AccountMapper.java,src/main/java/org/mybatis/jpetstore/mapper/AccountMapper.java
2,LineItemMapper.java,src/main/java/org/mybatis/jpetstore/mapper/LineItemMapper.java
2,CategoryMapper.java,src/main/java/org/mybatis/jpetstore/mapper/CategoryMapper.java
2,AccountServiceTest.java,src/test/java/org/mybatis/jpetstore/service/AccountServiceTest.java
2,ScreenTransitionIT.java,src/test/java/org/mybatis/jpetstore/ScreenTransitionIT.java
2,OrderServiceTest.java,src/test/java/org/mybatis/jpetstore/service/OrderServiceTest.java
2,CartItem.java,src/main/java/org/mybatis/jpetstore/domain/CartItem.java
2,Cart.java,src/main/java/org/mybatis/jpetstore/domain/Cart.java
2,LineItem.java,src/main/java/org/mybatis/jpetstore/domain/LineItem.java
2,Order.java,src/main/java/org/mybatis/jpetstore/domain/Order.java
2,OrderService.java,src/main/java/org/mybatis/jpetstore/service/OrderService.java
2,CatalogService.java,src/main/java/org/mybatis/jpetstore/service/CatalogService.java
2,AccountService.java,src/main/java/org/mybatis/jpetstore/service/AccountService.java
2,Sequence.java,src/main/java/org/mybatis/jpetstore/domain/Sequence.java
2,Category.java,src/main/java/org/mybatis/jpetstore/domain/Category.java
2,Account.java,src/main/java/org/mybatis/jpetstore/domain/Account.java
