{
    "org.springframework.boot.loader.ExecutableArchiveLauncher": 0,
    "org.springframework.boot.loader.ExecutableArchiveLauncher$1": 2,
    "org.springframework.boot.loader.ExecutableArchiveLauncher$1.<init>": 2,
    "org.springframework.boot.loader.ExecutableArchiveLauncher$1.matches": 2,
    "org.springframework.boot.loader.ExecutableArchiveLauncher.<init>": 0,
    "org.springframework.boot.loader.ExecutableArchiveLauncher.getClassPathArchives": 2,
    "org.springframework.boot.loader.ExecutableArchiveLauncher.getMainClass": 2,
    "org.springframework.boot.loader.JarLauncher": 2,
    "org.springframework.boot.loader.JarLauncher.<init>": 0,
    "org.springframework.boot.loader.JarLauncher.isNestedArchive": 2,
    "org.springframework.boot.loader.JarLauncher.main": 0,
    "org.springframework.boot.loader.LaunchedURLClassLoader": 0,
    "org.springframework.boot.loader.Launcher": 0,
    "org.springframework.boot.loader.Launcher.createArchive": 2,
    "org.springframework.boot.loader.Launcher.createClassLoader": 0,
    "org.springframework.boot.loader.Launcher.createMainMethodRunner": 0,
    "org.springframework.boot.loader.Launcher.launch": 0,
    "org.springframework.boot.loader.MainMethodRunner": 0,
    "org.springframework.boot.loader.MainMethodRunner.<init>": 0,
    "org.springframework.boot.loader.archive.ExplodedArchive": 0,
    "org.springframework.boot.loader.archive.ExplodedArchive$FileEntryIterator": 0,
    "org.springframework.boot.loader.archive.ExplodedArchive$FileEntryIterator$EntryComparator": 0,
    "org.springframework.boot.loader.archive.ExplodedArchive$FileEntryIterator$EntryComparator.<init>": 2,
    "org.springframework.boot.loader.archive.ExplodedArchive$FileEntryIterator.<init>": 0,
    "org.springframework.boot.loader.archive.ExplodedArchive$FileEntryIterator.listFiles": 0,
    "org.springframework.boot.loader.archive.ExplodedArchive$FileEntryIterator.poll": 0,
    "org.springframework.boot.loader.archive.ExplodedArchive.<init>": 0,
    "org.springframework.boot.loader.archive.ExplodedArchive.access$100": 0,
    "org.springframework.boot.loader.archive.ExplodedArchive.getManifest": 0,
    "org.springframework.boot.loader.archive.ExplodedArchive.getManifestFile": 0,
    "org.springframework.boot.loader.archive.ExplodedArchive.getNestedArchive": 0,
    "org.springframework.boot.loader.archive.ExplodedArchive.getNestedArchives": 2,
    "org.springframework.boot.loader.archive.ExplodedArchive.iterator": 0,
    "org.springframework.boot.loader.archive.JarFileArchive": 2,
    "org.springframework.boot.loader.archive.JarFileArchive$EntryIterator": 2,
    "org.springframework.boot.loader.archive.JarFileArchive.<init>": 2,
    "org.springframework.boot.loader.archive.JarFileArchive.createUnpackFolder": 2,
    "org.springframework.boot.loader.archive.JarFileArchive.getManifest": 2,
    "org.springframework.boot.loader.archive.JarFileArchive.getNestedArchive": 2,
    "org.springframework.boot.loader.archive.JarFileArchive.getNestedArchives": 2,
    "org.springframework.boot.loader.archive.JarFileArchive.getTempUnpackFolder": 2,
    "org.springframework.boot.loader.archive.JarFileArchive.getUnpackedNestedArchive": 2,
    "org.springframework.boot.loader.archive.JarFileArchive.iterator": 2,
    "org.springframework.boot.loader.archive.JarFileArchive.unpack": 2,
    "org.springframework.boot.loader.data.RandomAccessDataFile": 1,
    "org.springframework.boot.loader.data.RandomAccessDataFile$DataInputStream": 1,
    "org.springframework.boot.loader.data.RandomAccessDataFile$DataInputStream.<init>": 1,
    "org.springframework.boot.loader.data.RandomAccessDataFile$FilePool": 2,
    "org.springframework.boot.loader.data.RandomAccessDataFile.<init>": 2,
    "org.springframework.boot.loader.data.RandomAccessDataFile.access$000": 1,
    "org.springframework.boot.loader.data.RandomAccessDataFile.access$100": 1,
    "org.springframework.boot.loader.data.RandomAccessDataFile.getFile": 2,
    "org.springframework.boot.loader.data.RandomAccessDataFile.getInputStream": 1,
    "org.springframework.boot.loader.data.RandomAccessDataFile.getSize": 0,
    "org.springframework.boot.loader.data.RandomAccessDataFile.getSubsection": 2,
    "org.springframework.boot.loader.jar.AsciiBytes": 0,
    "org.springframework.boot.loader.jar.AsciiBytes.<init>": 2,
    "org.springframework.boot.loader.jar.AsciiBytes.equals": 2,
    "org.springframework.boot.loader.jar.AsciiBytes.hashCode": 2,
    "org.springframework.boot.loader.jar.AsciiBytes.length": 2,
    "org.springframework.boot.loader.jar.AsciiBytes.toString": 2,
    "org.springframework.boot.loader.jar.Bytes": 0,
    "org.springframework.boot.loader.jar.Bytes.fill": 0,
    "org.springframework.boot.loader.jar.Bytes.get": 0,
    "org.springframework.boot.loader.jar.Bytes.littleEndianValue": 2,
    "org.springframework.boot.loader.jar.CentralDirectoryEndRecord": 2,
    "org.springframework.boot.loader.jar.CentralDirectoryEndRecord.<init>": 2,
    "org.springframework.boot.loader.jar.CentralDirectoryEndRecord.createBlockFromEndOfData": 2,
    "org.springframework.boot.loader.jar.CentralDirectoryEndRecord.getCentralDirectory": 2,
    "org.springframework.boot.loader.jar.CentralDirectoryEndRecord.getNumberOfRecords": 2,
    "org.springframework.boot.loader.jar.CentralDirectoryEndRecord.getStartOfArchive": 2,
    "org.springframework.boot.loader.jar.CentralDirectoryEndRecord.isValid": 0,
    "org.springframework.boot.loader.jar.CentralDirectoryFileHeader": 2,
    "org.springframework.boot.loader.jar.CentralDirectoryFileHeader.<clinit>": 2,
    "org.springframework.boot.loader.jar.CentralDirectoryFileHeader.decodeMsDosFormatDateTime": 2,
    "org.springframework.boot.loader.jar.CentralDirectoryFileHeader.fromRandomAccessData": 0,
    "org.springframework.boot.loader.jar.CentralDirectoryFileHeader.getComment": 2,
    "org.springframework.boot.loader.jar.CentralDirectoryFileHeader.getCompressedSize": 2,
    "org.springframework.boot.loader.jar.CentralDirectoryFileHeader.getCrc": 0,
    "org.springframework.boot.loader.jar.CentralDirectoryFileHeader.getExtra": 2,
    "org.springframework.boot.loader.jar.CentralDirectoryFileHeader.getLocalHeaderOffset": 2,
    "org.springframework.boot.loader.jar.CentralDirectoryFileHeader.getMethod": 2,
    "org.springframework.boot.loader.jar.CentralDirectoryFileHeader.getName": 2,
    "org.springframework.boot.loader.jar.CentralDirectoryFileHeader.getSize": 2,
    "org.springframework.boot.loader.jar.CentralDirectoryFileHeader.getTime": 0,
    "org.springframework.boot.loader.jar.CentralDirectoryFileHeader.hasName": 2,
    "org.springframework.boot.loader.jar.CentralDirectoryFileHeader.load": 0,
    "org.springframework.boot.loader.jar.CentralDirectoryParser": 2,
    "org.springframework.boot.loader.jar.CentralDirectoryParser.<init>": 2,
    "org.springframework.boot.loader.jar.CentralDirectoryParser.addVisitor": 2,
    "org.springframework.boot.loader.jar.CentralDirectoryParser.getArchiveData": 2,
    "org.springframework.boot.loader.jar.CentralDirectoryParser.parse": 2,
    "org.springframework.boot.loader.jar.CentralDirectoryParser.parseEntries": 2,
    "org.springframework.boot.loader.jar.JarEntry": 2,
    "org.springframework.boot.loader.jar.JarEntry.<init>": 2,
    "org.springframework.boot.loader.jar.JarEntry.getLocalHeaderOffset": 2,
    "org.springframework.boot.loader.jar.JarEntry.hasName": 2,
    "org.springframework.boot.loader.jar.JarFile": 2,
    "org.springframework.boot.loader.jar.JarFile$1": 2,
    "org.springframework.boot.loader.jar.JarFile$2": 2,
    "org.springframework.boot.loader.jar.JarFile$3": 1,
    "org.springframework.boot.loader.jar.JarFile.<clinit>": 2,
    "org.springframework.boot.loader.jar.JarFile.<init>": 2,
    "org.springframework.boot.loader.jar.JarFile.centralDirectoryVisitor": 2,
    "org.springframework.boot.loader.jar.JarFile.createJarFileFromDirectoryEntry": 2,
    "org.springframework.boot.loader.jar.JarFile.createJarFileFromEntry": 2,
    "org.springframework.boot.loader.jar.JarFile.createJarFileFromFileEntry": 2,
    "org.springframework.boot.loader.jar.JarFile.entries": 2,
    "org.springframework.boot.loader.jar.JarFile.getData": 2,
    "org.springframework.boot.loader.jar.JarFile.getInputStream": 2,
    "org.springframework.boot.loader.jar.JarFile.getManifest": 2,
    "org.springframework.boot.loader.jar.JarFile.getName": 2,
    "org.springframework.boot.loader.jar.JarFile.getNestedJarFile": 2,
    "org.springframework.boot.loader.jar.JarFile.getRootJarFile": 2,
    "org.springframework.boot.loader.jar.JarFileEntries": 2,
    "org.springframework.boot.loader.jar.JarFileEntries$1": 2,
    "org.springframework.boot.loader.jar.JarFileEntries$EntryIterator": 1,
    "org.springframework.boot.loader.jar.JarFileEntries$EntryIterator.<init>": 1,
    "org.springframework.boot.loader.jar.JarFileEntries.<init>": 2,
    "org.springframework.boot.loader.jar.JarFileEntries.getEntry": 2,
    "org.springframework.boot.loader.jar.JarFileEntries.getEntryData": 0,
    "org.springframework.boot.loader.jar.JarFileEntries.getFirstIndex": 2,
    "org.springframework.boot.loader.jar.JarFileEntries.getInputStream": 2,
    "org.springframework.boot.loader.jar.JarFileEntries.iterator": 1,
    "org.springframework.boot.loader.jar.ZipInflaterInputStream": 2,
    "org.springframework.boot.loader.jar.ZipInflaterInputStream.<init>": 2,
    "org.springframework.boot.loader.jar.ZipInflaterInputStream.getInflaterBufferSize": 2
}