,method,stmtLineNumber,stmt
0,<mod.ndk.ActMain$1: void onClick(android.view.View)>,-1,$r6 = virtualinvoke r4.<android.telephony.TelephonyManager: java.lang.String getDeviceId()>()
1,<mod.ndk.ActMain$1: void onClick(android.view.View)>,-1,specialinvoke $r5.<java.lang.StringBuilder: void <init>(java.lang.String)>($r6)
2,<mod.ndk.ActMain$1: void onClick(android.view.View)>,-1,$r6 = virtualinvoke $r5.<java.lang.StringBuilder: java.lang.String toString()>()
3,<mod.ndk.ActMain$1: void onClick(android.view.View)>,-1,$r5 = virtualinvoke $r5.<java.lang.StringBuilder: java.lang.StringBuilder append(java.lang.String)>($r6)
4,<mod.ndk.ActMain$1: void onClick(android.view.View)>,-1,$r6 = virtualinvoke $r5.<java.lang.StringBuilder: java.lang.String toString()>()
5,<mod.ndk.ActMain$1: void onClick(android.view.View)>,-1,"virtualinvoke $r9.<android.telephony.SmsManager: void sendTextMessage(java.lang.String,java.lang.String,java.lang.String,android.app.PendingIntent,android.app.PendingIntent)>(""+49 1234"", null, $r6, null, null)"
