{"copyDex(Landroid\/content\/Context;Ljava\/lang\/String;)V":{"1":"    const-string v0, \"dex\"","2":"    const\/4 v1, 0x0","3":"    invoke-virtual {p0, v0, v1}, Landroid\/content\/Context;->getDir(Ljava\/lang\/String;I)Ljava\/io\/File;","4":"    move-result-object v0","5":"    invoke-virtual {p0}, Landroid\/content\/Context;->getAssets()Landroid\/content\/res\/AssetManager;","6":"    move-result-object p0","7":"    invoke-virtual {p0, p1}, Landroid\/content\/res\/AssetManager;->open(Ljava\/lang\/String;)Ljava\/io\/InputStream;","8":"    move-result-object p0","9":"    new-instance v2, Ljava\/io\/FileOutputStream;","10":"    new-instance v3, Ljava\/io\/File;","11":"    invoke-direct {v3, v0, p1}, Ljava\/io\/File;-><init>(Ljava\/io\/File;Ljava\/lang\/String;)V","12":"    invoke-direct {v2, v3}, Ljava\/io\/FileOutputStream;-><init>(Ljava\/io\/File;)V","13":"    const\/16 p1, 0x2000","14":"    new-array p1, p1, [B","15":"    invoke-virtual {p0, p1}, Ljava\/io\/InputStream;->read([B)I","16":"    move-result v0","17":"    const\/4 v3, -0x1","18":"    if-eq v0, v3, :cond_2b","19":"    invoke-virtual {v2, p1, v1, v0}, Ljava\/io\/FileOutputStream;->write([BII)V","20":"    invoke-virtual {v2}, Ljava\/io\/FileOutputStream;->flush()V","21":"    goto :goto_1d","22":"    invoke-virtual {v2}, Ljava\/io\/FileOutputStream;->close()V","23":"    invoke-virtual {p0}, Ljava\/io\/InputStream;->close()V","24":"    return-void","25":"    move-exception p0","26":"    invoke-virtual {p0}, Ljava\/io\/IOException;->printStackTrace()V","27":"    return-void"},"<init>()V":{"1":"    invoke-direct {p0}, Ljava\/lang\/Object;-><init>()V","2":"    return-void"}}