{"<init>(Ledu\/wayne\/cs\/MainActivity;)V":{"1":"    iput-object p1, p0, Ledu\/wayne\/cs\/MainActivity$1;->this$0:Ledu\/wayne\/cs\/MainActivity;","2":"    invoke-direct {p0}, Ljava\/lang\/Object;-><init>()V","3":"    return-void"},"onClick(Landroid\/view\/View;)V":{"1":"    iget-object p1, p0, Ledu\/wayne\/cs\/MainActivity$1;->this$0:Ledu\/wayne\/cs\/MainActivity;","2":"    const-string v0, \"dynamic.apk\"","3":"    invoke-static {p1, v0}, Ledu\/wayne\/cs\/FileUtils;->copyDex(Landroid\/content\/Context;Ljava\/lang\/String;)V","4":"    iget-object p1, p0, Ledu\/wayne\/cs\/MainActivity$1;->this$0:Ledu\/wayne\/cs\/MainActivity;","5":"    const-string v1, \"dex\"","6":"    const\/4 v2, 0x0","7":"    invoke-virtual {p1, v1, v2}, Ledu\/wayne\/cs\/MainActivity;->getDir(Ljava\/lang\/String;I)Ljava\/io\/File;","8":"    move-result-object p1","9":"    new-instance v1, Ldalvik\/system\/DexClassLoader;","10":"    new-instance v3, Ljava\/lang\/StringBuilder;","11":"    invoke-direct {v3}, Ljava\/lang\/StringBuilder;-><init>()V","12":"    invoke-virtual {p1}, Ljava\/io\/File;->getPath()Ljava\/lang\/String;","13":"    move-result-object p1","14":"    invoke-virtual {v3, p1}, Ljava\/lang\/StringBuilder;->append(Ljava\/lang\/String;)Ljava\/lang\/StringBuilder;","15":"    sget-object p1, Ljava\/io\/File;->separator:Ljava\/lang\/String;","16":"    invoke-virtual {v3, p1}, Ljava\/lang\/StringBuilder;->append(Ljava\/lang\/String;)Ljava\/lang\/StringBuilder;","17":"    invoke-virtual {v3, v0}, Ljava\/lang\/StringBuilder;->append(Ljava\/lang\/String;)Ljava\/lang\/StringBuilder;","18":"    invoke-virtual {v3}, Ljava\/lang\/StringBuilder;->toString()Ljava\/lang\/String;","19":"    move-result-object p1","20":"    iget-object v0, p0, Ledu\/wayne\/cs\/MainActivity$1;->this$0:Ledu\/wayne\/cs\/MainActivity;","21":"    const-string v3, \"odex\"","22":"    invoke-virtual {v0, v3, v2}, Ledu\/wayne\/cs\/MainActivity;->getDir(Ljava\/lang\/String;I)Ljava\/io\/File;","23":"    move-result-object v0","24":"    invoke-virtual {v0}, Ljava\/io\/File;->getPath()Ljava\/lang\/String;","25":"    move-result-object v0","26":"    iget-object v2, p0, Ledu\/wayne\/cs\/MainActivity$1;->this$0:Ledu\/wayne\/cs\/MainActivity;","27":"    invoke-virtual {v2}, Ledu\/wayne\/cs\/MainActivity;->getApplicationInfo()Landroid\/content\/pm\/ApplicationInfo;","28":"    move-result-object v2","29":"    iget-object v2, v2, Landroid\/content\/pm\/ApplicationInfo;->nativeLibraryDir:Ljava\/lang\/String;","30":"    iget-object v3, p0, Ledu\/wayne\/cs\/MainActivity$1;->this$0:Ledu\/wayne\/cs\/MainActivity;","31":"    invoke-virtual {v3}, Ledu\/wayne\/cs\/MainActivity;->getClassLoader()Ljava\/lang\/ClassLoader;","32":"    move-result-object v3","33":"    invoke-direct {v1, p1, v0, v2, v3}, Ldalvik\/system\/DexClassLoader;-><init>(Ljava\/lang\/String;Ljava\/lang\/String;Ljava\/lang\/String;Ljava\/lang\/ClassLoader;)V","34":"    const-string p1, \"edu.wayne.cs.ChildClass\"","35":"    invoke-virtual {v1, p1}, Ldalvik\/system\/DexClassLoader;->loadClass(Ljava\/lang\/String;)Ljava\/lang\/Class;","36":"    move-result-object p1","37":"    invoke-virtual {p1}, Ljava\/lang\/Class;->newInstance()Ljava\/lang\/Object;","38":"    move-result-object p1","39":"    check-cast p1, Ledu\/wayne\/cs\/ParentClass;","40":"    iget-object v0, p0, Ledu\/wayne\/cs\/MainActivity$1;->this$0:Ledu\/wayne\/cs\/MainActivity;","41":"    const-string v1, \"phone\"","42":"    invoke-virtual {v0, v1}, Ledu\/wayne\/cs\/MainActivity;->getSystemService(Ljava\/lang\/String;)Ljava\/lang\/Object;","43":"    move-result-object v0","44":"    check-cast v0, Landroid\/telephony\/TelephonyManager;","45":"    invoke-virtual {v0}, Landroid\/telephony\/TelephonyManager;->getDeviceId()Ljava\/lang\/String;","46":"    move-result-object v0","47":"    invoke-virtual {p1, v0}, Ledu\/wayne\/cs\/ParentClass;->sink(Ljava\/lang\/String;)V","48":"    goto :goto_73","49":"    move-exception p1","50":"    invoke-virtual {p1}, Ljava\/lang\/IllegalAccessException;->printStackTrace()V","51":"    goto :goto_73","52":"    move-exception p1","53":"    invoke-virtual {p1}, Ljava\/lang\/InstantiationException;->printStackTrace()V","54":"    goto :goto_73","55":"    move-exception p1","56":"    invoke-virtual {p1}, Ljava\/lang\/ClassNotFoundException;->printStackTrace()V","57":"    return-void"}}