{"sink(Ljava\/lang\/String;)V":{"1":"    const-string v0, \"DroidBench\"","2":"    invoke-static {v0, p1}, Landroid\/util\/Log;->d(Ljava\/lang\/String;Ljava\/lang\/String;)I","3":"    return-void"},"source(Landroid\/content\/Context;)Ljava\/lang\/String;":{"1":"    const-string v0, \"phone\"","2":"    invoke-virtual {p1, v0}, Landroid\/content\/Context;->getSystemService(Ljava\/lang\/String;)Ljava\/lang\/Object;","3":"    move-result-object p1","4":"    check-cast p1, Landroid\/telephony\/TelephonyManager;","5":"    invoke-virtual {p1}, Landroid\/telephony\/TelephonyManager;->getDeviceId()Ljava\/lang\/String;","6":"    move-result-object p1","7":"    return-object p1"},"<init>()V":{"1":"    invoke-direct {p0}, Ledu\/wayne\/cs\/ParentClass;-><init>()V","2":"    return-void"}}