{"onCreate(Landroid\/os\/Bundle;)V":{"1":"    invoke-super {p0, p1}, Landroid\/app\/Activity;->onCreate(Landroid\/os\/Bundle;)V","2":"    const p1, 0x7f09001b","3":"    invoke-virtual {p0, p1}, Ledu\/wayne\/cs\/MainActivity;->setContentView(I)V","4":"    const-string p1, \"android.permission.READ_PHONE_STATE\"","5":"    filled-new-array {p1}, [Ljava\/lang\/String;","6":"    move-result-object p1","7":"    const\/4 v0, 0x0","8":"    invoke-static {p0, p1, v0}, Landroid\/support\/v4\/app\/ActivityCompat;->requestPermissions(Landroid\/app\/Activity;[Ljava\/lang\/String;I)V","9":"    const p1, 0x7f070074","10":"    invoke-virtual {p0, p1}, Ledu\/wayne\/cs\/MainActivity;->findViewById(I)Landroid\/view\/View;","11":"    move-result-object p1","12":"    check-cast p1, Landroid\/widget\/Button;","13":"    new-instance v0, Ledu\/wayne\/cs\/MainActivity$1;","14":"    invoke-direct {v0, p0}, Ledu\/wayne\/cs\/MainActivity$1;-><init>(Ledu\/wayne\/cs\/MainActivity;)V","15":"    invoke-virtual {p1, v0}, Landroid\/widget\/Button;->setOnClickListener(Landroid\/view\/View$OnClickListener;)V","16":"    return-void"},"<init>()V":{"1":"    invoke-direct {p0}, Landroid\/app\/Activity;-><init>()V","2":"    return-void"}}