,method,stmtLineNumber,stmt
0,<de.ecspride.MainActivity: void onCreate(android.os.Bundle)>,-1,$r7 = virtualinvoke r5.<android.telephony.TelephonyManager: java.lang.String getDeviceId()>()
1,<de.ecspride.MainActivity: void onCreate(android.os.Bundle)>,-1,$r6[0] = $r7
2,<de.ecspride.MainActivity: void onCreate(android.os.Bundle)>,-1,virtualinvoke r2.<de.ecspride.MainActivity$MyAsyncTask: android.os.AsyncTask execute(java.lang.Object[])>($r6)
3,<de.ecspride.MainActivity$MyAsyncTask: java.lang.Object doInBackground(java.lang.Object[])>,-1,$r3 = (java.lang.String[]) $r2
4,<de.ecspride.MainActivity$MyAsyncTask: java.lang.Object doInBackground(java.lang.Object[])>,-1,virtualinvoke r0.<de.ecspride.MainActivity$MyAsyncTask: java.lang.String doInBackground(java.lang.String[])>($r3)
5,<de.ecspride.MainActivity$MyAsyncTask: java.lang.String doInBackground(java.lang.String[])>,-1,$r2 = $r1[0]
6,<de.ecspride.MainActivity$MyAsyncTask: java.lang.String doInBackground(java.lang.String[])>,-1,"staticinvoke <android.util.Log: int d(java.lang.String,java.lang.String)>(""DroidBench"", $r2)"
