,method,stmtLineNumber,stmt
0,<edu.mit.to_components_share_memory.AnotherActivity: void onCreate(android.os.Bundle)>,-1,$r5 = virtualinvoke r3.<android.telephony.TelephonyManager: java.lang.String getDeviceId()>()
1,<edu.mit.to_components_share_memory.AnotherActivity: void onCreate(android.os.Bundle)>,-1,$r4.<edu.mit.to_components_share_memory.Singleton: java.lang.String s> = $r5
2,<edu.mit.to_components_share_memory.AnotherActivity: void onCreate(android.os.Bundle)>,-1,$r4 = staticinvoke <edu.mit.to_components_share_memory.Singleton: edu.mit.to_components_share_memory.Singleton v()>()
3,<edu.mit.to_components_share_memory.Singleton: edu.mit.to_components_share_memory.Singleton v()>,-1,$r0 = <edu.mit.to_components_share_memory.Singleton: edu.mit.to_components_share_memory.Singleton v>
4,<edu.mit.to_components_share_memory.Singleton: edu.mit.to_components_share_memory.Singleton v()>,-1,return $r0
5,<edu.mit.to_components_share_memory.AnotherActivity: void onCreate(android.os.Bundle)>,-1,return
6,<dummyMainClass: edu.mit.to_components_share_memory.AnotherActivity dummyMainMethod_edu_mit_to__components__share__memory_AnotherActivity(android.content.Intent)>,-1,return $r0
7,<dummyMainClass: void dummyMainMethod(java.lang.String[])>,-1,staticinvoke <dummyMainClass: edu.mit.to_components_share_memory.MainActivity dummyMainMethod_edu_mit_to__components__share__memory_MainActivity(android.content.Intent)>(null)
8,<dummyMainClass: edu.mit.to_components_share_memory.MainActivity dummyMainMethod_edu_mit_to__components__share__memory_MainActivity(android.content.Intent)>,-1,virtualinvoke $r0.<edu.mit.to_components_share_memory.MainActivity: void onStop()>()
9,<edu.mit.to_components_share_memory.MainActivity: void onStop()>,-1,$r1 = staticinvoke <edu.mit.to_components_share_memory.Singleton: edu.mit.to_components_share_memory.Singleton v()>()
10,<edu.mit.to_components_share_memory.Singleton: edu.mit.to_components_share_memory.Singleton v()>,-1,$r0 = <edu.mit.to_components_share_memory.Singleton: edu.mit.to_components_share_memory.Singleton v>
11,<edu.mit.to_components_share_memory.Singleton: edu.mit.to_components_share_memory.Singleton v()>,-1,return $r0
12,<edu.mit.to_components_share_memory.MainActivity: void onStop()>,-1,$r2 = $r1.<edu.mit.to_components_share_memory.Singleton: java.lang.String s>
13,<edu.mit.to_components_share_memory.MainActivity: void onStop()>,-1,"staticinvoke <android.util.Log: int i(java.lang.String,java.lang.String)>(""DroidBench"", $r2)"
