{
    "$schema": "https://schema.management.azure.com/schemas/2015-01-01/deploymentTemplate.json#",
    "contentVersion": "1.0.0.0",
    "parameters": {
        "adminUsername": {
            "type": "string",
            "metadata": {
                "description": "Username for the Virtual Machine."
            },
            "defaultValue": "localadmin"
        },
        "adminPassword": {
            "type": "securestring",
            "metadata": {
                "description": "Administrator password used when provisioning virtual machines"
            }
        }
    },
    "variables": {
        "dnsNameForPublicIP": "[resourceGroup().name]",
        "location": "[resourceGroup().location]",
        "imagePublisher": "Canonical",
        "imageOffer": "UbuntuServer",
        "UbuntuSKU": "1404-LTS",
        "OSDiskName": "[tolower(concat(resourceGroup().name, 'osdisk'))]",
        "nicName": "[tolower(concat(resourceGroup().name, 'vNic'))]",
        "addressPrefix": "10.0.0.0/24",
        "subnetName": "[tolower(concat(resourceGroup().name, 'subnet'))]",
        "subnetPrefix": "10.0.0.0/24",
        "storageAccountName": "[concat(resourceGroup().name, 'sa')]",
        "storageAccountType": "Standard_LRS",
        "publicIPAddressName": "[tolower(concat(resourceGroup().name, 'publicIP'))]",
        "publicIPAddressType": "Dynamic",
        "vmStorageAccountContainerName": "vhds",
        "vmName": "[resourceGroup().name]",
        "vmSize": "Standard_A2",
        "virtualNetworkName": "[tolower(concat(resourceGroup().name, 'vNet'))]",
        "vnetID": "[resourceId('Microsoft.Network/virtualNetworks',variables('virtualNetworkName'))]",
        "subnetRef": "[concat(variables('vnetID'),'/subnets/',variables('subnetName'))]",
        "networkSecurityGroupName": "[tolower(concat(resourceGroup().name, 'nsg'))]"
    },
    "resources": [
        {
            "type": "Microsoft.Storage/storageAccounts",
            "name": "[toLower(variables('storageAccountName'))]",
            "apiVersion": "2015-05-01-preview",
            "location": "[variables('location')]",
            "properties": {
                "accountType": "[variables('storageAccountType')]"
            }
        },
        {
            "apiVersion": "2015-05-01-preview",
            "type": "Microsoft.Network/networkSecurityGroups",
            "name": "[variables('networkSecurityGroupName')]",
            "location": "[resourceGroup().location]",
            "properties": {
                "securityRules": [
                    {
                        "name": "ssh",
                        "properties": {
                            "description": "Allow SSH",
                            "protocol": "Tcp",
                            "sourcePortRange": "*",
                            "destinationPortRange": "22",
                            "sourceAddressPrefix": "*",
                            "destinationAddressPrefix": "*",
                            "access": "Allow",
                            "priority": 200,
                            "direction": "Inbound"
                        }
                    }
                ]
            }
        },
        {
            "apiVersion": "2015-05-01-preview",
            "type": "Microsoft.Network/publicIPAddresses",
            "name": "[variables('publicIPAddressName')]",
            "location": "[variables('location')]",
            "properties": {
                "publicIPAllocationMethod": "[variables('publicIPAddressType')]",
                "dnsSettings": {
                    "domainNameLabel": "[variables('dnsNameForPublicIP')]"
                }
            }
        },
        {
            "apiVersion": "2015-05-01-preview",
            "type": "Microsoft.Network/virtualNetworks",
            "name": "[variables('virtualNetworkName')]",
            "location": "[variables('location')]",
            "properties": {
                "addressSpace": {
                    "addressPrefixes": [
                        "[variables('addressPrefix')]"
                    ]
                },
                "subnets": [
                    {
                        "name": "[variables('subnetName')]",
                        "properties": {
                            "addressPrefix": "[variables('subnetPrefix')]"
                        }
                    }
                ]
            }
        },
        {
            "apiVersion": "2015-05-01-preview",
            "type": "Microsoft.Network/networkInterfaces",
            "name": "[variables('nicName')]",
            "location": "[variables('location')]",
            "dependsOn": [
                "[concat('Microsoft.Network/publicIPAddresses/', variables('publicIPAddressName'))]",
                "[concat('Microsoft.Network/virtualNetworks/', variables('virtualNetworkName'))]",
                "[variables('networkSecurityGroupName')]"
            ],
            "properties": {
                "networkSecurityGroup": {
                    "id": "[resourceId('Microsoft.Network/networkSecurityGroups', variables('networkSecurityGroupName'))]"
                },
                "ipConfigurations": [
                    {
                        "name": "ipconfig1",
                        "properties": {
                            "privateIPAllocationMethod": "Dynamic",
                            "publicIPAddress": {
                                "id": "[resourceId('Microsoft.Network/publicIPAddresses',variables('publicIPAddressName'))]"
                            },
                            "subnet": {
                                "id": "[variables('subnetRef')]"
                            }
                        }
                    }
                ]
            }
        },
        {
            "apiVersion": "2015-06-15",
            "type": "Microsoft.Compute/virtualMachines",
            "name": "[variables('vmName')]",
            "location": "[variables('location')]",
            "dependsOn": [
                "[concat('Microsoft.Storage/storageAccounts/', variables('storageAccountName'))]",
                "[concat('Microsoft.Network/networkInterfaces/', variables('nicName'))]"
            ],
            "properties": {
                "hardwareProfile": {
                    "vmSize": "[variables('vmSize')]"
                },
                "osProfile": {
                    "computerName": "[variables('vmName')]",
                    "adminUsername": "[parameters('adminUsername')]",
                    "adminPassword": "[parameters('adminPassword')]"
                },
                "storageProfile": {
                    "imageReference": {
                        "publisher": "[variables('imagePublisher')]",
                        "offer": "[variables('imageOffer')]",
                        "sku": "[variables('UbuntuSKU')]",
                        "version": "latest"
                    },
                    "osDisk": {
                        "name": "[concat(resourceGroup().name, 'osdisk')]",
                        "vhd": {
                            "uri": "[concat(reference(concat('Microsoft.Storage/storageAccounts/', variables('storageAccountName')), providers('Microsoft.Storage', 'storageAccounts').apiVersions[0]).primaryEndpoints.blob, variables('vmStorageAccountContainerName'),'/',variables('OSDiskName'),'.vhd')]"
                        },
                        "caching": "ReadWrite",
                        "createOption": "FromImage"
                    }
                },
                "networkProfile": {
                    "networkInterfaces": [
                        {
                            "id": "[resourceId('Microsoft.Network/networkInterfaces',variables('nicName'))]"
                        }
                    ]
                },
                "diagnosticsProfile": {
                    "bootDiagnostics": {
                        "enabled": "true",
                        "storageUri": "[reference(concat('Microsoft.Storage/storageAccounts/', variables('storageAccountName')), providers('Microsoft.Storage', 'storageAccounts').apiVersions[0]).primaryEndpoints.blob]"
                    }
                }
            }
        },
        {
            "type": "Microsoft.Compute/virtualMachines/extensions",
            "name": "[concat(variables('vmName'),'/LinuxCustomScriptExtension')]",
            "apiVersion": "2015-06-15",
            "location": "[resourceGroup().location]",
            "dependsOn": [
                "[concat('Microsoft.Compute/virtualMachines/', variables('vmName'))]"
            ],
            "properties": {
                "publisher": "Microsoft.OSTCExtensions",
                "type": "CustomScriptForLinux",
                "typeHandlerVersion": "1.3",
                "autoUpgradeMinorVersion": true,
                "settings": {
                    "fileUris": [
                        "https://raw.githubusercontent.com/Microsoft/PartsUnlimitedMRP/master/deploy/azurestack/customscripts/install_updates.sh"
                    ],
                    "commandToExecute": "bash install_updates.sh"
                },
                "protectedSettings": {}
            }
        },
        {
            "type": "Microsoft.Compute/virtualMachines/extensions",
            "name": "[concat(variables('vmName'),'/LinuxDockerExtension')]",
            "apiVersion": "2015-06-15",
            "location": "[resourceGroup().location]",
            "dependsOn": [
                "[concat('Microsoft.Compute/virtualMachines/', variables('vmName'),'/extensions/LinuxCustomScriptExtension')]"
            ],
            "properties": {
                "publisher": "Microsoft.Azure.Extensions",
                "type": "DockerExtension",
                "typeHandlerVersion": "1.2",
                "autoUpgradeMinorVersion": "true",
                "settings": {}
            }
        },
        {
            "type": "Microsoft.Compute/virtualMachines/extensions",
            "name": "[concat(variables('vmName'),'/LinuxVMAccessExtension')]",
            "apiVersion": "2015-06-15",
            "location": "[resourceGroup().location]",
            "dependsOn": [
                "[concat('Microsoft.Compute/virtualMachines/', variables('vmName'),'/extensions/LinuxDockerExtension')]"
            ],
            "properties": {
                "publisher": "Microsoft.OSTCExtensions",
                "type": "VMAccessForLinux",
                "typeHandlerVersion": "1.4",
                "autoUpgradeMinorVersion": "true",
                "settings": {},
                "protectedSettings": {
                    "username": "[parameters('adminUsername')]",
                    "password": "[parameters('adminPassword')]"
                }
            }
        }
    ],
    "outputs": {}
}