{"tool": {"decomposition": {"customers": [{"id": "BaseEntity"}, {"id": "NamedEntity"}, {"id": "Owner"}, {"id": "OwnerController"}, {"id": "OwnerRepository"}, {"id": "Person"}, {"id": "Pet"}, {"id": "PetClinicApplication"}, {"id": "PetController"}, {"id": "PetType"}, {"id": "PetValidator"}], "uncounted": [{"id": "CrashController"}, {"id": "PetClinicRuntimeHints"}, {"id": "PetTypeFormatter"}, {"id": "WelcomeController"}], "vets": [{"id": "CacheConfiguration"}, {"id": "PetClinicApplication"}, {"id": "Specialty"}, {"id": "Vet"}, {"id": "VetController"}, {"id": "VetRepository"}, {"id": "Vets"}, {"id": "BaseEntity"}, {"id": "NamedEntity"}, {"id": "Person"}], "visits": [{"id": "BaseEntity"}, {"id": "NamedEntity"}, {"id": "Person"}, {"id": "PetClinicApplication"}, {"id": "Visit"}, {"id": "VisitController"}]}}}