{
  "tool": {
    "decomposition": {
      "cluster0": [
        {
          "id": "OwnerController"
        },
        {
          "id": "Owner"
        },
        {
          "id": "OwnerRepository"
        },
        {
          "id": "PetController"
        },
        {
          "id": "Pet"
        },
        {
          "id": "PetType"
        },
        {
          "id": "PetValidator"
        },
        {
          "id": "BaseEntity"
        },
        {
          "id": "NamedEntity"
        },
        {
          "id": "Person"
        }
      ],
      "cluster1": [
        {
          "id": "VetController"
        },
        {
          "id": "Specialty"
        },
        {
          "id": "Vet"
        },
        {
          "id": "VetRepository"
        },
        {
          "id": "Vets"
        },
        {
          "id": "BaseEntity"
        },
        {
          "id": "NamedEntity"
        },
        {
          "id": "Person"
        }
      ],
      "cluster2": [
        {
          "id": "VisitController"
        },
        {
          "id": "Visit"
        },
        {
          "id": "BaseEntity"
        },
        {
          "id": "NamedEntity"
        },
        {
          "id": "Person"
        }
      ]
    }
  }
}