{"tool": {"decomposition": {"customers": [{"id": "BaseEntity.getId"}, {"id": "BaseEntity.isNew"}, {"id": "BaseEntity.setId"}, {"id": "NamedEntity.getName"}, {"id": "NamedEntity.setName"}, {"id": "NamedEntity.toString"}, {"id": "Person.getFirstName"}, {"id": "Person.getLastName"}, {"id": "Person.setFirstName"}, {"id": "Person.setLastName"}, {"id": "Owner.addPet"}, {"id": "Owner.addVisit"}, {"id": "Owner.getAddress"}, {"id": "Owner.getCity"}, {"id": "Owner.getPet"}, {"id": "Owner.getPet"}, {"id": "Owner.getPet"}, {"id": "Owner.getPets"}, {"id": "Owner.getTelephone"}, {"id": "Owner.setAddress"}, {"id": "Owner.setCity"}, {"id": "Owner.setTelephone"}, {"id": "Owner.toString"}, {"id": "OwnerController.addPaginationModel"}, {"id": "OwnerController.findOwner"}, {"id": "OwnerController.findPaginatedForOwnersLastName"}, {"id": "OwnerController.initCreationForm"}, {"id": "OwnerController.initFindForm"}, {"id": "OwnerController.initUpdateOwnerForm"}, {"id": "OwnerController.OwnerController"}, {"id": "OwnerController.processCreationForm"}, {"id": "OwnerController.processFindForm"}, {"id": "OwnerController.processUpdateOwnerForm"}, {"id": "OwnerController.setAllowedFields"}, {"id": "OwnerController.showOwner"}, {"id": "OwnerRepository.findAll"}, {"id": "OwnerRepository.findById"}, {"id": "OwnerRepository.findByLastName"}, {"id": "OwnerRepository.findPetTypes"}, {"id": "OwnerRepository.save"}, {"id": "Pet.addVisit"}, {"id": "Pet.getBirthDate"}, {"id": "Pet.getType"}, {"id": "Pet.getVisits"}, {"id": "Pet.setBirthDate"}, {"id": "Pet.setType"}, {"id": "PetController.findOwner"}, {"id": "PetController.findPet"}, {"id": "PetController.initCreationForm"}, {"id": "PetController.initOwnerBinder"}, {"id": "PetController.initPetBinder"}, {"id": "PetController.initUpdateForm"}, {"id": "PetController.PetController"}, {"id": "PetController.populatePetTypes"}, {"id": "PetController.processCreationForm"}, {"id": "PetController.processUpdateForm"}, {"id": "PetValidator.supports"}, {"id": "PetValidator.validate"}, {"id": "PetClinicApplication.main"}, {"id": "Owner.getFirstName"}, {"id": "PetType.PetType"}, {"id": "PetClinicApplication.PetClinicApplication"}, {"id": "Owner.getLastName"}, {"id": "Owner.isNew"}, {"id": "Person.Person"}, {"id": "BaseEntity.BaseEntity"}, {"id": "Owner.getId"}, {"id": "Pet.getName"}, {"id": "PetType.getName"}, {"id": "Pet.getId"}, {"id": "Owner.Owner"}, {"id": "Owner.setId"}, {"id": "Pet.Pet"}, {"id": "Pet.isNew"}, {"id": "NamedEntity.NamedEntity"}, {"id": "Owner.setLastName"}, {"id": "PetValidator.PetValidator"}], "vets": [{"id": "BaseEntity.getId"}, {"id": "BaseEntity.isNew"}, {"id": "BaseEntity.setId"}, {"id": "NamedEntity.getName"}, {"id": "NamedEntity.setName"}, {"id": "NamedEntity.toString"}, {"id": "Person.getFirstName"}, {"id": "Person.getLastName"}, {"id": "Person.setFirstName"}, {"id": "Person.setLastName"}, {"id": "PetClinicApplication.main"}, {"id": "CacheConfiguration.cacheConfiguration"}, {"id": "CacheConfiguration.petclinicCacheConfigurationCustomizer"}, {"id": "Vet.addSpecialty"}, {"id": "Vet.getNrOfSpecialties"}, {"id": "Vet.getSpecialties"}, {"id": "Vet.getSpecialtiesInternal"}, {"id": "Vet.setSpecialtiesInternal"}, {"id": "VetController.showResourcesVetList"}, {"id": "VetController.showVetList"}, {"id": "VetController.VetController"}, {"id": "VetRepository.findAll"}, {"id": "VetRepository.findAll"}, {"id": "Vets.getVetList"}, {"id": "Specialty.Specialty"}, {"id": "Vets.Vets"}, {"id": "PetClinicApplication.PetClinicApplication"}, {"id": "BaseEntity.BaseEntity"}, {"id": "CacheConfiguration.CacheConfiguration"}, {"id": "Vet.Vet"}, {"id": "NamedEntity.NamedEntity"}], "visits": [{"id": "BaseEntity.getId"}, {"id": "BaseEntity.isNew"}, {"id": "BaseEntity.setId"}, {"id": "NamedEntity.getName"}, {"id": "NamedEntity.setName"}, {"id": "NamedEntity.toString"}, {"id": "Person.getFirstName"}, {"id": "Person.getLastName"}, {"id": "Person.setFirstName"}, {"id": "Person.setLastName"}, {"id": "Visit.getDate"}, {"id": "Visit.getDescription"}, {"id": "Visit.setDate"}, {"id": "Visit.setDescription"}, {"id": "Visit.Visit"}, {"id": "VisitController.initNewVisitForm"}, {"id": "VisitController.loadPetWithVisit"}, {"id": "VisitController.processNewVisitForm"}, {"id": "VisitController.setAllowedFields"}, {"id": "VisitController.VisitController"}, {"id": "PetClinicApplication.main"}, {"id": "VetController.addPaginationModel"}, {"id": "VetController.findPaginated"}, {"id": "PetClinicApplication.PetClinicApplication"}, {"id": "Person.Person"}, {"id": "BaseEntity.BaseEntity"}, {"id": "NamedEntity.NamedEntity"}], "uncounted": [{"id": "PetTypeFormatter.parse"}, {"id": "PetTypeFormatter.PetTypeFormatter"}, {"id": "PetTypeFormatter.print"}, {"id": "PetClinicRuntimeHints.registerHints"}, {"id": "CrashController.triggerException"}, {"id": "WelcomeController.welcome"}, {"id": "CrashController.CrashController"}, {"id": "PetClinicRuntimeHints.PetClinicRuntimeHints"}, {"id": "WelcomeController.WelcomeController"}]}}}