{
    "all-groups": {
        "group0": [
            "CatalogController", 
            "CatalogItem", 
            "CatalogItemsRepository"
        ], 
        "group1": [
            "ShipmentEventInfo", 
            "ShipmentRepository"
        ], 
        "group2": [
            "OrderController", 
            "OrderStatus", 
            "OrderRepository"
        ], 
        "group3": [
            "MongoDealersRepository", 
            "Dealer"
        ], 
        "group4": [
            "ConflictingRequestException", 
            "BadRequestException"
        ], 
        "group5": [
            "ShipmentRecord", 
            "ShipmentDetails"
        ], 
        "group6": [
            "OrderEventInfo", 
            "OrderUpdateInfo"
        ], 
        "group7": [
            "Order", 
            "OrderDetails", 
            "MongoOrderRepository"
        ], 
        "group8": [
            "QuoteRepository", 
            "QuoteController"
        ], 
        "group9": [
            "Quote", 
            "QuoteItemInfo", 
            "QuoteDetails"
        ]
    }, 
    "groups-not-in-ground-truth": {}, 
    "groups-in-gt-split-by-union": {
        "group0": [
            "CatalogController", 
            "CatalogItem", 
            "CatalogItemsRepository"
        ], 
        "group1": [
            "OrderEventInfo", 
            "OrderUpdateInfo"
        ]
    }
}
