{
  "tool": {
    "decomposition": {
      "2": [
        {
          "id": "RepositoryFactory"
        },
        {
          "id": "OrderingConfiguration"
        },
        {
          "id": "MongoCatalogItemsRepository"
        },
        {
          "id": "MongoOperationsWithRetry"
        },
        {
          "id": "MongoDealersRepository"
        },
        {
          "id": "MongoQuoteRepository"
        },
        {
          "id": "MongoOrderRepository"
        },
        {
          "id": "MongoShipmentRepository"
        }
      ],
      "1": [
        {
          "id": "MockCatalogItemsRepository"
        },
        {
          "id": "CatalogItem [Duplicate_#001]"
        },
        {
          "id": "MockDealersRepository"
        },
        {
          "id": "MockQuoteRepository"
        },
        {
          "id": "CatalogController"
        },
        {
          "id": "Utility"
        },
        {
          "id": "OrderingInitializer"
        },
        {
          "id": "DealerController"
        },
        {
          "id": "DealerInfo"
        },
        {
          "id": "QuoteController"
        },
        {
          "id": "BadRequestException"
        }
      ],
      "4": [
        {
          "id": "MockOrderRepository"
        },
        {
          "id": "OrderController"
        },
        {
          "id": "Quote"
        },
        {
          "id": "QuoteItemInfo"
        },
        {
          "id": "Order"
        },
        {
          "id": "OrderEventInfo"
        },
        {
          "id": "OrderUpdateInfo"
        }
      ],
      "3": [
        {
          "id": "MockShipmentRepository"
        },
        {
          "id": "ShipmentController"
        },
        {
          "id": "ShipmentRecord"
        },
        {
          "id": "DeliveryAddress"
        },
        {
          "id": "ShipmentEventInfo"
        }
      ],
      "5": [
        {
          "id": "PhoneInfo"
        }
      ],
      "0": [
        {
          "id": "PostgresqlProperties"
        },
        {
          "id": "PropertyHelper"
        },
        {
          "id": "OrderingServiceProperties"
        },
        {
          "id": "ConflictingRequestException"
        },
        {
          "id": "MongoDBProperties"
        },
        {
          "id": "AppInsightsFilter"
        },
        {
          "id": "SimpleCORSFilter"
        },
        {
          "id": "Dealer"
        },
        {
          "id": "ShipmentDetails"
        },
        {
          "id": "OrderDetails"
        },
        {
          "id": "QuoteDetails"
        },
        {
          "id": "CatalogItem"
        },
        {
          "id": "Delivery"
        },
        {
          "id": "PingController"
        }
      ]
    }
  }
}