{
    "MEM": {
        "decomposition": {
            "0": [
                {
                    "id": "StringUtils"
                },
                {
                    "id": "package-info"
                }
            ],
            "1": [
                {
                    "id": "MathServletTests"
                },
                {
                    "id": "StringUtilsTests"
                }
            ],
            "2": [
                {
                    "id": "package-info"
                },
                {
                    "id": "AutoInsuranceUI"
                },
                {
                    "id": "PasswordResult"
                }
            ],
            "3": [
                {
                    "id": "AlcoholCalculator"
                },
                {
                    "id": "package-info"
                },
                {
                    "id": "CheckUtilsTests"
                },
                {
                    "id": "RegistrationStepDefs"
                },
                {
                    "id": "LibraryBookListSearchServletTests"
                }
            ],
            "4": [
                {
                    "id": "CheckUtils"
                },
                {
                    "id": "LibraryRegisterBorrowerServlet"
                },
                {
                    "id": "HtmlUnitTests"
                }
            ],
            "5": [
                {
                    "id": "ApiCalls"
                },
                {
                    "id": "RegistrationResult"
                },
                {
                    "id": "DbServlet"
                }
            ],
            "6": [
                {
                    "id": "ackermannStepDefs.py"
                },
                {
                    "id": "WebAppListener"
                },
                {
                    "id": "InvalidClaimsException"
                },
                {
                    "id": "RegisterServlet"
                }
            ],
            "7": [
                {
                    "id": "LibraryUtils"
                },
                {
                    "id": "AckermannParameterizedTests"
                },
                {
                    "id": "AutoInsuranceProcessorTests"
                },
                {
                    "id": "Ackermann"
                },
                {
                    "id": "LendingTests"
                },
                {
                    "id": "AckermannStepDefs"
                },
                {
                    "id": "FibonacciParameterizedTests"
                },
                {
                    "id": "LoginUtilsTests"
                },
                {
                    "id": "BorrowerTests"
                },
                {
                    "id": "WarningLetterEnum"
                }
            ],
            "8": [
                {
                    "id": "WebAppListenerTests"
                },
                {
                    "id": "AlcoholResult"
                },
                {
                    "id": "LibraryBookListAvailableServletTests"
                },
                {
                    "id": "AddDeleteListSearchBooksAndBorrowersStepDefs"
                },
                {
                    "id": "package-info"
                }
            ],
            "9": [
                {
                    "id": "authenticationStepDefs.py"
                },
                {
                    "id": "LibraryBookListAvailableServlet"
                },
                {
                    "id": "LibraryLendServletTests"
                }
            ],
            "10": [
                {
                    "id": "FunctionalField"
                },
                {
                    "id": "Loan"
                },
                {
                    "id": "ServletUtils"
                }
            ],
            "11": [
                {
                    "id": "DesktopTester"
                },
                {
                    "id": "AckServletTests"
                }
            ],
            "12": [
                {
                    "id": "LibraryLendServlet"
                },
                {
                    "id": "package-info"
                },
                {
                    "id": "DateUtils"
                },
                {
                    "id": "PasswordResultEnums"
                },
                {
                    "id": "FibServlet"
                },
                {
                    "id": "librarianStepDefs.py"
                },
                {
                    "id": "FibonacciStepDefs"
                },
                {
                    "id": "LibraryActionResults"
                }
            ],
            "13": [
                {
                    "id": "Book"
                },
                {
                    "id": "RegisterServletTests"
                },
                {
                    "id": "User"
                },
                {
                    "id": "LibraryRegisterBookServletTests"
                }
            ],
            "14": [
                {
                    "id": "AckermannIterative"
                },
                {
                    "id": "AutoInsuranceScriptServer"
                },
                {
                    "id": "BookTests"
                },
                {
                    "id": "LoginServletTests"
                }
            ],
            "15": [
                {
                    "id": "BookCheckOutStepDefs"
                },
                {
                    "id": "package-info"
                }
            ],
            "16": [
                {
                    "id": "package-info"
                },
                {
                    "id": "ExecutionDataClient"
                },
                {
                    "id": "TailRecursive"
                },
                {
                    "id": "AutoInsuranceScriptClient"
                },
                {
                    "id": "FibServletTests"
                },
                {
                    "id": "RegistrationStatusEnums"
                },
                {
                    "id": "AutoInsuranceActionTests"
                }
            ],
            "17": [
                {
                    "id": "SelenifiedSample"
                },
                {
                    "id": "fibonacciStepDefs.py"
                }
            ],
            "18": [
                {
                    "id": "MathStepDefs"
                },
                {
                    "id": "LibraryBorrowerListSearchServletTests"
                },
                {
                    "id": "RegistrationResultTests"
                },
                {
                    "id": "CartesianProduct"
                },
                {
                    "id": "CartesianProductStepDefs"
                },
                {
                    "id": "LoginUtils"
                },
                {
                    "id": "SeleniumTests"
                },
                {
                    "id": "RegistrationUtilsTests"
                },
                {
                    "id": "Calculator"
                }
            ],
            "19": [
                {
                    "id": "basic_test.py"
                },
                {
                    "id": "Borrower"
                },
                {
                    "id": "AutoInsuranceAction"
                },
                {
                    "id": "LoanTests"
                },
                {
                    "id": "DesktopUiTests"
                }
            ],
            "20": [
                {
                    "id": "DateUtilsTests"
                },
                {
                    "id": "DbServletTests"
                },
                {
                    "id": "AckServlet"
                }
            ],
            "21": [
                {
                    "id": "AutoInsuranceProcessor"
                },
                {
                    "id": "FibonacciTests"
                }
            ]
        }
    }
}