{
    "1_structural_static": {
        "decomposition": {
            "0": [
                {
                    "id": "StringUtils.escapeForJson"
                },
                {
                    "id": "StringUtils.StringUtils"
                },
                {
                    "id": "StringUtils.makeNotNullable"
                }
            ],
            "10": [
                {
                    "id": "ServletUtils.forwardToResult"
                },
                {
                    "id": "Loan.createEmpty"
                },
                {
                    "id": "Loan.toString"
                },
                {
                    "id": "Loan.equals"
                },
                {
                    "id": "FunctionalField.untypedField"
                },
                {
                    "id": "Loan.Loan"
                },
                {
                    "id": "Loan.isEmpty"
                },
                {
                    "id": "FunctionalField.field"
                },
                {
                    "id": "ServletUtils.ServletUtils"
                },
                {
                    "id": "ServletUtils.forwardToRestfulResult"
                },
                {
                    "id": "Loan.hashCode"
                }
            ],
            "12": [
                {
                    "id": "FibServlet.FibServlet"
                },
                {
                    "id": "FibServlet.putNumberInRequest"
                },
                {
                    "id": "PasswordResultEnums.PasswordResultEnums"
                },
                {
                    "id": "PasswordResultEnums.valueOf"
                },
                {
                    "id": "LibraryActionResults.LibraryActionResults"
                },
                {
                    "id": "FibServlet.defaultRecursiveCalculation"
                },
                {
                    "id": "PasswordResultEnums.values"
                },
                {
                    "id": "LibraryActionResults.values"
                },
                {
                    "id": "FibServlet.forwardToResult"
                },
                {
                    "id": "FibServlet.doPost"
                },
                {
                    "id": "LibraryLendServlet.getDateNow"
                },
                {
                    "id": "LibraryLendServlet.LibraryLendServlet"
                },
                {
                    "id": "LibraryActionResults.valueOf"
                },
                {
                    "id": "FibServlet.tailRecursiveAlgo2Calc"
                },
                {
                    "id": "LibraryLendServlet.doPost"
                },
                {
                    "id": "LibraryActionResults.toString"
                },
                {
                    "id": "FibServlet.tailRecursiveAlgo1Calc"
                }
            ],
            "13": [
                {
                    "id": "User.isEmpty"
                },
                {
                    "id": "User.User"
                },
                {
                    "id": "Book.equals"
                },
                {
                    "id": "Book.Book"
                },
                {
                    "id": "Book.toOutputString"
                },
                {
                    "id": "User.hashCode"
                },
                {
                    "id": "User.toString"
                },
                {
                    "id": "User.equals"
                },
                {
                    "id": "Book.createEmpty"
                },
                {
                    "id": "Book.hashCode"
                },
                {
                    "id": "Book.toString"
                },
                {
                    "id": "User.createEmpty"
                },
                {
                    "id": "Book.isEmpty"
                }
            ],
            "14": [
                {
                    "id": "AckermannIterative.calculate"
                },
                {
                    "id": "AckermannIterative.stack"
                },
                {
                    "id": "AckermannIterative.number1"
                },
                {
                    "id": "AckermannIterative.number2"
                },
                {
                    "id": "AckermannIterative.flag"
                }
            ],
            "16": [
                {
                    "id": "RegistrationStatusEnums.RegistrationStatusEnums"
                },
                {
                    "id": "TailRecursive.tailie"
                },
                {
                    "id": "RegistrationStatusEnums.values"
                },
                {
                    "id": "RegistrationStatusEnums.valueOf"
                }
            ],
            "18": [
                {
                    "id": "CartesianProduct.CartesianProduct"
                },
                {
                    "id": "Calculator.calculateAndMorePart3"
                },
                {
                    "id": "LoginUtils.isEmpty"
                },
                {
                    "id": "Calculator.calculateAndMore"
                },
                {
                    "id": "CartesianProduct.calculate"
                },
                {
                    "id": "LoginUtils.isUserRegistered"
                },
                {
                    "id": "LoginUtils.LoginUtils"
                },
                {
                    "id": "Calculator.Calculator"
                },
                {
                    "id": "Calculator.calculateAndMorePart2"
                },
                {
                    "id": "Calculator.toStringZeroToTen"
                },
                {
                    "id": "Calculator.add"
                },
                {
                    "id": "LoginUtils.createEmpty"
                }
            ],
            "19": [
                {
                    "id": "Borrower.equals"
                },
                {
                    "id": "Borrower.Borrower"
                },
                {
                    "id": "Borrower.toOutputString"
                },
                {
                    "id": "Borrower.toString"
                },
                {
                    "id": "Borrower.hashCode"
                },
                {
                    "id": "Borrower.isEmpty"
                },
                {
                    "id": "Borrower.createEmpty"
                }
            ],
            "2": [
                {
                    "id": "PasswordResult.isEmpty"
                },
                {
                    "id": "PasswordResult.createEmpty"
                },
                {
                    "id": "PasswordResult.equals"
                },
                {
                    "id": "PasswordResult.createDefault"
                },
                {
                    "id": "PasswordResult.hashCode"
                },
                {
                    "id": "PasswordResult.PasswordResult"
                },
                {
                    "id": "PasswordResult.toPrettyString"
                },
                {
                    "id": "PasswordResult.toString"
                }
            ],
            "20": [
                {
                    "id": "AckServlet.forwardToResult"
                },
                {
                    "id": "AckServlet.AckServlet"
                },
                {
                    "id": "AckServlet.tailRecursive"
                },
                {
                    "id": "AckServlet.doPost"
                },
                {
                    "id": "AckServlet.putNumberInRequest"
                },
                {
                    "id": "AckServlet.regularRecursive"
                }
            ],
            "3": [
                {
                    "id": "AlcoholCalculator.AlcoholCalculator"
                },
                {
                    "id": "AlcoholCalculator.calculate"
                }
            ],
            "4": [
                {
                    "id": "CheckUtils.mustBeTrueAtThisPoint"
                },
                {
                    "id": "CheckUtils.StringMustNotBeNullOrEmpty"
                },
                {
                    "id": "CheckUtils.IntParameterMustBePositive"
                },
                {
                    "id": "LibraryRegisterBorrowerServlet.LibraryRegisterBorrowerServlet"
                },
                {
                    "id": "LibraryRegisterBorrowerServlet.doPost"
                },
                {
                    "id": "CheckUtils.CheckUtils"
                }
            ],
            "5": [
                {
                    "id": "RegistrationResult.toString"
                },
                {
                    "id": "RegistrationResult.isEmpty"
                },
                {
                    "id": "DbServlet.DbServlet"
                },
                {
                    "id": "RegistrationResult.equals"
                },
                {
                    "id": "RegistrationResult.createEmpty"
                },
                {
                    "id": "DbServlet.doGet"
                },
                {
                    "id": "RegistrationResult.toPrettyString"
                },
                {
                    "id": "RegistrationResult.hashCode"
                },
                {
                    "id": "RegistrationResult.RegistrationResult"
                }
            ],
            "6": [
                {
                    "id": "WebAppListener.contextInitialized"
                },
                {
                    "id": "RegisterServlet.doPost"
                },
                {
                    "id": "WebAppListener.WebAppListener"
                },
                {
                    "id": "RegisterServlet.forwardToResult"
                },
                {
                    "id": "RegisterServlet.RegisterServlet"
                },
                {
                    "id": "WebAppListener.contextDestroyed"
                }
            ],
            "7": [
                {
                    "id": "LibraryUtils.searchForBorrowerByName"
                },
                {
                    "id": "Ackermann.ack"
                },
                {
                    "id": "LibraryUtils.LibraryUtils"
                },
                {
                    "id": "LibraryUtils.deleteBorrower"
                },
                {
                    "id": "LibraryUtils.searchForBookByTitle"
                },
                {
                    "id": "LibraryUtils.searchForBookById"
                },
                {
                    "id": "LibraryUtils.saveNewBorrower"
                },
                {
                    "id": "LibraryUtils.lendBook"
                },
                {
                    "id": "LibraryUtils.saveNewBook"
                },
                {
                    "id": "LibraryUtils.listAllBorrowers"
                },
                {
                    "id": "Ackermann.calculate"
                },
                {
                    "id": "LibraryUtils.listAllBooks"
                },
                {
                    "id": "LibraryUtils.searchForBorrowerById"
                },
                {
                    "id": "LibraryUtils.registerBorrower"
                },
                {
                    "id": "LibraryUtils.deleteBook"
                },
                {
                    "id": "LibraryUtils.createLoan"
                },
                {
                    "id": "LibraryUtils.searchForLoanByBook"
                },
                {
                    "id": "LibraryUtils.listAvailableBooks"
                },
                {
                    "id": "LibraryUtils.searchForLoanByBorrower"
                },
                {
                    "id": "LibraryUtils.isEmpty"
                },
                {
                    "id": "Ackermann.Ackermann"
                },
                {
                    "id": "LibraryUtils.registerBook"
                },
                {
                    "id": "LibraryUtils.createEmpty"
                }
            ],
            "8": [
                {
                    "id": "AlcoholResult.AlcoholResult"
                },
                {
                    "id": "AlcoholResult.returnEmpty"
                }
            ],
            "9": [
                {
                    "id": "LibraryBookListAvailableServlet.LibraryBookListAvailableServlet"
                },
                {
                    "id": "LibraryBookListAvailableServlet.doGet"
                }
            ]
        },
        "links": [
            {
                "source": "LoginUtils.createEmpty",
                "target": "LoginUtils.LoginUtils",
                "weight": "1"
            },
            {
                "source": "LoginUtils.isUserRegistered",
                "target": "CheckUtils.StringMustNotBeNullOrEmpty",
                "weight": "1"
            },
            {
                "source": "RegisterServlet.doPost",
                "target": "RegisterServlet.forwardToResult",
                "weight": "1"
            },
            {
                "source": "RegisterServlet.doPost",
                "target": "RegistrationResult.toPrettyString",
                "weight": "1"
            },
            {
                "source": "RegisterServlet.doPost",
                "target": "StringUtils.makeNotNullable",
                "weight": "1"
            },
            {
                "source": "RegisterServlet.forwardToResult",
                "target": "ServletUtils.forwardToResult",
                "weight": "1"
            },
            {
                "source": "PasswordResult.createDefault",
                "target": "PasswordResult.PasswordResult",
                "weight": "1"
            },
            {
                "source": "PasswordResult.createEmpty",
                "target": "PasswordResult.PasswordResult",
                "weight": "1"
            },
            {
                "source": "PasswordResult.isEmpty",
                "target": "PasswordResult.createEmpty",
                "weight": "1"
            },
            {
                "source": "PasswordResult.isEmpty",
                "target": "PasswordResult.equals",
                "weight": "1"
            },
            {
                "source": "RegistrationResult.createEmpty",
                "target": "RegistrationResult.RegistrationResult",
                "weight": "1"
            },
            {
                "source": "RegistrationResult.isEmpty",
                "target": "RegistrationResult.createEmpty",
                "weight": "1"
            },
            {
                "source": "RegistrationResult.isEmpty",
                "target": "RegistrationResult.equals",
                "weight": "1"
            },
            {
                "source": "User.createEmpty",
                "target": "User.User",
                "weight": "1"
            },
            {
                "source": "User.isEmpty",
                "target": "User.createEmpty",
                "weight": "1"
            },
            {
                "source": "User.isEmpty",
                "target": "User.equals",
                "weight": "1"
            },
            {
                "source": "AlcoholCalculator.calculate",
                "target": "AlcoholResult.returnEmpty",
                "weight": "1"
            },
            {
                "source": "AlcoholResult.returnEmpty",
                "target": "AlcoholResult.AlcoholResult",
                "weight": "1"
            },
            {
                "source": "LibraryBookListAvailableServlet.doGet",
                "target": "ServletUtils.forwardToRestfulResult",
                "weight": "1"
            },
            {
                "source": "LibraryBookListAvailableServlet.doGet",
                "target": "LibraryUtils.listAvailableBooks",
                "weight": "1"
            },
            {
                "source": "LibraryLendServlet.doPost",
                "target": "ServletUtils.forwardToResult",
                "weight": "1"
            },
            {
                "source": "LibraryLendServlet.doPost",
                "target": "StringUtils.makeNotNullable",
                "weight": "1"
            },
            {
                "source": "LibraryLendServlet.doPost",
                "target": "LibraryLendServlet.getDateNow",
                "weight": "1"
            },
            {
                "source": "LibraryLendServlet.doPost",
                "target": "LibraryUtils.lendBook",
                "weight": "1"
            },
            {
                "source": "LibraryLendServlet.doPost",
                "target": "LibraryActionResults.toString",
                "weight": "1"
            },
            {
                "source": "LibraryRegisterBorrowerServlet.doPost",
                "target": "ServletUtils.forwardToResult",
                "weight": "1"
            },
            {
                "source": "LibraryRegisterBorrowerServlet.doPost",
                "target": "StringUtils.makeNotNullable",
                "weight": "1"
            },
            {
                "source": "LibraryRegisterBorrowerServlet.doPost",
                "target": "LibraryUtils.registerBorrower",
                "weight": "1"
            },
            {
                "source": "LibraryRegisterBorrowerServlet.doPost",
                "target": "LibraryActionResults.toString",
                "weight": "1"
            },
            {
                "source": "LibraryUtils.createEmpty",
                "target": "LibraryUtils.LibraryUtils",
                "weight": "1"
            },
            {
                "source": "LibraryUtils.deleteBook",
                "target": "LibraryUtils.searchForBookByTitle",
                "weight": "1"
            },
            {
                "source": "LibraryUtils.deleteBook",
                "target": "Book.isEmpty",
                "weight": "1"
            },
            {
                "source": "LibraryUtils.deleteBorrower",
                "target": "LibraryUtils.searchForBorrowerByName",
                "weight": "1"
            },
            {
                "source": "LibraryUtils.deleteBorrower",
                "target": "Borrower.isEmpty",
                "weight": "1"
            },
            {
                "source": "LibraryUtils.lendBook",
                "target": "LibraryUtils.createLoan",
                "weight": "1"
            },
            {
                "source": "LibraryUtils.lendBook",
                "target": "LibraryUtils.searchForLoanByBook",
                "weight": "1"
            },
            {
                "source": "LibraryUtils.lendBook",
                "target": "Loan.isEmpty",
                "weight": "1"
            },
            {
                "source": "LibraryUtils.lendBook",
                "target": "LibraryUtils.searchForBookByTitle",
                "weight": "1"
            },
            {
                "source": "LibraryUtils.lendBook",
                "target": "LibraryUtils.searchForBorrowerByName",
                "weight": "1"
            },
            {
                "source": "LibraryUtils.lendBook",
                "target": "Book.Book",
                "weight": "1"
            },
            {
                "source": "LibraryUtils.lendBook",
                "target": "Borrower.Borrower",
                "weight": "1"
            },
            {
                "source": "LibraryUtils.registerBook",
                "target": "LibraryUtils.saveNewBook",
                "weight": "1"
            },
            {
                "source": "LibraryUtils.registerBook",
                "target": "LibraryUtils.searchForBookByTitle",
                "weight": "1"
            },
            {
                "source": "LibraryUtils.registerBook",
                "target": "Book.isEmpty",
                "weight": "1"
            },
            {
                "source": "LibraryUtils.registerBorrower",
                "target": "LibraryUtils.saveNewBorrower",
                "weight": "1"
            },
            {
                "source": "LibraryUtils.registerBorrower",
                "target": "LibraryUtils.searchForBorrowerByName",
                "weight": "1"
            },
            {
                "source": "LibraryUtils.registerBorrower",
                "target": "Borrower.createEmpty",
                "weight": "1"
            },
            {
                "source": "LibraryUtils.registerBorrower",
                "target": "Borrower.equals",
                "weight": "1"
            },
            {
                "source": "LibraryUtils.searchForBookById",
                "target": "Book.createEmpty",
                "weight": "1"
            },
            {
                "source": "LibraryUtils.searchForBookById",
                "target": "Book.isEmpty",
                "weight": "1"
            },
            {
                "source": "LibraryUtils.searchForBookByTitle",
                "target": "Book.createEmpty",
                "weight": "1"
            },
            {
                "source": "LibraryUtils.searchForBookByTitle",
                "target": "Book.isEmpty",
                "weight": "1"
            },
            {
                "source": "LibraryUtils.searchForBorrowerById",
                "target": "Borrower.createEmpty",
                "weight": "1"
            },
            {
                "source": "LibraryUtils.searchForBorrowerById",
                "target": "Borrower.isEmpty",
                "weight": "1"
            },
            {
                "source": "LibraryUtils.searchForBorrowerByName",
                "target": "Borrower.createEmpty",
                "weight": "1"
            },
            {
                "source": "LibraryUtils.searchForLoanByBook",
                "target": "Loan.createEmpty",
                "weight": "1"
            },
            {
                "source": "Book.createEmpty",
                "target": "Book.Book",
                "weight": "1"
            },
            {
                "source": "Book.isEmpty",
                "target": "Book.createEmpty",
                "weight": "1"
            },
            {
                "source": "Book.isEmpty",
                "target": "Book.equals",
                "weight": "1"
            },
            {
                "source": "Book.toOutputString",
                "target": "StringUtils.escapeForJson",
                "weight": "1"
            },
            {
                "source": "Borrower.createEmpty",
                "target": "Borrower.Borrower",
                "weight": "1"
            },
            {
                "source": "Borrower.isEmpty",
                "target": "Borrower.createEmpty",
                "weight": "1"
            },
            {
                "source": "Borrower.isEmpty",
                "target": "Borrower.equals",
                "weight": "1"
            },
            {
                "source": "Borrower.toOutputString",
                "target": "StringUtils.escapeForJson",
                "weight": "1"
            },
            {
                "source": "Loan.createEmpty",
                "target": "Book.createEmpty",
                "weight": "1"
            },
            {
                "source": "Loan.createEmpty",
                "target": "Borrower.createEmpty",
                "weight": "1"
            },
            {
                "source": "Loan.createEmpty",
                "target": "Loan.Loan",
                "weight": "1"
            },
            {
                "source": "Loan.isEmpty",
                "target": "Loan.createEmpty",
                "weight": "1"
            },
            {
                "source": "Loan.isEmpty",
                "target": "Loan.equals",
                "weight": "1"
            },
            {
                "source": "AckServlet.doPost",
                "target": "AckServlet.forwardToResult",
                "weight": "1"
            },
            {
                "source": "AckServlet.doPost",
                "target": "AckServlet.putNumberInRequest",
                "weight": "1"
            },
            {
                "source": "AckServlet.doPost",
                "target": "AckServlet.regularRecursive",
                "weight": "1"
            },
            {
                "source": "AckServlet.doPost",
                "target": "AckServlet.tailRecursive",
                "weight": "1"
            },
            {
                "source": "AckServlet.forwardToResult",
                "target": "ServletUtils.forwardToRestfulResult",
                "weight": "1"
            },
            {
                "source": "AckServlet.regularRecursive",
                "target": "Ackermann.calculate",
                "weight": "1"
            },
            {
                "source": "AckServlet.tailRecursive",
                "target": "AckermannIterative.calculate",
                "weight": "1"
            },
            {
                "source": "Ackermann.calculate",
                "target": "Ackermann.ack",
                "weight": "1"
            },
            {
                "source": "FibServlet.doPost",
                "target": "FibServlet.defaultRecursiveCalculation",
                "weight": "1"
            },
            {
                "source": "FibServlet.doPost",
                "target": "FibServlet.forwardToResult",
                "weight": "1"
            },
            {
                "source": "FibServlet.doPost",
                "target": "FibServlet.putNumberInRequest",
                "weight": "1"
            },
            {
                "source": "FibServlet.doPost",
                "target": "FibServlet.tailRecursiveAlgo1Calc",
                "weight": "1"
            },
            {
                "source": "FibServlet.doPost",
                "target": "FibServlet.tailRecursiveAlgo2Calc",
                "weight": "1"
            },
            {
                "source": "FibServlet.forwardToResult",
                "target": "ServletUtils.forwardToRestfulResult",
                "weight": "1"
            },
            {
                "source": "FunctionalField.field",
                "target": "FunctionalField.untypedField",
                "weight": "1"
            },
            {
                "source": "DbServlet.doGet",
                "target": "ServletUtils.forwardToResult",
                "weight": "1"
            },
            {
                "source": "DbServlet.doGet",
                "target": "StringUtils.makeNotNullable",
                "weight": "1"
            }
        ]
    },
    "3_business_use_cases": {
        "decomposition": {
            "0": [
                {
                    "id": "StringUtils.escapeForJson"
                },
                {
                    "id": "StringUtils.StringUtils"
                },
                {
                    "id": "StringUtils.makeNotNullable"
                }
            ],
            "10": [
                {
                    "id": "ServletUtils.forwardToResult"
                },
                {
                    "id": "Loan.createEmpty"
                },
                {
                    "id": "Loan.toString"
                },
                {
                    "id": "Loan.equals"
                },
                {
                    "id": "FunctionalField.untypedField"
                },
                {
                    "id": "Loan.Loan"
                },
                {
                    "id": "Loan.isEmpty"
                },
                {
                    "id": "FunctionalField.field"
                },
                {
                    "id": "ServletUtils.ServletUtils"
                },
                {
                    "id": "ServletUtils.forwardToRestfulResult"
                },
                {
                    "id": "Loan.hashCode"
                }
            ],
            "12": [
                {
                    "id": "FibServlet.FibServlet"
                },
                {
                    "id": "FibServlet.putNumberInRequest"
                },
                {
                    "id": "PasswordResultEnums.PasswordResultEnums"
                },
                {
                    "id": "PasswordResultEnums.valueOf"
                },
                {
                    "id": "LibraryActionResults.LibraryActionResults"
                },
                {
                    "id": "FibServlet.defaultRecursiveCalculation"
                },
                {
                    "id": "PasswordResultEnums.values"
                },
                {
                    "id": "LibraryActionResults.values"
                },
                {
                    "id": "FibServlet.forwardToResult"
                },
                {
                    "id": "FibServlet.doPost"
                },
                {
                    "id": "LibraryLendServlet.getDateNow"
                },
                {
                    "id": "LibraryLendServlet.LibraryLendServlet"
                },
                {
                    "id": "LibraryActionResults.valueOf"
                },
                {
                    "id": "FibServlet.tailRecursiveAlgo2Calc"
                },
                {
                    "id": "LibraryLendServlet.doPost"
                },
                {
                    "id": "LibraryActionResults.toString"
                },
                {
                    "id": "FibServlet.tailRecursiveAlgo1Calc"
                }
            ],
            "13": [
                {
                    "id": "User.isEmpty"
                },
                {
                    "id": "User.User"
                },
                {
                    "id": "Book.equals"
                },
                {
                    "id": "Book.Book"
                },
                {
                    "id": "Book.toOutputString"
                },
                {
                    "id": "User.hashCode"
                },
                {
                    "id": "User.toString"
                },
                {
                    "id": "User.equals"
                },
                {
                    "id": "Book.createEmpty"
                },
                {
                    "id": "Book.hashCode"
                },
                {
                    "id": "Book.toString"
                },
                {
                    "id": "User.createEmpty"
                },
                {
                    "id": "Book.isEmpty"
                }
            ],
            "14": [
                {
                    "id": "AckermannIterative.calculate"
                },
                {
                    "id": "AckermannIterative.stack"
                },
                {
                    "id": "AckermannIterative.number1"
                },
                {
                    "id": "AckermannIterative.number2"
                },
                {
                    "id": "AckermannIterative.flag"
                }
            ],
            "16": [
                {
                    "id": "RegistrationStatusEnums.RegistrationStatusEnums"
                },
                {
                    "id": "TailRecursive.tailie"
                },
                {
                    "id": "RegistrationStatusEnums.values"
                },
                {
                    "id": "RegistrationStatusEnums.valueOf"
                }
            ],
            "18": [
                {
                    "id": "CartesianProduct.CartesianProduct"
                },
                {
                    "id": "Calculator.calculateAndMorePart3"
                },
                {
                    "id": "LoginUtils.isEmpty"
                },
                {
                    "id": "Calculator.calculateAndMore"
                },
                {
                    "id": "CartesianProduct.calculate"
                },
                {
                    "id": "LoginUtils.isUserRegistered"
                },
                {
                    "id": "LoginUtils.LoginUtils"
                },
                {
                    "id": "Calculator.Calculator"
                },
                {
                    "id": "Calculator.calculateAndMorePart2"
                },
                {
                    "id": "Calculator.toStringZeroToTen"
                },
                {
                    "id": "Calculator.add"
                },
                {
                    "id": "LoginUtils.createEmpty"
                }
            ],
            "19": [
                {
                    "id": "Borrower.equals"
                },
                {
                    "id": "Borrower.Borrower"
                },
                {
                    "id": "Borrower.toOutputString"
                },
                {
                    "id": "Borrower.toString"
                },
                {
                    "id": "Borrower.hashCode"
                },
                {
                    "id": "Borrower.isEmpty"
                },
                {
                    "id": "Borrower.createEmpty"
                }
            ],
            "2": [
                {
                    "id": "PasswordResult.isEmpty"
                },
                {
                    "id": "PasswordResult.createEmpty"
                },
                {
                    "id": "PasswordResult.equals"
                },
                {
                    "id": "PasswordResult.createDefault"
                },
                {
                    "id": "PasswordResult.hashCode"
                },
                {
                    "id": "PasswordResult.PasswordResult"
                },
                {
                    "id": "PasswordResult.toPrettyString"
                },
                {
                    "id": "PasswordResult.toString"
                }
            ],
            "20": [
                {
                    "id": "AckServlet.forwardToResult"
                },
                {
                    "id": "AckServlet.AckServlet"
                },
                {
                    "id": "AckServlet.tailRecursive"
                },
                {
                    "id": "AckServlet.doPost"
                },
                {
                    "id": "AckServlet.putNumberInRequest"
                },
                {
                    "id": "AckServlet.regularRecursive"
                }
            ],
            "3": [
                {
                    "id": "AlcoholCalculator.AlcoholCalculator"
                },
                {
                    "id": "AlcoholCalculator.calculate"
                }
            ],
            "4": [
                {
                    "id": "CheckUtils.mustBeTrueAtThisPoint"
                },
                {
                    "id": "CheckUtils.StringMustNotBeNullOrEmpty"
                },
                {
                    "id": "CheckUtils.IntParameterMustBePositive"
                },
                {
                    "id": "LibraryRegisterBorrowerServlet.LibraryRegisterBorrowerServlet"
                },
                {
                    "id": "LibraryRegisterBorrowerServlet.doPost"
                },
                {
                    "id": "CheckUtils.CheckUtils"
                }
            ],
            "5": [
                {
                    "id": "RegistrationResult.toString"
                },
                {
                    "id": "RegistrationResult.isEmpty"
                },
                {
                    "id": "DbServlet.DbServlet"
                },
                {
                    "id": "RegistrationResult.equals"
                },
                {
                    "id": "RegistrationResult.createEmpty"
                },
                {
                    "id": "DbServlet.doGet"
                },
                {
                    "id": "RegistrationResult.toPrettyString"
                },
                {
                    "id": "RegistrationResult.hashCode"
                },
                {
                    "id": "RegistrationResult.RegistrationResult"
                }
            ],
            "6": [
                {
                    "id": "WebAppListener.contextInitialized"
                },
                {
                    "id": "RegisterServlet.doPost"
                },
                {
                    "id": "WebAppListener.WebAppListener"
                },
                {
                    "id": "RegisterServlet.forwardToResult"
                },
                {
                    "id": "RegisterServlet.RegisterServlet"
                },
                {
                    "id": "WebAppListener.contextDestroyed"
                }
            ],
            "7": [
                {
                    "id": "LibraryUtils.searchForBorrowerByName"
                },
                {
                    "id": "Ackermann.ack"
                },
                {
                    "id": "LibraryUtils.LibraryUtils"
                },
                {
                    "id": "LibraryUtils.deleteBorrower"
                },
                {
                    "id": "LibraryUtils.searchForBookByTitle"
                },
                {
                    "id": "LibraryUtils.searchForBookById"
                },
                {
                    "id": "LibraryUtils.saveNewBorrower"
                },
                {
                    "id": "LibraryUtils.lendBook"
                },
                {
                    "id": "LibraryUtils.saveNewBook"
                },
                {
                    "id": "LibraryUtils.listAllBorrowers"
                },
                {
                    "id": "Ackermann.calculate"
                },
                {
                    "id": "LibraryUtils.listAllBooks"
                },
                {
                    "id": "LibraryUtils.searchForBorrowerById"
                },
                {
                    "id": "LibraryUtils.registerBorrower"
                },
                {
                    "id": "LibraryUtils.deleteBook"
                },
                {
                    "id": "LibraryUtils.createLoan"
                },
                {
                    "id": "LibraryUtils.searchForLoanByBook"
                },
                {
                    "id": "LibraryUtils.listAvailableBooks"
                },
                {
                    "id": "LibraryUtils.searchForLoanByBorrower"
                },
                {
                    "id": "LibraryUtils.isEmpty"
                },
                {
                    "id": "Ackermann.Ackermann"
                },
                {
                    "id": "LibraryUtils.registerBook"
                },
                {
                    "id": "LibraryUtils.createEmpty"
                }
            ],
            "8": [
                {
                    "id": "AlcoholResult.AlcoholResult"
                },
                {
                    "id": "AlcoholResult.returnEmpty"
                }
            ],
            "9": [
                {
                    "id": "LibraryBookListAvailableServlet.LibraryBookListAvailableServlet"
                },
                {
                    "id": "LibraryBookListAvailableServlet.doGet"
                }
            ],
            "Authentication USE CASE": [
                {
                    "id": "AUTHENTICATION USE CASE"
                }
            ],
            "Library USE CASE": [
                {
                    "id": "LIBRARY USE CASE"
                }
            ],
            "Mathematics USE CASE": [
                {
                    "id": "MATHEMATICS USE CASE"
                }
            ],
            "Persistence USE CASE": [
                {
                    "id": "PERSISTENCE USE CASE"
                }
            ]
        },
        "links": [
            {
                "source": "AUTHENTICATION USE CASE",
                "target": "CheckUtils.IntParameterMustBePositive",
                "weight": "1"
            },
            {
                "source": "AUTHENTICATION USE CASE",
                "target": "CheckUtils.StringMustNotBeNullOrEmpty",
                "weight": "8"
            },
            {
                "source": "AUTHENTICATION USE CASE",
                "target": "CheckUtils.mustBeTrueAtThisPoint",
                "weight": "3"
            },
            {
                "source": "AUTHENTICATION USE CASE",
                "target": "LoginServlet.doPost",
                "weight": "3"
            },
            {
                "source": "AUTHENTICATION USE CASE",
                "target": "LoginUtils.isUserRegistered",
                "weight": "1"
            },
            {
                "source": "AUTHENTICATION USE CASE",
                "target": "PersistenceLayer.areCredentialsValid",
                "weight": "1"
            },
            {
                "source": "AUTHENTICATION USE CASE",
                "target": "PersistenceLayer.bytesToHex",
                "weight": "2"
            },
            {
                "source": "AUTHENTICATION USE CASE",
                "target": "PersistenceLayer.createExtractor",
                "weight": "2"
            },
            {
                "source": "AUTHENTICATION USE CASE",
                "target": "PersistenceLayer.createHashedValueFromPassword",
                "weight": "2"
            },
            {
                "source": "AUTHENTICATION USE CASE",
                "target": "PersistenceLayer.executeInsertOnPreparedStatement",
                "weight": "1"
            },
            {
                "source": "AUTHENTICATION USE CASE",
                "target": "PersistenceLayer.executeInsertTemplate",
                "weight": "1"
            },
            {
                "source": "AUTHENTICATION USE CASE",
                "target": "PersistenceLayer.executeUpdateOnPreparedStatement",
                "weight": "1"
            },
            {
                "source": "AUTHENTICATION USE CASE",
                "target": "PersistenceLayer.executeUpdateTemplate",
                "weight": "1"
            },
            {
                "source": "AUTHENTICATION USE CASE",
                "target": "PersistenceLayer.prepareStatementWithKeys",
                "weight": "2"
            },
            {
                "source": "AUTHENTICATION USE CASE",
                "target": "PersistenceLayer.runQuery",
                "weight": "2"
            },
            {
                "source": "AUTHENTICATION USE CASE",
                "target": "PersistenceLayer.saveNewUser",
                "weight": "1"
            },
            {
                "source": "AUTHENTICATION USE CASE",
                "target": "PersistenceLayer.searchForUserByName",
                "weight": "1"
            },
            {
                "source": "AUTHENTICATION USE CASE",
                "target": "PersistenceLayer.throwingFunctionWrapper",
                "weight": "2"
            },
            {
                "source": "AUTHENTICATION USE CASE",
                "target": "PersistenceLayer.updateUserWithPassword",
                "weight": "1"
            },
            {
                "source": "AUTHENTICATION USE CASE",
                "target": "RegisterServlet.doPost",
                "weight": "4"
            },
            {
                "source": "AUTHENTICATION USE CASE",
                "target": "RegisterServlet.forwardToResult",
                "weight": "4"
            },
            {
                "source": "AUTHENTICATION USE CASE",
                "target": "RegistrationResult.toPrettyString",
                "weight": "1"
            },
            {
                "source": "AUTHENTICATION USE CASE",
                "target": "RegistrationUtils.isPasswordGood",
                "weight": "1"
            },
            {
                "source": "AUTHENTICATION USE CASE",
                "target": "RegistrationUtils.isUserInDatabase",
                "weight": "1"
            },
            {
                "source": "AUTHENTICATION USE CASE",
                "target": "RegistrationUtils.processRegistration",
                "weight": "1"
            },
            {
                "source": "AUTHENTICATION USE CASE",
                "target": "RegistrationUtils.saveToDatabase",
                "weight": "1"
            },
            {
                "source": "AUTHENTICATION USE CASE",
                "target": "ServletUtils.forwardToResult",
                "weight": "7"
            },
            {
                "source": "AUTHENTICATION USE CASE",
                "target": "SqlData.addParameter",
                "weight": "6"
            },
            {
                "source": "AUTHENTICATION USE CASE",
                "target": "SqlData.applyParametersToPreparedStatement",
                "weight": "4"
            },
            {
                "source": "AUTHENTICATION USE CASE",
                "target": "SqlData.generateParams",
                "weight": "4"
            },
            {
                "source": "AUTHENTICATION USE CASE",
                "target": "StringUtils.makeNotNullable",
                "weight": "14"
            },
            {
                "source": "LIBRARY USE CASE",
                "target": "Book.createEmpty",
                "weight": "22"
            },
            {
                "source": "LIBRARY USE CASE",
                "target": "Book.equals",
                "weight": "14"
            },
            {
                "source": "LIBRARY USE CASE",
                "target": "Book.isEmpty",
                "weight": "13"
            },
            {
                "source": "LIBRARY USE CASE",
                "target": "Book.toOutputString",
                "weight": "7"
            },
            {
                "source": "LIBRARY USE CASE",
                "target": "Borrower.createEmpty",
                "weight": "20"
            },
            {
                "source": "LIBRARY USE CASE",
                "target": "Borrower.equals",
                "weight": "11"
            },
            {
                "source": "LIBRARY USE CASE",
                "target": "Borrower.isEmpty",
                "weight": "9"
            },
            {
                "source": "LIBRARY USE CASE",
                "target": "Borrower.toOutputString",
                "weight": "4"
            },
            {
                "source": "LIBRARY USE CASE",
                "target": "CheckUtils.IntParameterMustBePositive",
                "weight": "6"
            },
            {
                "source": "LIBRARY USE CASE",
                "target": "CheckUtils.StringMustNotBeNullOrEmpty",
                "weight": "11"
            },
            {
                "source": "LIBRARY USE CASE",
                "target": "LibraryBookListAvailableServlet.doGet",
                "weight": "4"
            },
            {
                "source": "LIBRARY USE CASE",
                "target": "LibraryBookListSearchServlet.doGet",
                "weight": "9"
            },
            {
                "source": "LIBRARY USE CASE",
                "target": "LibraryBookListSearchServlet.listAllBooks",
                "weight": "3"
            },
            {
                "source": "LIBRARY USE CASE",
                "target": "LibraryBookListSearchServlet.searchById",
                "weight": "3"
            },
            {
                "source": "LIBRARY USE CASE",
                "target": "LibraryBookListSearchServlet.searchByTitle",
                "weight": "2"
            },
            {
                "source": "LIBRARY USE CASE",
                "target": "LibraryBorrowerListSearchServlet.doGet",
                "weight": "11"
            },
            {
                "source": "LIBRARY USE CASE",
                "target": "LibraryBorrowerListSearchServlet.listAllBorrowers",
                "weight": "3"
            },
            {
                "source": "LIBRARY USE CASE",
                "target": "LibraryBorrowerListSearchServlet.searchById",
                "weight": "4"
            },
            {
                "source": "LIBRARY USE CASE",
                "target": "LibraryBorrowerListSearchServlet.searchByName",
                "weight": "3"
            },
            {
                "source": "LIBRARY USE CASE",
                "target": "LibraryLendServlet.doPost",
                "weight": "3"
            },
            {
                "source": "LIBRARY USE CASE",
                "target": "LibraryLendServlet.getDateNow",
                "weight": "1"
            },
            {
                "source": "LIBRARY USE CASE",
                "target": "LibraryRegisterBookServlet.doPost",
                "weight": "2"
            },
            {
                "source": "LIBRARY USE CASE",
                "target": "LibraryRegisterBorrowerServlet.doPost",
                "weight": "2"
            },
            {
                "source": "LIBRARY USE CASE",
                "target": "LibraryUtils.createLoan",
                "weight": "1"
            },
            {
                "source": "LIBRARY USE CASE",
                "target": "LibraryUtils.lendBook",
                "weight": "2"
            },
            {
                "source": "LIBRARY USE CASE",
                "target": "LibraryUtils.listAllBooks",
                "weight": "3"
            },
            {
                "source": "LIBRARY USE CASE",
                "target": "LibraryUtils.listAllBorrowers",
                "weight": "3"
            },
            {
                "source": "LIBRARY USE CASE",
                "target": "LibraryUtils.listAvailableBooks",
                "weight": "4"
            },
            {
                "source": "LIBRARY USE CASE",
                "target": "LibraryUtils.registerBook",
                "weight": "1"
            },
            {
                "source": "LIBRARY USE CASE",
                "target": "LibraryUtils.registerBorrower",
                "weight": "1"
            },
            {
                "source": "LIBRARY USE CASE",
                "target": "LibraryUtils.saveNewBook",
                "weight": "1"
            },
            {
                "source": "LIBRARY USE CASE",
                "target": "LibraryUtils.saveNewBorrower",
                "weight": "1"
            },
            {
                "source": "LIBRARY USE CASE",
                "target": "LibraryUtils.searchForBookById",
                "weight": "3"
            },
            {
                "source": "LIBRARY USE CASE",
                "target": "LibraryUtils.searchForBookByTitle",
                "weight": "4"
            },
            {
                "source": "LIBRARY USE CASE",
                "target": "LibraryUtils.searchForBorrowerById",
                "weight": "3"
            },
            {
                "source": "LIBRARY USE CASE",
                "target": "LibraryUtils.searchForBorrowerByName",
                "weight": "5"
            },
            {
                "source": "LIBRARY USE CASE",
                "target": "LibraryUtils.searchForLoanByBook",
                "weight": "1"
            },
            {
                "source": "LIBRARY USE CASE",
                "target": "Loan.createEmpty",
                "weight": "2"
            },
            {
                "source": "LIBRARY USE CASE",
                "target": "Loan.equals",
                "weight": "1"
            },
            {
                "source": "LIBRARY USE CASE",
                "target": "Loan.isEmpty",
                "weight": "1"
            },
            {
                "source": "LIBRARY USE CASE",
                "target": "PersistenceLayer.createExtractor",
                "weight": "26"
            },
            {
                "source": "LIBRARY USE CASE",
                "target": "PersistenceLayer.createLoan",
                "weight": "1"
            },
            {
                "source": "LIBRARY USE CASE",
                "target": "PersistenceLayer.executeInsertOnPreparedStatement",
                "weight": "3"
            },
            {
                "source": "LIBRARY USE CASE",
                "target": "PersistenceLayer.executeInsertTemplate",
                "weight": "3"
            },
            {
                "source": "LIBRARY USE CASE",
                "target": "PersistenceLayer.listAllBooks",
                "weight": "3"
            },
            {
                "source": "LIBRARY USE CASE",
                "target": "PersistenceLayer.listAllBorrowers",
                "weight": "3"
            },
            {
                "source": "LIBRARY USE CASE",
                "target": "PersistenceLayer.listAvailableBooks",
                "weight": "4"
            },
            {
                "source": "LIBRARY USE CASE",
                "target": "PersistenceLayer.listBooks",
                "weight": "7"
            },
            {
                "source": "LIBRARY USE CASE",
                "target": "PersistenceLayer.prepareStatementWithKeys",
                "weight": "3"
            },
            {
                "source": "LIBRARY USE CASE",
                "target": "PersistenceLayer.runQuery",
                "weight": "26"
            },
            {
                "source": "LIBRARY USE CASE",
                "target": "PersistenceLayer.saveNewBook",
                "weight": "1"
            },
            {
                "source": "LIBRARY USE CASE",
                "target": "PersistenceLayer.saveNewBorrower",
                "weight": "1"
            },
            {
                "source": "LIBRARY USE CASE",
                "target": "PersistenceLayer.searchBooksById",
                "weight": "3"
            },
            {
                "source": "LIBRARY USE CASE",
                "target": "PersistenceLayer.searchBooksByTitle",
                "weight": "4"
            },
            {
                "source": "LIBRARY USE CASE",
                "target": "PersistenceLayer.searchBorrowerDataByName",
                "weight": "5"
            },
            {
                "source": "LIBRARY USE CASE",
                "target": "PersistenceLayer.searchBorrowersById",
                "weight": "3"
            },
            {
                "source": "LIBRARY USE CASE",
                "target": "PersistenceLayer.searchForLoanByBook",
                "weight": "1"
            },
            {
                "source": "LIBRARY USE CASE",
                "target": "PersistenceLayer.throwingFunctionWrapper",
                "weight": "26"
            },
            {
                "source": "LIBRARY USE CASE",
                "target": "ServletUtils.forwardToRestfulResult",
                "weight": "24"
            },
            {
                "source": "LIBRARY USE CASE",
                "target": "ServletUtils.forwardToResult",
                "weight": "7"
            },
            {
                "source": "LIBRARY USE CASE",
                "target": "SqlData.addParameter",
                "weight": "21"
            },
            {
                "source": "LIBRARY USE CASE",
                "target": "SqlData.applyParametersToPreparedStatement",
                "weight": "29"
            },
            {
                "source": "LIBRARY USE CASE",
                "target": "SqlData.generateParams",
                "weight": "19"
            },
            {
                "source": "LIBRARY USE CASE",
                "target": "StringUtils.escapeForJson",
                "weight": "11"
            },
            {
                "source": "LIBRARY USE CASE",
                "target": "StringUtils.makeNotNullable",
                "weight": "61"
            },
            {
                "source": "MATHEMATICS USE CASE",
                "target": "AckServlet.doPost",
                "weight": "2"
            },
            {
                "source": "MATHEMATICS USE CASE",
                "target": "AckServlet.forwardToResult",
                "weight": "2"
            },
            {
                "source": "MATHEMATICS USE CASE",
                "target": "AckServlet.putNumberInRequest",
                "weight": "4"
            },
            {
                "source": "MATHEMATICS USE CASE",
                "target": "AckServlet.regularRecursive",
                "weight": "1"
            },
            {
                "source": "MATHEMATICS USE CASE",
                "target": "AckServlet.tailRecursive",
                "weight": "1"
            },
            {
                "source": "MATHEMATICS USE CASE",
                "target": "Ackermann.ack",
                "weight": "44"
            },
            {
                "source": "MATHEMATICS USE CASE",
                "target": "Ackermann.calculate",
                "weight": "1"
            },
            {
                "source": "MATHEMATICS USE CASE",
                "target": "AckermannIterative$$$Field.values",
                "weight": "1"
            },
            {
                "source": "MATHEMATICS USE CASE",
                "target": "AckermannIterative$$.main",
                "weight": "1"
            },
            {
                "source": "MATHEMATICS USE CASE",
                "target": "AckermannIterative$$.tail",
                "weight": "2"
            },
            {
                "source": "MATHEMATICS USE CASE",
                "target": "Calculator.add",
                "weight": "1"
            },
            {
                "source": "MATHEMATICS USE CASE",
                "target": "FibServlet.defaultRecursiveCalculation",
                "weight": "1"
            },
            {
                "source": "MATHEMATICS USE CASE",
                "target": "FibServlet.doPost",
                "weight": "3"
            },
            {
                "source": "MATHEMATICS USE CASE",
                "target": "FibServlet.forwardToResult",
                "weight": "3"
            },
            {
                "source": "MATHEMATICS USE CASE",
                "target": "FibServlet.putNumberInRequest",
                "weight": "3"
            },
            {
                "source": "MATHEMATICS USE CASE",
                "target": "FibServlet.tailRecursiveAlgo1Calc",
                "weight": "1"
            },
            {
                "source": "MATHEMATICS USE CASE",
                "target": "FibServlet.tailRecursiveAlgo2Calc",
                "weight": "1"
            },
            {
                "source": "MATHEMATICS USE CASE",
                "target": "Fibonacci.calculate",
                "weight": "3"
            },
            {
                "source": "MATHEMATICS USE CASE",
                "target": "FibonacciIterative.fibAlgo1",
                "weight": "1"
            },
            {
                "source": "MATHEMATICS USE CASE",
                "target": "FibonacciIterative.fibAlgo2",
                "weight": "1"
            },
            {
                "source": "MATHEMATICS USE CASE",
                "target": "MathServlet.doPost",
                "weight": "1"
            },
            {
                "source": "MATHEMATICS USE CASE",
                "target": "MathServlet.forwardToResult",
                "weight": "1"
            },
            {
                "source": "MATHEMATICS USE CASE",
                "target": "MathServlet.putNumberInRequest",
                "weight": "2"
            },
            {
                "source": "MATHEMATICS USE CASE",
                "target": "MathServlet.setResultToSum",
                "weight": "1"
            },
            {
                "source": "MATHEMATICS USE CASE",
                "target": "ServletUtils.forwardToRestfulResult",
                "weight": "6"
            },
            {
                "source": "MATHEMATICS USE CASE",
                "target": "TailRecursive$$.epsilon",
                "weight": "1"
            },
            {
                "source": "PERSISTENCE USE CASE",
                "target": "DbServlet.doGet",
                "weight": "3"
            },
            {
                "source": "PERSISTENCE USE CASE",
                "target": "PersistenceLayer.cleanAndMigrateDatabase",
                "weight": "1"
            },
            {
                "source": "PERSISTENCE USE CASE",
                "target": "PersistenceLayer.cleanDatabase",
                "weight": "2"
            },
            {
                "source": "PERSISTENCE USE CASE",
                "target": "PersistenceLayer.configureFlyway",
                "weight": "4"
            },
            {
                "source": "PERSISTENCE USE CASE",
                "target": "PersistenceLayer.migrateDatabase",
                "weight": "2"
            },
            {
                "source": "PERSISTENCE USE CASE",
                "target": "ServletUtils.forwardToResult",
                "weight": "3"
            },
            {
                "source": "PERSISTENCE USE CASE",
                "target": "StringUtils.makeNotNullable",
                "weight": "3"
            }
        ]
    },
    "4_database_access": {
        "decomposition": {
            "0": [
                {
                    "id": "StringUtils.escapeForJson"
                },
                {
                    "id": "StringUtils.StringUtils"
                },
                {
                    "id": "StringUtils.makeNotNullable"
                }
            ],
            "10": [
                {
                    "id": "ServletUtils.forwardToResult"
                },
                {
                    "id": "Loan.createEmpty"
                },
                {
                    "id": "Loan.toString"
                },
                {
                    "id": "Loan.equals"
                },
                {
                    "id": "FunctionalField.untypedField"
                },
                {
                    "id": "Loan.Loan"
                },
                {
                    "id": "Loan.isEmpty"
                },
                {
                    "id": "FunctionalField.field"
                },
                {
                    "id": "ServletUtils.ServletUtils"
                },
                {
                    "id": "ServletUtils.forwardToRestfulResult"
                },
                {
                    "id": "Loan.hashCode"
                }
            ],
            "12": [
                {
                    "id": "FibServlet.FibServlet"
                },
                {
                    "id": "FibServlet.putNumberInRequest"
                },
                {
                    "id": "PasswordResultEnums.PasswordResultEnums"
                },
                {
                    "id": "PasswordResultEnums.valueOf"
                },
                {
                    "id": "LibraryActionResults.LibraryActionResults"
                },
                {
                    "id": "FibServlet.defaultRecursiveCalculation"
                },
                {
                    "id": "PasswordResultEnums.values"
                },
                {
                    "id": "LibraryActionResults.values"
                },
                {
                    "id": "FibServlet.forwardToResult"
                },
                {
                    "id": "FibServlet.doPost"
                },
                {
                    "id": "LibraryLendServlet.getDateNow"
                },
                {
                    "id": "LibraryLendServlet.LibraryLendServlet"
                },
                {
                    "id": "LibraryActionResults.valueOf"
                },
                {
                    "id": "FibServlet.tailRecursiveAlgo2Calc"
                },
                {
                    "id": "LibraryLendServlet.doPost"
                },
                {
                    "id": "LibraryActionResults.toString"
                },
                {
                    "id": "FibServlet.tailRecursiveAlgo1Calc"
                }
            ],
            "13": [
                {
                    "id": "User.isEmpty"
                },
                {
                    "id": "User.User"
                },
                {
                    "id": "Book.equals"
                },
                {
                    "id": "Book.Book"
                },
                {
                    "id": "Book.toOutputString"
                },
                {
                    "id": "User.hashCode"
                },
                {
                    "id": "User.toString"
                },
                {
                    "id": "User.equals"
                },
                {
                    "id": "Book.createEmpty"
                },
                {
                    "id": "Book.hashCode"
                },
                {
                    "id": "Book.toString"
                },
                {
                    "id": "User.createEmpty"
                },
                {
                    "id": "Book.isEmpty"
                }
            ],
            "14": [
                {
                    "id": "AckermannIterative.calculate"
                },
                {
                    "id": "AckermannIterative.stack"
                },
                {
                    "id": "AckermannIterative.number1"
                },
                {
                    "id": "AckermannIterative.number2"
                },
                {
                    "id": "AckermannIterative.flag"
                }
            ],
            "16": [
                {
                    "id": "RegistrationStatusEnums.RegistrationStatusEnums"
                },
                {
                    "id": "TailRecursive.tailie"
                },
                {
                    "id": "RegistrationStatusEnums.values"
                },
                {
                    "id": "RegistrationStatusEnums.valueOf"
                }
            ],
            "18": [
                {
                    "id": "CartesianProduct.CartesianProduct"
                },
                {
                    "id": "Calculator.calculateAndMorePart3"
                },
                {
                    "id": "LoginUtils.isEmpty"
                },
                {
                    "id": "Calculator.calculateAndMore"
                },
                {
                    "id": "CartesianProduct.calculate"
                },
                {
                    "id": "LoginUtils.isUserRegistered"
                },
                {
                    "id": "LoginUtils.LoginUtils"
                },
                {
                    "id": "Calculator.Calculator"
                },
                {
                    "id": "Calculator.calculateAndMorePart2"
                },
                {
                    "id": "Calculator.toStringZeroToTen"
                },
                {
                    "id": "Calculator.add"
                },
                {
                    "id": "LoginUtils.createEmpty"
                }
            ],
            "19": [
                {
                    "id": "Borrower.equals"
                },
                {
                    "id": "Borrower.Borrower"
                },
                {
                    "id": "Borrower.toOutputString"
                },
                {
                    "id": "Borrower.toString"
                },
                {
                    "id": "Borrower.hashCode"
                },
                {
                    "id": "Borrower.isEmpty"
                },
                {
                    "id": "Borrower.createEmpty"
                }
            ],
            "2": [
                {
                    "id": "PasswordResult.isEmpty"
                },
                {
                    "id": "PasswordResult.createEmpty"
                },
                {
                    "id": "PasswordResult.equals"
                },
                {
                    "id": "PasswordResult.createDefault"
                },
                {
                    "id": "PasswordResult.hashCode"
                },
                {
                    "id": "PasswordResult.PasswordResult"
                },
                {
                    "id": "PasswordResult.toPrettyString"
                },
                {
                    "id": "PasswordResult.toString"
                }
            ],
            "20": [
                {
                    "id": "AckServlet.forwardToResult"
                },
                {
                    "id": "AckServlet.AckServlet"
                },
                {
                    "id": "AckServlet.tailRecursive"
                },
                {
                    "id": "AckServlet.doPost"
                },
                {
                    "id": "AckServlet.putNumberInRequest"
                },
                {
                    "id": "AckServlet.regularRecursive"
                }
            ],
            "3": [
                {
                    "id": "AlcoholCalculator.AlcoholCalculator"
                },
                {
                    "id": "AlcoholCalculator.calculate"
                }
            ],
            "4": [
                {
                    "id": "CheckUtils.mustBeTrueAtThisPoint"
                },
                {
                    "id": "CheckUtils.StringMustNotBeNullOrEmpty"
                },
                {
                    "id": "CheckUtils.IntParameterMustBePositive"
                },
                {
                    "id": "LibraryRegisterBorrowerServlet.LibraryRegisterBorrowerServlet"
                },
                {
                    "id": "LibraryRegisterBorrowerServlet.doPost"
                },
                {
                    "id": "CheckUtils.CheckUtils"
                }
            ],
            "5": [
                {
                    "id": "RegistrationResult.toString"
                },
                {
                    "id": "RegistrationResult.isEmpty"
                },
                {
                    "id": "DbServlet.DbServlet"
                },
                {
                    "id": "RegistrationResult.equals"
                },
                {
                    "id": "RegistrationResult.createEmpty"
                },
                {
                    "id": "DbServlet.doGet"
                },
                {
                    "id": "RegistrationResult.toPrettyString"
                },
                {
                    "id": "RegistrationResult.hashCode"
                },
                {
                    "id": "RegistrationResult.RegistrationResult"
                }
            ],
            "6": [
                {
                    "id": "WebAppListener.contextInitialized"
                },
                {
                    "id": "RegisterServlet.doPost"
                },
                {
                    "id": "WebAppListener.WebAppListener"
                },
                {
                    "id": "RegisterServlet.forwardToResult"
                },
                {
                    "id": "RegisterServlet.RegisterServlet"
                },
                {
                    "id": "WebAppListener.contextDestroyed"
                }
            ],
            "7": [
                {
                    "id": "LibraryUtils.searchForBorrowerByName"
                },
                {
                    "id": "Ackermann.ack"
                },
                {
                    "id": "LibraryUtils.LibraryUtils"
                },
                {
                    "id": "LibraryUtils.deleteBorrower"
                },
                {
                    "id": "LibraryUtils.searchForBookByTitle"
                },
                {
                    "id": "LibraryUtils.searchForBookById"
                },
                {
                    "id": "LibraryUtils.saveNewBorrower"
                },
                {
                    "id": "LibraryUtils.lendBook"
                },
                {
                    "id": "LibraryUtils.saveNewBook"
                },
                {
                    "id": "LibraryUtils.listAllBorrowers"
                },
                {
                    "id": "Ackermann.calculate"
                },
                {
                    "id": "LibraryUtils.listAllBooks"
                },
                {
                    "id": "LibraryUtils.searchForBorrowerById"
                },
                {
                    "id": "LibraryUtils.registerBorrower"
                },
                {
                    "id": "LibraryUtils.deleteBook"
                },
                {
                    "id": "LibraryUtils.createLoan"
                },
                {
                    "id": "LibraryUtils.searchForLoanByBook"
                },
                {
                    "id": "LibraryUtils.listAvailableBooks"
                },
                {
                    "id": "LibraryUtils.searchForLoanByBorrower"
                },
                {
                    "id": "LibraryUtils.isEmpty"
                },
                {
                    "id": "Ackermann.Ackermann"
                },
                {
                    "id": "LibraryUtils.registerBook"
                },
                {
                    "id": "LibraryUtils.createEmpty"
                }
            ],
            "8": [
                {
                    "id": "AlcoholResult.AlcoholResult"
                },
                {
                    "id": "AlcoholResult.returnEmpty"
                }
            ],
            "9": [
                {
                    "id": "LibraryBookListAvailableServlet.LibraryBookListAvailableServlet"
                },
                {
                    "id": "LibraryBookListAvailableServlet.doGet"
                }
            ],
            "BOOK TABLE": [
                {
                    "id": "BOOK TABLE"
                }
            ],
            "BORROWER TABLE": [
                {
                    "id": "BORROWER TABLE"
                }
            ],
            "LOAN TABLE": [
                {
                    "id": "LOAN TABLE"
                }
            ],
            "USER TABLE": [
                {
                    "id": "USER TABLE"
                }
            ]
        },
        "links": [
            {
                "source": "DbServlet.doGet",
                "target": "BORROWER TABLE",
                "weight": "1"
            },
            {
                "source": "IPersistenceLayer.cleanDatabase",
                "target": "BORROWER TABLE",
                "weight": "1"
            },
            {
                "source": "IPersistenceLayer.configureFlyway",
                "target": "BORROWER TABLE",
                "weight": "1"
            },
            {
                "source": "IPersistenceLayer.deleteBorrower",
                "target": "BORROWER TABLE",
                "weight": "1"
            },
            {
                "source": "IPersistenceLayer.getBorrowerName",
                "target": "BORROWER TABLE",
                "weight": "1"
            },
            {
                "source": "IPersistenceLayer.listAllBorrowers",
                "target": "BORROWER TABLE",
                "weight": "1"
            },
            {
                "source": "IPersistenceLayer.migrateDatabase",
                "target": "BORROWER TABLE",
                "weight": "1"
            },
            {
                "source": "IPersistenceLayer.runRestore",
                "target": "BORROWER TABLE",
                "weight": "1"
            },
            {
                "source": "IPersistenceLayer.saveNewBorrower",
                "target": "BORROWER TABLE",
                "weight": "1"
            },
            {
                "source": "IPersistenceLayer.searchBorrowerDataByName",
                "target": "BORROWER TABLE",
                "weight": "1"
            },
            {
                "source": "IPersistenceLayer.searchBorrowersById",
                "target": "BORROWER TABLE",
                "weight": "1"
            },
            {
                "source": "IPersistenceLayer.searchForLoanByBorrower",
                "target": "BORROWER TABLE",
                "weight": "1"
            },
            {
                "source": "IPersistenceLayer.updateBorrower",
                "target": "BORROWER TABLE",
                "weight": "1"
            },
            {
                "source": "LibraryBorrowerListSearchServlet.doGet",
                "target": "BORROWER TABLE",
                "weight": "1"
            },
            {
                "source": "LibraryBorrowerListSearchServlet.listAllBorrowers",
                "target": "BORROWER TABLE",
                "weight": "1"
            },
            {
                "source": "LibraryBorrowerListSearchServlet.searchById",
                "target": "BORROWER TABLE",
                "weight": "1"
            },
            {
                "source": "LibraryBorrowerListSearchServlet.searchByName",
                "target": "BORROWER TABLE",
                "weight": "1"
            },
            {
                "source": "LibraryLendServlet.doPost",
                "target": "BORROWER TABLE",
                "weight": "1"
            },
            {
                "source": "LibraryRegisterBorrowerServlet.doPost",
                "target": "BORROWER TABLE",
                "weight": "1"
            },
            {
                "source": "LibraryUtils.deleteBorrower",
                "target": "BORROWER TABLE",
                "weight": "1"
            },
            {
                "source": "LibraryUtils.lendBook",
                "target": "BORROWER TABLE",
                "weight": "1"
            },
            {
                "source": "LibraryUtils.listAllBorrowers",
                "target": "BORROWER TABLE",
                "weight": "1"
            },
            {
                "source": "LibraryUtils.registerBorrower",
                "target": "BORROWER TABLE",
                "weight": "1"
            },
            {
                "source": "LibraryUtils.saveNewBorrower",
                "target": "BORROWER TABLE",
                "weight": "1"
            },
            {
                "source": "LibraryUtils.searchForBorrowerById",
                "target": "BORROWER TABLE",
                "weight": "1"
            },
            {
                "source": "LibraryUtils.searchForBorrowerByName",
                "target": "BORROWER TABLE",
                "weight": "1"
            },
            {
                "source": "LibraryUtils.searchForLoanByBorrower",
                "target": "BORROWER TABLE",
                "weight": "1"
            },
            {
                "source": "PersistenceLayer.cleanAndMigrateDatabase",
                "target": "BORROWER TABLE",
                "weight": "1"
            },
            {
                "source": "PersistenceLayer.cleanDatabase",
                "target": "BORROWER TABLE",
                "weight": "1"
            },
            {
                "source": "PersistenceLayer.configureFlyway",
                "target": "BORROWER TABLE",
                "weight": "1"
            },
            {
                "source": "PersistenceLayer.deleteBorrower",
                "target": "BORROWER TABLE",
                "weight": "1"
            },
            {
                "source": "PersistenceLayer.getBorrowerName",
                "target": "BORROWER TABLE",
                "weight": "1"
            },
            {
                "source": "PersistenceLayer.listAllBorrowers",
                "target": "BORROWER TABLE",
                "weight": "1"
            },
            {
                "source": "PersistenceLayer.migrateDatabase",
                "target": "BORROWER TABLE",
                "weight": "1"
            },
            {
                "source": "PersistenceLayer.runRestore",
                "target": "BORROWER TABLE",
                "weight": "1"
            },
            {
                "source": "PersistenceLayer.saveNewBorrower",
                "target": "BORROWER TABLE",
                "weight": "1"
            },
            {
                "source": "PersistenceLayer.searchBorrowerDataByName",
                "target": "BORROWER TABLE",
                "weight": "1"
            },
            {
                "source": "PersistenceLayer.searchBorrowersById",
                "target": "BORROWER TABLE",
                "weight": "1"
            },
            {
                "source": "PersistenceLayer.searchForLoanByBorrower",
                "target": "BORROWER TABLE",
                "weight": "1"
            },
            {
                "source": "PersistenceLayer.updateBorrower",
                "target": "BORROWER TABLE",
                "weight": "1"
            },
            {
                "source": "DbServlet.doGet",
                "target": "BOOK TABLE",
                "weight": "1"
            },
            {
                "source": "IPersistenceLayer.cleanDatabase",
                "target": "BOOK TABLE",
                "weight": "1"
            },
            {
                "source": "IPersistenceLayer.configureFlyway",
                "target": "BOOK TABLE",
                "weight": "1"
            },
            {
                "source": "IPersistenceLayer.deleteBook",
                "target": "BOOK TABLE",
                "weight": "1"
            },
            {
                "source": "IPersistenceLayer.listAllBooks",
                "target": "BOOK TABLE",
                "weight": "1"
            },
            {
                "source": "IPersistenceLayer.listAvailableBooks",
                "target": "BOOK TABLE",
                "weight": "1"
            },
            {
                "source": "IPersistenceLayer.migrateDatabase",
                "target": "BOOK TABLE",
                "weight": "1"
            },
            {
                "source": "IPersistenceLayer.runRestore",
                "target": "BOOK TABLE",
                "weight": "1"
            },
            {
                "source": "IPersistenceLayer.saveNewBook",
                "target": "BOOK TABLE",
                "weight": "1"
            },
            {
                "source": "IPersistenceLayer.searchBooksById",
                "target": "BOOK TABLE",
                "weight": "1"
            },
            {
                "source": "IPersistenceLayer.searchBooksByTitle",
                "target": "BOOK TABLE",
                "weight": "1"
            },
            {
                "source": "IPersistenceLayer.searchForLoanByBook",
                "target": "BOOK TABLE",
                "weight": "1"
            },
            {
                "source": "LibraryBookListAvailableServlet.doGet",
                "target": "BOOK TABLE",
                "weight": "1"
            },
            {
                "source": "LibraryBookListSearchServlet.doGet",
                "target": "BOOK TABLE",
                "weight": "1"
            },
            {
                "source": "LibraryBookListSearchServlet.listAllBooks",
                "target": "BOOK TABLE",
                "weight": "1"
            },
            {
                "source": "LibraryBookListSearchServlet.searchById",
                "target": "BOOK TABLE",
                "weight": "1"
            },
            {
                "source": "LibraryBookListSearchServlet.searchByTitle",
                "target": "BOOK TABLE",
                "weight": "1"
            },
            {
                "source": "LibraryLendServlet.doPost",
                "target": "BOOK TABLE",
                "weight": "1"
            },
            {
                "source": "LibraryRegisterBookServlet.doPost",
                "target": "BOOK TABLE",
                "weight": "1"
            },
            {
                "source": "LibraryUtils.deleteBook",
                "target": "BOOK TABLE",
                "weight": "1"
            },
            {
                "source": "LibraryUtils.lendBook",
                "target": "BOOK TABLE",
                "weight": "1"
            },
            {
                "source": "LibraryUtils.listAllBooks",
                "target": "BOOK TABLE",
                "weight": "1"
            },
            {
                "source": "LibraryUtils.listAvailableBooks",
                "target": "BOOK TABLE",
                "weight": "1"
            },
            {
                "source": "LibraryUtils.registerBook",
                "target": "BOOK TABLE",
                "weight": "1"
            },
            {
                "source": "LibraryUtils.saveNewBook",
                "target": "BOOK TABLE",
                "weight": "1"
            },
            {
                "source": "LibraryUtils.searchForBookById",
                "target": "BOOK TABLE",
                "weight": "1"
            },
            {
                "source": "LibraryUtils.searchForBookByTitle",
                "target": "BOOK TABLE",
                "weight": "1"
            },
            {
                "source": "LibraryUtils.searchForLoanByBook",
                "target": "BOOK TABLE",
                "weight": "1"
            },
            {
                "source": "PersistenceLayer.cleanAndMigrateDatabase",
                "target": "BOOK TABLE",
                "weight": "1"
            },
            {
                "source": "PersistenceLayer.cleanDatabase",
                "target": "BOOK TABLE",
                "weight": "1"
            },
            {
                "source": "PersistenceLayer.configureFlyway",
                "target": "BOOK TABLE",
                "weight": "1"
            },
            {
                "source": "PersistenceLayer.deleteBook",
                "target": "BOOK TABLE",
                "weight": "1"
            },
            {
                "source": "PersistenceLayer.listAllBooks",
                "target": "BOOK TABLE",
                "weight": "1"
            },
            {
                "source": "PersistenceLayer.listAvailableBooks",
                "target": "BOOK TABLE",
                "weight": "1"
            },
            {
                "source": "PersistenceLayer.migrateDatabase",
                "target": "BOOK TABLE",
                "weight": "1"
            },
            {
                "source": "PersistenceLayer.runRestore",
                "target": "BOOK TABLE",
                "weight": "1"
            },
            {
                "source": "PersistenceLayer.saveNewBook",
                "target": "BOOK TABLE",
                "weight": "1"
            },
            {
                "source": "PersistenceLayer.searchBooksById",
                "target": "BOOK TABLE",
                "weight": "1"
            },
            {
                "source": "PersistenceLayer.searchBooksByTitle",
                "target": "BOOK TABLE",
                "weight": "1"
            },
            {
                "source": "PersistenceLayer.searchForLoanByBook",
                "target": "BOOK TABLE",
                "weight": "1"
            },
            {
                "source": "DbServlet.doGet",
                "target": "LOAN TABLE",
                "weight": "1"
            },
            {
                "source": "IPersistenceLayer.cleanDatabase",
                "target": "LOAN TABLE",
                "weight": "1"
            },
            {
                "source": "IPersistenceLayer.configureFlyway",
                "target": "LOAN TABLE",
                "weight": "1"
            },
            {
                "source": "IPersistenceLayer.createLoan",
                "target": "LOAN TABLE",
                "weight": "1"
            },
            {
                "source": "IPersistenceLayer.migrateDatabase",
                "target": "LOAN TABLE",
                "weight": "1"
            },
            {
                "source": "IPersistenceLayer.runRestore",
                "target": "LOAN TABLE",
                "weight": "1"
            },
            {
                "source": "IPersistenceLayer.searchForLoanByBook",
                "target": "LOAN TABLE",
                "weight": "1"
            },
            {
                "source": "IPersistenceLayer.searchForLoanByBorrower",
                "target": "LOAN TABLE",
                "weight": "1"
            },
            {
                "source": "LibraryLendServlet.doPost",
                "target": "LOAN TABLE",
                "weight": "1"
            },
            {
                "source": "LibraryUtils.createLoan",
                "target": "LOAN TABLE",
                "weight": "1"
            },
            {
                "source": "LibraryUtils.lendBook",
                "target": "LOAN TABLE",
                "weight": "1"
            },
            {
                "source": "LibraryUtils.searchForLoanByBook",
                "target": "LOAN TABLE",
                "weight": "1"
            },
            {
                "source": "LibraryUtils.searchForLoanByBorrower",
                "target": "LOAN TABLE",
                "weight": "1"
            },
            {
                "source": "PersistenceLayer.cleanAndMigrateDatabase",
                "target": "LOAN TABLE",
                "weight": "1"
            },
            {
                "source": "PersistenceLayer.cleanDatabase",
                "target": "LOAN TABLE",
                "weight": "1"
            },
            {
                "source": "PersistenceLayer.configureFlyway",
                "target": "LOAN TABLE",
                "weight": "1"
            },
            {
                "source": "PersistenceLayer.createLoan",
                "target": "LOAN TABLE",
                "weight": "1"
            },
            {
                "source": "PersistenceLayer.migrateDatabase",
                "target": "LOAN TABLE",
                "weight": "1"
            },
            {
                "source": "PersistenceLayer.runRestore",
                "target": "LOAN TABLE",
                "weight": "1"
            },
            {
                "source": "PersistenceLayer.searchForLoanByBook",
                "target": "LOAN TABLE",
                "weight": "1"
            },
            {
                "source": "PersistenceLayer.searchForLoanByBorrower",
                "target": "LOAN TABLE",
                "weight": "1"
            },
            {
                "source": "DbServlet.doGet",
                "target": "USER TABLE",
                "weight": "1"
            },
            {
                "source": "IPersistenceLayer.areCredentialsValid",
                "target": "USER TABLE",
                "weight": "1"
            },
            {
                "source": "IPersistenceLayer.cleanDatabase",
                "target": "USER TABLE",
                "weight": "1"
            },
            {
                "source": "IPersistenceLayer.configureFlyway",
                "target": "USER TABLE",
                "weight": "1"
            },
            {
                "source": "IPersistenceLayer.migrateDatabase",
                "target": "USER TABLE",
                "weight": "1"
            },
            {
                "source": "IPersistenceLayer.runRestore",
                "target": "USER TABLE",
                "weight": "1"
            },
            {
                "source": "IPersistenceLayer.saveNewUser",
                "target": "USER TABLE",
                "weight": "1"
            },
            {
                "source": "IPersistenceLayer.searchForUserByName",
                "target": "USER TABLE",
                "weight": "1"
            },
            {
                "source": "IPersistenceLayer.updateUserWithPassword",
                "target": "USER TABLE",
                "weight": "1"
            },
            {
                "source": "LoginServlet.doPost",
                "target": "USER TABLE",
                "weight": "1"
            },
            {
                "source": "LoginUtils.isUserRegistered",
                "target": "USER TABLE",
                "weight": "1"
            },
            {
                "source": "PersistenceLayer.areCredentialsValid",
                "target": "USER TABLE",
                "weight": "1"
            },
            {
                "source": "PersistenceLayer.cleanAndMigrateDatabase",
                "target": "USER TABLE",
                "weight": "1"
            },
            {
                "source": "PersistenceLayer.cleanDatabase",
                "target": "USER TABLE",
                "weight": "1"
            },
            {
                "source": "PersistenceLayer.configureFlyway",
                "target": "USER TABLE",
                "weight": "1"
            },
            {
                "source": "PersistenceLayer.migrateDatabase",
                "target": "USER TABLE",
                "weight": "1"
            },
            {
                "source": "PersistenceLayer.runRestore",
                "target": "USER TABLE",
                "weight": "1"
            },
            {
                "source": "PersistenceLayer.saveNewUser",
                "target": "USER TABLE",
                "weight": "1"
            },
            {
                "source": "PersistenceLayer.searchForUserByName",
                "target": "USER TABLE",
                "weight": "1"
            },
            {
                "source": "PersistenceLayer.updateUserWithPassword",
                "target": "USER TABLE",
                "weight": "1"
            },
            {
                "source": "RegisterServlet.doPost",
                "target": "USER TABLE",
                "weight": "1"
            },
            {
                "source": "RegistrationUtils.isUserInDatabase",
                "target": "USER TABLE",
                "weight": "1"
            },
            {
                "source": "RegistrationUtils.processRegistration",
                "target": "USER TABLE",
                "weight": "1"
            },
            {
                "source": "RegistrationUtils.saveToDatabase",
                "target": "USER TABLE",
                "weight": "1"
            }
        ]
    }
}