partitionID,className,classID
0,StringUtils.java,src/main/java/com/coveros/training/helpers/StringUtils.java
0,package-info.java,src/main/java/com/coveros/training/library/package-info.java
1,MathServletTests.java,src/test/java/com/coveros/training/mathematics/MathServletTests.java
1,StringUtilsTests.java,src/test/java/com/coveros/training/helpers/StringUtilsTests.java
2,package-info.java,src/main/java/com/coveros/training/cartesianproduct/package-info.java
2,AutoInsuranceUI.java,desktop_app/src/main/java/com/coveros/training/autoinsurance/AutoInsuranceUI.java
2,PasswordResult.java,src/main/java/com/coveros/training/authentication/domainobjects/PasswordResult.java
3,AlcoholCalculator.java,src/main/java/com/coveros/training/expenses/AlcoholCalculator.java
3,package-info.java,src/main/java/com/coveros/training/library/domainobjects/package-info.java
3,CheckUtilsTests.java,src/test/java/com/coveros/training/helpers/CheckUtilsTests.java
3,RegistrationStepDefs.java,src/bdd_test/java/com/coveros/training/authentication/RegistrationStepDefs.java
3,LibraryBookListSearchServletTests.java,src/test/java/com/coveros/training/library/LibraryBookListSearchServletTests.java
4,CheckUtils.java,src/main/java/com/coveros/training/helpers/CheckUtils.java
4,LibraryRegisterBorrowerServlet.java,src/main/java/com/coveros/training/library/LibraryRegisterBorrowerServlet.java
4,HtmlUnitTests.java,src/ui_tests/java/src/test/java/com/coveros/training/HtmlUnitTests.java
5,ApiCalls.java,src/ui_tests/java/src/test/java/com/coveros/training/ApiCalls.java
5,RegistrationResult.java,src/main/java/com/coveros/training/authentication/domainobjects/RegistrationResult.java
5,DbServlet.java,src/main/java/com/coveros/training/persistence/DbServlet.java
6,ackermannStepDefs.py,src/ui_tests/behave/features/steps/ackermannStepDefs.py
6,WebAppListener.java,src/main/java/com/coveros/training/tomcat/WebAppListener.java
6,InvalidClaimsException.java,desktop_app/src/main/java/com/coveros/training/autoinsurance/InvalidClaimsException.java
6,RegisterServlet.java,src/main/java/com/coveros/training/authentication/RegisterServlet.java
7,LibraryUtils.java,src/main/java/com/coveros/training/library/LibraryUtils.java
7,AckermannParameterizedTests.java,src/test/java/com/coveros/training/mathematics/AckermannParameterizedTests.java
7,AutoInsuranceProcessorTests.java,desktop_app/src/test/java/com/coveros/training/autoinsurance/AutoInsuranceProcessorTests.java
7,Ackermann.java,src/main/java/com/coveros/training/mathematics/Ackermann.java
7,LendingTests.java,src/test/java/com/coveros/training/library/LendingTests.java
7,AckermannStepDefs.java,src/bdd_test/java/com/coveros/training/math/AckermannStepDefs.java
7,FibonacciParameterizedTests.java,src/test/java/com/coveros/training/mathematics/FibonacciParameterizedTests.java
7,LoginUtilsTests.java,src/test/java/com/coveros/training/authentication/LoginUtilsTests.java
7,BorrowerTests.java,src/test/java/com/coveros/training/library/domainobjects/BorrowerTests.java
7,WarningLetterEnum.java,desktop_app/src/main/java/com/coveros/training/autoinsurance/WarningLetterEnum.java
8,WebAppListenerTests.java,src/test/java/com/coveros/training/tomcat/WebAppListenerTests.java
8,AlcoholResult.java,src/main/java/com/coveros/training/expenses/AlcoholResult.java
8,LibraryBookListAvailableServletTests.java,src/test/java/com/coveros/training/library/LibraryBookListAvailableServletTests.java
8,AddDeleteListSearchBooksAndBorrowersStepDefs.java,src/bdd_test/java/com/coveros/training/library/AddDeleteListSearchBooksAndBorrowersStepDefs.java
8,package-info.java,src/main/java/com/coveros/training/tomcat/package-info.java
9,authenticationStepDefs.py,src/ui_tests/behave/features/steps/authenticationStepDefs.py
9,LibraryBookListAvailableServlet.java,src/main/java/com/coveros/training/library/LibraryBookListAvailableServlet.java
9,LibraryLendServletTests.java,src/test/java/com/coveros/training/library/LibraryLendServletTests.java
10,FunctionalField.java,src/main/java/com/coveros/training/mathematics/FunctionalField.java
10,Loan.java,src/main/java/com/coveros/training/library/domainobjects/Loan.java
10,ServletUtils.java,src/main/java/com/coveros/training/helpers/ServletUtils.java
11,DesktopTester.java,desktop_app/src/test/java/com/coveros/training/autoinsurance/DesktopTester.java
11,AckServletTests.java,src/test/java/com/coveros/training/mathematics/AckServletTests.java
12,LibraryLendServlet.java,src/main/java/com/coveros/training/library/LibraryLendServlet.java
12,package-info.java,src/main/java/com/coveros/training/persistence/package-info.java
12,DateUtils.java,src/test/java/com/coveros/training/helpers/DateUtils.java
12,PasswordResultEnums.java,src/main/java/com/coveros/training/authentication/domainobjects/PasswordResultEnums.java
12,FibServlet.java,src/main/java/com/coveros/training/mathematics/FibServlet.java
12,librarianStepDefs.py,src/ui_tests/behave/features/steps/librarianStepDefs.py
12,FibonacciStepDefs.java,src/bdd_test/java/com/coveros/training/math/FibonacciStepDefs.java
12,LibraryActionResults.java,src/main/java/com/coveros/training/library/domainobjects/LibraryActionResults.java
13,Book.java,src/main/java/com/coveros/training/library/domainobjects/Book.java
13,RegisterServletTests.java,src/test/java/com/coveros/training/authentication/RegisterServletTests.java
13,User.java,src/main/java/com/coveros/training/authentication/domainobjects/User.java
13,LibraryRegisterBookServletTests.java,src/test/java/com/coveros/training/library/LibraryRegisterBookServletTests.java
14,AckermannIterative.java,src/main/java/com/coveros/training/mathematics/AckermannIterative.java
14,AutoInsuranceScriptServer.java,desktop_app/src/main/java/com/coveros/training/autoinsurance/AutoInsuranceScriptServer.java
14,BookTests.java,src/test/java/com/coveros/training/library/domainobjects/BookTests.java
14,LoginServletTests.java,src/test/java/com/coveros/training/authentication/LoginServletTests.java
15,BookCheckOutStepDefs.java,src/bdd_test/java/com/coveros/training/library/BookCheckOutStepDefs.java
15,package-info.java,src/main/java/com/coveros/training/mathematics/package-info.java
16,package-info.java,src/main/java/com/coveros/training/authentication/domainobjects/package-info.java
16,ExecutionDataClient.java,desktop_app/src/test/java/com/coveros/training/autoinsurance/ExecutionDataClient.java
16,TailRecursive.java,src/main/java/com/coveros/training/mathematics/TailRecursive.java
16,AutoInsuranceScriptClient.java,desktop_app/src/test/java/com/coveros/training/autoinsurance/AutoInsuranceScriptClient.java
16,FibServletTests.java,src/test/java/com/coveros/training/mathematics/FibServletTests.java
16,RegistrationStatusEnums.java,src/main/java/com/coveros/training/authentication/domainobjects/RegistrationStatusEnums.java
16,AutoInsuranceActionTests.java,desktop_app/src/test/java/com/coveros/training/autoinsurance/AutoInsuranceActionTests.java
17,SelenifiedSample.java,src/selenified_tests/java/com/coveros/training/selenified/SelenifiedSample.java
17,fibonacciStepDefs.py,src/ui_tests/behave/features/steps/fibonacciStepDefs.py
18,MathStepDefs.java,src/bdd_test/java/com/coveros/training/math/MathStepDefs.java
18,LibraryBorrowerListSearchServletTests.java,src/test/java/com/coveros/training/library/LibraryBorrowerListSearchServletTests.java
18,RegistrationResultTests.java,src/test/java/com/coveros/training/authentication/domainobjects/RegistrationResultTests.java
18,CartesianProduct.java,src/main/java/com/coveros/training/cartesianproduct/CartesianProduct.java
18,CartesianProductStepDefs.java,src/bdd_test/java/com/coveros/training/cartesianproduct/CartesianProductStepDefs.java
18,LoginUtils.java,src/main/java/com/coveros/training/authentication/LoginUtils.java
18,SeleniumTests.java,src/ui_tests/java/src/test/java/com/coveros/training/SeleniumTests.java
18,RegistrationUtilsTests.java,src/test/java/com/coveros/training/authentication/RegistrationUtilsTests.java
18,Calculator.java,src/main/java/com/coveros/training/mathematics/Calculator.java
19,basic_test.py,src/ui_tests/python/basic_test.py
19,Borrower.java,src/main/java/com/coveros/training/library/domainobjects/Borrower.java
19,AutoInsuranceAction.java,desktop_app/src/main/java/com/coveros/training/autoinsurance/AutoInsuranceAction.java
19,LoanTests.java,src/test/java/com/coveros/training/library/domainobjects/LoanTests.java
19,DesktopUiTests.java,desktop_app/src/test/java/com/coveros/training/autoinsurance/DesktopUiTests.java
20,DateUtilsTests.java,src/test/java/com/coveros/training/helpers/DateUtilsTests.java
20,DbServletTests.java,src/test/java/com/coveros/training/persistence/DbServletTests.java
20,AckServlet.java,src/main/java/com/coveros/training/mathematics/AckServlet.java
21,AutoInsuranceProcessor.java,desktop_app/src/main/java/com/coveros/training/autoinsurance/AutoInsuranceProcessor.java
21,FibonacciTests.java,src/test/java/com/coveros/training/mathematics/FibonacciTests.java
