{
    "tool": {
        "decomposition": {
            "partition2": [
                {
                    "id": "RegisterServlet"
                },
                {
                    "id": "RegistrationUtils"
                },
                {
                    "id": "PasswordResult"
                },
                {
                    "id": "RegistrationResult"
                }
            ],
            "partition0": [
                {
                    "id": "StringUtils"
                },
                {
                    "id": "ServletUtils"
                },
                {
                    "id": "LibraryBookListAvailableServlet"
                },
                {
                    "id": "LibraryUtils"
                },
                {
                    "id": "LibraryBookListSearchServlet"
                },
                {
                    "id": "Book"
                },
                {
                    "id": "LibraryBorrowerListSearchServlet"
                },
                {
                    "id": "Borrower"
                },
                {
                    "id": "LibraryLendServlet"
                },
                {
                    "id": "Loan"
                },
                {
                    "id": "DbServlet"
                },
                {
                    "id": "LibraryRegisterBorrowerServlet"
                },
                {
                    "id": "LibraryRegisterBookServlet"
                }
            ],
            "partition1": [
                {
                    "id": "PersistenceLayer"
                },
                {
                    "id": "SqlData"
                },
                {
                    "id": "CheckUtils"
                },
                {
                    "id": "ParameterObject"
                },
                {
                    "id": "LoginServlet"
                },
                {
                    "id": "LoginUtils"
                }
            ],
            "partition3": [
                {
                    "id": "FibServlet"
                },
                {
                    "id": "FibonacciIterative"
                },
                {
                    "id": "Fibonacci"
                }
            ],
            "partition5": [
                {
                    "id": "MathServlet"
                },
                {
                    "id": "Calculator"
                }
            ],
            "partition4": [
                {
                    "id": "AckServlet"
                },
                {
                    "id": "Ackermann"
                }
            ]
        }
    }
}