{
  "tool": {
    "decomposition": {
      "microservice0": [
        {
          "id": "LibraryLendServlet.doPost"
        },
        {
          "id": "LibraryBookListAvailableServlet.doGet"
        },
        {
          "id": "AckermannIterative$$$Field.values"
        },
        {
          "id": "FibServlet.forwardToResult"
        },
        {
          "id": "MathServlet.forwardToResult"
        },
        {
          "id": "AckServlet.tailRecursive"
        },
        {
          "id": "PersistenceLayer.configureFlyway"
        },
        {
          "id": "Book.isEmpty"
        },
        {
          "id": "PersistenceLayer.searchForLoanByBook"
        },
        {
          "id": "Fibonacci.calculate"
        },
        {
          "id": "AckermannIterative$$.main"
        },
        {
          "id": "LibraryUtils.createLoan"
        },
        {
          "id": "PersistenceLayer.executeInsertOnPreparedStatement"
        },
        {
          "id": "PersistenceLayer.listBooks"
        },
        {
          "id": "PersistenceLayer.runQuery"
        },
        {
          "id": "AckServlet.doPost"
        },
        {
          "id": "SqlData.addParameter"
        },
        {
          "id": "Calculator.add"
        },
        {
          "id": "FibServlet.doPost"
        },
        {
          "id": "PersistenceLayer.saveNewBook"
        },
        {
          "id": "MathServlet.putNumberInRequest"
        },
        {
          "id": "PersistenceLayer.listAllBooks"
        },
        {
          "id": "SqlData.generateParams"
        },
        {
          "id": "ServletUtils.forwardToResult"
        },
        {
          "id": "TailRecursive$$.epsilon"
        },
        {
          "id": "PersistenceLayer.createLoan"
        },
        {
          "id": "DbServlet.doGet"
        },
        {
          "id": "FibServlet.defaultRecursiveCalculation"
        },
        {
          "id": "LibraryUtils.saveNewBook"
        },
        {
          "id": "LibraryBorrowerListSearchServlet.searchById"
        },
        {
          "id": "PersistenceLayer.bytesToHex"
        },
        {
          "id": "Book.equals"
        },
        {
          "id": "AckServlet.forwardToResult"
        },
        {
          "id": "AckermannIterative$$.tail"
        },
        {
          "id": "LibraryUtils.searchForBorrowerByName"
        },
        {
          "id": "LibraryUtils.lendBook"
        },
        {
          "id": "PersistenceLayer.prepareStatementWithKeys"
        },
        {
          "id": "LibraryUtils.searchForBookByTitle"
        },
        {
          "id": "LoginUtils.isUserRegistered"
        },
        {
          "id": "LibraryUtils.listAvailableBooks"
        },
        {
          "id": "LibraryRegisterBookServlet.doPost"
        },
        {
          "id": "StringUtils.makeNotNullable"
        },
        {
          "id": "SqlData.applyParametersToPreparedStatement"
        },
        {
          "id": "LibraryLendServlet.getDateNow"
        },
        {
          "id": "PersistenceLayer.createExtractor"
        },
        {
          "id": "FibServlet.tailRecursiveAlgo1Calc"
        },
        {
          "id": "CheckUtils.IntParameterMustBePositive"
        },
        {
          "id": "PersistenceLayer.searchBorrowerDataByName"
        },
        {
          "id": "PersistenceLayer.migrateDatabase"
        },
        {
          "id": "LibraryUtils.listAllBooks"
        },
        {
          "id": "MathServlet.setResultToSum"
        },
        {
          "id": "LibraryUtils.searchForBorrowerById"
        },
        {
          "id": "PersistenceLayer.saveNewBorrower"
        },
        {
          "id": "LibraryBookListSearchServlet.listAllBooks"
        },
        {
          "id": "LibraryRegisterBorrowerServlet.doPost"
        },
        {
          "id": "PersistenceLayer.updateUserWithPassword"
        },
        {
          "id": "PersistenceLayer.areCredentialsValid"
        },
        {
          "id": "Borrower.isEmpty"
        },
        {
          "id": "Loan.isEmpty"
        },
        {
          "id": "PersistenceLayer.searchBooksById"
        },
        {
          "id": "Borrower.toOutputString"
        },
        {
          "id": "PersistenceLayer.listAllBorrowers"
        },
        {
          "id": "Book.createEmpty"
        },
        {
          "id": "LibraryBookListSearchServlet.searchByTitle"
        },
        {
          "id": "LibraryUtils.registerBook"
        },
        {
          "id": "LibraryBorrowerListSearchServlet.searchByName"
        },
        {
          "id": "AckServlet.putNumberInRequest"
        },
        {
          "id": "PersistenceLayer.throwingFunctionWrapper"
        },
        {
          "id": "LibraryBorrowerListSearchServlet.doGet"
        },
        {
          "id": "RegisterServlet.forwardToResult"
        },
        {
          "id": "ServletUtils.forwardToRestfulResult"
        },
        {
          "id": "PersistenceLayer.executeInsertTemplate"
        },
        {
          "id": "LibraryBookListSearchServlet.searchById"
        },
        {
          "id": "IPersistenceLayer.createLoan"
        },
        {
          "id": "LibraryBorrowerListSearchServlet.listAllBorrowers"
        },
        {
          "id": "FibonacciIterative.fibAlgo2"
        },
        {
          "id": "FibServlet.tailRecursiveAlgo2Calc"
        },
        {
          "id": "PersistenceLayer.searchForUserByName"
        },
        {
          "id": "RegistrationUtils.isUserInDatabase"
        },
        {
          "id": "PasswordResult.createDefault"
        },
        {
          "id": "LibraryUtils.listAllBorrowers"
        },
        {
          "id": "PersistenceLayer.cleanAndMigrateDatabase"
        },
        {
          "id": "LibraryUtils.saveNewBorrower"
        },
        {
          "id": "RegistrationResult.RegistrationResult"
        },
        {
          "id": "IPersistenceLayer.searchForLoanByBorrower"
        },
        {
          "id": "CheckUtils.StringMustNotBeNullOrEmpty"
        },
        {
          "id": "MathServlet.doPost"
        },
        {
          "id": "RegistrationResult.toPrettyString"
        },
        {
          "id": "Ackermann.ack"
        },
        {
          "id": "Borrower.equals"
        },
        {
          "id": "Borrower.createEmpty"
        },
        {
          "id": "Loan.createEmpty"
        },
        {
          "id": "Ackermann.calculate"
        },
        {
          "id": "StringUtils.escapeForJson"
        },
        {
          "id": "PersistenceLayer.cleanDatabase"
        },
        {
          "id": "LibraryUtils.searchForLoanByBook"
        },
        {
          "id": "PersistenceLayer.searchForLoanByBorrower"
        },
        {
          "id": "LibraryBookListSearchServlet.doGet"
        },
        {
          "id": "PersistenceLayer.searchBorrowersById"
        },
        {
          "id": "IPersistenceLayer.searchForLoanByBook"
        },
        {
          "id": "Loan.equals"
        },
        {
          "id": "LibraryUtils.registerBorrower"
        },
        {
          "id": "PersistenceLayer.executeUpdateTemplate"
        },
        {
          "id": "LoginServlet.doPost"
        },
        {
          "id": "PersistenceLayer.createHashedValueFromPassword"
        },
        {
          "id": "LibraryUtils.searchForBookById"
        },
        {
          "id": "RegisterServlet.doPost"
        },
        {
          "id": "PersistenceLayer.listAvailableBooks"
        },
        {
          "id": "FibServlet.putNumberInRequest"
        },
        {
          "id": "Book.toOutputString"
        },
        {
          "id": "AckServlet.regularRecursive"
        },
        {
          "id": "FibonacciIterative.fibAlgo1"
        },
        {
          "id": "LibraryUtils.searchForLoanByBorrower"
        }
      ],
      "microservice1": [
        {
          "id": "Loan.Loan"
        },
        {
          "id": "CheckUtils.mustBeTrueAtThisPoint"
        },
        {
          "id": "RegistrationUtils.saveToDatabase"
        },
        {
          "id": "PersistenceLayer.saveNewUser"
        },
        {
          "id": "RegistrationUtils.processRegistration"
        },
        {
          "id": "PersistenceLayer.executeUpdateOnPreparedStatement"
        },
        {
          "id": "PasswordResult.PasswordResult"
        },
        {
          "id": "RegistrationUtils.isPasswordGood"
        }
      ]
    }
  }
}