{
    "MEM": {
        "decomposition": {
            "0": [
                {
                    "id": "AlcoholStepDefs"
                },
                {
                    "id": "BookTests"
                }
            ],
            "1": [
                {
                    "id": "LibraryBookListAvailableServlet"
                },
                {
                    "id": "Ackermann"
                },
                {
                    "id": "WebAppListenerTests"
                },
                {
                    "id": "LendingTests"
                },
                {
                    "id": "BorrowerTests"
                }
            ],
            "2": [
                {
                    "id": "SeleniumTests"
                },
                {
                    "id": "ApiCalls"
                },
                {
                    "id": "HtmlUnitTests"
                }
            ],
            "3": [
                {
                    "id": "BookCheckOutStepDefs"
                },
                {
                    "id": "DbServlet"
                },
                {
                    "id": "LoginStepDefs"
                },
                {
                    "id": "RegistrationStepDefs"
                },
                {
                    "id": "StringUtils"
                },
                {
                    "id": "FibonacciParameterizedTests"
                },
                {
                    "id": "Fibonacci"
                },
                {
                    "id": "AddDeleteListSearchBooksAndBorrowersStepDefs"
                },
                {
                    "id": "AckermannStepDefs"
                },
                {
                    "id": "FibonacciStepDefs"
                }
            ],
            "4": [
                {
                    "id": "RegistrationUtilsTests"
                },
                {
                    "id": "LoginServlet"
                },
                {
                    "id": "LoginServletTests"
                },
                {
                    "id": "RegisterServlet"
                },
                {
                    "id": "PasswordResultEnums"
                },
                {
                    "id": "DateUtils"
                },
                {
                    "id": "NbvcxzTests"
                }
            ],
            "5": [
                {
                    "id": "WebAppListener"
                },
                {
                    "id": "LibraryUtils"
                },
                {
                    "id": "LibraryRegisterBorrowerServletTests"
                },
                {
                    "id": "PasswordResult"
                },
                {
                    "id": "User"
                },
                {
                    "id": "Book"
                },
                {
                    "id": "LibraryRegisterBookServletTests"
                },
                {
                    "id": "LibraryBorrowerListSearchServletTests"
                }
            ],
            "6": [
                {
                    "id": "fibonacciStepDefs.py"
                },
                {
                    "id": "librarianStepDefs.py"
                },
                {
                    "id": "environment.py"
                },
                {
                    "id": "authenticationStepDefs.py"
                },
                {
                    "id": "ackermannStepDefs.py"
                },
                {
                    "id": "basic_test.py"
                }
            ],
            "7": [
                {
                    "id": "AutoInsuranceActionTests"
                },
                {
                    "id": "ExecutionDataClient"
                },
                {
                    "id": "DesktopUiTests"
                }
            ],
            "8": [
                {
                    "id": "AutoInsuranceProcessor"
                },
                {
                    "id": "AutoInsuranceUI"
                },
                {
                    "id": "DesktopTester"
                },
                {
                    "id": "WarningLetterEnum"
                },
                {
                    "id": "AutoInsuranceAction"
                },
                {
                    "id": "InvalidClaimsException"
                }
            ],
            "9": [
                {
                    "id": "AckermannIterativeParameterizedTests"
                },
                {
                    "id": "AssertionException"
                }
            ],
            "10": [
                {
                    "id": "CheckUtilsTests"
                },
                {
                    "id": "LoginUtils"
                }
            ],
            "11": [
                {
                    "id": "UserTests"
                },
                {
                    "id": "RegistrationResultTests"
                },
                {
                    "id": "MathStepDefs"
                },
                {
                    "id": "PasswordResultTests"
                }
            ],
            "12": [
                {
                    "id": "CartesianProduct"
                },
                {
                    "id": "AlcoholCalculator"
                },
                {
                    "id": "DinnerPrices"
                }
            ]
        }
    }
}