{
    "tool": {
        "decomposition": {
            "1": [
                {
                    "id": "LibraryBookListAvailableServlet.doGet"
                },
                {
                    "id": "Ackermann.ack"
                },
                {
                    "id": "LibraryBookListAvailableServlet.LibraryBookListAvailableServlet"
                },
                {
                    "id": "Ackermann.Ackermann"
                },
                {
                    "id": "Ackermann.calculate"
                }
            ],
            "3": [
                {
                    "id": "DbServlet.DbServlet"
                },
                {
                    "id": "Fibonacci.Fibonacci"
                },
                {
                    "id": "DbServlet.doGet"
                },
                {
                    "id": "StringUtils.escapeForJson"
                },
                {
                    "id": "StringUtils.StringUtils"
                },
                {
                    "id": "Fibonacci.calculate"
                },
                {
                    "id": "StringUtils.makeNotNullable"
                }
            ],
            "4": [
                {
                    "id": "PasswordResultEnums.PasswordResultEnums"
                },
                {
                    "id": "PasswordResultEnums.valueOf"
                },
                {
                    "id": "PasswordResultEnums.values"
                },
                {
                    "id": "RegisterServlet.doPost"
                },
                {
                    "id": "LoginServlet.LoginServlet"
                },
                {
                    "id": "RegisterServlet.forwardToResult"
                },
                {
                    "id": "RegisterServlet.RegisterServlet"
                },
                {
                    "id": "LoginServlet.doPost"
                }
            ],
            "5": [
                {
                    "id": "PasswordResult.isEmpty"
                },
                {
                    "id": "WebAppListener.contextInitialized"
                },
                {
                    "id": "User.hashCode"
                },
                {
                    "id": "PasswordResult.hashCode"
                },
                {
                    "id": "PasswordResult.PasswordResult"
                },
                {
                    "id": "Book.isEmpty"
                },
                {
                    "id": "LibraryUtils.searchForBorrowerByName"
                },
                {
                    "id": "PasswordResult.toString"
                },
                {
                    "id": "WebAppListener.contextDestroyed"
                },
                {
                    "id": "LibraryUtils.LibraryUtils"
                },
                {
                    "id": "User.User"
                },
                {
                    "id": "PasswordResult.createEmpty"
                },
                {
                    "id": "LibraryUtils.deleteBorrower"
                },
                {
                    "id": "LibraryUtils.searchForBookByTitle"
                },
                {
                    "id": "PasswordResult.equals"
                },
                {
                    "id": "User.toString"
                },
                {
                    "id": "User.equals"
                },
                {
                    "id": "LibraryUtils.saveNewBorrower"
                },
                {
                    "id": "LibraryUtils.searchForBookById"
                },
                {
                    "id": "Book.createEmpty"
                },
                {
                    "id": "User.createEmpty"
                },
                {
                    "id": "Book.hashCode"
                },
                {
                    "id": "Book.toString"
                },
                {
                    "id": "LibraryUtils.lendBook"
                },
                {
                    "id": "LibraryUtils.saveNewBook"
                },
                {
                    "id": "WebAppListener.WebAppListener"
                },
                {
                    "id": "LibraryUtils.listAllBorrowers"
                },
                {
                    "id": "Book.equals"
                },
                {
                    "id": "Book.toOutputString"
                },
                {
                    "id": "PasswordResult.createDefault"
                },
                {
                    "id": "PasswordResult.toPrettyString"
                },
                {
                    "id": "LibraryUtils.listAllBooks"
                },
                {
                    "id": "LibraryUtils.searchForBorrowerById"
                },
                {
                    "id": "User.isEmpty"
                },
                {
                    "id": "LibraryUtils.registerBorrower"
                },
                {
                    "id": "LibraryUtils.deleteBook"
                },
                {
                    "id": "Book.Book"
                },
                {
                    "id": "LibraryUtils.createLoan"
                },
                {
                    "id": "LibraryUtils.searchForLoanByBook"
                },
                {
                    "id": "LibraryUtils.listAvailableBooks"
                },
                {
                    "id": "LibraryUtils.searchForLoanByBorrower"
                },
                {
                    "id": "LibraryUtils.isEmpty"
                },
                {
                    "id": "LibraryUtils.registerBook"
                },
                {
                    "id": "LibraryUtils.createEmpty"
                }
            ],
            "9": [
                {
                    "id": "AssertionException.AssertionException"
                }
            ],
            "10": [
                {
                    "id": "LoginUtils.isUserRegistered"
                },
                {
                    "id": "LoginUtils.LoginUtils"
                },
                {
                    "id": "LoginUtils.isEmpty"
                },
                {
                    "id": "LoginUtils.createEmpty"
                }
            ],
            "12": [
                {
                    "id": "CartesianProduct.CartesianProduct"
                },
                {
                    "id": "DinnerPrices.DinnerPrices"
                },
                {
                    "id": "AlcoholCalculator.AlcoholCalculator"
                },
                {
                    "id": "CartesianProduct.calculate"
                },
                {
                    "id": "AlcoholCalculator.calculate"
                }
            ],
            "UNOBSERVED": [
                {
                    "id": "AckermannIterative$$$FunctionalAckermann.field"
                },
                {
                    "id": "TailRecursive$$.epsilon"
                },
                {
                    "id": "AckermannIterative$$.AckermannIterative$$"
                },
                {
                    "id": "TailRecursive$$.TailRecursive$$"
                },
                {
                    "id": "AckermannIterative$$[].clone"
                },
                {
                    "id": "AckermannIterative$$$FunctionalAckermann.stack"
                },
                {
                    "id": "AckermannIterative$$$FunctionalAckermann.number1"
                },
                {
                    "id": "TailRecursive$$.valueOf"
                },
                {
                    "id": "AckermannIterative$$.main"
                },
                {
                    "id": "Calculator$Baz.Calculator$Baz"
                },
                {
                    "id": "PersistenceLayer$ThrowingFunction.apply"
                },
                {
                    "id": "AckermannIterative$$.valueOf"
                },
                {
                    "id": "AckermannIterative$$$Field.valueOf"
                },
                {
                    "id": "Calculator$Baz.doThirdPartyThing"
                },
                {
                    "id": "TailRecursive$$.values"
                },
                {
                    "id": "Calculator$Foo.doComplexThing"
                },
                {
                    "id": "AckermannIterative$$$Field.values"
                },
                {
                    "id": "Calculator$Foo.Calculator$Foo"
                },
                {
                    "id": "AckermannIterative$$$Field[].clone"
                },
                {
                    "id": "PasswordResultEnums[].clone"
                },
                {
                    "id": "AckermannIterative$$$FunctionalAckermann.flag"
                },
                {
                    "id": "Calculator$Bar.doOtherComplexThing"
                },
                {
                    "id": "Calculator$iBar.doOtherComplexThing"
                },
                {
                    "id": "AckermannIterative$$$Field.AckermannIterative$$$Field"
                },
                {
                    "id": "Calculator$iFoo.doComplexThing"
                },
                {
                    "id": "Calculator$Bar.Calculator$Bar"
                },
                {
                    "id": "AckermannIterative$$.values"
                },
                {
                    "id": "LibraryActionResults[].clone"
                },
                {
                    "id": "AckermannIterative$$$FunctionalAckermann.number2"
                },
                {
                    "id": "RegistrationStatusEnums[].clone"
                },
                {
                    "id": "AckermannIterative$$$Field.ordinal"
                },
                {
                    "id": "AckermannIterative$$.tail"
                },
                {
                    "id": "TailRecursive$$[].clone"
                }
            ]
        }
    }
}