partitionID,className,classID
0,AlcoholStepDefs.java,src/bdd_test/java/com/coveros/training/expenses/AlcoholStepDefs.java
0,BookTests.java,src/test/java/com/coveros/training/library/domainobjects/BookTests.java
1,LibraryBookListAvailableServlet.java,src/main/java/com/coveros/training/library/LibraryBookListAvailableServlet.java
1,Ackermann.java,src/main/java/com/coveros/training/mathematics/Ackermann.java
1,WebAppListenerTests.java,src/test/java/com/coveros/training/tomcat/WebAppListenerTests.java
1,LendingTests.java,src/test/java/com/coveros/training/library/LendingTests.java
1,BorrowerTests.java,src/test/java/com/coveros/training/library/domainobjects/BorrowerTests.java
2,SeleniumTests.java,src/ui_tests/java/src/test/java/com/coveros/training/SeleniumTests.java
2,ApiCalls.java,src/ui_tests/java/src/test/java/com/coveros/training/ApiCalls.java
2,HtmlUnitTests.java,src/ui_tests/java/src/test/java/com/coveros/training/HtmlUnitTests.java
3,BookCheckOutStepDefs.java,src/bdd_test/java/com/coveros/training/library/BookCheckOutStepDefs.java
3,DbServlet.java,src/main/java/com/coveros/training/persistence/DbServlet.java
3,LoginStepDefs.java,src/bdd_test/java/com/coveros/training/authentication/LoginStepDefs.java
3,RegistrationStepDefs.java,src/bdd_test/java/com/coveros/training/authentication/RegistrationStepDefs.java
3,StringUtils.java,src/main/java/com/coveros/training/helpers/StringUtils.java
3,FibonacciParameterizedTests.java,src/test/java/com/coveros/training/mathematics/FibonacciParameterizedTests.java
3,Fibonacci.java,src/main/java/com/coveros/training/mathematics/Fibonacci.java
3,AddDeleteListSearchBooksAndBorrowersStepDefs.java,src/bdd_test/java/com/coveros/training/library/AddDeleteListSearchBooksAndBorrowersStepDefs.java
3,AckermannStepDefs.java,src/bdd_test/java/com/coveros/training/math/AckermannStepDefs.java
3,FibonacciStepDefs.java,src/bdd_test/java/com/coveros/training/math/FibonacciStepDefs.java
4,RegistrationUtilsTests.java,src/test/java/com/coveros/training/authentication/RegistrationUtilsTests.java
4,LoginServlet.java,src/main/java/com/coveros/training/authentication/LoginServlet.java
4,LoginServletTests.java,src/test/java/com/coveros/training/authentication/LoginServletTests.java
4,RegisterServlet.java,src/main/java/com/coveros/training/authentication/RegisterServlet.java
4,PasswordResultEnums.java,src/main/java/com/coveros/training/authentication/domainobjects/PasswordResultEnums.java
4,DateUtils.java,src/test/java/com/coveros/training/helpers/DateUtils.java
4,NbvcxzTests.java,src/test/java/com/coveros/training/authentication/NbvcxzTests.java
5,WebAppListener.java,src/main/java/com/coveros/training/tomcat/WebAppListener.java
5,LibraryUtils.java,src/main/java/com/coveros/training/library/LibraryUtils.java
5,LibraryRegisterBorrowerServletTests.java,src/test/java/com/coveros/training/library/LibraryRegisterBorrowerServletTests.java
5,PasswordResult.java,src/main/java/com/coveros/training/authentication/domainobjects/PasswordResult.java
5,User.java,src/main/java/com/coveros/training/authentication/domainobjects/User.java
5,Book.java,src/main/java/com/coveros/training/library/domainobjects/Book.java
5,LibraryRegisterBookServletTests.java,src/test/java/com/coveros/training/library/LibraryRegisterBookServletTests.java
5,LibraryBorrowerListSearchServletTests.java,src/test/java/com/coveros/training/library/LibraryBorrowerListSearchServletTests.java
6,fibonacciStepDefs.py,src/ui_tests/behave/features/steps/fibonacciStepDefs.py
6,librarianStepDefs.py,src/ui_tests/behave/features/steps/librarianStepDefs.py
6,environment.py,src/ui_tests/behave/features/environment.py
6,authenticationStepDefs.py,src/ui_tests/behave/features/steps/authenticationStepDefs.py
6,ackermannStepDefs.py,src/ui_tests/behave/features/steps/ackermannStepDefs.py
6,basic_test.py,src/ui_tests/python/basic_test.py
7,AutoInsuranceActionTests.java,desktop_app/src/test/java/com/coveros/training/autoinsurance/AutoInsuranceActionTests.java
7,ExecutionDataClient.java,desktop_app/src/test/java/com/coveros/training/autoinsurance/ExecutionDataClient.java
7,DesktopUiTests.java,desktop_app/src/test/java/com/coveros/training/autoinsurance/DesktopUiTests.java
8,AutoInsuranceProcessor.java,desktop_app/src/main/java/com/coveros/training/autoinsurance/AutoInsuranceProcessor.java
8,AutoInsuranceUI.java,desktop_app/src/main/java/com/coveros/training/autoinsurance/AutoInsuranceUI.java
8,DesktopTester.java,desktop_app/src/test/java/com/coveros/training/autoinsurance/DesktopTester.java
8,WarningLetterEnum.java,desktop_app/src/main/java/com/coveros/training/autoinsurance/WarningLetterEnum.java
8,AutoInsuranceAction.java,desktop_app/src/main/java/com/coveros/training/autoinsurance/AutoInsuranceAction.java
8,InvalidClaimsException.java,desktop_app/src/main/java/com/coveros/training/autoinsurance/InvalidClaimsException.java
9,AckermannIterativeParameterizedTests.java,src/test/java/com/coveros/training/mathematics/AckermannIterativeParameterizedTests.java
9,AssertionException.java,src/main/java/com/coveros/training/helpers/AssertionException.java
10,CheckUtilsTests.java,src/test/java/com/coveros/training/helpers/CheckUtilsTests.java
10,LoginUtils.java,src/main/java/com/coveros/training/authentication/LoginUtils.java
11,UserTests.java,src/test/java/com/coveros/training/authentication/domainobjects/UserTests.java
11,RegistrationResultTests.java,src/test/java/com/coveros/training/authentication/domainobjects/RegistrationResultTests.java
11,MathStepDefs.java,src/bdd_test/java/com/coveros/training/math/MathStepDefs.java
11,PasswordResultTests.java,src/test/java/com/coveros/training/authentication/domainobjects/PasswordResultTests.java
12,CartesianProduct.java,src/main/java/com/coveros/training/cartesianproduct/CartesianProduct.java
12,AlcoholCalculator.java,src/main/java/com/coveros/training/expenses/AlcoholCalculator.java
12,DinnerPrices.java,src/main/java/com/coveros/training/expenses/DinnerPrices.java
