,method,stmtLineNumber,stmt
0,<edu.mit.event_ordering.MainActivity: void onLowMemory()>,-1,$r1 = virtualinvoke r3.<android.telephony.TelephonyManager: java.lang.String getDeviceId()>()
1,<edu.mit.event_ordering.MainActivity: void onLowMemory()>,-1,r0.<edu.mit.event_ordering.MainActivity: java.lang.String imei> = $r1
2,<edu.mit.event_ordering.MainActivity: void onLowMemory()>,-1,return
3,<dummyMainClass: edu.mit.event_ordering.MainActivity dummyMainMethod_edu_mit_event__ordering_MainActivity(android.content.Intent)>,-1,virtualinvoke $r0.<edu.mit.event_ordering.MainActivity: void onLowMemory()>()
4,<edu.mit.event_ordering.MainActivity: void onLowMemory()>,-1,$r1 = r0.<edu.mit.event_ordering.MainActivity: java.lang.String imei>
5,<edu.mit.event_ordering.MainActivity: void onLowMemory()>,-1,"staticinvoke <android.util.Log: int i(java.lang.String,java.lang.String)>(""DroidBench"", $r1)"
