,method,stmtLineNumber,stmt
0,<edu.mit.icc_concat_action_string.OutFlowActivity: void onCreate(android.os.Bundle)>,-1,$r5 = virtualinvoke r4.<android.telephony.TelephonyManager: java.lang.String getDeviceId()>()
1,<edu.mit.icc_concat_action_string.OutFlowActivity: void onCreate(android.os.Bundle)>,-1,"virtualinvoke r2.<android.content.Intent: android.content.Intent putExtra(java.lang.String,java.lang.String)>(""DroidBench"", $r5)"
2,<edu.mit.icc_concat_action_string.OutFlowActivity: void onCreate(android.os.Bundle)>,-1,staticinvoke <dummyMainClass: void redirector1(android.content.Intent)>(r2)
3,<dummyMainClass: void redirector1(android.content.Intent)>,-1,staticinvoke <dummyMainClass: edu.mit.icc_concat_action_string.InFlowActivity dummyMainMethod_edu_mit_icc__concat__action__string_InFlowActivity(android.content.Intent)>($r0)
4,<dummyMainClass: edu.mit.icc_concat_action_string.InFlowActivity dummyMainMethod_edu_mit_icc__concat__action__string_InFlowActivity(android.content.Intent)>,-1,$r0.<edu.mit.icc_concat_action_string.InFlowActivity: android.content.Intent ipcIntent> = parameter0
5,<dummyMainClass: edu.mit.icc_concat_action_string.InFlowActivity dummyMainMethod_edu_mit_icc__concat__action__string_InFlowActivity(android.content.Intent)>,-1,virtualinvoke $r0.<edu.mit.icc_concat_action_string.InFlowActivity: void onCreate(android.os.Bundle)>(null)
6,<edu.mit.icc_concat_action_string.InFlowActivity: void onCreate(android.os.Bundle)>,-1,$r2 = virtualinvoke r0.<edu.mit.icc_concat_action_string.InFlowActivity: android.content.Intent getIntent()>()
7,<edu.mit.icc_concat_action_string.InFlowActivity: android.content.Intent getIntent()>,-1,$r0 = this.<edu.mit.icc_concat_action_string.InFlowActivity: android.content.Intent ipcIntent>
8,<edu.mit.icc_concat_action_string.InFlowActivity: android.content.Intent getIntent()>,-1,return $r0
9,<edu.mit.icc_concat_action_string.InFlowActivity: void onCreate(android.os.Bundle)>,-1,"$r3 = virtualinvoke $r2.<android.content.Intent: java.lang.String getStringExtra(java.lang.String)>(""DroidBench"")"
10,<edu.mit.icc_concat_action_string.InFlowActivity: void onCreate(android.os.Bundle)>,-1,"staticinvoke <android.util.Log: int i(java.lang.String,java.lang.String)>(""DroidBench"", $r3)"
