,method,stmtLineNumber,stmt
0,<edu.mit.application_modeling.MainActivity: void onCreate(android.os.Bundle)>,-1,$r5 = virtualinvoke r4.<android.telephony.TelephonyManager: java.lang.String getDeviceId()>()
1,<edu.mit.application_modeling.MainActivity: void onCreate(android.os.Bundle)>,-1,$r7.<edu.mit.application_modeling.MyApplication: java.lang.String imei> = $r5
2,<edu.mit.application_modeling.MainActivity: void onCreate(android.os.Bundle)>,-1,$r7 = (edu.mit.application_modeling.MyApplication) $r6
3,<edu.mit.application_modeling.MainActivity: void onCreate(android.os.Bundle)>,-1,$r6 = virtualinvoke r0.<edu.mit.application_modeling.MainActivity: android.app.Application getApplication()>()
4,<android.app.Activity: android.app.Application getApplication()>,-1,retApplication = <il.ac.tau.MyApplicationHolder: android.app.Application application>
5,<android.app.Activity: android.app.Application getApplication()>,-1,return retApplication
6,<edu.mit.application_modeling.MainActivity: void onCreate(android.os.Bundle)>,-1,return
7,<dummyMainClass: edu.mit.application_modeling.MainActivity dummyMainMethod_edu_mit_application__modeling_MainActivity(android.content.Intent)>,-1,return $r0
8,<dummyMainClass: void dummyMainMethod(java.lang.String[])>,-1,staticinvoke <dummyMainClass: edu.mit.application_modeling.AnotherActivity dummyMainMethod_edu_mit_application__modeling_AnotherActivity(android.content.Intent)>(null)
9,<dummyMainClass: edu.mit.application_modeling.AnotherActivity dummyMainMethod_edu_mit_application__modeling_AnotherActivity(android.content.Intent)>,-1,virtualinvoke $r0.<edu.mit.application_modeling.AnotherActivity: void onCreate(android.os.Bundle)>(null)
10,<edu.mit.application_modeling.AnotherActivity: void onCreate(android.os.Bundle)>,-1,$r2 = virtualinvoke r0.<edu.mit.application_modeling.AnotherActivity: android.app.Application getApplication()>()
11,<android.app.Activity: android.app.Application getApplication()>,-1,retApplication = <il.ac.tau.MyApplicationHolder: android.app.Application application>
12,<android.app.Activity: android.app.Application getApplication()>,-1,return retApplication
13,<edu.mit.application_modeling.AnotherActivity: void onCreate(android.os.Bundle)>,-1,$r3 = (edu.mit.application_modeling.MyApplication) $r2
14,<edu.mit.application_modeling.AnotherActivity: void onCreate(android.os.Bundle)>,-1,$r4 = $r3.<edu.mit.application_modeling.MyApplication: java.lang.String imei>
15,<edu.mit.application_modeling.AnotherActivity: void onCreate(android.os.Bundle)>,-1,"staticinvoke <android.util.Log: int i(java.lang.String,java.lang.String)>(""DroidBench"", $r4)"
