{"tool": {"decomposition": {"microservice0": [{"id": "Vets.getVetList"}, {"id": "Vet.getSpecialtiesInternal"}, {"id": "VetController.findPaginated"}, {"id": "VetController.addPaginationModel"}, {"id": "VetController.showResourcesVetList"}, {"id": "VetController.showVetList"}, {"id": "Vet.getNrOfSpecialties"}, {"id": "Vet.addSpecialty"}], "microservice1": [{"id": "VisitController.processNewVisitForm"}, {"id": "OwnerController.setAllowedFields"}, {"id": "OwnerController.processFindForm"}, {"id": "Person.setLastName"}, {"id": "OwnerController.initUpdateOwnerForm"}, {"id": "OwnerController.processUpdateOwnerForm"}, {"id": "OwnerController.findPaginatedForOwnersLastName"}, {"id": "Pet.setType"}, {"id": "Owner.setTelephone"}, {"id": "VisitController.setAllowedFields"}, {"id": "PetController.initCreationForm"}, {"id": "PetController.initPetBinder"}, {"id": "VisitController.loadPetWithVisit"}, {"id": "OwnerController.findOwner"}, {"id": "PetController.populatePetTypes"}, {"id": "Person.getFirstName"}, {"id": "Owner.getTelephone"}, {"id": "Owner.addPet"}, {"id": "VisitController.initNewVisitForm"}, {"id": "Person.getLastName"}, {"id": "Pet.setBirthDate"}, {"id": "PetValidator.validate"}, {"id": "PetValidator.supports"}, {"id": "BaseEntity.setId"}, {"id": "OwnerController.addPaginationModel"}, {"id": "Owner.getAddress"}, {"id": "Owner.setAddress"}, {"id": "Owner.getPet"}, {"id": "OwnerController.processCreationForm"}, {"id": "Visit.setDate"}, {"id": "PetController.processUpdateForm"}, {"id": "Visit.setDescription"}, {"id": "OwnerController.initCreationForm"}, {"id": "BaseEntity.getId"}, {"id": "OwnerController.showOwner"}, {"id": "OwnerController.initFindForm"}, {"id": "Owner.setCity"}, {"id": "Owner.getPets"}, {"id": "PetController.findPet"}, {"id": "Visit.getDescription"}, {"id": "Owner.getCity"}, {"id": "OwnerRepository.save"}, {"id": "PetController.findOwner"}, {"id": "Person.setFirstName"}, {"id": "Vet.getSpecialties"}, {"id": "BaseEntity.isNew"}, {"id": "NamedEntity.setName"}, {"id": "Owner.toString"}, {"id": "Pet.getType"}, {"id": "NamedEntity.toString"}, {"id": "Owner.addVisit"}], "microservice2": [{"id": "PetTypeFormatter.parse"}, {"id": "NamedEntity.getName"}, {"id": "PetController.processCreationForm"}, {"id": "Pet.getBirthDate"}, {"id": "Pet.addVisit"}, {"id": "PetController.initUpdateForm"}, {"id": "Visit.getDate"}, {"id": "PetController.initOwnerBinder"}, {"id": "Pet.getVisits"}]}}}