Table,Type,Method
BORROWER,Direct,com.coveros.training.persistence.PersistenceLayer.saveNewBorrower
BORROWER,Direct,com.coveros.training.persistence.PersistenceLayer.updateBorrower
BORROWER,Direct,com.coveros.training.persistence.PersistenceLayer.deleteBorrower
BORROWER,Direct,com.coveros.training.persistence.PersistenceLayer.getBorrowerName
BORROWER,Direct,com.coveros.training.persistence.PersistenceLayer.searchBorrowerDataByName
BORROWER,Direct,com.coveros.training.persistence.PersistenceLayer.searchBorrowersById
BORROWER,Direct,com.coveros.training.persistence.PersistenceLayer.listAllBorrowers
BORROWER,Direct,com.coveros.training.persistence.PersistenceLayer.searchForLoanByBorrower
BORROWER,Global,com.coveros.training.persistence.PersistenceLayer.cleanDatabase
BORROWER,Global,com.coveros.training.persistence.PersistenceLayer.configureFlyway
BORROWER,Global,com.coveros.training.persistence.PersistenceLayer.migrateDatabase
BORROWER,Global,com.coveros.training.persistence.PersistenceLayer.runRestore
BORROWER,Helper,com.coveros.training.persistence.PersistenceLayer.executeInsertOnPreparedStatement
BORROWER,Helper,com.coveros.training.persistence.PersistenceLayer.executeInsertTemplate
BORROWER,Helper,com.coveros.training.persistence.PersistenceLayer.executeUpdateOnPreparedStatement
BORROWER,Helper,com.coveros.training.persistence.PersistenceLayer.executeUpdateTemplate
BORROWER,Helper,com.coveros.training.persistence.PersistenceLayer.runQuery
BOOK,Direct,com.coveros.training.persistence.PersistenceLayer.saveNewBook
BOOK,Direct,com.coveros.training.persistence.PersistenceLayer.deleteBook
BOOK,Direct,com.coveros.training.persistence.PersistenceLayer.searchBooksByTitle
BOOK,Direct,com.coveros.training.persistence.PersistenceLayer.searchBooksById
BOOK,Direct,com.coveros.training.persistence.PersistenceLayer.listAllBooks
BOOK,Direct,com.coveros.training.persistence.PersistenceLayer.listAvailableBooks
BOOK,Helper,com.coveros.training.persistence.PersistenceLayer.listBooks
BOOK,Direct,com.coveros.training.persistence.PersistenceLayer.searchForLoanByBook
BOOK,Global,com.coveros.training.persistence.PersistenceLayer.cleanDatabase
BOOK,Global,com.coveros.training.persistence.PersistenceLayer.configureFlyway
BOOK,Global,com.coveros.training.persistence.PersistenceLayer.migrateDatabase
BOOK,Global,com.coveros.training.persistence.PersistenceLayer.runRestore
BOOK,Helper,com.coveros.training.persistence.PersistenceLayer.executeInsertOnPreparedStatement
BOOK,Helper,com.coveros.training.persistence.PersistenceLayer.executeInsertTemplate
BOOK,Helper,com.coveros.training.persistence.PersistenceLayer.executeUpdateOnPreparedStatement
BOOK,Helper,com.coveros.training.persistence.PersistenceLayer.executeUpdateTemplate
BOOK,Helper,com.coveros.training.persistence.PersistenceLayer.runQuery
LOAN,Direct,com.coveros.training.persistence.PersistenceLayer.createLoan
LOAN,Direct,com.coveros.training.persistence.PersistenceLayer.searchForLoanByBorrower
LOAN,Direct,com.coveros.training.persistence.PersistenceLayer.searchForLoanByBook
LOAN,Global,com.coveros.training.persistence.PersistenceLayer.cleanDatabase
LOAN,Global,com.coveros.training.persistence.PersistenceLayer.configureFlyway
LOAN,Global,com.coveros.training.persistence.PersistenceLayer.migrateDatabase
LOAN,Global,com.coveros.training.persistence.PersistenceLayer.runRestore
LOAN,Helper,com.coveros.training.persistence.PersistenceLayer.executeInsertOnPreparedStatement
LOAN,Helper,com.coveros.training.persistence.PersistenceLayer.executeInsertTemplate
LOAN,Helper,com.coveros.training.persistence.PersistenceLayer.executeUpdateOnPreparedStatement
LOAN,Helper,com.coveros.training.persistence.PersistenceLayer.executeUpdateTemplate
LOAN,Helper,com.coveros.training.persistence.PersistenceLayer.runQuery
USER,Direct,com.coveros.training.persistence.PersistenceLayer.saveNewUser
USER,Direct,com.coveros.training.persistence.PersistenceLayer.searchForUserByName
USER,Direct,com.coveros.training.persistence.PersistenceLayer.areCredentialsValid
USER,Direct,com.coveros.training.persistence.PersistenceLayer.updateUserWithPassword
USER,Global,com.coveros.training.persistence.PersistenceLayer.cleanDatabase
USER,Global,com.coveros.training.persistence.PersistenceLayer.configureFlyway
USER,Global,com.coveros.training.persistence.PersistenceLayer.migrateDatabase
USER,Global,com.coveros.training.persistence.PersistenceLayer.runRestore
USER,Helper,com.coveros.training.persistence.PersistenceLayer.executeInsertOnPreparedStatement
USER,Helper,com.coveros.training.persistence.PersistenceLayer.executeInsertTemplate
USER,Helper,com.coveros.training.persistence.PersistenceLayer.executeUpdateOnPreparedStatement
USER,Helper,com.coveros.training.persistence.PersistenceLayer.executeUpdateTemplate
USER,Helper,com.coveros.training.persistence.PersistenceLayer.runQuery
BORROWER,Direct,com.coveros.training.persistence.IPersistenceLayer.saveNewBorrower
BORROWER,Direct,com.coveros.training.persistence.IPersistenceLayer.updateBorrower
BORROWER,Direct,com.coveros.training.persistence.IPersistenceLayer.deleteBorrower
BORROWER,Direct,com.coveros.training.persistence.IPersistenceLayer.getBorrowerName
BORROWER,Direct,com.coveros.training.persistence.IPersistenceLayer.searchBorrowerDataByName
BORROWER,Direct,com.coveros.training.persistence.IPersistenceLayer.searchBorrowersById
BORROWER,Direct,com.coveros.training.persistence.IPersistenceLayer.listAllBorrowers
BORROWER,Direct,com.coveros.training.persistence.IPersistenceLayer.searchForLoanByBorrower
BORROWER,Global,com.coveros.training.persistence.IPersistenceLayer.cleanDatabase
BORROWER,Global,com.coveros.training.persistence.IPersistenceLayer.configureFlyway
BORROWER,Global,com.coveros.training.persistence.IPersistenceLayer.migrateDatabase
BORROWER,Global,com.coveros.training.persistence.IPersistenceLayer.runRestore
BORROWER,Helper,com.coveros.training.persistence.IPersistenceLayer.executeInsertOnPreparedStatement
BORROWER,Helper,com.coveros.training.persistence.IPersistenceLayer.executeInsertTemplate
BORROWER,Helper,com.coveros.training.persistence.IPersistenceLayer.executeUpdateOnPreparedStatement
BORROWER,Helper,com.coveros.training.persistence.IPersistenceLayer.executeUpdateTemplate
BORROWER,Helper,com.coveros.training.persistence.IPersistenceLayer.runQuery
BOOK,Direct,com.coveros.training.persistence.IPersistenceLayer.saveNewBook
BOOK,Direct,com.coveros.training.persistence.IPersistenceLayer.deleteBook
BOOK,Direct,com.coveros.training.persistence.IPersistenceLayer.searchBooksByTitle
BOOK,Direct,com.coveros.training.persistence.IPersistenceLayer.searchBooksById
BOOK,Direct,com.coveros.training.persistence.IPersistenceLayer.listAllBooks
BOOK,Direct,com.coveros.training.persistence.IPersistenceLayer.listAvailableBooks
BOOK,Helper,com.coveros.training.persistence.IPersistenceLayer.listBooks
BOOK,Direct,com.coveros.training.persistence.IPersistenceLayer.searchForLoanByBook
BOOK,Global,com.coveros.training.persistence.IPersistenceLayer.cleanDatabase
BOOK,Global,com.coveros.training.persistence.IPersistenceLayer.configureFlyway
BOOK,Global,com.coveros.training.persistence.IPersistenceLayer.migrateDatabase
BOOK,Global,com.coveros.training.persistence.IPersistenceLayer.runRestore
BOOK,Helper,com.coveros.training.persistence.IPersistenceLayer.executeInsertOnPreparedStatement
BOOK,Helper,com.coveros.training.persistence.IPersistenceLayer.executeInsertTemplate
BOOK,Helper,com.coveros.training.persistence.IPersistenceLayer.executeUpdateOnPreparedStatement
BOOK,Helper,com.coveros.training.persistence.IPersistenceLayer.executeUpdateTemplate
BOOK,Helper,com.coveros.training.persistence.IPersistenceLayer.runQuery
LOAN,Direct,com.coveros.training.persistence.IPersistenceLayer.createLoan
LOAN,Direct,com.coveros.training.persistence.IPersistenceLayer.searchForLoanByBorrower
LOAN,Direct,com.coveros.training.persistence.IPersistenceLayer.searchForLoanByBook
LOAN,Global,com.coveros.training.persistence.IPersistenceLayer.cleanDatabase
LOAN,Global,com.coveros.training.persistence.IPersistenceLayer.configureFlyway
LOAN,Global,com.coveros.training.persistence.IPersistenceLayer.migrateDatabase
LOAN,Global,com.coveros.training.persistence.IPersistenceLayer.runRestore
LOAN,Helper,com.coveros.training.persistence.IPersistenceLayer.executeInsertOnPreparedStatement
LOAN,Helper,com.coveros.training.persistence.IPersistenceLayer.executeInsertTemplate
LOAN,Helper,com.coveros.training.persistence.IPersistenceLayer.executeUpdateOnPreparedStatement
LOAN,Helper,com.coveros.training.persistence.IPersistenceLayer.executeUpdateTemplate
LOAN,Helper,com.coveros.training.persistence.IPersistenceLayer.runQuery
USER,Direct,com.coveros.training.persistence.IPersistenceLayer.saveNewUser
USER,Direct,com.coveros.training.persistence.IPersistenceLayer.searchForUserByName
USER,Direct,com.coveros.training.persistence.IPersistenceLayer.areCredentialsValid
USER,Direct,com.coveros.training.persistence.IPersistenceLayer.updateUserWithPassword
USER,Global,com.coveros.training.persistence.IPersistenceLayer.cleanDatabase
USER,Global,com.coveros.training.persistence.IPersistenceLayer.configureFlyway
USER,Global,com.coveros.training.persistence.IPersistenceLayer.migrateDatabase
USER,Global,com.coveros.training.persistence.IPersistenceLayer.runRestore
USER,Helper,com.coveros.training.persistence.IPersistenceLayer.executeInsertOnPreparedStatement
USER,Helper,com.coveros.training.persistence.IPersistenceLayer.executeInsertTemplate
USER,Helper,com.coveros.training.persistence.IPersistenceLayer.executeUpdateOnPreparedStatement
USER,Helper,com.coveros.training.persistence.IPersistenceLayer.executeUpdateTemplate
USER,Helper,com.coveros.training.persistence.IPersistenceLayer.runQuery