,method,stmtLineNumber,stmt
0,<de.ecspride.ListAccess1: void onCreate(android.os.Bundle)>,-1,$r6 = virtualinvoke $r5.<android.telephony.TelephonyManager: java.lang.String getDeviceId()>()
1,<de.ecspride.ListAccess1: void onCreate(android.os.Bundle)>,-1,interfaceinvoke $r3.<java.util.List: boolean add(java.lang.Object)>($r6)
2,<de.ecspride.ListAccess1: void onCreate(android.os.Bundle)>,-1,$r3 = r0.<de.ecspride.ListAccess1: java.util.List listData>
3,<de.ecspride.ListAccess1: void onCreate(android.os.Bundle)>,-1,$r3 = r0.<de.ecspride.ListAccess1: java.util.List listData>
4,<de.ecspride.ListAccess1: void onCreate(android.os.Bundle)>,-1,$r4 = interfaceinvoke $r3.<java.util.List: java.lang.Object get(int)>(0)
5,<de.ecspride.ListAccess1: void onCreate(android.os.Bundle)>,-1,$r6 = (java.lang.String) $r4
6,<de.ecspride.ListAccess1: void onCreate(android.os.Bundle)>,-1,"virtualinvoke $r7.<android.telephony.SmsManager: void sendTextMessage(java.lang.String,java.lang.String,java.lang.String,android.app.PendingIntent,android.app.PendingIntent)>(""+49 1234"", null, $r6, null, null)"
