{
    "all-groups": {
        "group0": [
            "org.apache.hadoop.fs.ftp.FTPException", 
            "org.apache.hadoop.fs.ftp.FTPInputStream"
        ], 
        "group1": [
            "org.apache.hadoop.io.serializer.Serialization", 
            "org.apache.hadoop.io.serializer.SerializationFactory", 
            "org.apache.hadoop.io.serializer.WritableSerialization"
        ], 
        "group2": [
            "org.apache.hadoop.mapred.join.ArrayListBackedIterator", 
            "org.apache.hadoop.mapred.join.StreamBackedIterator"
        ], 
        "group3": [
            "org.apache.hadoop.mapred.Partitioner", 
            "org.apache.hadoop.mapred.lib.HashPartitioner", 
            "org.apache.hadoop.mapred.pipes.PipesPartitioner"
        ], 
        "group4": [
            "org.apache.hadoop.hdfs.server.datanode.DataStorage", 
            "org.apache.hadoop.hdfs.server.protocol.NamespaceInfo"
        ], 
        "group5": [
            "org.apache.hadoop.io.ByteWritable", 
            "org.apache.hadoop.io.BytesWritable", 
            "org.apache.hadoop.io.UTF8"
        ], 
        "group6": [
            "org.apache.hadoop.hdfs.server.datanode.BlockMetadataHeader", 
            "org.apache.hadoop.hdfs.server.datanode.BlockReceiver", 
            "org.apache.hadoop.hdfs.server.datanode.BlockSender", 
            "org.apache.hadoop.hdfs.server.datanode.BlockTransferThrottler", 
            "org.apache.hadoop.hdfs.server.datanode.DataBlockScanner"
        ], 
        "group7": [
            "org.apache.hadoop.mapred.MapReduceBase", 
            "org.apache.hadoop.mapred.lib.FieldSelectionMapReduce"
        ], 
        "group8": [
            "org.apache.hadoop.hdfs.server.common.Storage", 
            "org.apache.hadoop.hdfs.server.common.StorageInfo"
        ], 
        "group9": [
            "org.apache.hadoop.hdfs.server.namenode.EditLogOutputStream", 
            "org.apache.hadoop.hdfs.server.namenode.FSEditLog"
        ], 
        "group10": [
            "org.apache.hadoop.fs.ChecksumFileSystem", 
            "org.apache.hadoop.fs.FileSystem", 
            "org.apache.hadoop.fs.InMemoryFileSystem"
        ], 
        "group11": [
            "org.apache.hadoop.fs.FsShell", 
            "org.apache.hadoop.fs.FsShellPermissions"
        ], 
        "group12": [
            "org.apache.hadoop.hdfs.server.datanode.metrics.DataNodeMetrics", 
            "org.apache.hadoop.hdfs.server.datanode.metrics.DataNodeStatistics", 
            "org.apache.hadoop.metrics.util.MetricsTimeVaryingRate"
        ], 
        "group13": [
            "org.apache.hadoop.io.compress.LzoCodec", 
            "org.apache.hadoop.io.compress.LzopCodec"
        ], 
        "group14": [
            "org.apache.hadoop.net.Node", 
            "org.apache.hadoop.net.NodeBase"
        ], 
        "group15": [
            "org.apache.hadoop.record.compiler.generated.Rcc", 
            "org.apache.hadoop.record.compiler.generated.RccConstants"
        ], 
        "group16": [
            "org.apache.hadoop.mapred.FileInputFormat", 
            "org.apache.hadoop.mapred.InputFormat", 
            "org.apache.hadoop.mapred.InputSplit", 
            "org.apache.hadoop.mapred.InvalidInputException", 
            "org.apache.hadoop.mapred.MultiFileInputFormat", 
            "org.apache.hadoop.mapred.join.CompositeInputFormat", 
            "org.apache.hadoop.mapred.join.CompositeInputSplit", 
            "org.apache.hadoop.mapred.lib.DelegatingInputFormat", 
            "org.apache.hadoop.mapred.lib.DelegatingMapper", 
            "org.apache.hadoop.mapred.lib.MultipleInputs", 
            "org.apache.hadoop.mapred.lib.TaggedInputSplit"
        ], 
        "group17": [
            "org.apache.hadoop.record.BinaryRecordInput", 
            "org.apache.hadoop.record.CsvRecordInput", 
            "org.apache.hadoop.record.RecordInput", 
            "org.apache.hadoop.record.XmlRecordInput"
        ], 
        "group18": [
            "org.apache.hadoop.mapred.JSPUtil", 
            "org.apache.hadoop.util.ServletUtil"
        ], 
        "group19": [
            "org.apache.hadoop.util.HeapSort", 
            "org.apache.hadoop.util.QuickSort"
        ], 
        "group20": [
            "org.apache.hadoop.mapred.join.ComposableRecordReader", 
            "org.apache.hadoop.mapred.join.CompositeRecordReader", 
            "org.apache.hadoop.mapred.join.JoinRecordReader", 
            "org.apache.hadoop.mapred.join.MultiFilterRecordReader", 
            "org.apache.hadoop.mapred.join.OverrideRecordReader", 
            "org.apache.hadoop.mapred.join.WrappedRecordReader"
        ], 
        "group21": [
            "org.apache.hadoop.net.NetUtils", 
            "org.apache.hadoop.net.SocketIOWithTimeout"
        ], 
        "group22": [
            "org.apache.hadoop.hdfs.server.protocol.BlockCommand", 
            "org.apache.hadoop.hdfs.server.protocol.BlockMetaDataInfo"
        ], 
        "group23": [
            "org.apache.hadoop.mapred.join.InnerJoinRecordReader", 
            "org.apache.hadoop.mapred.join.OuterJoinRecordReader", 
            "org.apache.hadoop.record.RecordComparator"
        ], 
        "group24": [
            "org.apache.hadoop.security.UnixUserGroupInformation", 
            "org.apache.hadoop.security.UserGroupInformation"
        ], 
        "group25": [
            "org.apache.hadoop.io.BinaryComparable", 
            "org.apache.hadoop.io.WritableComparable"
        ], 
        "group26": [
            "org.apache.hadoop.mapred.TaskAttemptID", 
            "org.apache.hadoop.mapred.TaskLog", 
            "org.apache.hadoop.mapred.TaskLogAppender", 
            "org.apache.hadoop.mapred.TaskLogServlet", 
            "org.apache.hadoop.mapred.TaskRunner"
        ], 
        "group27": [
            "org.apache.hadoop.mapred.JobTracker", 
            "org.apache.hadoop.mapred.KillJobAction"
        ], 
        "group28": [
            "org.apache.hadoop.fs.FSDataOutputStream", 
            "org.apache.hadoop.fs.kfs.KFSOutputStream"
        ], 
        "group29": [
            "org.apache.hadoop.mapred.ID", 
            "org.apache.hadoop.mapred.JVMId"
        ], 
        "group30": [
            "org.apache.hadoop.record.compiler.CGenerator", 
            "org.apache.hadoop.record.compiler.CodeGenerator", 
            "org.apache.hadoop.record.compiler.CppGenerator"
        ], 
        "group31": [
            "org.apache.hadoop.io.retry.RetryInvocationHandler", 
            "org.apache.hadoop.io.retry.RetryPolicies", 
            "org.apache.hadoop.io.retry.RetryPolicy", 
            "org.apache.hadoop.io.retry.RetryProxy"
        ], 
        "group32": [
            "org.apache.hadoop.hdfs.protocol.QuotaExceededException", 
            "org.apache.hadoop.hdfs.server.namenode.FSDirectory", 
            "org.apache.hadoop.hdfs.server.namenode.INodeDirectory", 
            "org.apache.hadoop.hdfs.server.namenode.INodeDirectoryWithQuota"
        ], 
        "group33": [
            "org.apache.hadoop.hdfs.protocol.FSConstants", 
            "org.apache.hadoop.hdfs.server.common.HdfsConstants"
        ], 
        "group34": [
            "org.apache.hadoop.hdfs.server.common.UpgradeManager", 
            "org.apache.hadoop.hdfs.server.datanode.UpgradeManagerDatanode", 
            "org.apache.hadoop.hdfs.server.namenode.UpgradeManagerNamenode"
        ], 
        "group35": [
            "org.apache.hadoop.io.DefaultStringifier", 
            "org.apache.hadoop.io.Stringifier"
        ], 
        "group36": [
            "org.apache.hadoop.hdfs.server.namenode.LeaseExpiredException", 
            "org.apache.hadoop.hdfs.server.namenode.LeaseManager"
        ], 
        "group37": [
            "org.apache.hadoop.mapred.lib.IdentityMapper", 
            "org.apache.hadoop.mapred.lib.IdentityReducer"
        ], 
        "group38": [
            "org.apache.hadoop.record.meta.MapTypeID", 
            "org.apache.hadoop.record.meta.StructTypeID", 
            "org.apache.hadoop.record.meta.TypeID", 
            "org.apache.hadoop.record.meta.VectorTypeID"
        ], 
        "group39": [
            "org.apache.hadoop.hdfs.server.namenode.FSNamesystem", 
            "org.apache.hadoop.hdfs.server.namenode.Host2NodesMap", 
            "org.apache.hadoop.hdfs.server.namenode.NameNode"
        ], 
        "group40": [
            "org.apache.hadoop.mapred.InvalidJobConfException", 
            "org.apache.hadoop.mapred.JobContext"
        ], 
        "group41": [
            "org.apache.hadoop.fs.kfs.IFSImpl", 
            "org.apache.hadoop.fs.kfs.KFSImpl"
        ], 
        "group42": [
            "org.apache.hadoop.hdfs.protocol.ClientDatanodeProtocol", 
            "org.apache.hadoop.hdfs.server.protocol.InterDatanodeProtocol"
        ], 
        "group43": [
            "org.apache.hadoop.io.MultipleIOException", 
            "org.apache.hadoop.util.StringUtils"
        ], 
        "group44": [
            "org.apache.hadoop.net.CachedDNSToSwitchMapping", 
            "org.apache.hadoop.net.DNSToSwitchMapping", 
            "org.apache.hadoop.net.ScriptBasedMapping"
        ], 
        "group45": [
            "org.apache.hadoop.mapred.RunningJob", 
            "org.apache.hadoop.mapred.jobcontrol.Job", 
            "org.apache.hadoop.mapred.jobcontrol.JobControl"
        ], 
        "group46": [
            "org.apache.hadoop.util.IndexedSortable", 
            "org.apache.hadoop.util.IndexedSorter"
        ], 
        "group47": [
            "org.apache.hadoop.mapred.DefaultJobHistoryParser", 
            "org.apache.hadoop.mapred.HistoryViewer", 
            "org.apache.hadoop.mapred.JobHistory"
        ], 
        "group48": [
            "org.apache.hadoop.util.PriorityQueue", 
            "org.apache.hadoop.util.Progress"
        ], 
        "group49": [
            "org.apache.hadoop.mapred.lib.KeyFieldBasedComparator", 
            "org.apache.hadoop.mapred.lib.KeyFieldBasedPartitioner", 
            "org.apache.hadoop.mapred.lib.KeyFieldHelper"
        ], 
        "group50": [
            "org.apache.hadoop.hdfs.server.datanode.DataXceiver", 
            "org.apache.hadoop.util.DataChecksum"
        ], 
        "group51": [
            "org.apache.hadoop.fs.BufferedFSInputStream", 
            "org.apache.hadoop.fs.FSDataInputStream", 
            "org.apache.hadoop.fs.FSInputStream", 
            "org.apache.hadoop.fs.kfs.KFSInputStream"
        ], 
        "group52": [
            "org.apache.hadoop.mapred.JobChangeEvent", 
            "org.apache.hadoop.mapred.JobInProgressListener", 
            "org.apache.hadoop.mapred.JobPriority", 
            "org.apache.hadoop.mapred.JobQueueJobInProgressListener", 
            "org.apache.hadoop.mapred.JobStatus", 
            "org.apache.hadoop.mapred.JobStatusChangeEvent"
        ], 
        "group53": [
            "org.apache.hadoop.mapred.CommitTaskAction", 
            "org.apache.hadoop.mapred.KillTaskAction", 
            "org.apache.hadoop.mapred.LaunchTaskAction", 
            "org.apache.hadoop.mapred.ReinitTrackerAction", 
            "org.apache.hadoop.mapred.TaskTracker", 
            "org.apache.hadoop.mapred.TaskTrackerAction"
        ], 
        "group54": [
            "org.apache.hadoop.io.ArrayWritable", 
            "org.apache.hadoop.io.TwoDArrayWritable"
        ], 
        "group55": [
            "org.apache.hadoop.hdfs.protocol.AlreadyBeingCreatedException", 
            "org.apache.hadoop.hdfs.server.namenode.INodeFileUnderConstruction", 
            "org.apache.hadoop.util.HostsFileReader"
        ], 
        "group56": [
            "org.apache.hadoop.hdfs.protocol.DatanodeID", 
            "org.apache.hadoop.hdfs.protocol.UnregisteredDatanodeException", 
            "org.apache.hadoop.hdfs.server.namenode.DatanodeDescriptor", 
            "org.apache.hadoop.hdfs.server.protocol.DisallowedDatanodeException"
        ], 
        "group57": [
            "org.apache.hadoop.mapred.lib.aggregate.UserDefinedValueAggregatorDescriptor", 
            "org.apache.hadoop.mapred.lib.aggregate.ValueAggregatorCombiner", 
            "org.apache.hadoop.mapred.lib.aggregate.ValueAggregatorDescriptor", 
            "org.apache.hadoop.mapred.lib.aggregate.ValueAggregatorJobBase", 
            "org.apache.hadoop.mapred.lib.aggregate.ValueAggregatorMapper", 
            "org.apache.hadoop.mapred.lib.aggregate.ValueAggregatorReducer"
        ], 
        "group58": [
            "org.apache.hadoop.fs.FileStatus", 
            "org.apache.hadoop.fs.FilterFileSystem", 
            "org.apache.hadoop.fs.HarFileSystem", 
            "org.apache.hadoop.fs.kfs.KosmosFileSystem", 
            "org.apache.hadoop.hdfs.ChecksumDistributedFileSystem"
        ], 
        "group59": [
            "org.apache.hadoop.record.compiler.JCompType", 
            "org.apache.hadoop.record.compiler.JType", 
            "org.apache.hadoop.record.compiler.JVector"
        ], 
        "group60": [
            "org.apache.hadoop.fs.s3.Jets3tFileSystemStore", 
            "org.apache.hadoop.fs.s3.S3FileSystemException"
        ], 
        "group61": [
            "org.apache.hadoop.metrics.ContextFactory", 
            "org.apache.hadoop.metrics.ganglia.GangliaContext", 
            "org.apache.hadoop.metrics.spi.AbstractMetricsContext", 
            "org.apache.hadoop.metrics.spi.NullContext", 
            "org.apache.hadoop.metrics.spi.NullContextWithUpdateThread"
        ], 
        "group62": [
            "org.apache.hadoop.fs.s3.MigrationTool", 
            "org.apache.hadoop.util.Tool", 
            "org.apache.hadoop.util.ToolRunner"
        ], 
        "group63": [
            "org.apache.hadoop.mapred.IndexCache", 
            "org.apache.hadoop.mapred.IndexRecord"
        ], 
        "group64": [
            "org.apache.hadoop.fs.FileChecksum", 
            "org.apache.hadoop.fs.MD5MD5CRC32FileChecksum", 
            "org.apache.hadoop.hdfs.DistributedFileSystem", 
            "org.apache.hadoop.hdfs.HftpFileSystem", 
            "org.apache.hadoop.hdfs.HsftpFileSystem", 
            "org.apache.hadoop.hdfs.server.namenode.FileChecksumServlets", 
            "org.apache.hadoop.hdfs.server.namenode.FileDataServlet", 
            "org.apache.hadoop.hdfs.server.namenode.StreamFile"
        ], 
        "group65": [
            "org.apache.hadoop.hdfs.protocol.LocatedBlock", 
            "org.apache.hadoop.hdfs.protocol.LocatedBlocks", 
            "org.apache.hadoop.hdfs.server.protocol.BlocksWithLocations"
        ], 
        "group66": [
            "org.apache.hadoop.hdfs.protocol.Block", 
            "org.apache.hadoop.hdfs.protocol.BlockListAsLongs", 
            "org.apache.hadoop.hdfs.server.namenode.BlocksMap", 
            "org.apache.hadoop.hdfs.server.namenode.NotReplicatedYetException", 
            "org.apache.hadoop.hdfs.server.namenode.PendingReplicationBlocks", 
            "org.apache.hadoop.hdfs.server.namenode.UnderReplicatedBlocks"
        ], 
        "group67": [
            "org.apache.hadoop.mapred.DisallowedTaskTrackerException", 
            "org.apache.hadoop.mapred.JobQueueTaskScheduler", 
            "org.apache.hadoop.mapred.LimitTasksPerJobTaskScheduler", 
            "org.apache.hadoop.mapred.TaskScheduler", 
            "org.apache.hadoop.mapred.TaskTrackerManager", 
            "org.apache.hadoop.mapred.TaskTrackerStatus"
        ], 
        "group68": [
            "org.apache.hadoop.mapred.TaskTrackerInstrumentation", 
            "org.apache.hadoop.mapred.TaskTrackerMetricsInst"
        ], 
        "group69": [
            "org.apache.hadoop.hdfs.server.common.UpgradeObject", 
            "org.apache.hadoop.hdfs.server.common.UpgradeObjectCollection", 
            "org.apache.hadoop.hdfs.server.common.UpgradeStatusReport", 
            "org.apache.hadoop.hdfs.server.datanode.UpgradeObjectDatanode", 
            "org.apache.hadoop.hdfs.server.namenode.UpgradeObjectNamenode", 
            "org.apache.hadoop.hdfs.server.protocol.UpgradeCommand"
        ], 
        "group70": [
            "org.apache.hadoop.fs.Path", 
            "org.apache.hadoop.fs.PathFilter"
        ], 
        "group71": [
            "org.apache.hadoop.hdfs.server.namenode.metrics.FSNamesystemMetrics", 
            "org.apache.hadoop.hdfs.server.namenode.metrics.NameNodeMetrics", 
            "org.apache.hadoop.hdfs.server.namenode.metrics.NameNodeStatistics"
        ], 
        "group72": [
            "org.apache.hadoop.io.compress.BlockCompressorStream", 
            "org.apache.hadoop.io.compress.Compressor", 
            "org.apache.hadoop.io.compress.CompressorStream"
        ], 
        "group73": [
            "org.apache.hadoop.mapred.lib.aggregate.LongValueMax", 
            "org.apache.hadoop.mapred.lib.aggregate.LongValueMin", 
            "org.apache.hadoop.mapred.lib.aggregate.LongValueSum"
        ], 
        "group74": [
            "org.apache.hadoop.mapred.lib.Chain", 
            "org.apache.hadoop.mapred.lib.ChainReducer"
        ], 
        "group75": [
            "org.apache.hadoop.io.compress.zlib.BuiltInZlibDeflater", 
            "org.apache.hadoop.io.compress.zlib.BuiltInZlibInflater", 
            "org.apache.hadoop.io.compress.zlib.ZlibFactory"
        ], 
        "group76": [
            "org.apache.hadoop.io.compress.CodecPool", 
            "org.apache.hadoop.io.compress.CompressionCodec", 
            "org.apache.hadoop.io.compress.CompressionCodecFactory", 
            "org.apache.hadoop.io.compress.DefaultCodec", 
            "org.apache.hadoop.io.compress.GzipCodec"
        ], 
        "group77": [
            "org.apache.hadoop.io.compress.BlockDecompressorStream", 
            "org.apache.hadoop.io.compress.Decompressor", 
            "org.apache.hadoop.io.compress.DecompressorStream"
        ], 
        "group78": [
            "org.apache.hadoop.fs.FSInputChecker", 
            "org.apache.hadoop.mapred.IFileInputStream"
        ], 
        "group79": [
            "org.apache.hadoop.util.DiskChecker", 
            "org.apache.hadoop.util.Shell"
        ], 
        "group80": [
            "org.apache.hadoop.mapred.lib.aggregate.StringValueMax", 
            "org.apache.hadoop.mapred.lib.aggregate.StringValueMin", 
            "org.apache.hadoop.mapred.lib.aggregate.UniqValueCount", 
            "org.apache.hadoop.mapred.lib.aggregate.ValueAggregator", 
            "org.apache.hadoop.mapred.lib.aggregate.ValueAggregatorBaseDescriptor", 
            "org.apache.hadoop.mapred.lib.aggregate.ValueHistogram"
        ], 
        "group81": [
            "org.apache.hadoop.mapred.MapRunner", 
            "org.apache.hadoop.mapred.lib.MultithreadedMapRunner", 
            "org.apache.hadoop.mapred.pipes.PipesMapRunner", 
            "org.apache.hadoop.mapred.pipes.PipesReducer"
        ], 
        "group82": [
            "org.apache.hadoop.hdfs.server.namenode.FSImage", 
            "org.apache.hadoop.hdfs.server.namenode.GetImageServlet", 
            "org.apache.hadoop.hdfs.server.namenode.TransferFsImage"
        ], 
        "group83": [
            "org.apache.hadoop.hdfs.DFSClient", 
            "org.apache.hadoop.hdfs.protocol.ClientProtocol", 
            "org.apache.hadoop.hdfs.server.namenode.DfsServlet"
        ], 
        "group84": [
            "org.apache.hadoop.ipc.RPC", 
            "org.apache.hadoop.ipc.metrics.RpcMetrics", 
            "org.apache.hadoop.ipc.metrics.RpcMgt"
        ], 
        "group85": [
            "org.apache.hadoop.record.BinaryRecordOutput", 
            "org.apache.hadoop.record.CsvRecordOutput", 
            "org.apache.hadoop.record.Record", 
            "org.apache.hadoop.record.RecordOutput", 
            "org.apache.hadoop.record.XmlRecordOutput"
        ], 
        "group86": [
            "org.apache.hadoop.mapred.JvmTask", 
            "org.apache.hadoop.mapred.MapTask", 
            "org.apache.hadoop.mapred.MapTaskRunner", 
            "org.apache.hadoop.mapred.ReduceTask", 
            "org.apache.hadoop.mapred.ReduceTaskRunner", 
            "org.apache.hadoop.mapred.Task"
        ], 
        "group87": [
            "org.apache.hadoop.record.compiler.CodeBuffer", 
            "org.apache.hadoop.record.compiler.JBuffer"
        ], 
        "group88": [
            "org.apache.hadoop.mapred.FileOutputCommitter", 
            "org.apache.hadoop.mapred.FileOutputFormat", 
            "org.apache.hadoop.mapred.MapFileOutputFormat", 
            "org.apache.hadoop.mapred.OutputCommitter", 
            "org.apache.hadoop.mapred.OutputFormat", 
            "org.apache.hadoop.mapred.SequenceFileAsBinaryOutputFormat", 
            "org.apache.hadoop.mapred.SequenceFileOutputFormat", 
            "org.apache.hadoop.mapred.TextOutputFormat", 
            "org.apache.hadoop.mapred.lib.MultipleOutputFormat", 
            "org.apache.hadoop.mapred.lib.MultipleOutputs", 
            "org.apache.hadoop.mapred.lib.MultipleSequenceFileOutputFormat", 
            "org.apache.hadoop.mapred.lib.MultipleTextOutputFormat", 
            "org.apache.hadoop.mapred.lib.NullOutputFormat"
        ], 
        "group89": [
            "org.apache.hadoop.io.MapFile", 
            "org.apache.hadoop.io.SetFile"
        ], 
        "group90": [
            "org.apache.hadoop.fs.FSOutputSummer", 
            "org.apache.hadoop.mapred.IFileOutputStream"
        ], 
        "group91": [
            "org.apache.hadoop.mapred.InterTrackerProtocol", 
            "org.apache.hadoop.mapred.MapTaskCompletionEventsUpdate", 
            "org.apache.hadoop.mapred.TaskCompletionEvent", 
            "org.apache.hadoop.mapred.TaskUmbilicalProtocol"
        ], 
        "group92": [
            "org.apache.hadoop.fs.permission.AccessControlException", 
            "org.apache.hadoop.security.AccessControlException"
        ], 
        "group93": [
            "org.apache.hadoop.mapred.LineRecordReader", 
            "org.apache.hadoop.mapred.RecordReader", 
            "org.apache.hadoop.util.LineReader"
        ], 
        "group94": [
            "org.apache.hadoop.mapred.KeyValueTextInputFormat", 
            "org.apache.hadoop.mapred.SequenceFileAsBinaryInputFormat", 
            "org.apache.hadoop.mapred.SequenceFileAsTextInputFormat", 
            "org.apache.hadoop.mapred.SequenceFileInputFormat", 
            "org.apache.hadoop.mapred.TextInputFormat", 
            "org.apache.hadoop.mapred.lib.NLineInputFormat"
        ], 
        "group95": [
            "org.apache.hadoop.mapred.lib.db.DBConfiguration", 
            "org.apache.hadoop.mapred.lib.db.DBWritable"
        ], 
        "group96": [
            "org.apache.hadoop.record.compiler.JByte", 
            "org.apache.hadoop.record.compiler.JString"
        ], 
        "group97": [
            "org.apache.hadoop.fs.s3native.FileMetadata", 
            "org.apache.hadoop.fs.s3native.Jets3tNativeFileSystemStore", 
            "org.apache.hadoop.fs.s3native.NativeFileSystemStore", 
            "org.apache.hadoop.fs.s3native.NativeS3FileSystem"
        ], 
        "group98": [
            "org.apache.hadoop.mapred.JobClient", 
            "org.apache.hadoop.mapred.JobQueueClient", 
            "org.apache.hadoop.mapred.JobShell"
        ], 
        "group99": [
            "org.apache.hadoop.mapred.MapTaskStatus", 
            "org.apache.hadoop.mapred.ReduceTaskStatus", 
            "org.apache.hadoop.mapred.TaskID", 
            "org.apache.hadoop.mapred.TaskInProgress", 
            "org.apache.hadoop.mapred.TaskReport", 
            "org.apache.hadoop.mapred.TaskStatus"
        ], 
        "group100": [
            "org.apache.hadoop.mapred.JobEndNotifier", 
            "org.apache.hadoop.mapred.JobID", 
            "org.apache.hadoop.mapred.JobInProgress", 
            "org.apache.hadoop.mapred.JobProfile", 
            "org.apache.hadoop.mapred.JobTrackerInstrumentation", 
            "org.apache.hadoop.mapred.LocalJobRunner"
        ], 
        "group101": [
            "org.apache.hadoop.fs.FsUrlConnection", 
            "org.apache.hadoop.fs.FsUrlStreamHandler", 
            "org.apache.hadoop.fs.FsUrlStreamHandlerFactory"
        ], 
        "group102": [
            "org.apache.hadoop.fs.permission.FsPermission", 
            "org.apache.hadoop.fs.permission.PermissionStatus"
        ], 
        "group103": [
            "org.apache.hadoop.fs.s3.FileSystemStore", 
            "org.apache.hadoop.fs.s3.S3FileSystem"
        ], 
        "group104": [
            "org.apache.hadoop.mapred.FileSplit", 
            "org.apache.hadoop.mapred.SequenceFileAsTextRecordReader", 
            "org.apache.hadoop.mapred.SequenceFileInputFilter", 
            "org.apache.hadoop.mapred.SequenceFileRecordReader"
        ], 
        "group105": [
            "org.apache.hadoop.hdfs.server.protocol.DatanodeCommand", 
            "org.apache.hadoop.hdfs.server.protocol.DatanodeProtocol", 
            "org.apache.hadoop.hdfs.server.protocol.DatanodeRegistration"
        ], 
        "group106": [
            "org.apache.hadoop.io.MD5Hash", 
            "org.apache.hadoop.mapred.lib.TotalOrderPartitioner"
        ]
    }, 
    "groups-not-in-ground-truth": {
        "group0": [
            "org.apache.hadoop.mapred.Partitioner", 
            "org.apache.hadoop.mapred.lib.HashPartitioner", 
            "org.apache.hadoop.mapred.pipes.PipesPartitioner"
        ], 
        "group1": [
            "org.apache.hadoop.hdfs.server.datanode.BlockMetadataHeader", 
            "org.apache.hadoop.hdfs.server.datanode.BlockReceiver", 
            "org.apache.hadoop.hdfs.server.datanode.BlockSender", 
            "org.apache.hadoop.hdfs.server.datanode.BlockTransferThrottler", 
            "org.apache.hadoop.hdfs.server.datanode.DataBlockScanner"
        ], 
        "group2": [
            "org.apache.hadoop.hdfs.server.datanode.metrics.DataNodeMetrics", 
            "org.apache.hadoop.hdfs.server.datanode.metrics.DataNodeStatistics", 
            "org.apache.hadoop.metrics.util.MetricsTimeVaryingRate"
        ], 
        "group3": [
            "org.apache.hadoop.mapred.FileInputFormat", 
            "org.apache.hadoop.mapred.InputFormat", 
            "org.apache.hadoop.mapred.InputSplit", 
            "org.apache.hadoop.mapred.InvalidInputException", 
            "org.apache.hadoop.mapred.MultiFileInputFormat", 
            "org.apache.hadoop.mapred.join.CompositeInputFormat", 
            "org.apache.hadoop.mapred.join.CompositeInputSplit", 
            "org.apache.hadoop.mapred.lib.DelegatingInputFormat", 
            "org.apache.hadoop.mapred.lib.DelegatingMapper", 
            "org.apache.hadoop.mapred.lib.MultipleInputs", 
            "org.apache.hadoop.mapred.lib.TaggedInputSplit"
        ], 
        "group4": [
            "org.apache.hadoop.mapred.JSPUtil", 
            "org.apache.hadoop.util.ServletUtil"
        ], 
        "group5": [
            "org.apache.hadoop.net.NetUtils", 
            "org.apache.hadoop.net.SocketIOWithTimeout"
        ], 
        "group6": [
            "org.apache.hadoop.mapred.join.InnerJoinRecordReader", 
            "org.apache.hadoop.mapred.join.OuterJoinRecordReader", 
            "org.apache.hadoop.record.RecordComparator"
        ], 
        "group7": [
            "org.apache.hadoop.mapred.JobTracker", 
            "org.apache.hadoop.mapred.KillJobAction"
        ], 
        "group8": [
            "org.apache.hadoop.mapred.ID", 
            "org.apache.hadoop.mapred.JVMId"
        ], 
        "group9": [
            "org.apache.hadoop.hdfs.protocol.QuotaExceededException", 
            "org.apache.hadoop.hdfs.server.namenode.FSDirectory", 
            "org.apache.hadoop.hdfs.server.namenode.INodeDirectory", 
            "org.apache.hadoop.hdfs.server.namenode.INodeDirectoryWithQuota"
        ], 
        "group10": [
            "org.apache.hadoop.hdfs.server.common.UpgradeManager", 
            "org.apache.hadoop.hdfs.server.datanode.UpgradeManagerDatanode", 
            "org.apache.hadoop.hdfs.server.namenode.UpgradeManagerNamenode"
        ], 
        "group11": [
            "org.apache.hadoop.hdfs.server.namenode.LeaseExpiredException", 
            "org.apache.hadoop.hdfs.server.namenode.LeaseManager"
        ], 
        "group12": [
            "org.apache.hadoop.hdfs.server.namenode.FSNamesystem", 
            "org.apache.hadoop.hdfs.server.namenode.Host2NodesMap", 
            "org.apache.hadoop.hdfs.server.namenode.NameNode"
        ], 
        "group13": [
            "org.apache.hadoop.mapred.InvalidJobConfException", 
            "org.apache.hadoop.mapred.JobContext"
        ], 
        "group14": [
            "org.apache.hadoop.hdfs.protocol.ClientDatanodeProtocol", 
            "org.apache.hadoop.hdfs.server.protocol.InterDatanodeProtocol"
        ], 
        "group15": [
            "org.apache.hadoop.io.MultipleIOException", 
            "org.apache.hadoop.util.StringUtils"
        ], 
        "group16": [
            "org.apache.hadoop.mapred.RunningJob", 
            "org.apache.hadoop.mapred.jobcontrol.Job", 
            "org.apache.hadoop.mapred.jobcontrol.JobControl"
        ], 
        "group17": [
            "org.apache.hadoop.util.IndexedSortable", 
            "org.apache.hadoop.util.IndexedSorter"
        ], 
        "group18": [
            "org.apache.hadoop.util.PriorityQueue", 
            "org.apache.hadoop.util.Progress"
        ], 
        "group19": [
            "org.apache.hadoop.hdfs.server.datanode.DataXceiver", 
            "org.apache.hadoop.util.DataChecksum"
        ], 
        "group20": [
            "org.apache.hadoop.fs.BufferedFSInputStream", 
            "org.apache.hadoop.fs.FSDataInputStream", 
            "org.apache.hadoop.fs.FSInputStream", 
            "org.apache.hadoop.fs.kfs.KFSInputStream"
        ], 
        "group21": [
            "org.apache.hadoop.mapred.JobChangeEvent", 
            "org.apache.hadoop.mapred.JobInProgressListener", 
            "org.apache.hadoop.mapred.JobPriority", 
            "org.apache.hadoop.mapred.JobQueueJobInProgressListener", 
            "org.apache.hadoop.mapred.JobStatus", 
            "org.apache.hadoop.mapred.JobStatusChangeEvent"
        ], 
        "group22": [
            "org.apache.hadoop.mapred.CommitTaskAction", 
            "org.apache.hadoop.mapred.KillTaskAction", 
            "org.apache.hadoop.mapred.LaunchTaskAction", 
            "org.apache.hadoop.mapred.ReinitTrackerAction", 
            "org.apache.hadoop.mapred.TaskTracker", 
            "org.apache.hadoop.mapred.TaskTrackerAction"
        ], 
        "group23": [
            "org.apache.hadoop.hdfs.protocol.AlreadyBeingCreatedException", 
            "org.apache.hadoop.hdfs.server.namenode.INodeFileUnderConstruction", 
            "org.apache.hadoop.util.HostsFileReader"
        ], 
        "group24": [
            "org.apache.hadoop.hdfs.protocol.DatanodeID", 
            "org.apache.hadoop.hdfs.protocol.UnregisteredDatanodeException", 
            "org.apache.hadoop.hdfs.server.namenode.DatanodeDescriptor", 
            "org.apache.hadoop.hdfs.server.protocol.DisallowedDatanodeException"
        ], 
        "group25": [
            "org.apache.hadoop.fs.FileStatus", 
            "org.apache.hadoop.fs.FilterFileSystem", 
            "org.apache.hadoop.fs.HarFileSystem", 
            "org.apache.hadoop.fs.kfs.KosmosFileSystem", 
            "org.apache.hadoop.hdfs.ChecksumDistributedFileSystem"
        ], 
        "group26": [
            "org.apache.hadoop.fs.s3.MigrationTool", 
            "org.apache.hadoop.util.Tool", 
            "org.apache.hadoop.util.ToolRunner"
        ], 
        "group27": [
            "org.apache.hadoop.fs.FileChecksum", 
            "org.apache.hadoop.fs.MD5MD5CRC32FileChecksum", 
            "org.apache.hadoop.hdfs.DistributedFileSystem", 
            "org.apache.hadoop.hdfs.HftpFileSystem", 
            "org.apache.hadoop.hdfs.HsftpFileSystem", 
            "org.apache.hadoop.hdfs.server.namenode.FileChecksumServlets", 
            "org.apache.hadoop.hdfs.server.namenode.FileDataServlet", 
            "org.apache.hadoop.hdfs.server.namenode.StreamFile"
        ], 
        "group28": [
            "org.apache.hadoop.hdfs.protocol.Block", 
            "org.apache.hadoop.hdfs.protocol.BlockListAsLongs", 
            "org.apache.hadoop.hdfs.server.namenode.BlocksMap", 
            "org.apache.hadoop.hdfs.server.namenode.NotReplicatedYetException", 
            "org.apache.hadoop.hdfs.server.namenode.PendingReplicationBlocks", 
            "org.apache.hadoop.hdfs.server.namenode.UnderReplicatedBlocks"
        ], 
        "group29": [
            "org.apache.hadoop.mapred.DisallowedTaskTrackerException", 
            "org.apache.hadoop.mapred.JobQueueTaskScheduler", 
            "org.apache.hadoop.mapred.LimitTasksPerJobTaskScheduler", 
            "org.apache.hadoop.mapred.TaskScheduler", 
            "org.apache.hadoop.mapred.TaskTrackerManager", 
            "org.apache.hadoop.mapred.TaskTrackerStatus"
        ], 
        "group30": [
            "org.apache.hadoop.hdfs.server.common.UpgradeObject", 
            "org.apache.hadoop.hdfs.server.common.UpgradeObjectCollection", 
            "org.apache.hadoop.hdfs.server.common.UpgradeStatusReport", 
            "org.apache.hadoop.hdfs.server.datanode.UpgradeObjectDatanode", 
            "org.apache.hadoop.hdfs.server.namenode.UpgradeObjectNamenode", 
            "org.apache.hadoop.hdfs.server.protocol.UpgradeCommand"
        ], 
        "group31": [
            "org.apache.hadoop.fs.Path", 
            "org.apache.hadoop.fs.PathFilter"
        ], 
        "group32": [
            "org.apache.hadoop.fs.FSInputChecker", 
            "org.apache.hadoop.mapred.IFileInputStream"
        ], 
        "group33": [
            "org.apache.hadoop.mapred.MapRunner", 
            "org.apache.hadoop.mapred.lib.MultithreadedMapRunner", 
            "org.apache.hadoop.mapred.pipes.PipesMapRunner", 
            "org.apache.hadoop.mapred.pipes.PipesReducer"
        ], 
        "group34": [
            "org.apache.hadoop.hdfs.server.namenode.FSImage", 
            "org.apache.hadoop.hdfs.server.namenode.GetImageServlet", 
            "org.apache.hadoop.hdfs.server.namenode.TransferFsImage"
        ], 
        "group35": [
            "org.apache.hadoop.hdfs.DFSClient", 
            "org.apache.hadoop.hdfs.protocol.ClientProtocol", 
            "org.apache.hadoop.hdfs.server.namenode.DfsServlet"
        ], 
        "group36": [
            "org.apache.hadoop.mapred.JvmTask", 
            "org.apache.hadoop.mapred.MapTask", 
            "org.apache.hadoop.mapred.MapTaskRunner", 
            "org.apache.hadoop.mapred.ReduceTask", 
            "org.apache.hadoop.mapred.ReduceTaskRunner", 
            "org.apache.hadoop.mapred.Task"
        ], 
        "group37": [
            "org.apache.hadoop.mapred.FileOutputCommitter", 
            "org.apache.hadoop.mapred.FileOutputFormat", 
            "org.apache.hadoop.mapred.MapFileOutputFormat", 
            "org.apache.hadoop.mapred.OutputCommitter", 
            "org.apache.hadoop.mapred.OutputFormat", 
            "org.apache.hadoop.mapred.SequenceFileAsBinaryOutputFormat", 
            "org.apache.hadoop.mapred.SequenceFileOutputFormat", 
            "org.apache.hadoop.mapred.TextOutputFormat", 
            "org.apache.hadoop.mapred.lib.MultipleOutputFormat", 
            "org.apache.hadoop.mapred.lib.MultipleOutputs", 
            "org.apache.hadoop.mapred.lib.MultipleSequenceFileOutputFormat", 
            "org.apache.hadoop.mapred.lib.MultipleTextOutputFormat", 
            "org.apache.hadoop.mapred.lib.NullOutputFormat"
        ], 
        "group38": [
            "org.apache.hadoop.fs.FSOutputSummer", 
            "org.apache.hadoop.mapred.IFileOutputStream"
        ], 
        "group39": [
            "org.apache.hadoop.mapred.InterTrackerProtocol", 
            "org.apache.hadoop.mapred.MapTaskCompletionEventsUpdate", 
            "org.apache.hadoop.mapred.TaskCompletionEvent", 
            "org.apache.hadoop.mapred.TaskUmbilicalProtocol"
        ], 
        "group40": [
            "org.apache.hadoop.fs.permission.AccessControlException", 
            "org.apache.hadoop.security.AccessControlException"
        ], 
        "group41": [
            "org.apache.hadoop.mapred.LineRecordReader", 
            "org.apache.hadoop.mapred.RecordReader", 
            "org.apache.hadoop.util.LineReader"
        ], 
        "group42": [
            "org.apache.hadoop.mapred.KeyValueTextInputFormat", 
            "org.apache.hadoop.mapred.SequenceFileAsBinaryInputFormat", 
            "org.apache.hadoop.mapred.SequenceFileAsTextInputFormat", 
            "org.apache.hadoop.mapred.SequenceFileInputFormat", 
            "org.apache.hadoop.mapred.TextInputFormat", 
            "org.apache.hadoop.mapred.lib.NLineInputFormat"
        ], 
        "group43": [
            "org.apache.hadoop.mapred.JobClient", 
            "org.apache.hadoop.mapred.JobQueueClient", 
            "org.apache.hadoop.mapred.JobShell"
        ], 
        "group44": [
            "org.apache.hadoop.mapred.MapTaskStatus", 
            "org.apache.hadoop.mapred.ReduceTaskStatus", 
            "org.apache.hadoop.mapred.TaskID", 
            "org.apache.hadoop.mapred.TaskInProgress", 
            "org.apache.hadoop.mapred.TaskReport", 
            "org.apache.hadoop.mapred.TaskStatus"
        ], 
        "group45": [
            "org.apache.hadoop.mapred.JobEndNotifier", 
            "org.apache.hadoop.mapred.JobID", 
            "org.apache.hadoop.mapred.JobInProgress", 
            "org.apache.hadoop.mapred.JobProfile", 
            "org.apache.hadoop.mapred.JobTrackerInstrumentation", 
            "org.apache.hadoop.mapred.LocalJobRunner"
        ], 
        "group46": [
            "org.apache.hadoop.mapred.FileSplit", 
            "org.apache.hadoop.mapred.SequenceFileAsTextRecordReader", 
            "org.apache.hadoop.mapred.SequenceFileInputFilter", 
            "org.apache.hadoop.mapred.SequenceFileRecordReader"
        ], 
        "group47": [
            "org.apache.hadoop.io.MD5Hash", 
            "org.apache.hadoop.mapred.lib.TotalOrderPartitioner"
        ]
    }, 
    "groups-in-gt-split-by-union": {
        "group0": [
            "org.apache.hadoop.io.ByteWritable", 
            "org.apache.hadoop.io.BytesWritable", 
            "org.apache.hadoop.io.UTF8"
        ], 
        "group1": [
            "org.apache.hadoop.mapred.MapReduceBase", 
            "org.apache.hadoop.mapred.lib.FieldSelectionMapReduce"
        ], 
        "group2": [
            "org.apache.hadoop.hdfs.server.namenode.EditLogOutputStream", 
            "org.apache.hadoop.hdfs.server.namenode.FSEditLog"
        ], 
        "group3": [
            "org.apache.hadoop.mapred.DefaultJobHistoryParser", 
            "org.apache.hadoop.mapred.HistoryViewer", 
            "org.apache.hadoop.mapred.JobHistory"
        ], 
        "group4": [
            "org.apache.hadoop.hdfs.server.namenode.metrics.FSNamesystemMetrics", 
            "org.apache.hadoop.hdfs.server.namenode.metrics.NameNodeMetrics", 
            "org.apache.hadoop.hdfs.server.namenode.metrics.NameNodeStatistics"
        ], 
        "group5": [
            "org.apache.hadoop.util.DiskChecker", 
            "org.apache.hadoop.util.Shell"
        ], 
        "group6": [
            "org.apache.hadoop.ipc.RPC", 
            "org.apache.hadoop.ipc.metrics.RpcMetrics", 
            "org.apache.hadoop.ipc.metrics.RpcMgt"
        ], 
        "group7": [
            "org.apache.hadoop.record.BinaryRecordOutput", 
            "org.apache.hadoop.record.CsvRecordOutput", 
            "org.apache.hadoop.record.Record", 
            "org.apache.hadoop.record.RecordOutput", 
            "org.apache.hadoop.record.XmlRecordOutput"
        ], 
        "group8": [
            "org.apache.hadoop.record.compiler.JByte", 
            "org.apache.hadoop.record.compiler.JString"
        ]
    }
}
