{
    "consensus": {
        "decomposition": {
            "partition0": [
                {
                    "id": "org.apache.hadoop.fs.BlockLocation"
                }, 
                {
                    "id": "org.apache.hadoop.fs.s3.Block"
                }, 
                {
                    "id": "org.apache.hadoop.hdfs.protocol.Block"
                }, 
                {
                    "id": "org.apache.hadoop.hdfs.protocol.BlockListAsLongs"
                }, 
                {
                    "id": "org.apache.hadoop.hdfs.protocol.LocatedBlock"
                }, 
                {
                    "id": "org.apache.hadoop.hdfs.protocol.LocatedBlocks"
                }, 
                {
                    "id": "org.apache.hadoop.hdfs.server.datanode.BlockMetadataHeader"
                }, 
                {
                    "id": "org.apache.hadoop.hdfs.server.datanode.BlockReceiver"
                }, 
                {
                    "id": "org.apache.hadoop.hdfs.server.datanode.BlockSender"
                }, 
                {
                    "id": "org.apache.hadoop.hdfs.server.datanode.BlockTransferThrottler"
                }, 
                {
                    "id": "org.apache.hadoop.hdfs.server.datanode.DataBlockScanner"
                }, 
                {
                    "id": "org.apache.hadoop.hdfs.server.datanode.DatanodeBlockInfo"
                }, 
                {
                    "id": "org.apache.hadoop.hdfs.server.datanode.browseBlock_jsp"
                }, 
                {
                    "id": "org.apache.hadoop.hdfs.server.namenode.BlocksMap"
                }, 
                {
                    "id": "org.apache.hadoop.hdfs.server.namenode.NotReplicatedYetException"
                }, 
                {
                    "id": "org.apache.hadoop.hdfs.server.namenode.PendingReplicationBlocks"
                }, 
                {
                    "id": "org.apache.hadoop.hdfs.server.namenode.UnderReplicatedBlocks"
                }, 
                {
                    "id": "org.apache.hadoop.hdfs.server.protocol.BlockCommand"
                }, 
                {
                    "id": "org.apache.hadoop.hdfs.server.protocol.BlockMetaDataInfo"
                }, 
                {
                    "id": "org.apache.hadoop.hdfs.server.protocol.BlocksWithLocations"
                }
            ], 
            "partition1": [
                {
                    "id": "org.apache.hadoop.io.MD5Hash"
                }, 
                {
                    "id": "org.apache.hadoop.io.NullWritable"
                }, 
                {
                    "id": "org.apache.hadoop.io.RawComparator"
                }, 
                {
                    "id": "org.apache.hadoop.io.WritableComparator"
                }, 
                {
                    "id": "org.apache.hadoop.mapred.lib.TotalOrderPartitioner"
                }
            ], 
            "partition2": [
                {
                    "id": "org.apache.hadoop.io.compress.BlockDecompressorStream"
                }, 
                {
                    "id": "org.apache.hadoop.io.compress.Decompressor"
                }, 
                {
                    "id": "org.apache.hadoop.io.compress.DecompressorStream"
                }, 
                {
                    "id": "org.apache.hadoop.io.compress.zlib.BuiltInZlibDeflater"
                }, 
                {
                    "id": "org.apache.hadoop.io.compress.zlib.BuiltInZlibInflater"
                }, 
                {
                    "id": "org.apache.hadoop.io.compress.zlib.ZlibDecompressor"
                }, 
                {
                    "id": "org.apache.hadoop.io.compress.zlib.ZlibFactory"
                }
            ], 
            "partition3": [
                {
                    "id": "org.apache.hadoop.mapred.BasicTypeSorterBase"
                }, 
                {
                    "id": "org.apache.hadoop.mapred.MergeSorter"
                }, 
                {
                    "id": "org.apache.hadoop.util.IndexedSortable"
                }, 
                {
                    "id": "org.apache.hadoop.util.IndexedSorter"
                }
            ], 
            "partition4": [
                {
                    "id": "org.apache.hadoop.fs.Trash"
                }, 
                {
                    "id": "org.apache.hadoop.fs.permission.AccessControlException"
                }, 
                {
                    "id": "org.apache.hadoop.fs.permission.FsAction"
                }, 
                {
                    "id": "org.apache.hadoop.fs.permission.FsPermission"
                }, 
                {
                    "id": "org.apache.hadoop.fs.permission.PermissionStatus"
                }, 
                {
                    "id": "org.apache.hadoop.hdfs.server.namenode.PermissionChecker"
                }, 
                {
                    "id": "org.apache.hadoop.hdfs.server.namenode.SafeModeException"
                }, 
                {
                    "id": "org.apache.hadoop.security.AccessControlException"
                }
            ], 
            "partition5": [
                {
                    "id": "org.apache.hadoop.fs.s3.VersionMismatchException"
                }, 
                {
                    "id": "org.apache.hadoop.hdfs.server.common.IncorrectVersionException"
                }, 
                {
                    "id": "org.apache.hadoop.io.VersionMismatchException"
                }, 
                {
                    "id": "org.apache.hadoop.util.VersionInfo"
                }
            ], 
            "partition6": [
                {
                    "id": "org.apache.hadoop.mapred.lib.aggregate.DoubleValueSum"
                }, 
                {
                    "id": "org.apache.hadoop.mapred.lib.aggregate.LongValueMax"
                }, 
                {
                    "id": "org.apache.hadoop.mapred.lib.aggregate.LongValueMin"
                }, 
                {
                    "id": "org.apache.hadoop.mapred.lib.aggregate.LongValueSum"
                }, 
                {
                    "id": "org.apache.hadoop.mapred.lib.aggregate.StringValueMax"
                }, 
                {
                    "id": "org.apache.hadoop.mapred.lib.aggregate.StringValueMin"
                }, 
                {
                    "id": "org.apache.hadoop.mapred.lib.aggregate.UniqValueCount"
                }, 
                {
                    "id": "org.apache.hadoop.mapred.lib.aggregate.UserDefinedValueAggregatorDescriptor"
                }, 
                {
                    "id": "org.apache.hadoop.mapred.lib.aggregate.ValueAggregator"
                }, 
                {
                    "id": "org.apache.hadoop.mapred.lib.aggregate.ValueAggregatorBaseDescriptor"
                }, 
                {
                    "id": "org.apache.hadoop.mapred.lib.aggregate.ValueAggregatorCombiner"
                }, 
                {
                    "id": "org.apache.hadoop.mapred.lib.aggregate.ValueAggregatorDescriptor"
                }, 
                {
                    "id": "org.apache.hadoop.mapred.lib.aggregate.ValueAggregatorJob"
                }, 
                {
                    "id": "org.apache.hadoop.mapred.lib.aggregate.ValueAggregatorJobBase"
                }, 
                {
                    "id": "org.apache.hadoop.mapred.lib.aggregate.ValueAggregatorMapper"
                }, 
                {
                    "id": "org.apache.hadoop.mapred.lib.aggregate.ValueAggregatorReducer"
                }, 
                {
                    "id": "org.apache.hadoop.mapred.lib.aggregate.ValueHistogram"
                }
            ], 
            "partition7": [
                {
                    "id": "org.apache.hadoop.mapred.CommitTaskAction"
                }, 
                {
                    "id": "org.apache.hadoop.mapred.DisallowedTaskTrackerException"
                }, 
                {
                    "id": "org.apache.hadoop.mapred.EagerTaskInitializationListener"
                }, 
                {
                    "id": "org.apache.hadoop.mapred.InterTrackerProtocol"
                }, 
                {
                    "id": "org.apache.hadoop.mapred.JobQueueTaskScheduler"
                }, 
                {
                    "id": "org.apache.hadoop.mapred.JvmTask"
                }, 
                {
                    "id": "org.apache.hadoop.mapred.KillTaskAction"
                }, 
                {
                    "id": "org.apache.hadoop.mapred.LaunchTaskAction"
                }, 
                {
                    "id": "org.apache.hadoop.mapred.LimitTasksPerJobTaskScheduler"
                }, 
                {
                    "id": "org.apache.hadoop.mapred.MapTask"
                }, 
                {
                    "id": "org.apache.hadoop.mapred.MapTaskCompletionEventsUpdate"
                }, 
                {
                    "id": "org.apache.hadoop.mapred.MapTaskRunner"
                }, 
                {
                    "id": "org.apache.hadoop.mapred.ReduceTask"
                }, 
                {
                    "id": "org.apache.hadoop.mapred.ReduceTaskRunner"
                }, 
                {
                    "id": "org.apache.hadoop.mapred.ReinitTrackerAction"
                }, 
                {
                    "id": "org.apache.hadoop.mapred.Task"
                }, 
                {
                    "id": "org.apache.hadoop.mapred.TaskAttemptContext"
                }, 
                {
                    "id": "org.apache.hadoop.mapred.TaskAttemptID"
                }, 
                {
                    "id": "org.apache.hadoop.mapred.TaskCompletionEvent"
                }, 
                {
                    "id": "org.apache.hadoop.mapred.TaskLog"
                }, 
                {
                    "id": "org.apache.hadoop.mapred.TaskLogAppender"
                }, 
                {
                    "id": "org.apache.hadoop.mapred.TaskLogServlet"
                }, 
                {
                    "id": "org.apache.hadoop.mapred.TaskRunner"
                }, 
                {
                    "id": "org.apache.hadoop.mapred.TaskScheduler"
                }, 
                {
                    "id": "org.apache.hadoop.mapred.TaskTracker"
                }, 
                {
                    "id": "org.apache.hadoop.mapred.TaskTrackerAction"
                }, 
                {
                    "id": "org.apache.hadoop.mapred.TaskTrackerInstrumentation"
                }, 
                {
                    "id": "org.apache.hadoop.mapred.TaskTrackerManager"
                }, 
                {
                    "id": "org.apache.hadoop.mapred.TaskTrackerMetricsInst"
                }, 
                {
                    "id": "org.apache.hadoop.mapred.TaskTrackerStatus"
                }, 
                {
                    "id": "org.apache.hadoop.mapred.TaskUmbilicalProtocol"
                }, 
                {
                    "id": "org.apache.hadoop.record.compiler.ant.RccTask"
                }
            ], 
            "partition8": [
                {
                    "id": "org.apache.hadoop.fs.BufferedFSInputStream"
                }, 
                {
                    "id": "org.apache.hadoop.fs.FSDataInputStream"
                }, 
                {
                    "id": "org.apache.hadoop.fs.FSInputChecker"
                }, 
                {
                    "id": "org.apache.hadoop.fs.FSInputStream"
                }, 
                {
                    "id": "org.apache.hadoop.fs.PositionedReadable"
                }, 
                {
                    "id": "org.apache.hadoop.fs.Seekable"
                }, 
                {
                    "id": "org.apache.hadoop.fs.ftp.FTPException"
                }, 
                {
                    "id": "org.apache.hadoop.fs.ftp.FTPInputStream"
                }, 
                {
                    "id": "org.apache.hadoop.fs.kfs.KFSInputStream"
                }, 
                {
                    "id": "org.apache.hadoop.fs.s3.S3InputStream"
                }, 
                {
                    "id": "org.apache.hadoop.hdfs.server.namenode.EditLogInputStream"
                }, 
                {
                    "id": "org.apache.hadoop.io.compress.CompressionInputStream"
                }, 
                {
                    "id": "org.apache.hadoop.mapred.FileInputFormat"
                }, 
                {
                    "id": "org.apache.hadoop.mapred.IFileInputStream"
                }, 
                {
                    "id": "org.apache.hadoop.mapred.InputFormat"
                }, 
                {
                    "id": "org.apache.hadoop.mapred.InputSplit"
                }, 
                {
                    "id": "org.apache.hadoop.mapred.InvalidInputException"
                }, 
                {
                    "id": "org.apache.hadoop.mapred.KeyValueTextInputFormat"
                }, 
                {
                    "id": "org.apache.hadoop.mapred.MultiFileInputFormat"
                }, 
                {
                    "id": "org.apache.hadoop.mapred.SequenceFileAsBinaryInputFormat"
                }, 
                {
                    "id": "org.apache.hadoop.mapred.SequenceFileAsTextInputFormat"
                }, 
                {
                    "id": "org.apache.hadoop.mapred.SequenceFileInputFormat"
                }, 
                {
                    "id": "org.apache.hadoop.mapred.TextInputFormat"
                }, 
                {
                    "id": "org.apache.hadoop.mapred.join.CompositeInputFormat"
                }, 
                {
                    "id": "org.apache.hadoop.mapred.join.CompositeInputSplit"
                }, 
                {
                    "id": "org.apache.hadoop.mapred.lib.DelegatingInputFormat"
                }, 
                {
                    "id": "org.apache.hadoop.mapred.lib.DelegatingMapper"
                }, 
                {
                    "id": "org.apache.hadoop.mapred.lib.InputSampler"
                }, 
                {
                    "id": "org.apache.hadoop.mapred.lib.MultipleInputs"
                }, 
                {
                    "id": "org.apache.hadoop.mapred.lib.NLineInputFormat"
                }, 
                {
                    "id": "org.apache.hadoop.mapred.lib.TaggedInputSplit"
                }, 
                {
                    "id": "org.apache.hadoop.mapred.pipes.PipesNonJavaInputFormat"
                }, 
                {
                    "id": "org.apache.hadoop.net.SocketInputStream"
                }
            ], 
            "partition9": [
                {
                    "id": "org.apache.hadoop.hdfs.server.namenode.FsckServlet"
                }, 
                {
                    "id": "org.apache.hadoop.hdfs.server.namenode.NamenodeFsck"
                }, 
                {
                    "id": "org.apache.hadoop.hdfs.server.protocol.NamenodeProtocol"
                }
            ], 
            "partition10": [
                {
                    "id": "org.apache.hadoop.io.DefaultStringifier"
                }, 
                {
                    "id": "org.apache.hadoop.io.Stringifier"
                }, 
                {
                    "id": "org.apache.hadoop.io.serializer.Serializer"
                }, 
                {
                    "id": "org.apache.hadoop.mapred.lib.Chain"
                }, 
                {
                    "id": "org.apache.hadoop.mapred.lib.ChainMapper"
                }, 
                {
                    "id": "org.apache.hadoop.mapred.lib.ChainReducer"
                }
            ], 
            "partition11": [
                {
                    "id": "org.apache.hadoop.io.compress.LzoCodec"
                }, 
                {
                    "id": "org.apache.hadoop.io.compress.LzopCodec"
                }, 
                {
                    "id": "org.apache.hadoop.io.compress.lzo.LzoCompressor"
                }, 
                {
                    "id": "org.apache.hadoop.io.compress.lzo.LzoDecompressor"
                }
            ], 
            "partition12": [
                {
                    "id": "org.apache.hadoop.fs.ChecksumFileSystem"
                }, 
                {
                    "id": "org.apache.hadoop.fs.FileChecksum"
                }, 
                {
                    "id": "org.apache.hadoop.fs.FileStatus"
                }, 
                {
                    "id": "org.apache.hadoop.fs.FileSystem"
                }, 
                {
                    "id": "org.apache.hadoop.fs.FilterFileSystem"
                }, 
                {
                    "id": "org.apache.hadoop.fs.HarFileSystem"
                }, 
                {
                    "id": "org.apache.hadoop.fs.InMemoryFileSystem"
                }, 
                {
                    "id": "org.apache.hadoop.fs.LocalFileSystem"
                }, 
                {
                    "id": "org.apache.hadoop.fs.MD5MD5CRC32FileChecksum"
                }, 
                {
                    "id": "org.apache.hadoop.fs.ftp.FTPFileSystem"
                }, 
                {
                    "id": "org.apache.hadoop.fs.kfs.KosmosFileSystem"
                }, 
                {
                    "id": "org.apache.hadoop.fs.s3.FileSystemStore"
                }, 
                {
                    "id": "org.apache.hadoop.fs.s3.S3FileSystem"
                }, 
                {
                    "id": "org.apache.hadoop.hdfs.ChecksumDistributedFileSystem"
                }, 
                {
                    "id": "org.apache.hadoop.hdfs.DistributedFileSystem"
                }, 
                {
                    "id": "org.apache.hadoop.hdfs.HftpFileSystem"
                }, 
                {
                    "id": "org.apache.hadoop.hdfs.HsftpFileSystem"
                }, 
                {
                    "id": "org.apache.hadoop.hdfs.server.namenode.FileChecksumServlets"
                }, 
                {
                    "id": "org.apache.hadoop.hdfs.server.namenode.FileDataServlet"
                }, 
                {
                    "id": "org.apache.hadoop.hdfs.server.namenode.StreamFile"
                }, 
                {
                    "id": "org.apache.hadoop.io.ArrayFile"
                }, 
                {
                    "id": "org.apache.hadoop.io.MapFile"
                }, 
                {
                    "id": "org.apache.hadoop.io.SequenceFile"
                }, 
                {
                    "id": "org.apache.hadoop.io.SetFile"
                }, 
                {
                    "id": "org.apache.hadoop.mapred.FileAlreadyExistsException"
                }, 
                {
                    "id": "org.apache.hadoop.mapred.FileSplit"
                }, 
                {
                    "id": "org.apache.hadoop.mapred.IFile"
                }, 
                {
                    "id": "org.apache.hadoop.mapred.InvalidFileTypeException"
                }, 
                {
                    "id": "org.apache.hadoop.mapred.MultiFileSplit"
                }, 
                {
                    "id": "org.apache.hadoop.mapred.SequenceFileAsTextRecordReader"
                }, 
                {
                    "id": "org.apache.hadoop.mapred.SequenceFileInputFilter"
                }, 
                {
                    "id": "org.apache.hadoop.mapred.SequenceFileRecordReader"
                }, 
                {
                    "id": "org.apache.hadoop.metrics.file.FileContext"
                }, 
                {
                    "id": "org.apache.hadoop.record.compiler.JFile"
                }
            ], 
            "partition13": [
                {
                    "id": "org.apache.hadoop.record.compiler.Consts"
                }, 
                {
                    "id": "org.apache.hadoop.record.compiler.JCompType"
                }, 
                {
                    "id": "org.apache.hadoop.record.compiler.JMap"
                }, 
                {
                    "id": "org.apache.hadoop.record.compiler.JType"
                }, 
                {
                    "id": "org.apache.hadoop.record.compiler.JVector"
                }
            ], 
            "partition14": [
                {
                    "id": "org.apache.hadoop.io.IntWritable"
                }, 
                {
                    "id": "org.apache.hadoop.io.VIntWritable"
                }, 
                {
                    "id": "org.apache.hadoop.metrics.util.MetricsIntValue"
                }, 
                {
                    "id": "org.apache.hadoop.record.compiler.JInt"
                }
            ], 
            "partition15": [
                {
                    "id": "org.apache.hadoop.io.AbstractMapWritable"
                }, 
                {
                    "id": "org.apache.hadoop.io.MapWritable"
                }
            ], 
            "partition16": [
                {
                    "id": "org.apache.hadoop.fs.s3.MigrationTool"
                }, 
                {
                    "id": "org.apache.hadoop.mapred.JobConf"
                }, 
                {
                    "id": "org.apache.hadoop.mapred.MapRunnable"
                }, 
                {
                    "id": "org.apache.hadoop.mapred.MapRunner"
                }, 
                {
                    "id": "org.apache.hadoop.mapred.Partitioner"
                }, 
                {
                    "id": "org.apache.hadoop.mapred.Reducer"
                }, 
                {
                    "id": "org.apache.hadoop.mapred.lib.HashPartitioner"
                }, 
                {
                    "id": "org.apache.hadoop.mapred.lib.MultithreadedMapRunner"
                }, 
                {
                    "id": "org.apache.hadoop.mapred.pipes.PipesMapRunner"
                }, 
                {
                    "id": "org.apache.hadoop.mapred.pipes.PipesPartitioner"
                }, 
                {
                    "id": "org.apache.hadoop.mapred.pipes.PipesReducer"
                }, 
                {
                    "id": "org.apache.hadoop.mapred.pipes.Submitter"
                }, 
                {
                    "id": "org.apache.hadoop.util.Tool"
                }, 
                {
                    "id": "org.apache.hadoop.util.ToolRunner"
                }
            ], 
            "partition17": [
                {
                    "id": "org.apache.hadoop.record.compiler.CGenerator"
                }, 
                {
                    "id": "org.apache.hadoop.record.compiler.CodeGenerator"
                }, 
                {
                    "id": "org.apache.hadoop.record.compiler.CppGenerator"
                }, 
                {
                    "id": "org.apache.hadoop.record.compiler.JavaGenerator"
                }, 
                {
                    "id": "org.apache.hadoop.util.NativeCodeLoader"
                }
            ], 
            "partition18": [
                {
                    "id": "org.apache.hadoop.http.FilterInitializer"
                }, 
                {
                    "id": "org.apache.hadoop.http.HttpServer"
                }, 
                {
                    "id": "org.apache.hadoop.ipc.Server"
                }, 
                {
                    "id": "org.apache.hadoop.log.LogLevel"
                }, 
                {
                    "id": "org.apache.hadoop.mapred.StatusHttpServer"
                }
            ], 
            "partition19": [
                {
                    "id": "org.apache.hadoop.fs.FSDataOutputStream"
                }, 
                {
                    "id": "org.apache.hadoop.fs.FSOutputSummer"
                }, 
                {
                    "id": "org.apache.hadoop.fs.kfs.KFSOutputStream"
                }, 
                {
                    "id": "org.apache.hadoop.fs.s3.S3OutputStream"
                }, 
                {
                    "id": "org.apache.hadoop.hdfs.server.namenode.EditLogOutputStream"
                }, 
                {
                    "id": "org.apache.hadoop.hdfs.server.namenode.FSEditLog"
                }, 
                {
                    "id": "org.apache.hadoop.io.compress.CompressionOutputStream"
                }, 
                {
                    "id": "org.apache.hadoop.mapred.FileOutputCommitter"
                }, 
                {
                    "id": "org.apache.hadoop.mapred.FileOutputFormat"
                }, 
                {
                    "id": "org.apache.hadoop.mapred.IFileOutputStream"
                }, 
                {
                    "id": "org.apache.hadoop.mapred.MapFileOutputFormat"
                }, 
                {
                    "id": "org.apache.hadoop.mapred.MapOutputFile"
                }, 
                {
                    "id": "org.apache.hadoop.mapred.OutputCollector"
                }, 
                {
                    "id": "org.apache.hadoop.mapred.OutputCommitter"
                }, 
                {
                    "id": "org.apache.hadoop.mapred.OutputFormat"
                }, 
                {
                    "id": "org.apache.hadoop.mapred.OutputLogFilter"
                }, 
                {
                    "id": "org.apache.hadoop.mapred.SequenceFileAsBinaryOutputFormat"
                }, 
                {
                    "id": "org.apache.hadoop.mapred.SequenceFileOutputFormat"
                }, 
                {
                    "id": "org.apache.hadoop.mapred.TextOutputFormat"
                }, 
                {
                    "id": "org.apache.hadoop.mapred.lib.MultipleOutputFormat"
                }, 
                {
                    "id": "org.apache.hadoop.mapred.lib.MultipleOutputs"
                }, 
                {
                    "id": "org.apache.hadoop.mapred.lib.MultipleSequenceFileOutputFormat"
                }, 
                {
                    "id": "org.apache.hadoop.mapred.lib.MultipleTextOutputFormat"
                }, 
                {
                    "id": "org.apache.hadoop.mapred.lib.NullOutputFormat"
                }, 
                {
                    "id": "org.apache.hadoop.mapred.pipes.OutputHandler"
                }, 
                {
                    "id": "org.apache.hadoop.metrics.spi.OutputRecord"
                }, 
                {
                    "id": "org.apache.hadoop.net.SocketOutputStream"
                }
            ], 
            "partition20": [
                {
                    "id": "org.apache.hadoop.net.CachedDNSToSwitchMapping"
                }, 
                {
                    "id": "org.apache.hadoop.net.DNS"
                }, 
                {
                    "id": "org.apache.hadoop.net.DNSToSwitchMapping"
                }, 
                {
                    "id": "org.apache.hadoop.net.NetworkTopology"
                }, 
                {
                    "id": "org.apache.hadoop.net.ScriptBasedMapping"
                }, 
                {
                    "id": "org.apache.hadoop.util.ProcfsBasedProcessTree"
                }
            ], 
            "partition21": [
                {
                    "id": "org.apache.hadoop.conf.Configuration"
                }, 
                {
                    "id": "org.apache.hadoop.mapred.lib.db.DBConfiguration"
                }, 
                {
                    "id": "org.apache.hadoop.mapred.lib.db.DBInputFormat"
                }, 
                {
                    "id": "org.apache.hadoop.mapred.lib.db.DBOutputFormat"
                }, 
                {
                    "id": "org.apache.hadoop.mapred.lib.db.DBWritable"
                }
            ], 
            "partition22": [
                {
                    "id": "org.apache.hadoop.hdfs.server.namenode.StringBytesWritable"
                }, 
                {
                    "id": "org.apache.hadoop.io.ByteWritable"
                }, 
                {
                    "id": "org.apache.hadoop.io.BytesWritable"
                }, 
                {
                    "id": "org.apache.hadoop.io.UTF8"
                }, 
                {
                    "id": "org.apache.hadoop.record.compiler.JByte"
                }, 
                {
                    "id": "org.apache.hadoop.record.compiler.JString"
                }
            ], 
            "partition23": [
                {
                    "id": "org.apache.hadoop.record.compiler.generated.ParseException"
                }, 
                {
                    "id": "org.apache.hadoop.record.compiler.generated.Rcc"
                }, 
                {
                    "id": "org.apache.hadoop.record.compiler.generated.RccConstants"
                }, 
                {
                    "id": "org.apache.hadoop.record.compiler.generated.RccTokenManager"
                }, 
                {
                    "id": "org.apache.hadoop.record.compiler.generated.SimpleCharStream"
                }, 
                {
                    "id": "org.apache.hadoop.record.compiler.generated.Token"
                }
            ], 
            "partition24": [
                {
                    "id": "org.apache.hadoop.io.compress.BlockCompressorStream"
                }, 
                {
                    "id": "org.apache.hadoop.io.compress.Compressor"
                }, 
                {
                    "id": "org.apache.hadoop.io.compress.CompressorStream"
                }, 
                {
                    "id": "org.apache.hadoop.io.compress.zlib.ZlibCompressor"
                }
            ], 
            "partition25": [
                {
                    "id": "org.apache.hadoop.hdfs.server.namenode.ListPathsServlet"
                }, 
                {
                    "id": "org.apache.hadoop.io.ArrayWritable"
                }, 
                {
                    "id": "org.apache.hadoop.io.TwoDArrayWritable"
                }, 
                {
                    "id": "org.apache.hadoop.mapred.join.ArrayListBackedIterator"
                }, 
                {
                    "id": "org.apache.hadoop.mapred.join.ResetableIterator"
                }, 
                {
                    "id": "org.apache.hadoop.mapred.join.StreamBackedIterator"
                }
            ], 
            "partition26": [
                {
                    "id": "org.apache.hadoop.mapred.MRSortResultIterator"
                }, 
                {
                    "id": "org.apache.hadoop.util.HeapSort"
                }, 
                {
                    "id": "org.apache.hadoop.util.MergeSort"
                }, 
                {
                    "id": "org.apache.hadoop.util.QuickSort"
                }
            ], 
            "partition27": [
                {
                    "id": "org.apache.hadoop.fs.FSError"
                }, 
                {
                    "id": "org.apache.hadoop.fs.RawLocalFileSystem"
                }, 
                {
                    "id": "org.apache.hadoop.mapred.Child"
                }, 
                {
                    "id": "org.apache.hadoop.record.compiler.generated.TokenMgrError"
                }
            ], 
            "partition28": [
                {
                    "id": "org.apache.hadoop.io.FloatWritable"
                }, 
                {
                    "id": "org.apache.hadoop.record.compiler.JFloat"
                }
            ], 
            "partition29": [
                {
                    "id": "org.apache.hadoop.hdfs.server.common.InconsistentFSStateException"
                }, 
                {
                    "id": "org.apache.hadoop.hdfs.server.common.Storage"
                }, 
                {
                    "id": "org.apache.hadoop.hdfs.server.common.StorageInfo"
                }, 
                {
                    "id": "org.apache.hadoop.hdfs.server.datanode.DataStorage"
                }, 
                {
                    "id": "org.apache.hadoop.hdfs.server.namenode.CheckpointSignature"
                }, 
                {
                    "id": "org.apache.hadoop.hdfs.server.namenode.FSImage"
                }, 
                {
                    "id": "org.apache.hadoop.hdfs.server.namenode.GetImageServlet"
                }, 
                {
                    "id": "org.apache.hadoop.hdfs.server.namenode.TransferFsImage"
                }, 
                {
                    "id": "org.apache.hadoop.hdfs.server.protocol.NamespaceInfo"
                }
            ], 
            "partition30": [
                {
                    "id": "org.apache.hadoop.io.DataInputBuffer"
                }, 
                {
                    "id": "org.apache.hadoop.io.DataOutputBuffer"
                }, 
                {
                    "id": "org.apache.hadoop.io.InputBuffer"
                }, 
                {
                    "id": "org.apache.hadoop.io.OutputBuffer"
                }, 
                {
                    "id": "org.apache.hadoop.record.Buffer"
                }, 
                {
                    "id": "org.apache.hadoop.record.compiler.CodeBuffer"
                }, 
                {
                    "id": "org.apache.hadoop.record.compiler.JBuffer"
                }
            ], 
            "partition31": [
                {
                    "id": "org.apache.hadoop.fs.s3.Jets3tFileSystemStore"
                }, 
                {
                    "id": "org.apache.hadoop.fs.s3.S3Credentials"
                }, 
                {
                    "id": "org.apache.hadoop.fs.s3.S3Exception"
                }, 
                {
                    "id": "org.apache.hadoop.fs.s3.S3FileSystemException"
                }, 
                {
                    "id": "org.apache.hadoop.fs.s3native.FileMetadata"
                }, 
                {
                    "id": "org.apache.hadoop.fs.s3native.Jets3tNativeFileSystemStore"
                }, 
                {
                    "id": "org.apache.hadoop.fs.s3native.NativeFileSystemStore"
                }, 
                {
                    "id": "org.apache.hadoop.fs.s3native.NativeS3FileSystem"
                }, 
                {
                    "id": "org.apache.hadoop.fs.s3native.PartialListing"
                }
            ], 
            "partition32": [
                {
                    "id": "org.apache.hadoop.io.VersionedWritable"
                }, 
                {
                    "id": "org.apache.hadoop.ipc.VersionedProtocol"
                }
            ], 
            "partition33": [
                {
                    "id": "org.apache.hadoop.conf.Configured"
                }, 
                {
                    "id": "org.apache.hadoop.fs.ContentSummary"
                }, 
                {
                    "id": "org.apache.hadoop.fs.FsShell"
                }, 
                {
                    "id": "org.apache.hadoop.fs.FsShellPermissions"
                }, 
                {
                    "id": "org.apache.hadoop.fs.shell.Command"
                }, 
                {
                    "id": "org.apache.hadoop.fs.shell.CommandFormat"
                }, 
                {
                    "id": "org.apache.hadoop.fs.shell.Count"
                }, 
                {
                    "id": "org.apache.hadoop.hdfs.tools.DFSAdmin"
                }
            ], 
            "partition34": [
                {
                    "id": "org.apache.hadoop.io.LongWritable"
                }, 
                {
                    "id": "org.apache.hadoop.io.VLongWritable"
                }, 
                {
                    "id": "org.apache.hadoop.mapred.lib.LongSumReducer"
                }, 
                {
                    "id": "org.apache.hadoop.metrics.util.MetricsLongValue"
                }, 
                {
                    "id": "org.apache.hadoop.record.compiler.JLong"
                }
            ], 
            "partition35": [
                {
                    "id": "org.apache.hadoop.io.serializer.Deserializer"
                }, 
                {
                    "id": "org.apache.hadoop.io.serializer.DeserializerComparator"
                }
            ], 
            "partition36": [
                {
                    "id": "org.apache.hadoop.hdfs.server.namenode.FSNamesystem"
                }, 
                {
                    "id": "org.apache.hadoop.hdfs.server.namenode.Host2NodesMap"
                }, 
                {
                    "id": "org.apache.hadoop.hdfs.server.namenode.NameNode"
                }, 
                {
                    "id": "org.apache.hadoop.hdfs.server.namenode.SecondaryNameNode"
                }, 
                {
                    "id": "org.apache.hadoop.io.WritableName"
                }, 
                {
                    "id": "org.apache.hadoop.util.PlatformName"
                }
            ], 
            "partition37": [
                {
                    "id": "org.apache.hadoop.fs.shell.CommandUtils"
                }, 
                {
                    "id": "org.apache.hadoop.io.IOUtils"
                }, 
                {
                    "id": "org.apache.hadoop.io.MultipleIOException"
                }, 
                {
                    "id": "org.apache.hadoop.io.WritableUtils"
                }, 
                {
                    "id": "org.apache.hadoop.net.NetUtils"
                }, 
                {
                    "id": "org.apache.hadoop.net.SocketIOWithTimeout"
                }, 
                {
                    "id": "org.apache.hadoop.record.Utils"
                }, 
                {
                    "id": "org.apache.hadoop.record.meta.Utils"
                }, 
                {
                    "id": "org.apache.hadoop.util.ReflectionUtils"
                }, 
                {
                    "id": "org.apache.hadoop.util.StringUtils"
                }, 
                {
                    "id": "org.apache.hadoop.util.UTF8ByteArrayUtils"
                }, 
                {
                    "id": "org.apache.hadoop.util.XMLUtils"
                }
            ], 
            "partition38": [
                {
                    "id": "org.apache.hadoop.hdfs.protocol.ClientDatanodeProtocol"
                }, 
                {
                    "id": "org.apache.hadoop.hdfs.protocol.FSConstants"
                }, 
                {
                    "id": "org.apache.hadoop.hdfs.server.common.HdfsConstants"
                }, 
                {
                    "id": "org.apache.hadoop.hdfs.server.common.UpgradeManager"
                }, 
                {
                    "id": "org.apache.hadoop.hdfs.server.common.UpgradeObject"
                }, 
                {
                    "id": "org.apache.hadoop.hdfs.server.common.UpgradeObjectCollection"
                }, 
                {
                    "id": "org.apache.hadoop.hdfs.server.common.UpgradeStatusReport"
                }, 
                {
                    "id": "org.apache.hadoop.hdfs.server.common.Upgradeable"
                }, 
                {
                    "id": "org.apache.hadoop.hdfs.server.datanode.UpgradeManagerDatanode"
                }, 
                {
                    "id": "org.apache.hadoop.hdfs.server.datanode.UpgradeObjectDatanode"
                }, 
                {
                    "id": "org.apache.hadoop.hdfs.server.namenode.UpgradeManagerNamenode"
                }, 
                {
                    "id": "org.apache.hadoop.hdfs.server.namenode.UpgradeObjectNamenode"
                }, 
                {
                    "id": "org.apache.hadoop.hdfs.server.protocol.InterDatanodeProtocol"
                }, 
                {
                    "id": "org.apache.hadoop.hdfs.server.protocol.UpgradeCommand"
                }, 
                {
                    "id": "org.apache.hadoop.io.ObjectWritable"
                }
            ], 
            "partition39": [
                {
                    "id": "org.apache.hadoop.io.Text"
                }, 
                {
                    "id": "org.apache.hadoop.mapred.MapReduceBase"
                }, 
                {
                    "id": "org.apache.hadoop.mapred.Mapper"
                }, 
                {
                    "id": "org.apache.hadoop.mapred.Reporter"
                }, 
                {
                    "id": "org.apache.hadoop.mapred.lib.FieldSelectionMapReduce"
                }, 
                {
                    "id": "org.apache.hadoop.mapred.lib.IdentityMapper"
                }, 
                {
                    "id": "org.apache.hadoop.mapred.lib.IdentityReducer"
                }, 
                {
                    "id": "org.apache.hadoop.mapred.lib.InverseMapper"
                }, 
                {
                    "id": "org.apache.hadoop.mapred.lib.RegexMapper"
                }, 
                {
                    "id": "org.apache.hadoop.mapred.lib.TokenCountMapper"
                }
            ], 
            "partition40": [
                {
                    "id": "org.apache.hadoop.fs.FileUtil"
                }, 
                {
                    "id": "org.apache.hadoop.hdfs.DFSUtil"
                }, 
                {
                    "id": "org.apache.hadoop.hdfs.server.common.Util"
                }, 
                {
                    "id": "org.apache.hadoop.mapred.JSPUtil"
                }, 
                {
                    "id": "org.apache.hadoop.metrics.spi.Util"
                }, 
                {
                    "id": "org.apache.hadoop.metrics.util.MBeanUtil"
                }, 
                {
                    "id": "org.apache.hadoop.util.ServletUtil"
                }
            ], 
            "partition41": [
                {
                    "id": "org.apache.hadoop.fs.DU"
                }, 
                {
                    "id": "org.apache.hadoop.hdfs.server.datanode.FSDataset"
                }, 
                {
                    "id": "org.apache.hadoop.hdfs.server.datanode.FSDatasetInterface"
                }, 
                {
                    "id": "org.apache.hadoop.util.DiskChecker"
                }, 
                {
                    "id": "org.apache.hadoop.util.Shell"
                }
            ], 
            "partition42": [
                {
                    "id": "org.apache.hadoop.fs.s3.INode"
                }, 
                {
                    "id": "org.apache.hadoop.hdfs.protocol.AlreadyBeingCreatedException"
                }, 
                {
                    "id": "org.apache.hadoop.hdfs.protocol.QuotaExceededException"
                }, 
                {
                    "id": "org.apache.hadoop.hdfs.server.datanode.browseDirectory_jsp"
                }, 
                {
                    "id": "org.apache.hadoop.hdfs.server.namenode.CorruptReplicasMap"
                }, 
                {
                    "id": "org.apache.hadoop.hdfs.server.namenode.FSDirectory"
                }, 
                {
                    "id": "org.apache.hadoop.hdfs.server.namenode.INode"
                }, 
                {
                    "id": "org.apache.hadoop.hdfs.server.namenode.INodeDirectory"
                }, 
                {
                    "id": "org.apache.hadoop.hdfs.server.namenode.INodeDirectoryWithQuota"
                }, 
                {
                    "id": "org.apache.hadoop.hdfs.server.namenode.INodeFile"
                }, 
                {
                    "id": "org.apache.hadoop.hdfs.server.namenode.INodeFileUnderConstruction"
                }, 
                {
                    "id": "org.apache.hadoop.net.Node"
                }, 
                {
                    "id": "org.apache.hadoop.net.NodeBase"
                }, 
                {
                    "id": "org.apache.hadoop.util.HostsFileReader"
                }
            ], 
            "partition43": [
                {
                    "id": "org.apache.hadoop.filecache.DistributedCache"
                }, 
                {
                    "id": "org.apache.hadoop.fs.FsUrlConnection"
                }, 
                {
                    "id": "org.apache.hadoop.fs.FsUrlStreamHandler"
                }, 
                {
                    "id": "org.apache.hadoop.fs.FsUrlStreamHandlerFactory"
                }, 
                {
                    "id": "org.apache.hadoop.fs.GlobExpander"
                }, 
                {
                    "id": "org.apache.hadoop.fs.Path"
                }, 
                {
                    "id": "org.apache.hadoop.fs.PathFilter"
                }, 
                {
                    "id": "org.apache.hadoop.fs.kfs.IFSImpl"
                }, 
                {
                    "id": "org.apache.hadoop.fs.kfs.KFSImpl"
                }
            ], 
            "partition44": [
                {
                    "id": "org.apache.hadoop.io.BinaryComparable"
                }, 
                {
                    "id": "org.apache.hadoop.io.CompressedWritable"
                }, 
                {
                    "id": "org.apache.hadoop.io.Writable"
                }, 
                {
                    "id": "org.apache.hadoop.io.WritableComparable"
                }, 
                {
                    "id": "org.apache.hadoop.mapred.pipes.Application"
                }, 
                {
                    "id": "org.apache.hadoop.mapred.pipes.BinaryProtocol"
                }, 
                {
                    "id": "org.apache.hadoop.mapred.pipes.DownwardProtocol"
                }, 
                {
                    "id": "org.apache.hadoop.mapred.pipes.UpwardProtocol"
                }
            ], 
            "partition45": [
                {
                    "id": "org.apache.hadoop.io.serializer.JavaSerialization"
                }, 
                {
                    "id": "org.apache.hadoop.io.serializer.JavaSerializationComparator"
                }, 
                {
                    "id": "org.apache.hadoop.io.serializer.Serialization"
                }, 
                {
                    "id": "org.apache.hadoop.io.serializer.SerializationFactory"
                }, 
                {
                    "id": "org.apache.hadoop.io.serializer.WritableSerialization"
                }
            ], 
            "partition46": [
                {
                    "id": "org.apache.hadoop.hdfs.server.datanode.metrics.DataNodeMetrics"
                }, 
                {
                    "id": "org.apache.hadoop.hdfs.server.datanode.metrics.DataNodeStatistics"
                }, 
                {
                    "id": "org.apache.hadoop.hdfs.server.namenode.metrics.FSNamesystemMetrics"
                }, 
                {
                    "id": "org.apache.hadoop.hdfs.server.namenode.metrics.NameNodeMetrics"
                }, 
                {
                    "id": "org.apache.hadoop.hdfs.server.namenode.metrics.NameNodeStatistics"
                }, 
                {
                    "id": "org.apache.hadoop.ipc.RPC"
                }, 
                {
                    "id": "org.apache.hadoop.ipc.metrics.RpcMetrics"
                }, 
                {
                    "id": "org.apache.hadoop.ipc.metrics.RpcMgt"
                }, 
                {
                    "id": "org.apache.hadoop.mapred.JobTrackerMetricsInst"
                }, 
                {
                    "id": "org.apache.hadoop.metrics.ContextFactory"
                }, 
                {
                    "id": "org.apache.hadoop.metrics.MetricsContext"
                }, 
                {
                    "id": "org.apache.hadoop.metrics.MetricsException"
                }, 
                {
                    "id": "org.apache.hadoop.metrics.MetricsRecord"
                }, 
                {
                    "id": "org.apache.hadoop.metrics.MetricsUtil"
                }, 
                {
                    "id": "org.apache.hadoop.metrics.Updater"
                }, 
                {
                    "id": "org.apache.hadoop.metrics.ganglia.GangliaContext"
                }, 
                {
                    "id": "org.apache.hadoop.metrics.jvm.JvmMetrics"
                }, 
                {
                    "id": "org.apache.hadoop.metrics.spi.AbstractMetricsContext"
                }, 
                {
                    "id": "org.apache.hadoop.metrics.spi.MetricValue"
                }, 
                {
                    "id": "org.apache.hadoop.metrics.spi.MetricsRecordImpl"
                }, 
                {
                    "id": "org.apache.hadoop.metrics.spi.NullContext"
                }, 
                {
                    "id": "org.apache.hadoop.metrics.spi.NullContextWithUpdateThread"
                }, 
                {
                    "id": "org.apache.hadoop.metrics.util.MetricsTimeVaryingInt"
                }, 
                {
                    "id": "org.apache.hadoop.metrics.util.MetricsTimeVaryingRate"
                }
            ], 
            "partition47": [
                {
                    "id": "org.apache.hadoop.io.GenericWritable"
                }, 
                {
                    "id": "org.apache.hadoop.mapred.join.Parser"
                }, 
                {
                    "id": "org.apache.hadoop.util.GenericOptionsParser"
                }, 
                {
                    "id": "org.apache.hadoop.util.GenericsUtil"
                }
            ], 
            "partition48": [
                {
                    "id": "org.apache.hadoop.io.SortedMapWritable"
                }, 
                {
                    "id": "org.apache.hadoop.mapred.IsolationRunner"
                }, 
                {
                    "id": "org.apache.hadoop.mapred.MapTaskStatus"
                }, 
                {
                    "id": "org.apache.hadoop.mapred.ReduceTaskStatus"
                }, 
                {
                    "id": "org.apache.hadoop.mapred.ResourceEstimator"
                }, 
                {
                    "id": "org.apache.hadoop.mapred.SortedRanges"
                }, 
                {
                    "id": "org.apache.hadoop.mapred.TaskID"
                }, 
                {
                    "id": "org.apache.hadoop.mapred.TaskInProgress"
                }, 
                {
                    "id": "org.apache.hadoop.mapred.TaskReport"
                }, 
                {
                    "id": "org.apache.hadoop.mapred.TaskStatus"
                }
            ], 
            "partition49": [
                {
                    "id": "org.apache.hadoop.hdfs.server.namenode.LeaseExpiredException"
                }, 
                {
                    "id": "org.apache.hadoop.hdfs.server.namenode.LeaseManager"
                }, 
                {
                    "id": "org.apache.hadoop.hdfs.server.namenode.SerialNumberManager"
                }, 
                {
                    "id": "org.apache.hadoop.mapred.JvmManager"
                }, 
                {
                    "id": "org.apache.hadoop.mapred.QueueManager"
                }, 
                {
                    "id": "org.apache.hadoop.mapred.RamManager"
                }, 
                {
                    "id": "org.apache.hadoop.mapred.TaskMemoryManagerThread"
                }
            ], 
            "partition50": [
                {
                    "id": "org.apache.hadoop.mapred.ID"
                }, 
                {
                    "id": "org.apache.hadoop.mapred.JVMId"
                }, 
                {
                    "id": "org.apache.hadoop.record.meta.FieldTypeInfo"
                }, 
                {
                    "id": "org.apache.hadoop.record.meta.MapTypeID"
                }, 
                {
                    "id": "org.apache.hadoop.record.meta.RecordTypeInfo"
                }, 
                {
                    "id": "org.apache.hadoop.record.meta.StructTypeID"
                }, 
                {
                    "id": "org.apache.hadoop.record.meta.TypeID"
                }, 
                {
                    "id": "org.apache.hadoop.record.meta.VectorTypeID"
                }
            ], 
            "partition51": [
                {
                    "id": "org.apache.hadoop.mapred.IndexCache"
                }, 
                {
                    "id": "org.apache.hadoop.mapred.IndexRecord"
                }, 
                {
                    "id": "org.apache.hadoop.mapred.KeyValueLineRecordReader"
                }, 
                {
                    "id": "org.apache.hadoop.mapred.LineRecordReader"
                }, 
                {
                    "id": "org.apache.hadoop.mapred.RecordReader"
                }, 
                {
                    "id": "org.apache.hadoop.mapred.RecordWriter"
                }, 
                {
                    "id": "org.apache.hadoop.mapred.SkipBadRecords"
                }, 
                {
                    "id": "org.apache.hadoop.mapred.join.ComposableRecordReader"
                }, 
                {
                    "id": "org.apache.hadoop.mapred.join.CompositeRecordReader"
                }, 
                {
                    "id": "org.apache.hadoop.mapred.join.InnerJoinRecordReader"
                }, 
                {
                    "id": "org.apache.hadoop.mapred.join.JoinRecordReader"
                }, 
                {
                    "id": "org.apache.hadoop.mapred.join.MultiFilterRecordReader"
                }, 
                {
                    "id": "org.apache.hadoop.mapred.join.OuterJoinRecordReader"
                }, 
                {
                    "id": "org.apache.hadoop.mapred.join.OverrideRecordReader"
                }, 
                {
                    "id": "org.apache.hadoop.mapred.join.TupleWritable"
                }, 
                {
                    "id": "org.apache.hadoop.mapred.join.WrappedRecordReader"
                }, 
                {
                    "id": "org.apache.hadoop.record.BinaryRecordInput"
                }, 
                {
                    "id": "org.apache.hadoop.record.BinaryRecordOutput"
                }, 
                {
                    "id": "org.apache.hadoop.record.CsvRecordInput"
                }, 
                {
                    "id": "org.apache.hadoop.record.CsvRecordOutput"
                }, 
                {
                    "id": "org.apache.hadoop.record.Index"
                }, 
                {
                    "id": "org.apache.hadoop.record.Record"
                }, 
                {
                    "id": "org.apache.hadoop.record.RecordComparator"
                }, 
                {
                    "id": "org.apache.hadoop.record.RecordInput"
                }, 
                {
                    "id": "org.apache.hadoop.record.RecordOutput"
                }, 
                {
                    "id": "org.apache.hadoop.record.XmlRecordInput"
                }, 
                {
                    "id": "org.apache.hadoop.record.XmlRecordOutput"
                }, 
                {
                    "id": "org.apache.hadoop.record.compiler.JRecord"
                }, 
                {
                    "id": "org.apache.hadoop.util.LineReader"
                }
            ], 
            "partition52": [
                {
                    "id": "org.apache.hadoop.io.BooleanWritable"
                }, 
                {
                    "id": "org.apache.hadoop.record.compiler.JBoolean"
                }
            ], 
            "partition53": [
                {
                    "id": "org.apache.hadoop.io.DoubleWritable"
                }, 
                {
                    "id": "org.apache.hadoop.record.compiler.JDouble"
                }
            ], 
            "partition54": [
                {
                    "id": "org.apache.hadoop.fs.DF"
                }, 
                {
                    "id": "org.apache.hadoop.fs.LocalDirAllocator"
                }, 
                {
                    "id": "org.apache.hadoop.hdfs.tools.DFSck"
                }
            ], 
            "partition55": [
                {
                    "id": "org.apache.hadoop.io.compress.CodecPool"
                }, 
                {
                    "id": "org.apache.hadoop.io.compress.CompressionCodec"
                }, 
                {
                    "id": "org.apache.hadoop.io.compress.CompressionCodecFactory"
                }, 
                {
                    "id": "org.apache.hadoop.io.compress.DefaultCodec"
                }, 
                {
                    "id": "org.apache.hadoop.io.compress.GzipCodec"
                }, 
                {
                    "id": "org.apache.hadoop.mapred.Merger"
                }, 
                {
                    "id": "org.apache.hadoop.mapred.RawKeyValueIterator"
                }, 
                {
                    "id": "org.apache.hadoop.util.PriorityQueue"
                }, 
                {
                    "id": "org.apache.hadoop.util.Progress"
                }, 
                {
                    "id": "org.apache.hadoop.util.Progressable"
                }
            ], 
            "partition56": [
                {
                    "id": "org.apache.hadoop.util.PrintJarMainClass"
                }, 
                {
                    "id": "org.apache.hadoop.util.RunJar"
                }
            ], 
            "partition57": [
                {
                    "id": "org.apache.hadoop.fs.ChecksumException"
                }, 
                {
                    "id": "org.apache.hadoop.hdfs.server.datanode.DataNode"
                }, 
                {
                    "id": "org.apache.hadoop.hdfs.server.datanode.DataXceiver"
                }, 
                {
                    "id": "org.apache.hadoop.hdfs.server.datanode.DataXceiverServer"
                }, 
                {
                    "id": "org.apache.hadoop.util.Daemon"
                }, 
                {
                    "id": "org.apache.hadoop.util.DataChecksum"
                }
            ], 
            "partition58": [
                {
                    "id": "org.apache.hadoop.hdfs.server.common.GenerationStamp"
                }, 
                {
                    "id": "org.apache.hadoop.io.WritableFactories"
                }, 
                {
                    "id": "org.apache.hadoop.io.WritableFactory"
                }
            ], 
            "partition59": [
                {
                    "id": "org.apache.hadoop.hdfs.protocol.DatanodeID"
                }, 
                {
                    "id": "org.apache.hadoop.hdfs.protocol.DatanodeInfo"
                }, 
                {
                    "id": "org.apache.hadoop.hdfs.protocol.UnregisteredDatanodeException"
                }, 
                {
                    "id": "org.apache.hadoop.hdfs.server.namenode.DatanodeDescriptor"
                }, 
                {
                    "id": "org.apache.hadoop.hdfs.server.namenode.ReplicationTargetChooser"
                }, 
                {
                    "id": "org.apache.hadoop.hdfs.server.protocol.DatanodeCommand"
                }, 
                {
                    "id": "org.apache.hadoop.hdfs.server.protocol.DatanodeProtocol"
                }, 
                {
                    "id": "org.apache.hadoop.hdfs.server.protocol.DatanodeRegistration"
                }, 
                {
                    "id": "org.apache.hadoop.hdfs.server.protocol.DisallowedDatanodeException"
                }
            ], 
            "partition60": [
                {
                    "id": "org.apache.hadoop.conf.Configurable"
                }, 
                {
                    "id": "org.apache.hadoop.mapred.HeartbeatResponse"
                }, 
                {
                    "id": "org.apache.hadoop.net.SocksSocketFactory"
                }
            ], 
            "partition61": [
                {
                    "id": "org.apache.hadoop.fs.Syncable"
                }, 
                {
                    "id": "org.apache.hadoop.hdfs.DFSClient"
                }, 
                {
                    "id": "org.apache.hadoop.hdfs.protocol.ClientProtocol"
                }, 
                {
                    "id": "org.apache.hadoop.hdfs.server.balancer.Balancer"
                }, 
                {
                    "id": "org.apache.hadoop.hdfs.server.namenode.DfsServlet"
                }, 
                {
                    "id": "org.apache.hadoop.hdfs.server.namenode.JspHelper"
                }, 
                {
                    "id": "org.apache.hadoop.io.retry.RetryInvocationHandler"
                }, 
                {
                    "id": "org.apache.hadoop.io.retry.RetryPolicies"
                }, 
                {
                    "id": "org.apache.hadoop.io.retry.RetryPolicy"
                }, 
                {
                    "id": "org.apache.hadoop.io.retry.RetryProxy"
                }, 
                {
                    "id": "org.apache.hadoop.ipc.Client"
                }, 
                {
                    "id": "org.apache.hadoop.ipc.RemoteException"
                }, 
                {
                    "id": "org.apache.hadoop.security.UnixUserGroupInformation"
                }, 
                {
                    "id": "org.apache.hadoop.security.UserGroupInformation"
                }
            ], 
            "partition62": [
                {
                    "id": "org.apache.hadoop.mapred.lib.KeyFieldBasedComparator"
                }, 
                {
                    "id": "org.apache.hadoop.mapred.lib.KeyFieldBasedPartitioner"
                }, 
                {
                    "id": "org.apache.hadoop.mapred.lib.KeyFieldHelper"
                }, 
                {
                    "id": "org.apache.hadoop.record.compiler.JField"
                }
            ], 
            "partition63": [
                {
                    "id": "org.apache.hadoop.mapred.Counters"
                }, 
                {
                    "id": "org.apache.hadoop.metrics.jvm.EventCounter"
                }
            ], 
            "partition64": [
                {
                    "id": "org.apache.hadoop.mapred.jobconf_005fhistory_jsp"
                }, 
                {
                    "id": "org.apache.hadoop.mapred.jobconf_jsp"
                }
            ], 
            "partition65": [
                {
                    "id": "org.apache.hadoop.mapred.ClusterStatus"
                }, 
                {
                    "id": "org.apache.hadoop.mapred.CompletedJobStatusStore"
                }, 
                {
                    "id": "org.apache.hadoop.mapred.DefaultJobHistoryParser"
                }, 
                {
                    "id": "org.apache.hadoop.mapred.HistoryViewer"
                }, 
                {
                    "id": "org.apache.hadoop.mapred.InvalidJobConfException"
                }, 
                {
                    "id": "org.apache.hadoop.mapred.JobChangeEvent"
                }, 
                {
                    "id": "org.apache.hadoop.mapred.JobClient"
                }, 
                {
                    "id": "org.apache.hadoop.mapred.JobConfigurable"
                }, 
                {
                    "id": "org.apache.hadoop.mapred.JobContext"
                }, 
                {
                    "id": "org.apache.hadoop.mapred.JobEndNotifier"
                }, 
                {
                    "id": "org.apache.hadoop.mapred.JobHistory"
                }, 
                {
                    "id": "org.apache.hadoop.mapred.JobID"
                }, 
                {
                    "id": "org.apache.hadoop.mapred.JobInProgress"
                }, 
                {
                    "id": "org.apache.hadoop.mapred.JobInProgressListener"
                }, 
                {
                    "id": "org.apache.hadoop.mapred.JobPriority"
                }, 
                {
                    "id": "org.apache.hadoop.mapred.JobProfile"
                }, 
                {
                    "id": "org.apache.hadoop.mapred.JobQueueClient"
                }, 
                {
                    "id": "org.apache.hadoop.mapred.JobQueueInfo"
                }, 
                {
                    "id": "org.apache.hadoop.mapred.JobQueueJobInProgressListener"
                }, 
                {
                    "id": "org.apache.hadoop.mapred.JobShell"
                }, 
                {
                    "id": "org.apache.hadoop.mapred.JobStatus"
                }, 
                {
                    "id": "org.apache.hadoop.mapred.JobStatusChangeEvent"
                }, 
                {
                    "id": "org.apache.hadoop.mapred.JobSubmissionProtocol"
                }, 
                {
                    "id": "org.apache.hadoop.mapred.JobTracker"
                }, 
                {
                    "id": "org.apache.hadoop.mapred.JobTrackerInstrumentation"
                }, 
                {
                    "id": "org.apache.hadoop.mapred.KillJobAction"
                }, 
                {
                    "id": "org.apache.hadoop.mapred.LocalJobRunner"
                }, 
                {
                    "id": "org.apache.hadoop.mapred.RunningJob"
                }, 
                {
                    "id": "org.apache.hadoop.mapred.jobcontrol.Job"
                }, 
                {
                    "id": "org.apache.hadoop.mapred.jobcontrol.JobControl"
                }
            ], 
            "partition66": [
                {
                    "id": "org.apache.hadoop.io.compress.BZip2Codec"
                }, 
                {
                    "id": "org.apache.hadoop.io.compress.bzip2.BZip2Constants"
                }, 
                {
                    "id": "org.apache.hadoop.io.compress.bzip2.CBZip2InputStream"
                }, 
                {
                    "id": "org.apache.hadoop.io.compress.bzip2.CBZip2OutputStream"
                }, 
                {
                    "id": "org.apache.hadoop.io.compress.bzip2.CRC"
                }
            ], 
            "unobserved": [
                {
                    "id": "org.apache.hadoop.mapred.jobhistory_jsp"
                }, 
                {
                    "id": "org.apache.hadoop.mapred.machines_jsp"
                }, 
                {
                    "id": "org.apache.hadoop.mapred.taskstats_jsp"
                }, 
                {
                    "id": "org.apache.hadoop.mapred.jobdetailshistory_jsp"
                }, 
                {
                    "id": "org.apache.hadoop.mapred.jobqueue_005fdetails_jsp"
                }, 
                {
                    "id": "org.apache.hadoop.util.ProgramDriver"
                }, 
                {
                    "id": "org.apache.hadoop.hdfs.server.namenode.nn_005fbrowsedfscontent_jsp"
                }, 
                {
                    "id": "org.apache.hadoop.mapred.taskdetails_jsp"
                }, 
                {
                    "id": "org.apache.hadoop.mapred.jobtracker_jsp"
                }, 
                {
                    "id": "org.apache.hadoop.mapred.jobtaskshistory_jsp"
                }, 
                {
                    "id": "org.apache.hadoop.mapred.jobblacklistedtrackers_jsp"
                }, 
                {
                    "id": "org.apache.hadoop.mapred.analysejobhistory_jsp"
                }, 
                {
                    "id": "org.apache.hadoop.hdfs.server.datanode.tail_jsp"
                }, 
                {
                    "id": "org.apache.hadoop.hdfs.server.namenode.dfshealth_jsp"
                }, 
                {
                    "id": "org.apache.hadoop.mapred.jobfailures_jsp"
                }, 
                {
                    "id": "org.apache.hadoop.mapred.jobdetails_jsp"
                }, 
                {
                    "id": "org.apache.hadoop.mapred.taskdetailshistory_jsp"
                }, 
                {
                    "id": "org.apache.hadoop.mapred.loadhistory_jsp"
                }, 
                {
                    "id": "org.apache.hadoop.mapred.jobtasks_jsp"
                }, 
                {
                    "id": "org.apache.hadoop.mapred.tasktracker_jsp"
                }, 
                {
                    "id": "org.apache.hadoop.net.StandardSocketFactory"
                }
            ]
        }
    }
}
