,method,stmtLineNumber,stmt
0,<de.ecspride.ApplicationLifecyle1: void onCreate()>,-1,$r3 = virtualinvoke r2.<android.telephony.TelephonyManager: java.lang.String getDeviceId()>()
1,<de.ecspride.ApplicationLifecyle1: void onCreate()>,-1,<de.ecspride.ApplicationLifecyle1: java.lang.String imei> = $r3
2,<de.ecspride.ApplicationLifecyle1: void onCreate()>,-1,return
3,<dummyMainClass: void dummyMainMethod(java.lang.String[])>,-1,staticinvoke <dummyMainClass: de.ecspride.MainActivity dummyMainMethod_de_ecspride_MainActivity(android.content.Intent)>(null)
4,<dummyMainClass: de.ecspride.MainActivity dummyMainMethod_de_ecspride_MainActivity(android.content.Intent)>,-1,virtualinvoke $r0.<de.ecspride.MainActivity: void onResume()>()
5,<de.ecspride.MainActivity: void onResume()>,-1,$r1 = <de.ecspride.ApplicationLifecyle1: java.lang.String imei>
6,<de.ecspride.MainActivity: void onResume()>,-1,"virtualinvoke $r2.<android.telephony.SmsManager: void sendTextMessage(java.lang.String,java.lang.String,java.lang.String,android.app.PendingIntent,android.app.PendingIntent)>(""+49 1234"", null, $r1, null, null)"
