{"onClick(Landroid\/view\/View;)V":{"1":"    iget-object p1, p0, Ledu\/mit\/string_formatter\/MainActivity$1;->this$0:Ledu\/mit\/string_formatter\/MainActivity;","2":"    const-string v0, \"phone\"","3":"    invoke-virtual {p1, v0}, Ledu\/mit\/string_formatter\/MainActivity;->getSystemService(Ljava\/lang\/String;)Ljava\/lang\/Object;","4":"    move-result-object p1","5":"    check-cast p1, Landroid\/telephony\/TelephonyManager;","6":"    invoke-virtual {p1}, Landroid\/telephony\/TelephonyManager;->getDeviceId()Ljava\/lang\/String;","7":"    move-result-object p1","8":"    new-instance v0, Ljava\/lang\/StringBuffer;","9":"    invoke-direct {v0}, Ljava\/lang\/StringBuffer;-><init>()V","10":"    new-instance v1, Ljava\/util\/Formatter;","11":"    invoke-direct {v1, v0}, Ljava\/util\/Formatter;-><init>(Ljava\/lang\/Appendable;)V","12":"    const\/4 v2, 0x1","13":"    new-array v2, v2, [Ljava\/lang\/Object;","14":"    const\/4 v3, 0x0","15":"    aput-object p1, v2, v3","16":"    const-string p1, \"%s\"","17":"    invoke-virtual {v1, p1, v2}, Ljava\/util\/Formatter;->format(Ljava\/lang\/String;[Ljava\/lang\/Object;)Ljava\/util\/Formatter;","18":"    invoke-virtual {v1}, Ljava\/util\/Formatter;->close()V","19":"    invoke-virtual {v0}, Ljava\/lang\/StringBuffer;->toString()Ljava\/lang\/String;","20":"    move-result-object p1","21":"    const-string v0, \"DroidBench\"","22":"    invoke-static {v0, p1}, Landroid\/util\/Log;->i(Ljava\/lang\/String;Ljava\/lang\/String;)I","23":"    return-void"},"<init>(Ledu\/mit\/string_formatter\/MainActivity;)V":{"1":"    iput-object p1, p0, Ledu\/mit\/string_formatter\/MainActivity$1;->this$0:Ledu\/mit\/string_formatter\/MainActivity;","2":"    invoke-direct {p0}, Ljava\/lang\/Object;-><init>()V","3":"    return-void"}}