{"tool": {"decomposition": {"partition0": [{"id": "Visit"}, {"id": "VisitController"}], "partition1": [{"id": "NamedEntity"}], "partition2": [{"id": "BaseEntity"}, {"id": "Vet"}, {"id": "Specialty"}, {"id": "Vets"}, {"id": "VetController"}], "partition3": [{"id": "Pet"}, {"id": "PetClinicApplication"}, {"id": "PetController"}, {"id": "PetTypeFormatter"}, {"id": "PetValidator"}, {"id": "PetType"}], "partition4": [{"id": "Owner"}, {"id": "OwnerController"}, {"id": "Person"}], "partition5": [{"id": "WelcomeController"}], "partition6": [{"id": "CrashController"}]}}}