{
    "smpl.ordering.Utility": 1.0,
    "smpl.ordering.PropertyHelper": 0.91,
    "smpl.ordering.repositories.RepositoryFactory": 0.72,
    "smpl.ordering.controllers.DealerController": 0.51,
    "smpl.ordering.OrderingConfiguration": 0.47,
    "eu.infomas.annotation.AnnotationDetector": 0.4,
    "smpl.ordering.controllers.OrderController": 0.39,
    "smpl.ordering.controllers.ShipmentController": 0.39,
    "smpl.ordering.controllers.QuoteController": 0.39,
    "smpl.ordering.controllers.CatalogController": 0.39,
    "smpl.ordering.BadRequestException": 0.34,
    "smpl.ordering.ConflictingRequestException": 0.34,
    "smpl.ordering.repositories.mock.MockQuoteRepository": 0.29,
    "smpl.ordering.repositories.mongodb.MongoQuoteRepository": 0.28,
    "smpl.ordering.repositories.mock.MockOrderRepository": 0.27,
    "smpl.ordering.repositories.mongodb.MongoOrderRepository": 0.26,
    "eu.infomas.annotation.ClassFileIterator": 0.19,
    "smpl.ordering.models.CatalogItem": 0.06,
    "smpl.ordering.models.DeliveryAddress": 0.05,
    "smpl.ordering.models.Quote": 0.04,
    "smpl.ordering.models.DealerInfo": 0.04,
    "smpl.ordering.models.ShipmentRecord": 0.02,
    "smpl.ordering.models.ShipmentEventInfo": 0.02,
    "smpl.ordering.models.Order": 0.02,
    "eu.infomas.annotation.FileIterator": 0.02,
    "smpl.ordering.models.Delivery": 0.02,
    "eu.infomas.annotation.ZipFileIterator": 0.01,
    "eu.infomas.annotation.ClassFileBuffer": 0.01,
    "smpl.ordering.models.OrderUpdateInfo": 0.01,
    "smpl.ordering.repositories.mongodb.models.CatalogItem": 0.0,
    "smpl.ordering.repositories.mongodb.models.Dealer": 0.0,
    "smpl.ordering.models.QuoteItemInfo": 0.0,
    "smpl.ordering.models.OrderEventInfo": 0.0,
    "smpl.ordering.repositories.mock.MockCatalogItemsRepository": 0.0,
    "smpl.ordering.repositories.mongodb.models.OrderDetails": 0.0,
    "smpl.ordering.repositories.mongodb.models.ShipmentDetails": 0.0,
    "smpl.ordering.controllers.PingController": 0.0,
    "smpl.ordering.repositories.mongodb.MongoCatalogItemsRepository": 0.0,
    "smpl.ordering.repositories.mongodb.MongoShipmentRepository": 0.0,
    "smpl.ordering.repositories.mongodb.models.QuoteDetails": 0.0,
    "smpl.ordering.repositories.mock.MockShipmentRepository": 0.0,
    "smpl.ordering.repositories.mongodb.MongoDealersRepository": 0.0,
    "smpl.ordering.repositories.mock.MockDealersRepository": 0.0,
    "smpl.ordering.repositories.mongodb.MongoOperationsWithRetry": 0.0
}