{"tool": {"decomposition": {"account": [{"id": "AbstractActionBean"}, {"id": "Account"}, {"id": "AccountActionBean"}, {"id": "AccountMapper"}, {"id": "AccountService"}], "order": [{"id": "AbstractActionBean"}, {"id": "Cart"}, {"id": "CartItem"}, {"id": "LineItem"}, {"id": "LineItemMapper"}, {"id": "Order"}, {"id": "OrderActionBean"}, {"id": "OrderMapper"}, {"id": "OrderService"}, {"id": "Sequence"}, {"id": "SequenceMapper"}], "catalog": [{"id": "AbstractActionBean"}, {"id": "CartActionBean"}, {"id": "CategoryMapper"}, {"id": "CatalogActionBean"}, {"id": "CatalogService"}, {"id": "Category"}, {"id": "Item"}, {"id": "ItemMapper"}, {"id": "Product"}, {"id": "ProductMapper"}]}}}