{
  "tool": {
    "decomposition": {
      "cluster0": [
        {
          "id": "OrderActionBean"
        },
        {
          "id": "OrderService"
        },
        {
          "id": "LineItemMapper"
        },
        {
          "id": "OrderMapper"
        },
        {
          "id": "SequenceMapper"
        },
        {
          "id": "LineItem"
        },
        {
          "id": "Order"
        },
        {
          "id": "Sequence"
        },
        {
          "id": "CartItem"
        },
        {
          "id": "Cart"
        }
      ],
      "cluster1": [
        {
          "id": "CartActionBean"
        },
        {
          "id": "CatalogActionBean"
        },
        {
          "id": "CatalogService"
        },
        {
          "id": "CategoryMapper"
        },
        {
          "id": "ItemMapper"
        },
        {
          "id": "ProductMapper"
        },
        {
          "id": "Category"
        },
        {
          "id": "Item"
        },
        {
          "id": "Product"
        }
      ],
      "cluster2": [
        {
          "id": "AccountActionBean"
        },
        {
          "id": "AccountService"
        },
        {
          "id": "AccountMapper"
        },
        {
          "id": "Account"
        }
      ]
    }
  }
}