{
    "tool": {
        "decomposition": {
            "account": [
                {
                    "id": "AbstractActionBean"
                },
                {
                    "id": "AccountActionBean"
                },
                {
                    "id": "AccountMapper"
                },
                {
                    "id": "AccountService"
                },
                {
                    "id": "Account"
                }
            ],
            "order": [
                {
                    "id": "AbstractActionBean"
                },
                {
                    "id": "OrderService"
                },
                {
                    "id": "OrderActionBean"
                },
                {
                    "id": "Order"
                },
                {
                    "id": "OrderMapper"
                },
                {
                    "id": "SequenceMapper"
                },
                {
                    "id": "Cart"
                },
                {
                    "id": "LineItem"
                },
                {
                    "id": "Sequence"
                },
                {
                    "id": "CartItem"
                },
                {
                    "id": "LineItemMapper"
                }
            ],
            "catalog": [
                {
                    "id": "AbstractActionBean"
                },
                {
                    "id": "Category"
                },
                {
                    "id": "CatalogActionBean"
                },
                {
                    "id": "CartActionBean"
                },
                {
                    "id": "ProductMapper"
                },
                {
                    "id": "CatalogService"
                },
                {
                    "id": "Product"
                },
                {
                    "id": "CategoryMapper"
                },
                {
                    "id": "Item"
                },
                {
                    "id": "ItemMapper"
                }
            ],
            "UNOBSERVED": []
        }
    }
}