{"partition1": [{"id": "LoginUtils.LoginUtils"}, {"id": "LoginUtils.createEmpty"}, {"id": "LoginUtils.isEmpty"}, {"id": "LoginUtils.isUserRegistered"}, {"id": "RegistrationUtils.RegistrationUtils"}, {"id": "RegistrationUtils.createEmpty"}, {"id": "RegistrationUtils.isEmpty"}, {"id": "RegistrationUtils.isPasswordGood"}, {"id": "RegistrationUtils.isUserInDatabase"}, {"id": "RegistrationUtils.processRegistration"}, {"id": "RegistrationUtils.saveToDatabase"}, {"id": "LibraryUtils.LibraryUtils"}, {"id": "LibraryUtils.createEmpty"}, {"id": "LibraryUtils.createLoan"}, {"id": "LibraryUtils.deleteBook"}, {"id": "LibraryUtils.deleteBorrower"}, {"id": "LibraryUtils.isEmpty"}, {"id": "LibraryUtils.lendBook"}, {"id": "LibraryUtils.listAllBooks"}, {"id": "LibraryUtils.listAllBorrowers"}, {"id": "LibraryUtils.listAvailableBooks"}, {"id": "LibraryUtils.registerBook"}, {"id": "LibraryUtils.registerBorrower"}, {"id": "LibraryUtils.saveNewBook"}, {"id": "LibraryUtils.saveNewBorrower"}, {"id": "LibraryUtils.searchForBookById"}, {"id": "LibraryUtils.searchForBookByTitle"}, {"id": "LibraryUtils.searchForBorrowerById"}, {"id": "LibraryUtils.searchForBorrowerByName"}, {"id": "LibraryUtils.searchForLoanByBook"}, {"id": "LibraryUtils.searchForLoanByBorrower"}, {"id": "PersistenceLayer.PersistenceLayer"}, {"id": "PersistenceLayer.areCredentialsValid"}, {"id": "PersistenceLayer.bytesToHex"}, {"id": "PersistenceLayer.cleanAndMigrateDatabase"}, {"id": "PersistenceLayer.cleanDatabase"}, {"id": "PersistenceLayer.configureFlyway"}, {"id": "PersistenceLayer.createEmpty"}, {"id": "PersistenceLayer.createExtractor"}, {"id": "PersistenceLayer.createHashedValueFromPassword"}, {"id": "PersistenceLayer.createLoan"}, {"id": "PersistenceLayer.deleteBook"}, {"id": "PersistenceLayer.deleteBorrower"}, {"id": "PersistenceLayer.executeInsertOnPreparedStatement"}, {"id": "PersistenceLayer.executeInsertTemplate"}, {"id": "PersistenceLayer.executeUpdateOnPreparedStatement"}, {"id": "PersistenceLayer.executeUpdateTemplate"}, {"id": "PersistenceLayer.getBorrowerName"}, {"id": "PersistenceLayer.isEmpty"}, {"id": "PersistenceLayer.listAllBooks"}, {"id": "PersistenceLayer.listAllBorrowers"}, {"id": "PersistenceLayer.listAvailableBooks"}, {"id": "PersistenceLayer.listBooks"}, {"id": "PersistenceLayer.migrateDatabase"}, {"id": "PersistenceLayer.obtainConnectionPool"}, {"id": "PersistenceLayer.prepareStatementWithKeys"}, {"id": "PersistenceLayer.runBackup"}, {"id": "PersistenceLayer.runQuery"}, {"id": "PersistenceLayer.runRestore"}, {"id": "PersistenceLayer.saveNewBook"}, {"id": "PersistenceLayer.saveNewBorrower"}, {"id": "PersistenceLayer.saveNewUser"}, {"id": "PersistenceLayer.searchBooksById"}, {"id": "PersistenceLayer.searchBooksByTitle"}, {"id": "PersistenceLayer.searchBorrowerDataByName"}, {"id": "PersistenceLayer.searchBorrowersById"}, {"id": "PersistenceLayer.searchForLoanByBook"}, {"id": "PersistenceLayer.searchForLoanByBorrower"}, {"id": "PersistenceLayer.searchForUserByName"}, {"id": "PersistenceLayer.throwingFunctionWrapper"}, {"id": "PersistenceLayer.updateBorrower"}, {"id": "PersistenceLayer.updateUserWithPassword"}], "partition0": [{"id": "LoginServlet.LoginServlet"}, {"id": "LoginServlet.doPost"}, {"id": "RegisterServlet.RegisterServlet"}, {"id": "RegisterServlet.doPost"}, {"id": "RegisterServlet.forwardToResult"}, {"id": "RegistrationResult.RegistrationResult"}, {"id": "RegistrationResult.createEmpty"}, {"id": "RegistrationResult.equals"}, {"id": "RegistrationResult.hashCode"}, {"id": "RegistrationResult.isEmpty"}, {"id": "RegistrationResult.toPrettyString"}, {"id": "RegistrationResult.toString"}, {"id": "ServletUtils.ServletUtils"}, {"id": "ServletUtils.forwardToRestfulResult"}, {"id": "ServletUtils.forwardToResult"}, {"id": "StringUtils.StringUtils"}, {"id": "StringUtils.escapeForJson"}, {"id": "StringUtils.makeNotNullable"}, {"id": "LibraryBookListAvailableServlet.LibraryBookListAvailableServlet"}, {"id": "LibraryBookListAvailableServlet.doGet"}, {"id": "LibraryBookListSearchServlet.LibraryBookListSearchServlet"}, {"id": "LibraryBookListSearchServlet.doGet"}, {"id": "LibraryBookListSearchServlet.listAllBooks"}, {"id": "LibraryBookListSearchServlet.searchById"}, {"id": "LibraryBookListSearchServlet.searchByTitle"}, {"id": "LibraryBorrowerListSearchServlet.LibraryBorrowerListSearchServlet"}, {"id": "LibraryBorrowerListSearchServlet.doGet"}, {"id": "LibraryBorrowerListSearchServlet.listAllBorrowers"}, {"id": "LibraryBorrowerListSearchServlet.searchById"}, {"id": "LibraryBorrowerListSearchServlet.searchByName"}, {"id": "LibraryLendServlet.LibraryLendServlet"}, {"id": "LibraryLendServlet.doPost"}, {"id": "LibraryLendServlet.getDateNow"}, {"id": "LibraryRegisterBookServlet.LibraryRegisterBookServlet"}, {"id": "LibraryRegisterBookServlet.doPost"}, {"id": "LibraryRegisterBorrowerServlet.LibraryRegisterBorrowerServlet"}, {"id": "LibraryRegisterBorrowerServlet.doPost"}, {"id": "Book.Book"}, {"id": "Book.createEmpty"}, {"id": "Book.equals"}, {"id": "Book.hashCode"}, {"id": "Book.isEmpty"}, {"id": "Book.toOutputString"}, {"id": "Book.toString"}, {"id": "Borrower.Borrower"}, {"id": "Borrower.createEmpty"}, {"id": "Borrower.equals"}, {"id": "Borrower.hashCode"}, {"id": "Borrower.isEmpty"}, {"id": "Borrower.toOutputString"}, {"id": "Borrower.toString"}, {"id": "DbServlet.DbServlet"}, {"id": "DbServlet.doGet"}], "partition4": [{"id": "AckServlet.AckServlet"}, {"id": "AckServlet.doPost"}, {"id": "AckServlet.forwardToResult"}, {"id": "AckServlet.putNumberInRequest"}, {"id": "AckServlet.regularRecursive"}, {"id": "AckServlet.tailRecursive"}, {"id": "Ackermann.Ackermann"}, {"id": "Ackermann.ack"}, {"id": "Ackermann.calculate"}], "partition2": [{"id": "FibServlet.FibServlet"}, {"id": "FibServlet.defaultRecursiveCalculation"}, {"id": "FibServlet.doPost"}, {"id": "FibServlet.forwardToResult"}, {"id": "FibServlet.putNumberInRequest"}, {"id": "FibServlet.tailRecursiveAlgo1Calc"}, {"id": "FibServlet.tailRecursiveAlgo2Calc"}, {"id": "Fibonacci.Fibonacci"}, {"id": "Fibonacci.calculate"}, {"id": "FibonacciIterative.FibonacciIterative"}, {"id": "FibonacciIterative.fibAlgo1"}, {"id": "FibonacciIterative.fibAlgo2"}], "partition3": [{"id": "Calculator.Calculator"}, {"id": "Calculator.add"}, {"id": "Calculator.calculateAndMore"}, {"id": "Calculator.calculateAndMorePart2"}, {"id": "Calculator.calculateAndMorePart3"}, {"id": "Calculator.toStringZeroToTen"}, {"id": "MathServlet.MathServlet"}, {"id": "MathServlet.doPost"}, {"id": "MathServlet.forwardToResult"}, {"id": "MathServlet.putNumberInRequest"}, {"id": "MathServlet.setResultToSum"}]}