{
    "tool": {
        "decomposition": {
            "partition2": [
                {
                    "id": "RepositoryFactory"
                },
                {
                    "id": "OrderingConfiguration"
                },
                {
                    "id": "MongoCatalogItemsRepository"
                },
                {
                    "id": "MongoOperationsWithRetry"
                },
                {
                    "id": "MongoDealersRepository"
                },
                {
                    "id": "MongoQuoteRepository"
                },
                {
                    "id": "MongoOrderRepository"
                },
                {
                    "id": "MongoShipmentRepository"
                }
            ],
            "partition0": [
                {
                    "id": "MockCatalogItemsRepository"
                },
                {
                    "id": "CatalogItem [Duplicate_#001]"
                },
                {
                    "id": "MockDealersRepository"
                },
                {
                    "id": "MockQuoteRepository"
                },
                {
                    "id": "CatalogController"
                },
                {
                    "id": "Utility"
                },
                {
                    "id": "OrderingInitializer"
                },
                {
                    "id": "DealerController"
                },
                {
                    "id": "DealerInfo"
                },
                {
                    "id": "QuoteController"
                },
                {
                    "id": "BadRequestException"
                }
            ],
            "partition1": [
                {
                    "id": "MockOrderRepository"
                },
                {
                    "id": "MockShipmentRepository"
                },
                {
                    "id": "OrderController"
                },
                {
                    "id": "Quote"
                },
                {
                    "id": "QuoteItemInfo"
                },
                {
                    "id": "Order"
                },
                {
                    "id": "OrderEventInfo"
                },
                {
                    "id": "OrderUpdateInfo"
                },
                {
                    "id": "ShipmentController"
                },
                {
                    "id": "ShipmentRecord"
                },
                {
                    "id": "PhoneInfo"
                },
                {
                    "id": "DeliveryAddress"
                },
                {
                    "id": "ShipmentEventInfo"
                }
            ]
        }
    }
}