{"tool": {"decomposition": {"2": [{"id": "RepositoryFactory"}, {"id": "OrderingConfiguration"}, {"id": "MongoCatalogItemsRepository"}, {"id": "MongoOperationsWithRetry"}, {"id": "MongoDealersRepository"}, {"id": "MongoQuoteRepository"}, {"id": "MongoOrderRepository"}, {"id": "MongoShipmentRepository"}], "1": [{"id": "MockCatalogItemsRepository"}, {"id": "CatalogItem [Duplicate_#001]"}, {"id": "MockDealersRepository"}, {"id": "MockQuoteRepository"}, {"id": "CatalogController"}, {"id": "Utility"}, {"id": "OrderingInitializer"}, {"id": "DealerController"}, {"id": "DealerInfo"}, {"id": "QuoteController"}, {"id": "BadRequestException"}], "3": [{"id": "MockOrderRepository"}, {"id": "MockShipmentRepository"}, {"id": "OrderController"}, {"id": "Quote"}, {"id": "QuoteItemInfo"}, {"id": "Order"}, {"id": "OrderEventInfo"}, {"id": "OrderUpdateInfo"}, {"id": "ShipmentController"}, {"id": "ShipmentRecord"}, {"id": "PhoneInfo"}, {"id": "DeliveryAddress"}, {"id": "ShipmentEventInfo"}], "0": [{"id": "PostgresqlProperties"}, {"id": "PropertyHelper"}, {"id": "OrderingServiceProperties"}, {"id": "ConflictingRequestException"}, {"id": "MongoDBProperties"}, {"id": "AppInsightsFilter"}, {"id": "SimpleCORSFilter"}, {"id": "Dealer"}, {"id": "ShipmentDetails"}, {"id": "OrderDetails"}, {"id": "QuoteDetails"}, {"id": "CatalogItem"}, {"id": "Delivery"}, {"id": "PingController"}]}}}