,method,stmtLineNumber,stmt
0,<com.example.sms.MainActivity: void onCreate(android.os.Bundle)>,-1,$r3 = virtualinvoke r7.<android.telephony.TelephonyManager: java.lang.String getDeviceId()>()
1,<com.example.sms.MainActivity: void onCreate(android.os.Bundle)>,-1,r0.<com.example.sms.MainActivity: java.lang.String id> = $r3
2,<com.example.sms.MainActivity: void onCreate(android.os.Bundle)>,-1,$r3 = r0.<com.example.sms.MainActivity: java.lang.String id>
3,<com.example.sms.MainActivity: void onCreate(android.os.Bundle)>,-1,"virtualinvoke r2.<android.content.Intent: android.content.Intent putExtra(java.lang.String,java.lang.String)>(""imei"", $r3)"
4,<com.example.sms.MainActivity: void onCreate(android.os.Bundle)>,-1,virtualinvoke r0.<com.example.sms.MainActivity: void startActivity(android.content.Intent)>(r2)
