{
    "MEM": {
        "decomposition": {
            "0": [
                {
                    "id": "Pet"
                },
                {
                    "id": "Vet"
                },
                {
                    "id": "Visit"
                }
            ],
            "1": [
                {
                    "id": "Person"
                },
                {
                    "id": "ValidatorTests"
                },
                {
                    "id": "BaseEntity"
                },
                {
                    "id": "NamedEntity"
                }
            ],
            "2": [
                {
                    "id": "VisitController"
                },
                {
                    "id": "Owner"
                }
            ],
            "3": [
                {
                    "id": "ClinicServiceTests"
                },
                {
                    "id": "PetControllerTests"
                },
                {
                    "id": "VisitControllerTests"
                },
                {
                    "id": "OwnerControllerTests"
                }
            ],
            "4": [
                {
                    "id": "PetTypeFormatter"
                },
                {
                    "id": "OwnerRepository"
                }
            ],
            "5": [
                {
                    "id": "VetRepository"
                },
                {
                    "id": "package-info"
                },
                {
                    "id": "VetController"
                }
            ]
        }
    }
}