<configuration debug="false">

    <!-- to use add system property logback.configurationFile, for example: -Dlogback.configurationFile=/Users/jamesbloom/git/mockserver/mockserver/mockserver-netty/src/main/resources/example_logback.xml -->
    <!-- To completely disable all logging completely -Droot.logLevel=OFF -->

    <!-- application log -->
    <appender name="FILE" class="ch.qos.logback.core.rolling.RollingFileAppender">
        <file>${log.dir:-./}mockserver.log</file>
        <encoder>
            <pattern>%date %level [%thread] %logger{35} [%file:%line] %msg%n</pattern>
        </encoder>

        <rollingPolicy class="ch.qos.logback.core.rolling.TimeBasedRollingPolicy">
            <fileNamePattern>${log.dir:-./}mockserver.%d{yyyy-MM-dd}.%i.log</fileNamePattern>
            <timeBasedFileNamingAndTriggeringPolicy class="ch.qos.logback.core.rolling.SizeAndTimeBasedFNATP">
                <maxFileSize>100MB</maxFileSize>
            </timeBasedFileNamingAndTriggeringPolicy>
            <maxHistory>1</maxHistory>
        </rollingPolicy>
    </appender>

    <!-- make application log asynchronous -->
    <appender name="ASYNC_FILE" class="ch.qos.logback.classic.AsyncAppender">
        <queueSize>128</queueSize>
        <discardingThreshold>0</discardingThreshold>
        <appender-ref ref="FILE" />
    </appender>

    <!-- application console log -->
    <appender name="STDOUT" class="ch.qos.logback.core.ConsoleAppender">
        <target>System.out</target>
        <encoder>
            <pattern>%date %level %logger{20} %msg%n</pattern>
        </encoder>
        <filter class="ch.qos.logback.classic.filter.ThresholdFilter">
            <level>WARN</level>
        </filter>
    </appender>

    <!-- make console log asynchronous -->
    <appender name="ASYNC_STDOUT" class="ch.qos.logback.classic.AsyncAppender">
        <queueSize>128</queueSize>
        <discardingThreshold>0</discardingThreshold>
        <appender-ref ref="STDOUT" />
    </appender>

    <logger name="org.mockserver" level="${mockserver.logLevel:-INFO}"/>
    <logger name="io.netty.handler.ssl.SslHandler" level="WARN"/>

    <root level="${root.logLevel:-WARN}">
        <appender-ref ref="ASYNC_FILE"/>
        <appender-ref ref="ASYNC_STDOUT"/>
    </root>
</configuration>
