partitionID,className,classID
0,OrderActionBean.java,src/main/java/org/mybatis/jpetstore/web/actions/OrderActionBean.java
0,AccountActionBean.java,src/main/java/org/mybatis/jpetstore/web/actions/AccountActionBean.java
0,AccountServiceTest.java,src/test/java/org/mybatis/jpetstore/service/AccountServiceTest.java
0,AccountMapper.java,src/main/java/org/mybatis/jpetstore/mapper/AccountMapper.java
0,AccountService.java,src/main/java/org/mybatis/jpetstore/service/AccountService.java
0,AccountMapperTest.java,src/test/java/org/mybatis/jpetstore/mapper/AccountMapperTest.java
0,OrderTest.java,src/test/java/org/mybatis/jpetstore/domain/OrderTest.java
0,ItemMapperTest.java,src/test/java/org/mybatis/jpetstore/mapper/ItemMapperTest.java
0,CategoryMapperTest.java,src/test/java/org/mybatis/jpetstore/mapper/CategoryMapperTest.java
0,ProductMapperTest.java,src/test/java/org/mybatis/jpetstore/mapper/ProductMapperTest.java
0,OrderServiceTest.java,src/test/java/org/mybatis/jpetstore/service/OrderServiceTest.java
0,Order.java,src/main/java/org/mybatis/jpetstore/domain/Order.java
0,LineItem.java,src/main/java/org/mybatis/jpetstore/domain/LineItem.java
0,LineItemMapperTest.java,src/test/java/org/mybatis/jpetstore/mapper/LineItemMapperTest.java
0,Item.java,src/main/java/org/mybatis/jpetstore/domain/Item.java
0,Cart.java,src/main/java/org/mybatis/jpetstore/domain/Cart.java
0,ItemMapper.java,src/main/java/org/mybatis/jpetstore/mapper/ItemMapper.java
0,CartActionBean.java,src/main/java/org/mybatis/jpetstore/web/actions/CartActionBean.java
0,CartTest.java,src/test/java/org/mybatis/jpetstore/domain/CartTest.java
0,CartItem.java,src/main/java/org/mybatis/jpetstore/domain/CartItem.java
0,OrderService.java,src/main/java/org/mybatis/jpetstore/service/OrderService.java
0,CatalogService.java,src/main/java/org/mybatis/jpetstore/service/CatalogService.java
0,ScreenTransitionIT.java,src/test/java/org/mybatis/jpetstore/ScreenTransitionIT.java
0,CatalogServiceTest.java,src/test/java/org/mybatis/jpetstore/service/CatalogServiceTest.java
1,CatalogActionBean.java,src/main/java/org/mybatis/jpetstore/web/actions/CatalogActionBean.java
1,Product.java,src/main/java/org/mybatis/jpetstore/domain/Product.java
1,Sequence.java,src/main/java/org/mybatis/jpetstore/domain/Sequence.java
1,Category.java,src/main/java/org/mybatis/jpetstore/domain/Category.java
2,AccountActionBeanTest.java,src/test/java/org/mybatis/jpetstore/web/actions/AccountActionBeanTest.java
2,OrderActionBeanTest.java,src/test/java/org/mybatis/jpetstore/web/actions/OrderActionBeanTest.java
2,CatalogActionBeanTest.java,src/test/java/org/mybatis/jpetstore/web/actions/CatalogActionBeanTest.java
