,method,stmtLineNumber,stmt
0,<edu.mit.activity_asynchronous_event_ordering.MainActivity: void onResume()>,-1,$r3 = virtualinvoke r2.<android.telephony.TelephonyManager: java.lang.String getDeviceId()>()
1,<edu.mit.activity_asynchronous_event_ordering.MainActivity: void onResume()>,-1,r0.<edu.mit.activity_asynchronous_event_ordering.MainActivity: java.lang.String imei> = $r3
2,<edu.mit.activity_asynchronous_event_ordering.MainActivity: void onResume()>,-1,return
3,<dummyMainClass: edu.mit.activity_asynchronous_event_ordering.MainActivity dummyMainMethod_edu_mit_activity__asynchronous__event__ordering_MainActivity(android.content.Intent)>,-1,virtualinvoke $r0.<edu.mit.activity_asynchronous_event_ordering.MainActivity: void onStop()>()
4,<edu.mit.activity_asynchronous_event_ordering.MainActivity: void onStop()>,-1,$r1 = r0.<edu.mit.activity_asynchronous_event_ordering.MainActivity: java.lang.String imei>
5,<edu.mit.activity_asynchronous_event_ordering.MainActivity: void onStop()>,-1,"staticinvoke <android.util.Log: int i(java.lang.String,java.lang.String)>(""DroidBench"", $r1)"
