,method,stmtLineNumber,stmt
0,"<edu.mit.service_lifecycle.MyService: int onStartCommand(android.content.Intent,int,int)>",-1,$r2 = virtualinvoke r4.<android.telephony.TelephonyManager: java.lang.String getDeviceId()>()
1,"<edu.mit.service_lifecycle.MyService: int onStartCommand(android.content.Intent,int,int)>",-1,r0.<edu.mit.service_lifecycle.MyService: java.lang.String value> = $r2
2,"<edu.mit.service_lifecycle.MyService: int onStartCommand(android.content.Intent,int,int)>",-1,return 2
3,<dummyMainClass: edu.mit.service_lifecycle.MyService dummyMainMethod_edu_mit_service__lifecycle_MyService(android.content.Intent)>,-1,"virtualinvoke $r0.<edu.mit.service_lifecycle.MyService: int onStartCommand(android.content.Intent,int,int)>(null, 0, 0)"
4,"<edu.mit.service_lifecycle.MyService: int onStartCommand(android.content.Intent,int,int)>",-1,$r2 = r0.<edu.mit.service_lifecycle.MyService: java.lang.String value>
5,"<edu.mit.service_lifecycle.MyService: int onStartCommand(android.content.Intent,int,int)>",-1,"staticinvoke <android.util.Log: int i(java.lang.String,java.lang.String)>(""DroidBench"", $r2)"
