,method,stmtLineNumber,stmt
0,<de.ecspride.PrivateDataLeak2: void onCreate(android.os.Bundle)>,-1,$r2 = virtualinvoke r0.<de.ecspride.PrivateDataLeak2: android.view.View findViewById(int)>(2131165184)
1,<de.ecspride.PrivateDataLeak2: void onCreate(android.os.Bundle)>,-1,r3 = (android.widget.EditText) $r2
2,<de.ecspride.PrivateDataLeak2: void onCreate(android.os.Bundle)>,-1,$r4 = virtualinvoke r3.<android.widget.EditText: android.text.Editable getText()>()
3,<de.ecspride.PrivateDataLeak2: void onCreate(android.os.Bundle)>,-1,$r5 = interfaceinvoke $r4.<android.text.Editable: java.lang.String toString()>()
4,<de.ecspride.PrivateDataLeak2: void onCreate(android.os.Bundle)>,-1,"staticinvoke <android.util.Log: int v(java.lang.String,java.lang.String)>(""Password"", $r5)"
