Application,Tool,Partition Count,Decomposition Type,Commits,Contributors,Class Names,Static Structural,Granularity,SMQ,CMQ,CDP,TurboMQ_commits,TurbomMQ_contributors
demo,mem,4_partitions,3600_100_10_LC_final,X,X,X,55.588972431077686,method_level,-1,X,0.0,43.891543982306004,13.172541743970315
demo,mem,4_partitions,3600_100_10_LC_final,X,X,X,25.396825396825395,class_level,-1,X,0.0,43.891543982306004,13.172541743970315
jpetstore,mem,4_partitions,3600_100_10_LC_final,X,X,X,33.202185792349724,method_level,-1,X,0.0,19.81019189932581,19.83129171345536
jpetstore,mem,4_partitions,3600_100_10_LC_final,X,X,X,7.761194029850746,class_level,-1,X,0.0,19.81019189932581,19.83129171345536
partsunlimited,mem,4_partitions,3600_100_10_LC_final,X,X,X,81.31868131868131,method_level,-1,X,0.0,49.09335689343263,49.07407407407407
partsunlimited,mem,4_partitions,3600_100_10_LC_final,X,X,X,0.0,class_level,-1,X,0.0,49.09335689343263,49.07407407407407
spring-petclinic,mem,4_partitions,3600_100_10_LC_final,X,X,X,50.39915281850765,method_level,-1,X,0.0,24.376351322998815,17.89320342903302
spring-petclinic,mem,4_partitions,3600_100_10_LC_final,X,X,X,36.851851851851855,class_level,-1,X,0.0,24.376351322998815,17.89320342903302
demo,mem,4_partitions,3600_100_10_TS_final,X,X,X,39.998240875433865,method_level,-1,X,1.9607843137254901,13.68644383153532,4.768518518518519
demo,mem,4_partitions,3600_100_10_TS_final,X,X,X,2.1156088622355487,class_level,-1,X,2.6143790849673203,13.68644383153532,4.768518518518519
jpetstore,mem,4_partitions,3600_100_10_TS_final,X,X,X,28.201550387596903,method_level,-1,X,20.0,16.348109178024195,16.427024233192288
jpetstore,mem,4_partitions,3600_100_10_TS_final,X,X,X,14.061302681992338,class_level,-1,X,20.0,16.348109178024195,16.427024233192288
partsunlimited,mem,4_partitions,3600_100_10_TS_final,X,X,X,23.284597659810395,method_level,-1,X,10.606060606060606,8.217687676964411,8.241401204409529
partsunlimited,mem,4_partitions,3600_100_10_TS_final,X,X,X,11.47751322751323,class_level,-1,X,10.606060606060606,8.218240950919748,8.240757624920072
spring-petclinic,mem,4_partitions,3600_100_10_TS_final,X,X,X,25.106951871657756,method_level,-1,X,0.0,31.23169890011553,23.726007398216183
spring-petclinic,mem,4_partitions,3600_100_10_TS_final,X,X,X,13.262032085561499,class_level,-1,X,0.0,31.23169890011553,23.726007398216183
demo,mono2micro,2_partitions,business,X,X,X,92.65097100292631,method_level,-1,X,0.0,61.74064435613983,49.717514124293785
demo,mono2micro,2_partitions,business,X,X,X,85.15291607396871,class_level,-1,X,0.0,61.74064435613983,49.717514124293785
demo,mono2micro,3_partitions,business,X,X,X,91.31961355425044,method_level,-1,X,0.0,53.18456883861019,32.95668549905838
demo,mono2micro,3_partitions,business,X,X,X,81.84823284823285,class_level,-1,X,0.0,53.18456883861019,32.95668549905838
demo,mono2micro,4_partitions,business,X,X,X,91.66947158074335,method_level,-1,X,0.0,48.411738802859006,24.576271186440678
demo,mono2micro,4_partitions,business,X,X,X,80.25064350064349,class_level,-1,X,0.0,48.411738802859006,24.576271186440678
demo,mono2micro,5_partitions,business,X,X,X,91.39307532209273,method_level,-1,X,0.0,45.4523999605556,19.54802259887006
demo,mono2micro,5_partitions,business,X,X,X,77.53384813384812,class_level,-1,X,0.0,45.4523999605556,19.54802259887006
demo,mono2micro,6_partitions,business,X,X,X,91.42104049682894,method_level,-1,X,6.666666666666667,40.60329975979229,16.195856873822976
demo,mono2micro,6_partitions,business,X,X,X,74.36652236652237,class_level,-1,X,6.666666666666667,40.60329975979229,16.195856873822976
demo,mono2micro,7_partitions,business,X,X,X,83.37576959374873,method_level,-1,X,9.523809523809524,35.26220142513045,13.801452784503635
demo,mono2micro,7_partitions,business,X,X,X,67.45253765462824,class_level,-1,X,14.285714285714285,35.26220142513045,13.801452784503635
demo,mono2micro,8_partitions,business,X,X,X,78.95270689343863,method_level,-1,X,10.714285714285714,31.272226562719744,12.005649717514125
demo,mono2micro,8_partitions,business,X,X,X,59.17834976847529,class_level,-1,X,14.285714285714285,31.272226562719744,12.005649717514125
demo,mono2micro,9_partitions,business,X,X,X,70.13836789572083,method_level,-1,X,13.88888888888889,27.518925546015303,10.608913998744507
demo,mono2micro,9_partitions,business,X,X,X,52.517611718319515,class_level,-1,X,16.666666666666664,27.518925546015303,10.608913998744507
jpetstore,mono2micro,3_partitions,business,X,X,X,73.6445185361594,method_level,-1,X,100.0,33.12464662430204,33.10704882172313
jpetstore,mono2micro,3_partitions,business,X,X,X,67.95454545454545,class_level,-1,X,100.0,33.12464662430204,33.10704882172313
jpetstore,mono2micro,5_partitions,business,X,X,X,63.23529411764706,method_level,-1,X,30.0,19.70364563760045,19.716053880624013
jpetstore,mono2micro,5_partitions,business,X,X,X,40.31481481481482,class_level,-1,X,30.0,19.70364563760045,19.716053880624013
partsunlimited,mono2micro,5_partitions,business,X,X,X,55.93484670336755,method_level,-1,X,40.0,19.912170545599746,19.960293231330965
partsunlimited,mono2micro,5_partitions,business,X,X,X,42.924537798941344,class_level,-1,X,40.0,19.912170545599746,19.960293231330965
spring-petclinic,mono2micro,3_partitions,business,X,X,X,82.9923273657289,method_level,-1,X,33.33333333333333,39.270629334393156,34.62791126540797
spring-petclinic,mono2micro,3_partitions,business,X,X,X,77.77777777777777,class_level,-1,X,33.33333333333333,39.270629334393156,34.62791126540797
spring-petclinic,mono2micro,5_partitions,business,X,X,X,55.418419822346884,method_level,-1,X,10.0,24.18994990711333,20.412236971609765
spring-petclinic,mono2micro,5_partitions,business,X,X,X,51.11111111111111,class_level,-1,X,10.0,24.18994990711333,20.412236971609765
demo,tomicroservices,2_partitions,cohesion,X,X,X,66.91647150663545,method_level,-1,X,100.0,51.13237708873268,49.565217391304344
demo,tomicroservices,3_partitions,cohesion,X,X,X,46.16161616161616,method_level,-1,X,66.66666666666666,36.4443618894543,32.74853801169591
demo,tomicroservices,4_partitions,cohesion,X,X,X,40.296387945409734,method_level,-1,X,50.0,26.218625951581743,24.347826086956527
demo,tomicroservices,5_partitions,cohesion,X,X,X,36.71909789556848,method_level,-1,X,40.0,24.968651762875112,19.310344827586206
demo,tomicroservices,6_partitions,cohesion,X,X,X,33.73268219759447,method_level,-1,X,60.0,23.664298756869606,15.92261904761905
demo,tomicroservices,7_partitions,cohesion,X,X,X,25.448719453528707,method_level,-1,X,47.61904761904761,15.418265598295905,13.513513513513514
demo,tomicroservices,8_partitions,cohesion,X,X,X,36.30783800541945,method_level,-1,X,35.714285714285715,19.804204438685915,11.71875
demo,tomicroservices,9_partitions,cohesion,X,X,X,35.4494851823546,method_level,-1,X,36.11111111111111,17.698126829641332,10.295616717635067
demo,tomicroservices,10_partitions,cohesion,X,X,X,32.12147192152487,method_level,-1,X,31.11111111111111,16.410030746239126,9.196428571428571
jpetstore,tomicroservices,3_partitions,cohesion,X,X,X,60.02415458937197,method_level,-1,X,66.66666666666666,33.00877015460592,33.00329574892656
jpetstore,tomicroservices,5_partitions,cohesion,X,X,X,34.88888888888889,method_level,-1,X,30.0,19.607062687477956,19.625636312903904
partsunlimited,tomicroservices,5_partitions,cohesion,X,X,X,34.40582347588717,method_level,-1,X,70.0,19.39678941791765,19.443360824098153
spring-petclinic,tomicroservices,3_partitions,cohesion,X,X,X,63.452157598499056,method_level,-1,X,33.33333333333333,34.72593082379379,32.880238904525164
spring-petclinic,tomicroservices,5_partitions,cohesion,X,X,X,35.84761904761905,method_level,-1,X,30.0,20.416138611965234,19.3155177774391
demo,tomicroservices,2_partitions,coupling,X,X,X,61.556603773584904,method_level,-1,X,100.0,50.36951629250026,49.56521739130435
demo,tomicroservices,3_partitions,coupling,X,X,X,51.45683844313981,method_level,-1,X,66.66666666666666,34.22954877534674,32.748538011695906
demo,tomicroservices,4_partitions,coupling,X,X,X,46.321040505176924,method_level,-1,X,50.0,29.102380403649093,24.347826086956523
demo,tomicroservices,5_partitions,coupling,X,X,X,46.65355953702235,method_level,-1,X,30.0,31.610392694854074,19.310344827586206
demo,tomicroservices,6_partitions,coupling,X,X,X,36.47332132480648,method_level,-1,X,46.666666666666664,24.24178875077829,15.92261904761905
demo,tomicroservices,7_partitions,coupling,X,X,X,36.356004491678114,method_level,-1,X,61.904761904761905,16.781056953360718,13.513513513513512
demo,tomicroservices,8_partitions,coupling,X,X,X,37.50067334626158,method_level,-1,X,32.142857142857146,19.947573541084612,11.718750000000002
demo,tomicroservices,9_partitions,coupling,X,X,X,43.79517626829455,method_level,-1,X,36.11111111111111,18.161787545278575,10.295616717635067
demo,tomicroservices,10_partitions,coupling,X,X,X,33.54843609411052,method_level,-1,X,31.11111111111111,16.218820763037392,9.196428571428571
jpetstore,tomicroservices,3_partitions,coupling,X,X,X,34.64285714285714,method_level,-1,X,33.33333333333333,32.978149103870855,33.023675938286154
jpetstore,tomicroservices,5_partitions,coupling,X,X,X,28.724137931034488,method_level,-1,X,30.0,19.58693188791846,19.618075485900416
partsunlimited,tomicroservices,5_partitions,coupling,X,X,X,35.37310037310037,method_level,-1,X,50.0,19.178001637195425,19.412754720491
spring-petclinic,tomicroservices,3_partitions,coupling,X,X,X,66.66666666666666,method_level,-1,X,33.33333333333333,33.42607830868525,32.62418652478481
spring-petclinic,tomicroservices,5_partitions,coupling,X,X,X,35.84761904761905,method_level,-1,X,30.0,20.416138611965234,19.3155177774391
demo,cargo,4_partitions,default,X,X,X,40.55237525632263,method_level,-1,X,50.0,31.539606249507397,24.29245283018868
demo,cargo,5_partitions,default,X,X,X,32.88461538461539,method_level,-1,X,40.0,24.57286870754707,19.245283018867926
demo,cargo,n_partitions,default,X,X,X,22.219304388422035,method_level,-1,X,3.3333333333333335,11.55676446247781,5.424528301886792
jpetstore,cargo,3_partitions,default,X,X,X,52.14646464646465,method_level,-1,X,33.33333333333333,32.36889289119691,32.37737806620629
jpetstore,cargo,5_partitions,default,X,X,X,34.82142857142857,method_level,-1,X,33.33333333333333,23.886796659723338,23.9359252453485
jpetstore,cargo,n_partitions,default,X,X,X,54.69244149272612,method_level,-1,X,6.666666666666667,15.513663130077068,15.526012219431815
partsunlimited,cargo,5_partitions,default,X,X,X,35.10833635423799,method_level,-1,X,40.0,19.468833434135828,19.578237668900094
partsunlimited,cargo,n_partitions,default,X,X,X,35.10833635423799,method_level,-1,X,40.0,19.468833434135828,19.578237668900094
spring-petclinic,cargo,3_partitions,default,X,X,X,0.0,method_level,-1,X,0.0,0.0,0.0
spring-petclinic,cargo,n_partitions,default,X,X,X,0.0,method_level,-1,X,0.0,0.0,0.0
demo,datacentric,n_partitions,default,X,X,X,63.43652949198382,method_level,-1,X,50.0,38.90158994425823,24.639423076923077
demo,datacentric,n_partitions,default,X,X,X,37.98825096236294,class_level,-1,X,66.66666666666666,38.90158994425823,24.639423076923077
jpetstore,datacentric,n_partitions,default,X,X,X,79.74038395846144,method_level,-1,X,33.33333333333333,33.074521529125164,33.08274685119709
jpetstore,datacentric,n_partitions,default,X,X,X,70.81185888525337,class_level,-1,X,33.33333333333333,33.074521529125164,33.08274685119709
partsunlimited,datacentric,n_partitions,default,X,X,X,77.79128644298329,method_level,-1,X,66.66666666666666,25.027932383703334,25.040825184804
partsunlimited,datacentric,n_partitions,default,X,X,X,71.71248553088499,class_level,-1,X,66.66666666666666,25.027932383703334,25.040825184804
spring-petclinic,datacentric,n_partitions,default,X,X,X,67.77777777777777,method_level,-1,X,33.33333333333333,36.11821523400698,33.45724889893978
spring-petclinic,datacentric,n_partitions,default,X,X,X,64.1912320483749,class_level,-1,X,33.33333333333333,36.11821523400698,33.45724889893978
demo,ground_truth,n_partitions,default,X,X,X,96.51439472457683,method_level,-1,X,0.0,47.13354820421579,24.571428571428573
demo,ground_truth,n_partitions,default,X,X,X,100.0,class_level,-1,X,0.0,44.6030743249047,24.436090225563913
jpetstore,ground_truth,n_partitions,default,X,X,X,77.54123489159183,method_level,-1,X,33.33333333333333,33.11756806293985,33.09948717263762
jpetstore,ground_truth,n_partitions,default,X,X,X,71.43884956384956,class_level,-1,X,33.33333333333333,33.11756806293985,33.09948717263762
partsunlimited,ground_truth,n_partitions,default,X,X,X,89.7326761347814,method_level,-1,X,10.0,20.051941791478765,20.115518231379603
partsunlimited,ground_truth,n_partitions,default,X,X,X,90.20001860222855,class_level,-1,X,0.0,20.10823616747011,20.19139877623016
spring-petclinic,ground_truth,n_partitions,default,X,X,X,79.76068376068376,method_level,-1,X,33.33333333333333,36.84645360286915,34.01079301857426
spring-petclinic,ground_truth,n_partitions,default,X,X,X,85.38737248414668,class_level,-1,X,0.0,38.05680768006188,34.415372436205764
demo,hydec,n_partitions,default,X,X,X,59.84242261484861,method_level,-1,X,0.0,34.8394315519625,12.039473684210526
demo,hydec,n_partitions,default,X,X,X,47.131422363111945,class_level,-1,X,3.571428571428571,34.8394315519625,12.039473684210526
jpetstore,hydec,n_partitions,default,X,X,X,52.83249771100154,method_level,-1,X,3.571428571428571,12.099436665507007,12.115700526384352
jpetstore,hydec,n_partitions,default,X,X,X,32.00916467045499,class_level,-1,X,3.571428571428571,12.099436665507007,12.115700526384352
partsunlimited,hydec,n_partitions,default,X,X,X,91.96516974109338,method_level,-1,X,66.66666666666666,33.23221075080915,33.232509463357566
partsunlimited,hydec,n_partitions,default,X,X,X,89.43515165659593,class_level,-1,X,66.66666666666666,33.23221075080915,33.232509463357566
spring-petclinic,hydec,n_partitions,default,X,X,X,49.30555555555555,method_level,-1,X,0.0,43.18968485214681,35.96557582998146
spring-petclinic,hydec,n_partitions,default,X,X,X,42.34848484848485,class_level,-1,X,0.0,43.18968485214681,35.96557582998146
jpetstore,log2ms,n_partitions,default,X,X,X,76.0443178220956,method_level,-1,X,33.33333333333333,33.1206497248518,33.102951463230355
jpetstore,log2ms,n_partitions,default,X,X,X,69.86965545869656,class_level,-1,X,33.33333333333333,33.1206497248518,33.102951463230355
spring-petclinic,log2ms,n_partitions,default,X,X,X,39.38525242873069,method_level,-1,X,14.285714285714285,16.879902618203833,14.057227973714454
spring-petclinic,log2ms,n_partitions,default,X,X,X,29.190179190179187,class_level,-1,X,14.285714285714285,16.879902618203833,14.057227973714454
demo,mosaic,n_partitions,default,X,X,X,100.0,method_level,-1,X,0.0,45.67511278378107,24.456521739130434
jpetstore,mosaic,n_partitions,default,X,X,X,80.32436162870947,method_level,-1,X,0.0,33.06288437532552,33.06915068310831
partsunlimited,mosaic,n_partitions,default,X,X,X,90.76263961561352,method_level,-1,X,10.0,20.120709427450358,20.194009554584042
spring-petclinic,mosaic,n_partitions,default,X,X,X,100.0,method_level,-1,X,0.0,53.66093823768738,50.79991932236232
demo,tomicroservices,2_partitions,functionality,X,X,X,66.91647150663545,method_level,-1,X,100.0,51.13237708873268,49.565217391304344
demo,tomicroservices,3_partitions,functionality,X,X,X,50.69873997709049,method_level,-1,X,66.66666666666666,34.52454759592199,32.748538011695906
demo,tomicroservices,4_partitions,functionality,X,X,X,34.99870525021039,method_level,-1,X,50.0,27.57602999685897,24.34782608695652
demo,tomicroservices,5_partitions,functionality,X,X,X,41.48419007242537,method_level,-1,X,30.0,29.36358692389387,19.310344827586206
demo,tomicroservices,6_partitions,functionality,X,X,X,49.52430285763619,method_level,-1,X,40.0,23.105761011588942,15.92261904761905
demo,tomicroservices,7_partitions,functionality,X,X,X,26.082799397076332,method_level,-1,X,61.904761904761905,14.776469780629476,13.513513513513514
demo,tomicroservices,8_partitions,functionality,X,X,X,29.911518661518667,method_level,-1,X,25.0,14.67004784681276,11.71875
demo,tomicroservices,9_partitions,functionality,X,X,X,28.649872308064396,method_level,-1,X,41.66666666666667,14.946545494521768,10.295616717635065
demo,tomicroservices,10_partitions,functionality,X,X,X,30.945078202221065,method_level,-1,X,35.55555555555556,13.023416023518802,9.19642857142857
jpetstore,tomicroservices,3_partitions,functionality,X,X,X,34.64285714285714,method_level,-1,X,33.33333333333333,32.978149103870855,33.023675938286154
jpetstore,tomicroservices,5_partitions,functionality,X,X,X,24.119858469703672,method_level,-1,X,40.0,19.609049845580543,19.620067877016144
partsunlimited,tomicroservices,5_partitions,functionality,X,X,X,29.51158940397351,method_level,-1,X,40.0,19.207378198266806,19.40730158303484
spring-petclinic,tomicroservices,3_partitions,functionality,X,X,X,60.317460317460316,method_level,-1,X,0.0,33.90472315112723,32.72672727762202
spring-petclinic,tomicroservices,5_partitions,functionality,X,X,X,33.48888888888889,method_level,-1,X,10.0,22.48000226898343,19.552048784302777
demo,mono2micro,2_partitions,natural,X,X,X,92.65097100292631,method_level,-1,X,0.0,61.74064435613983,49.717514124293785
demo,mono2micro,2_partitions,natural,X,X,X,85.15291607396871,class_level,-1,X,0.0,61.74064435613983,49.717514124293785
demo,mono2micro,3_partitions,natural,X,X,X,91.31961355425044,method_level,-1,X,0.0,53.18456883861019,32.95668549905838
demo,mono2micro,3_partitions,natural,X,X,X,81.84823284823285,class_level,-1,X,0.0,53.18456883861019,32.95668549905838
demo,mono2micro,4_partitions,natural,X,X,X,91.66947158074335,method_level,-1,X,0.0,48.411738802859006,24.576271186440678
demo,mono2micro,4_partitions,natural,X,X,X,80.25064350064349,class_level,-1,X,0.0,48.411738802859006,24.576271186440678
demo,mono2micro,5_partitions,natural,X,X,X,91.39307532209273,method_level,-1,X,0.0,45.4523999605556,19.54802259887006
demo,mono2micro,5_partitions,natural,X,X,X,77.53384813384812,class_level,-1,X,0.0,45.4523999605556,19.54802259887006
demo,mono2micro,6_partitions,natural,X,X,X,91.42104049682894,method_level,-1,X,6.666666666666667,40.60329975979229,16.195856873822976
demo,mono2micro,6_partitions,natural,X,X,X,74.36652236652237,class_level,-1,X,6.666666666666667,40.60329975979229,16.195856873822976
demo,mono2micro,7_partitions,natural,X,X,X,91.42104049682894,method_level,-1,X,6.666666666666667,40.60329975979229,16.195856873822976
demo,mono2micro,7_partitions,natural,X,X,X,74.36652236652237,class_level,-1,X,6.666666666666667,40.60329975979229,16.195856873822976
demo,mono2micro,8_partitions,natural,X,X,X,91.42104049682894,method_level,-1,X,6.666666666666667,40.60329975979229,16.195856873822976
demo,mono2micro,8_partitions,natural,X,X,X,74.36652236652237,class_level,-1,X,6.666666666666667,40.60329975979229,16.195856873822976
demo,mono2micro,9_partitions,natural,X,X,X,91.42104049682894,method_level,-1,X,6.666666666666667,40.60329975979229,16.195856873822976
demo,mono2micro,9_partitions,natural,X,X,X,74.36652236652237,class_level,-1,X,6.666666666666667,40.60329975979229,16.195856873822976
jpetstore,mono2micro,3_partitions,natural,X,X,X,100.0,method_level,-1,X,0.0,100.0,100.0
jpetstore,mono2micro,3_partitions,natural,X,X,X,100.0,class_level,-1,X,0.0,100.0,100.0
jpetstore,mono2micro,5_partitions,natural,X,X,X,49.583333333333336,method_level,-1,X,0.0,49.75277612170294,49.81363152289669
jpetstore,mono2micro,5_partitions,natural,X,X,X,49.519230769230774,class_level,-1,X,0.0,49.75277612170294,49.81363152289669
partsunlimited,mono2micro,5_partitions,natural,X,X,X,68.9241979231868,method_level,-1,X,100.0,33.25120496515229,33.26674875666117
partsunlimited,mono2micro,5_partitions,natural,X,X,X,51.00890451346126,class_level,-1,X,100.0,33.25120496515229,33.26674875666117
spring-petclinic,mono2micro,3_partitions,natural,X,X,X,82.9923273657289,method_level,-1,X,33.33333333333333,39.270629334393156,34.62791126540797
spring-petclinic,mono2micro,3_partitions,natural,X,X,X,77.77777777777777,class_level,-1,X,33.33333333333333,39.270629334393156,34.62791126540797
spring-petclinic,mono2micro,5_partitions,natural,X,X,X,55.418419822346884,method_level,-1,X,10.0,24.18994990711333,20.412236971609765
spring-petclinic,mono2micro,5_partitions,natural,X,X,X,51.11111111111111,class_level,-1,X,10.0,24.18994990711333,20.412236971609765
demo,tomicroservices,2_partitions,overhead,X,X,X,55.219780219780226,method_level,-1,X,100.0,49.62480413734387,49.565217391304344
demo,tomicroservices,3_partitions,overhead,X,X,X,48.595744102804446,method_level,-1,X,66.66666666666666,33.90121361736829,32.748538011695906
demo,tomicroservices,4_partitions,overhead,X,X,X,38.51650268648385,method_level,-1,X,50.0,27.429419818035853,24.347826086956523
demo,tomicroservices,5_partitions,overhead,X,X,X,44.68650296599154,method_level,-1,X,30.0,30.3188728389206,19.310344827586206
demo,tomicroservices,6_partitions,overhead,X,X,X,29.04392764857881,method_level,-1,X,53.333333333333336,20.665986696720626,15.92261904761905
demo,tomicroservices,7_partitions,overhead,X,X,X,32.84973909027001,method_level,-1,X,42.857142857142854,16.3864298499618,13.513513513513514
demo,tomicroservices,8_partitions,overhead,X,X,X,30.30669085816145,method_level,-1,X,39.285714285714285,17.220809103577956,11.718750000000002
demo,tomicroservices,9_partitions,overhead,X,X,X,43.00278652442995,method_level,-1,X,36.11111111111111,18.16485513343861,10.295616717635067
demo,tomicroservices,10_partitions,overhead,X,X,X,31.322584927076324,method_level,-1,X,22.22222222222222,15.37155974872227,9.19642857142857
jpetstore,tomicroservices,3_partitions,overhead,X,X,X,40.73260073260074,method_level,-1,X,66.66666666666666,32.97918350939672,33.02503874041934
jpetstore,tomicroservices,5_partitions,overhead,X,X,X,24.119858469703672,method_level,-1,X,40.0,19.609049845580543,19.620067877016144
partsunlimited,tomicroservices,5_partitions,overhead,X,X,X,35.32452981192476,method_level,-1,X,50.0,19.147314237509303,19.387094190280756
spring-petclinic,tomicroservices,3_partitions,overhead,X,X,X,57.125819916517585,method_level,-1,X,0.0,36.31541311359443,33.3601849893348
spring-petclinic,tomicroservices,5_partitions,overhead,X,X,X,24.636015325670503,method_level,-1,X,20.0,21.9300163808325,19.465606004849427
