Application,Tool,Partition Count,Variant,Granularity,NED,Completeness,Actual Partition Count,Min,Max,Mean,Stdev,Median
demo,mem,4,3600_100_10_LC_final,method_level,18.39080459770115,87 (29.5%),7,1,44,12.428571428571429,15.725320800724997,5.0
demo,mem,4,3600_100_10_LC_final,class_level,44.99999999999999,20 (42.6%),7,1,6,2.857142857142857,2.0354009783964297,3.0
jpetstore,mem,4,3600_100_10_LC_final,method_level,13.541666666666663,192 (63.6%),5,5,101,38.4,41.21043557158793,14.0
jpetstore,mem,4,3600_100_10_LC_final,class_level,64.70588235294117,17 (70.8%),5,2,6,3.4,1.6733200530681511,3.0
partsunlimited,mem,4,3600_100_10_LC_final,method_level,28.07017543859649,57 (13.8%),2,16,41,28.5,17.67766952966369,28.5
partsunlimited,mem,4,3600_100_10_LC_final,class_level,100.0,4 (7.5%),2,2,2,2.0,0.0,2.0
spring-petclinic,mem,4,3600_100_10_LC_final,method_level,41.55844155844156,77 (68.8%),6,5,23,12.833333333333334,7.985403350280227,10.5
spring-petclinic,mem,4,3600_100_10_LC_final,class_level,73.33333333333334,15 (65.2%),6,2,4,2.5,0.8366600265340756,2.0
demo,mem,4,3600_100_10_TS_final,method_level,55.42168674698795,166 (56.3%),18,2,28,9.222222222222221,7.174756036480024,7.5
demo,mem,4,3600_100_10_TS_final,class_level,60.60606060606061,33 (70.2%),18,1,4,1.8333333333333333,0.9235481451827989,2.0
jpetstore,mem,4,3600_100_10_TS_final,method_level,67.3170731707317,205 (67.9%),6,9,58,34.166666666666664,16.14207752015417,36.5
jpetstore,mem,4,3600_100_10_TS_final,class_level,44.99999999999999,20 (83.3%),6,2,6,3.3333333333333335,1.7511900715418263,2.5
partsunlimited,mem,4,3600_100_10_TS_final,method_level,44.17344173441734,369 (89.6%),12,4,69,30.75,23.526097694417423,24.5
partsunlimited,mem,4,3600_100_10_TS_final,class_level,45.652173913043484,44 (83.0%),12,1,8,3.8333333333333335,2.516611478423583,3.0
spring-petclinic,mem,4,3600_100_10_TS_final,method_level,31.88405797101449,69 (61.6%),5,4,27,13.8,9.444575162494075,10.0
spring-petclinic,mem,4,3600_100_10_TS_final,class_level,61.53846153846154,13 (56.5%),5,1,5,2.6,1.51657508881031,2.0
demo,mono2micro,2,business,method_level,30.000000000000004,190 (64.4%),2,57,133,95.0,53.74011537017761,95.0
demo,mono2micro,2,business,class_level,36.66666666666667,30 (63.8%),2,11,19,15.0,5.656854249492381,15.0
demo,mono2micro,3,business,method_level,30.000000000000004,190 (64.4%),3,25,133,63.333333333333336,60.43453758682475,32.0
demo,mono2micro,3,business,class_level,36.66666666666667,30 (63.8%),3,4,19,10.0,7.937253933193772,7.0
demo,mono2micro,4,business,method_level,23.684210526315784,190 (64.4%),4,12,133,47.5,57.25090974531904,22.5
demo,mono2micro,4,business,class_level,36.66666666666667,30 (63.8%),4,3,19,7.5,7.681145747868608,4.0
demo,mono2micro,5,business,method_level,25.263157894736842,190 (64.4%),5,9,133,38.0,53.47896782848375,12.0
demo,mono2micro,5,business,class_level,36.66666666666667,30 (63.8%),5,2,19,6.0,7.314369419163897,3.0
demo,mono2micro,6,business,method_level,30.000000000000004,190 (64.4%),6,9,67,31.666666666666668,27.565679143940326,18.5
demo,mono2micro,6,business,class_level,56.666666666666664,30 (63.8%),6,2,13,5.0,4.1952353926806065,3.5
demo,mono2micro,7,business,method_level,36.31578947368421,190 (64.4%),7,9,66,27.142857142857142,23.589747571268976,12.0
demo,mono2micro,7,business,class_level,73.33333333333334,30 (63.8%),7,2,8,4.285714285714286,2.214669705568283,4.0
demo,mono2micro,8,business,method_level,45.78947368421053,190 (64.4%),8,9,66,23.75,19.462417996891194,15.0
demo,mono2micro,8,business,class_level,80.0,30 (63.8%),8,2,6,3.75,1.4880476182856899,3.5
demo,mono2micro,9,business,method_level,43.15789473684211,190 (64.4%),9,5,66,21.11111111111111,19.630616676791156,12.0
demo,mono2micro,9,business,class_level,80.0,30 (63.8%),9,2,6,3.3333333333333335,1.4142135623730951,3.0
jpetstore,mono2micro,3,business,method_level,49.45848375451264,277 (91.7%),3,55,140,92.33333333333333,43.431939092485074,82.0
jpetstore,mono2micro,3,business,class_level,52.94117647058824,17 (70.8%),3,4,8,5.666666666666667,2.0816659994661326,5.0
jpetstore,mono2micro,5,business,method_level,16.967509025270754,277 (91.7%),5,5,135,55.4,54.546310599343016,47.0
jpetstore,mono2micro,5,business,class_level,29.411764705882348,17 (70.8%),5,1,7,3.4,2.6076809620810595,3.0
partsunlimited,mono2micro,5,business,method_level,66.32996632996633,297 (72.1%),5,5,95,59.4,34.03380672214026,65.0
partsunlimited,mono2micro,5,business,class_level,64.51612903225806,31 (58.5%),5,1,10,6.2,3.420526275297414,7.0
spring-petclinic,mono2micro,3,business,method_level,43.29896907216495,97 (86.6%),3,9,55,32.333333333333336,23.007245235649865,33.0
spring-petclinic,mono2micro,3,business,class_level,100.0,17 (73.9%),3,3,7,5.666666666666667,2.309401076758503,7.0
spring-petclinic,mono2micro,5,business,method_level,17.525773195876294,97 (86.6%),5,2,45,19.4,18.609137540466513,10.0
spring-petclinic,mono2micro,5,business,class_level,29.411764705882348,17 (73.9%),5,1,7,3.4,2.5099800796022267,2.0
demo,tomicroservices,2,cohesion,method_level,0.0,121 (41.0%),2,8,113,60.5,74.24621202458749,60.5
demo,tomicroservices,3,cohesion,method_level,0.0,120 (40.7%),3,8,103,40.0,54.56189146281496,9.0
demo,tomicroservices,4,cohesion,method_level,14.876033057851235,121 (41.0%),4,7,96,30.25,43.84347157787577,9.0
demo,tomicroservices,5,cohesion,method_level,28.688524590163933,122 (41.4%),5,8,87,24.4,34.99714274051526,9.0
demo,tomicroservices,6,cohesion,method_level,31.62393162393162,117 (39.7%),6,7,41,19.5,15.971850237214221,10.5
demo,tomicroservices,7,cohesion,method_level,53.448275862068975,116 (39.3%),7,8,29,16.571428571428573,8.343802947040853,18.0
demo,tomicroservices,8,cohesion,method_level,55.55555555555556,117 (39.7%),8,8,52,14.625,15.127434868948725,9.0
demo,tomicroservices,9,cohesion,method_level,100.0,114 (38.6%),9,8,18,12.666666666666666,4.06201920231798,13.0
demo,tomicroservices,10,cohesion,method_level,63.24786324786324,117 (39.7%),10,8,25,11.7,5.598610938835137,9.0
jpetstore,tomicroservices,3,cohesion,method_level,0.0,229 (75.8%),3,8,212,76.33333333333333,117.49184368854434,9.0
jpetstore,tomicroservices,5,cohesion,method_level,0.0,227 (75.2%),5,7,193,45.4,82.51545309819247,9.0
partsunlimited,tomicroservices,5,cohesion,method_level,16.770186335403725,161 (39.1%),5,8,126,32.2,52.43758194272501,9.0
spring-petclinic,tomicroservices,3,cohesion,method_level,25.0,68 (60.7%),3,8,51,22.666666666666668,24.54248017893329,9.0
spring-petclinic,tomicroservices,5,cohesion,method_level,54.6875,64 (57.1%),5,8,29,12.8,9.06642156531451,9.0
demo,tomicroservices,2,coupling,method_level,0.0,121 (41.0%),2,7,114,60.5,75.66042558696059,60.5
demo,tomicroservices,3,coupling,method_level,0.0,120 (40.7%),3,7,104,40.0,55.4346462061408,9.0
demo,tomicroservices,4,coupling,method_level,20.661157024793386,121 (41.0%),4,8,96,30.25,43.835868114288935,8.5
demo,tomicroservices,5,coupling,method_level,27.86885245901639,122 (41.4%),5,7,88,24.4,35.564026768632374,9.0
demo,tomicroservices,6,coupling,method_level,31.62393162393162,117 (39.7%),6,8,41,19.5,15.959323293924463,10.5
demo,tomicroservices,7,coupling,method_level,50.86206896551724,116 (39.3%),7,8,29,16.571428571428573,8.92295061171178,15.0
demo,tomicroservices,8,coupling,method_level,54.700854700854705,117 (39.7%),8,8,53,14.625,15.537397281582082,9.0
demo,tomicroservices,9,coupling,method_level,100.0,114 (38.6%),9,9,18,12.666666666666666,3.840572873934304,13.0
demo,tomicroservices,10,coupling,method_level,63.24786324786324,117 (39.7%),10,8,25,11.7,5.598610938835137,9.0
jpetstore,tomicroservices,3,coupling,method_level,0.0,229 (75.8%),3,8,213,76.33333333333333,118.35680518387329,8.0
jpetstore,tomicroservices,5,coupling,method_level,0.0,227 (75.2%),5,7,195,45.4,83.6319317007565,8.0
partsunlimited,tomicroservices,5,coupling,method_level,22.360248447204967,161 (39.1%),5,9,125,32.2,51.87677707799512,9.0
spring-petclinic,tomicroservices,3,coupling,method_level,25.0,68 (60.7%),3,8,51,22.666666666666668,24.54248017893329,9.0
spring-petclinic,tomicroservices,5,coupling,method_level,54.6875,64 (57.1%),5,8,29,12.8,9.06642156531451,9.0
demo,cargo,4,default,method_level,12.82051282051282,117 (39.7%),4,6,89,29.25,40.03644173333423,11.0
demo,cargo,5,default,method_level,17.09401709401709,117 (39.7%),5,3,88,23.4,36.29462770163099,7.0
demo,cargo,n,default,method_level,18.803418803418804,117 (39.7%),16,1,54,7.3125,13.23993328281277,3.0
jpetstore,cargo,3,default,method_level,38.961038961038966,77 (25.5%),3,7,47,25.666666666666668,20.132891827388665,23.0
jpetstore,cargo,5,default,method_level,55.84415584415585,77 (25.5%),4,7,34,19.25,11.586630226256467,18.0
jpetstore,cargo,n,default,method_level,63.63636363636363,77 (25.5%),6,1,27,12.833333333333334,9.17423929634859,12.0
partsunlimited,cargo,5,default,method_level,32.291666666666664,192 (46.6%),5,8,122,38.4,47.06166167912051,20.0
partsunlimited,cargo,n,default,method_level,32.291666666666664,192 (46.6%),5,8,122,38.4,47.06166167912051,20.0
spring-petclinic,cargo,3,default,method_level,0.0,0 (0.0%),0,0,0,0.0,0.0,0.0
spring-petclinic,cargo,n,default,method_level,0.0,0 (0.0%),0,0,0,0.0,0.0,0.0
demo,datacentric,n,default,method_level,38.888888888888886,252 (85.4%),4,13,141,63.0,59.604250407724,49.0
demo,datacentric,n,default,class_level,40.90909090909091,44 (93.6%),4,2,24,11.0,9.309493362512628,9.0
jpetstore,datacentric,n,default,method_level,53.973509933774835,302 (100.0%),3,73,139,100.66666666666667,34.26854728950927,90.0
jpetstore,datacentric,n,default,class_level,45.833333333333336,24 (100.0%),3,5,13,8.0,4.358898943540674,6.0
partsunlimited,datacentric,n,default,method_level,53.20197044334976,406 (98.5%),4,49,190,101.5,62.185207244167,83.5
partsunlimited,datacentric,n,default,class_level,51.92307692307692,52 (98.1%),4,7,25,13.0,8.48528137423857,10.0
spring-petclinic,datacentric,n,default,method_level,27.67857142857143,112 (100.0%),3,12,81,37.333333333333336,37.978063843926186,19.0
spring-petclinic,datacentric,n,default,class_level,39.13043478260869,23 (100.0%),3,3,14,7.666666666666667,5.686240703077327,6.0
demo,ground_truth,n,default,method_level,65.2605459057072,295 (100.0%),4,76,140,100.75,29.88171124060111,93.5
demo,ground_truth,n,default,class_level,100.0,47 (100.0%),4,13,21,17.5,4.123105625617661,18.0
jpetstore,ground_truth,n,default,method_level,57.41935483870968,302 (100.0%),3,73,132,103.33333333333333,29.535289626704753,105.0
jpetstore,ground_truth,n,default,class_level,57.692307692307686,24 (100.0%),3,5,11,8.666666666666666,3.2145502536643185,10.0
partsunlimited,ground_truth,n,default,method_level,100.0,412 (100.0%),5,42,111,82.2,28.70017421549911,95.0
partsunlimited,ground_truth,n,default,class_level,100.0,53 (100.0%),5,5,17,12.4,4.774934554525329,13.0
spring-petclinic,ground_truth,n,default,method_level,40.42553191489362,112 (100.0%),3,27,75,44.0,26.888659319497503,30.0
spring-petclinic,ground_truth,n,default,class_level,64.51612903225806,23 (100.0%),3,6,11,9.0,2.6457513110645907,10.0
demo,hydec,n,default,method_level,39.148936170212764,235 (79.7%),8,5,66,29.375,24.441986709056902,25.5
demo,hydec,n,default,class_level,70.0,40 (85.1%),8,3,12,5.0,3.1622776601683795,3.5
jpetstore,hydec,n,default,method_level,41.76245210727969,261 (86.4%),8,7,83,32.625,27.302210794837006,24.5
jpetstore,hydec,n,default,class_level,77.27272727272727,22 (91.7%),8,2,5,2.75,1.164964745021435,2.0
partsunlimited,hydec,n,default,method_level,8.684210526315795,380 (92.2%),3,28,319,126.66666666666667,166.58431298694765,33.0
partsunlimited,hydec,n,default,class_level,21.739130434782606,46 (86.8%),3,5,36,15.333333333333334,17.897858344878397,5.0
spring-petclinic,hydec,n,default,method_level,46.98795180722891,83 (74.1%),3,13,44,27.666666666666668,15.56705923844749,26.0
spring-petclinic,hydec,n,default,class_level,56.25,16 (69.6%),3,4,7,5.333333333333333,1.5275252316519468,5.0
jpetstore,log2ms,n,default,method_level,57.6158940397351,302 (100.0%),3,69,128,100.66666666666667,29.737742572921256,105.0
jpetstore,log2ms,n,default,class_level,100.0,24 (100.0%),3,4,10,8.0,3.4641016151377544,10.0
spring-petclinic,log2ms,n,default,method_level,27.722772277227726,101 (90.2%),7,2,35,14.428571428571429,13.636435786244915,10.0
spring-petclinic,log2ms,n,default,class_level,42.10526315789473,19 (82.6%),7,1,6,2.7142857142857144,2.0586634591635513,2.0
demo,mosaic,n,default,method_level,47.682119205298015,151 (51.2%),4,6,73,37.75,28.194266556636414,36.0
jpetstore,mosaic,n,default,method_level,56.94444444444444,288 (95.4%),3,57,124,96.0,34.828149534535996,107.0
partsunlimited,mosaic,n,default,method_level,100.0,297 (72.1%),5,36,78,59.4,19.844394674567425,69.0
spring-petclinic,mosaic,n,default,method_level,25.92592592592593,95 (84.8%),2,28,80,54.0,36.76955262170047,54.0
demo,tomicroservices,2,functionality,method_level,0.0,121 (41.0%),2,8,113,60.5,74.24621202458749,60.5
demo,tomicroservices,3,functionality,method_level,0.0,120 (40.7%),3,7,104,40.0,55.4346462061408,9.0
demo,tomicroservices,4,functionality,method_level,20.661157024793386,121 (41.0%),4,8,96,30.25,43.835868114288935,8.5
demo,tomicroservices,5,functionality,method_level,27.86885245901639,122 (41.4%),5,8,88,24.4,35.55699649857957,9.0
demo,tomicroservices,6,functionality,method_level,31.62393162393162,117 (39.7%),6,7,41,19.5,15.971850237214221,10.5
demo,tomicroservices,7,functionality,method_level,46.55172413793104,116 (39.3%),7,8,35,16.571428571428573,10.799029938797634,9.0
demo,tomicroservices,8,functionality,method_level,54.700854700854705,117 (39.7%),8,8,53,14.625,15.528200153269534,9.0
demo,tomicroservices,9,functionality,method_level,100.0,114 (38.6%),9,9,19,12.666666666666666,4.031128874149275,11.0
demo,tomicroservices,10,functionality,method_level,62.39316239316239,117 (39.7%),10,6,25,11.7,5.8509258526606995,9.0
jpetstore,tomicroservices,3,functionality,method_level,0.0,229 (75.8%),3,8,213,76.33333333333333,118.35680518387329,8.0
jpetstore,tomicroservices,5,functionality,method_level,0.0,227 (75.2%),5,9,191,45.4,81.39287438099235,9.0
partsunlimited,tomicroservices,5,functionality,method_level,22.360248447204967,161 (39.1%),5,9,125,32.2,51.87677707799512,9.0
spring-petclinic,tomicroservices,3,functionality,method_level,26.470588235294112,68 (60.7%),3,9,50,22.666666666666668,23.671361036774655,9.0
spring-petclinic,tomicroservices,5,functionality,method_level,54.6875,64 (57.1%),5,8,29,12.8,9.06642156531451,9.0
demo,mono2micro,2,natural,method_level,30.000000000000004,190 (64.4%),2,57,133,95.0,53.74011537017761,95.0
demo,mono2micro,2,natural,class_level,36.66666666666667,30 (63.8%),2,11,19,15.0,5.656854249492381,15.0
demo,mono2micro,3,natural,method_level,30.000000000000004,190 (64.4%),3,25,133,63.333333333333336,60.43453758682475,32.0
demo,mono2micro,3,natural,class_level,36.66666666666667,30 (63.8%),3,4,19,10.0,7.937253933193772,7.0
demo,mono2micro,4,natural,method_level,23.684210526315784,190 (64.4%),4,12,133,47.5,57.25090974531904,22.5
demo,mono2micro,4,natural,class_level,36.66666666666667,30 (63.8%),4,3,19,7.5,7.681145747868608,4.0
demo,mono2micro,5,natural,method_level,25.263157894736842,190 (64.4%),5,9,133,38.0,53.47896782848375,12.0
demo,mono2micro,5,natural,class_level,36.66666666666667,30 (63.8%),5,2,19,6.0,7.314369419163897,3.0
demo,mono2micro,6,natural,method_level,30.000000000000004,190 (64.4%),6,9,67,31.666666666666668,27.565679143940326,18.5
demo,mono2micro,6,natural,class_level,56.666666666666664,30 (63.8%),6,2,13,5.0,4.1952353926806065,3.5
demo,mono2micro,7,natural,method_level,30.000000000000004,190 (64.4%),6,9,67,31.666666666666668,27.565679143940326,18.5
demo,mono2micro,7,natural,class_level,56.666666666666664,30 (63.8%),6,2,13,5.0,4.1952353926806065,3.5
demo,mono2micro,8,natural,method_level,30.000000000000004,190 (64.4%),6,9,67,31.666666666666668,27.565679143940326,18.5
demo,mono2micro,8,natural,class_level,56.666666666666664,30 (63.8%),6,2,13,5.0,4.1952353926806065,3.5
demo,mono2micro,9,natural,method_level,30.000000000000004,190 (64.4%),6,9,67,31.666666666666668,27.565679143940326,18.5
demo,mono2micro,9,natural,class_level,56.666666666666664,30 (63.8%),6,2,13,5.0,4.1952353926806065,3.5
jpetstore,mono2micro,3,natural,method_level,0.0,277 (91.7%),1,277,277,277.0,0.0,277.0
jpetstore,mono2micro,3,natural,class_level,0.0,17 (70.8%),1,17,17,17.0,0.0,17.0
jpetstore,mono2micro,5,natural,method_level,0.0,277 (91.7%),2,5,272,138.5,188.79751057680818,138.5
jpetstore,mono2micro,5,natural,class_level,0.0,17 (70.8%),2,1,16,8.5,10.606601717798213,8.5
partsunlimited,mono2micro,5,natural,method_level,53.87205387205387,297 (72.1%),3,65,137,99.0,36.16628264005025,95.0
partsunlimited,mono2micro,5,natural,class_level,100.0,31 (58.5%),3,8,13,10.333333333333334,2.516611478423583,10.0
spring-petclinic,mono2micro,3,natural,method_level,43.29896907216495,97 (86.6%),3,9,55,32.333333333333336,23.007245235649865,33.0
spring-petclinic,mono2micro,3,natural,class_level,100.0,17 (73.9%),3,3,7,5.666666666666667,2.309401076758503,7.0
spring-petclinic,mono2micro,5,natural,method_level,17.525773195876294,97 (86.6%),5,2,45,19.4,18.609137540466513,10.0
spring-petclinic,mono2micro,5,natural,class_level,29.411764705882348,17 (73.9%),5,1,7,3.4,2.5099800796022267,2.0
demo,tomicroservices,2,overhead,method_level,0.0,121 (41.0%),2,7,114,60.5,75.66042558696059,60.5
demo,tomicroservices,3,overhead,method_level,0.0,120 (40.7%),3,7,104,40.0,55.4346462061408,9.0
demo,tomicroservices,4,overhead,method_level,14.876033057851235,121 (41.0%),4,7,96,30.25,43.84347157787577,9.0
demo,tomicroservices,5,overhead,method_level,27.86885245901639,122 (41.4%),5,7,88,24.4,35.564026768632374,9.0
demo,tomicroservices,6,overhead,method_level,32.47863247863248,117 (39.7%),6,8,40,19.5,15.55313473226539,10.5
demo,tomicroservices,7,overhead,method_level,50.86206896551724,116 (39.3%),7,8,29,16.571428571428573,8.92295061171178,15.0
demo,tomicroservices,8,overhead,method_level,56.41025641025641,117 (39.7%),8,8,51,14.625,14.72546385396011,9.5
demo,tomicroservices,9,overhead,method_level,100.0,114 (38.6%),9,9,18,12.666666666666666,3.840572873934304,13.0
demo,tomicroservices,10,overhead,method_level,63.24786324786324,117 (39.7%),10,8,25,11.7,5.598610938835137,9.0
jpetstore,tomicroservices,3,overhead,method_level,0.0,229 (75.8%),3,8,213,76.33333333333333,118.35680518387329,8.0
jpetstore,tomicroservices,5,overhead,method_level,0.0,227 (75.2%),5,9,191,45.4,81.39287438099235,9.0
partsunlimited,tomicroservices,5,overhead,method_level,22.360248447204967,161 (39.1%),5,9,125,32.2,51.87677707799512,9.0
spring-petclinic,tomicroservices,3,overhead,method_level,26.470588235294112,68 (60.7%),3,9,50,22.666666666666668,23.671361036774655,9.0
spring-petclinic,tomicroservices,5,overhead,method_level,56.25,64 (57.1%),5,9,28,12.8,8.497058314499201,9.0
