{
    "tool": {
        "decomposition": {
            "microservice0": [
                {
                    "id": "ShipmentEventInfo.getDate"
                },
                {
                    "id": "ShipmentEventInfo.getComments"
                },
                {
                    "id": "ShipmentRecord.getEvents"
                },
                {
                    "id": "ShipmentRecord.addEvent"
                },
                {
                    "id": "ShipmentRecord.setOrderId"
                },
                {
                    "id": "OrderRepository.getOrdersByDealerName"
                },
                {
                    "id": "ShipmentRecord.setContactName"
                },
                {
                    "id": "ShipmentRecord.setDeliveryDate"
                },
                {
                    "id": "MongoShipmentRepository.createShipment"
                }
            ],
            "microservice1": [
                {
                    "id": "ShipmentController.addEvent"
                },
                {
                    "id": "MockShipmentRepository.getShipmentById"
                },
                {
                    "id": "ShipmentController.getShipmentRepository"
                },
                {
                    "id": "ShipmentController.getShipment"
                },
                {
                    "id": "OrderEventInfo.getDate"
                },
                {
                    "id": "ShipmentController.updateShipment"
                },
                {
                    "id": "ShipmentRecord.getOrderId"
                },
                {
                    "id": "ShipmentEventInfo.setDate"
                },
                {
                    "id": "Order.getEvents"
                }
            ],
            "microservice2": [
                {
                    "id": "ShipmentRepository.getShipments"
                },
                {
                    "id": "MongoDealersRepository.upsertDealer"
                },
                {
                    "id": "MongoShipmentRepository.saveUpdates"
                },
                {
                    "id": "CatalogItemsRepository.upsertCatalogItem"
                },
                {
                    "id": "ShipmentRecord.getContactName"
                },
                {
                    "id": "Dealer.Dealer"
                },
                {
                    "id": "DealerController.removeDealer"
                },
                {
                    "id": "QuoteRepository.createQuote"
                }
            ],
            "microservice3": [
                {
                    "id": "Order.setStatus"
                },
                {
                    "id": "MockCatalogItemsRepository.getCatalogItem"
                },
                {
                    "id": "MockOrderRepository.createOrder"
                },
                {
                    "id": "MockShipmentRepository.reset"
                },
                {
                    "id": "OrderController.createOrder"
                },
                {
                    "id": "MongoQuoteRepository.createQuote"
                },
                {
                    "id": "ShipmentRepository.createShipment"
                },
                {
                    "id": "OrderEventInfo.setDate"
                },
                {
                    "id": "OrderUpdateInfo.getStatus"
                },
                {
                    "id": "Order.setQuoteId"
                },
                {
                    "id": "CatalogItem.validate"
                },
                {
                    "id": "Order.getOrderId"
                },
                {
                    "id": "MockDealersRepository.upsertDealer"
                },
                {
                    "id": "Quote.equals"
                },
                {
                    "id": "ShipmentRepository.addEvent"
                },
                {
                    "id": "OrderEventInfo.getComments"
                },
                {
                    "id": "OrderController.getOrdersByDealerName"
                },
                {
                    "id": "Order.setOrderId"
                },
                {
                    "id": "ShipmentRecord.setDeliveryAddress"
                },
                {
                    "id": "DealerInfo.setContact"
                },
                {
                    "id": "Utility.isNullOrEmpty"
                },
                {
                    "id": "OrderController.updateOrder"
                },
                {
                    "id": "QuoteController.getQuotesByCustomerName"
                },
                {
                    "id": "QuoteRepository.updateQuote"
                },
                {
                    "id": "RepositoryFactory$Repositories.RepositoryFactory$Repositories"
                },
                {
                    "id": "RepositoryFactory.getQuoteRepository"
                },
                {
                    "id": "RepositoryFactory.getDealersRepository"
                },
                {
                    "id": "OrderUpdateInfo.getEventInfo"
                },
                {
                    "id": "OrderController.getOrders"
                },
                {
                    "id": "DealerController.getDealer"
                },
                {
                    "id": "RepositoryFactory.getShipmentRepository"
                },
                {
                    "id": "Order.getQuoteId"
                },
                {
                    "id": "MockOrderRepository.getOrder"
                },
                {
                    "id": "OrderingConfiguration.getApplicationContext"
                },
                {
                    "id": "MockOrderRepository.reset"
                },
                {
                    "id": "Order.addEvent"
                },
                {
                    "id": "CatalogController.removeCatalogItem"
                },
                {
                    "id": "CatalogItem.getSkuNumber"
                },
                {
                    "id": "OrderingInitializer.getApplicationPath"
                },
                {
                    "id": "ShipmentController.getShipments"
                },
                {
                    "id": "OrderController.addEvent"
                },
                {
                    "id": "RepositoryFactory.reset"
                },
                {
                    "id": "QuoteDetails.QuoteDetails"
                },
                {
                    "id": "Quote.Quote"
                },
                {
                    "id": "OrderRepository.updateOrder"
                },
                {
                    "id": "MockOrderRepository.getOrdersByDealerName"
                },
                {
                    "id": "Utility.validateStringField"
                },
                {
                    "id": "MockQuoteRepository.getQuotesByCustomerName"
                },
                {
                    "id": "QuoteController.createQuote"
                },
                {
                    "id": "CatalogItem.CatalogItem"
                },
                {
                    "id": "DealerInfo.setPhone"
                },
                {
                    "id": "DealerInfo.validate"
                },
                {
                    "id": "MongoOrderRepository.updateOrder"
                },
                {
                    "id": "Quote.validate"
                },
                {
                    "id": "MockOrderRepository.hasOrder"
                },
                {
                    "id": "DealerController.getRepository"
                },
                {
                    "id": "Order.equals"
                },
                {
                    "id": "DealerController.updateDealer"
                },
                {
                    "id": "OrderEventInfo.setComments"
                },
                {
                    "id": "MockQuoteRepository.removeQuote"
                },
                {
                    "id": "MockShipmentRepository.addEvent"
                },
                {
                    "id": "CatalogController.getRepository"
                },
                {
                    "id": "RepositoryFactory.init"
                },
                {
                    "id": "MongoShipmentRepository.getShipments"
                },
                {
                    "id": "MongoShipmentRepository.updateShipment"
                },
                {
                    "id": "ShipmentRecord.setPrimaryContactPhone"
                },
                {
                    "id": "QuoteController.updateQuote"
                },
                {
                    "id": "Quote.getCustomerName"
                },
                {
                    "id": "OrderDetails.OrderDetails"
                },
                {
                    "id": "CatalogItem.getDescription"
                },
                {
                    "id": "ShipmentController.createShipmentRecord"
                },
                {
                    "id": "DealerInfo.getName"
                },
                {
                    "id": "CatalogController.getCatalogItems"
                },
                {
                    "id": "MockOrderRepository.getOrdersByStatus"
                },
                {
                    "id": "CatalogController.getCatalogItem"
                },
                {
                    "id": "MockQuoteRepository.createQuote"
                },
                {
                    "id": "MongoQuoteRepository.updateQuote"
                },
                {
                    "id": "MockCatalogItemsRepository.compareSkuNumbers"
                },
                {
                    "id": "MockDealersRepository.compareDealerNames"
                },
                {
                    "id": "MockDealersRepository.getDealers"
                },
                {
                    "id": "DealersRepository.upsertDealer"
                },
                {
                    "id": "OrderController.updateStatus"
                },
                {
                    "id": "CatalogItem.getInventory"
                },
                {
                    "id": "Quote.getQuoteId"
                },
                {
                    "id": "Order.setOrderDate"
                },
                {
                    "id": "RepositoryFactory.getOrderRepository"
                },
                {
                    "id": "MockDealersRepository.removeDealer"
                },
                {
                    "id": "MockDealersRepository.getDealer"
                },
                {
                    "id": "MockShipmentRepository.updateShipment"
                },
                {
                    "id": "MockCatalogItemsRepository.getCatalogItems"
                },
                {
                    "id": "Order.getStatus"
                },
                {
                    "id": "MockCatalogItemsRepository.reset"
                },
                {
                    "id": "CatalogController.addCatalogItem"
                },
                {
                    "id": "CatalogItem.getLeadTime"
                },
                {
                    "id": "DealerInfo.setAddress"
                },
                {
                    "id": "OrderController.getOrderById"
                },
                {
                    "id": "MockOrderRepository.updateOrder"
                },
                {
                    "id": "QuoteController.deleteQuote"
                },
                {
                    "id": "RepositoryFactory.getCatalogItemsRepository"
                },
                {
                    "id": "MockCatalogItemsRepository.upsertCatalogItem"
                },
                {
                    "id": "OrderRepository.getOrdersByStatus"
                },
                {
                    "id": "CatalogController.upsertCatalogItem"
                },
                {
                    "id": "DealerInfo.setName"
                },
                {
                    "id": "MockQuoteRepository.updateQuote"
                },
                {
                    "id": "DealerController.getDealers"
                },
                {
                    "id": "ShipmentRecord.setAlternateContactPhone"
                },
                {
                    "id": "CatalogItem.getPrice"
                },
                {
                    "id": "QuoteController.getRepository"
                },
                {
                    "id": "QuoteController.getQuoteById"
                },
                {
                    "id": "OrderController.getQuotes"
                },
                {
                    "id": "ShipmentDetails.ShipmentDetails"
                },
                {
                    "id": "MockOrderRepository.getOrderByQuoteId"
                },
                {
                    "id": "Quote.getDealerName"
                },
                {
                    "id": "Quote.setCustomerName"
                },
                {
                    "id": "DealerController.addDealer"
                },
                {
                    "id": "MockDealersRepository.reset"
                },
                {
                    "id": "MockCatalogItemsRepository.removeCatalogItem"
                },
                {
                    "id": "Quote.setQuoteId"
                },
                {
                    "id": "Quote.setDealerName"
                },
                {
                    "id": "Quote.addQuoteItem"
                },
                {
                    "id": "MockQuoteRepository.reset"
                },
                {
                    "id": "MongoOrderRepository.saveOrder"
                },
                {
                    "id": "MockShipmentRepository.createShipment"
                },
                {
                    "id": "DealerInfo.setEmail"
                },
                {
                    "id": "ShipmentRepository.updateShipment"
                },
                {
                    "id": "MockQuoteRepository.getQuote"
                }
            ],
            "microservice4": [
                {
                    "id": "ShipmentRecord.validate"
                },
                {
                    "id": "MongoCatalogItemsRepository.upsertCatalogItem"
                },
                {
                    "id": "MockShipmentRepository.getShipments"
                },
                {
                    "id": "DealerInfo.getContact"
                },
                {
                    "id": "ShipmentRecord.ShipmentRecord"
                },
                {
                    "id": "ShipmentEventInfo.validate"
                },
                {
                    "id": "DeliveryAddress.validate"
                },
                {
                    "id": "DeliveryAddress.isNotEmpty"
                },
                {
                    "id": "MongoShipmentRepository.addEvent"
                }
            ],
            "UNOBSERVED": [
                {
                    "id": "SimpleCORSFilter.SimpleCORSFilter"
                },
                {
                    "id": "PostgresqlProperties.getPassword"
                },
                {
                    "id": "PingController.PingController"
                },
                {
                    "id": "ShipmentDetails.toShipmentRecord"
                },
                {
                    "id": "DealerInfo.getAddress"
                },
                {
                    "id": "QuoteItemInfo.setSkuNumber"
                },
                {
                    "id": "MongoOperationsWithRetry.findById"
                },
                {
                    "id": "DeliveryAddress.getSpecialInstructions"
                },
                {
                    "id": "MongoCatalogItemsRepository.getCatalogItems"
                },
                {
                    "id": "MongoOperationsWithRetry.insert"
                },
                {
                    "id": "MongoQuoteRepository.findExistingQuote"
                },
                {
                    "id": "PropertyHelper.getProperties"
                },
                {
                    "id": "CatalogController.CatalogController"
                },
                {
                    "id": "MongoOperationsWithRetry.execute"
                },
                {
                    "id": "OrderingConfiguration.OrderingConfiguration"
                },
                {
                    "id": "MongoOperationsWithRetry.find"
                },
                {
                    "id": "DeliveryAddress.getState"
                },
                {
                    "id": "PropertyHelper.getPropValues"
                },
                {
                    "id": "Quote.getTotalCost"
                },
                {
                    "id": "OrderDetails.toOrder"
                },
                {
                    "id": "CatalogItem.setId"
                },
                {
                    "id": "Delivery.setOrder"
                },
                {
                    "id": "DealersRepository.removeDealer"
                },
                {
                    "id": "MongoOperationsWithRetry.collectionExists"
                },
                {
                    "id": "MongoOperationsWithRetry.count"
                },
                {
                    "id": "MongoCatalogItemsRepository.reset"
                },
                {
                    "id": "OrderingServiceProperties.getStorage"
                },
                {
                    "id": "SimpleCORSFilter.init"
                },
                {
                    "id": "BadRequestException.BadRequestException"
                },
                {
                    "id": "MongoQuoteRepository.getQuote"
                },
                {
                    "id": "Quote.getQuoteItems"
                },
                {
                    "id": "OrderUpdateInfo.OrderUpdateInfo"
                },
                {
                    "id": "AppInsightsFilter.AppInsightsFilter"
                },
                {
                    "id": "OrderingConfiguration.repositoryFactory"
                },
                {
                    "id": "DealerInfo.getPhone"
                },
                {
                    "id": "QuoteItemInfo.hashCode"
                },
                {
                    "id": "Quote.getState"
                },
                {
                    "id": "Order.setEvents"
                },
                {
                    "id": "MongoOrderRepository.MongoOrderRepository"
                },
                {
                    "id": "MongoDBProperties.getHost"
                },
                {
                    "id": "OrderingServiceProperties.setPingMessage"
                },
                {
                    "id": "Order.hashCode"
                },
                {
                    "id": "QuoteItemInfo.getAmount"
                },
                {
                    "id": "ConflictingRequestException.getMessage"
                },
                {
                    "id": "QuoteItemInfo.compareTo"
                },
                {
                    "id": "OrderRepository.removeOrder"
                },
                {
                    "id": "MockOrderRepository.MockOrderRepository"
                },
                {
                    "id": "DeliveryAddress.getPostalCode"
                },
                {
                    "id": "OrderEventInfo.OrderEventInfo"
                },
                {
                    "id": "MongoShipmentRepository.removeShipment"
                },
                {
                    "id": "OrderDetails.setId"
                },
                {
                    "id": "MockQuoteRepository.getQuoteIdsByDealerName"
                },
                {
                    "id": "Quote.getValidUntil"
                },
                {
                    "id": "MongoCatalogItemsRepository.MongoCatalogItemsRepository"
                },
                {
                    "id": "MongoOperationsWithRetry.findAll"
                },
                {
                    "id": "QuoteItemInfo.getSkuNumber"
                },
                {
                    "id": "OrderingConfiguration.main"
                },
                {
                    "id": "Delivery.getShipmentRecord"
                },
                {
                    "id": "Quote.setCity"
                },
                {
                    "id": "PostgresqlProperties.setUsername"
                },
                {
                    "id": "MongoOperationsWithRetry.mapReduce"
                },
                {
                    "id": "PostgresqlProperties.getDriverClass"
                },
                {
                    "id": "PostgresqlProperties.getUsername"
                },
                {
                    "id": "QuoteItemInfo.equals"
                },
                {
                    "id": "ShipmentRecord.getPrimaryContactPhone"
                },
                {
                    "id": "DeliveryAddress.setState"
                },
                {
                    "id": "DeliveryAddress.setCity"
                },
                {
                    "id": "OrderingConfiguration.getTelemetryClient"
                },
                {
                    "id": "QuoteDetails.getQuoteId"
                },
                {
                    "id": "MongoQuoteRepository.reset"
                },
                {
                    "id": "MongoOperationsWithRetry.findOne"
                },
                {
                    "id": "MongoOperationsWithRetry.exists"
                },
                {
                    "id": "OrderingServiceProperties.getInstrumentationKey"
                },
                {
                    "id": "RepositoryFactory.RepositoryFactory"
                },
                {
                    "id": "OrderingConfiguration.setApplicationContext"
                },
                {
                    "id": "MongoOperationsWithRetry.executeQuery"
                },
                {
                    "id": "Delivery.setQuote"
                },
                {
                    "id": "PostgresqlProperties.setPassword"
                },
                {
                    "id": "DeliveryAddress.DeliveryAddress"
                },
                {
                    "id": "MongoShipmentRepository.MongoShipmentRepository"
                },
                {
                    "id": "CatalogItemsRepository.getCatalogItems"
                },
                {
                    "id": "MongoOperationsWithRetry.getCollection"
                },
                {
                    "id": "MongoOrderRepository.getOrderByQuoteId"
                },
                {
                    "id": "DeliveryAddress.setStreet"
                },
                {
                    "id": "OrderStatus.values"
                },
                {
                    "id": "AppInsightsFilter.doFilter"
                },
                {
                    "id": "CatalogItemsRepository.getCatalogItem"
                },
                {
                    "id": "Dealer.toDealerInfo"
                },
                {
                    "id": "MongoOperationsWithRetry.findAndModify"
                },
                {
                    "id": "PropertyHelper.PropertyHelper"
                },
                {
                    "id": "ShipmentController.getOrderRepository"
                },
                {
                    "id": "SimpleCORSFilter.doFilter"
                },
                {
                    "id": "ShipmentController.deleteShipment"
                },
                {
                    "id": "Quote.setPostalCode"
                },
                {
                    "id": "ShipmentEventInfo.setComments"
                },
                {
                    "id": "QuoteRepository.getQuoteIdsByDealerName"
                },
                {
                    "id": "MongoCatalogItemsRepository.findExistingCatalogItem"
                },
                {
                    "id": "MongoOperationsWithRetry.geoNear"
                },
                {
                    "id": "Quote.setDiscount"
                },
                {
                    "id": "OrderingServiceProperties.getValidationMessage"
                },
                {
                    "id": "CatalogItem.setPrice"
                },
                {
                    "id": "OrderUpdateInfo.setStatus"
                },
                {
                    "id": "DeliveryAddress.setSpecialInstructions"
                },
                {
                    "id": "OrderStatus.hashCode"
                },
                {
                    "id": "TestPath.reset"
                },
                {
                    "id": "MongoOperationsWithRetry.sendTelemetry"
                },
                {
                    "id": "QuoteDetails.getDealerName"
                },
                {
                    "id": "MongoDealersRepository.MongoDealersRepository"
                },
                {
                    "id": "Delivery.setShipmentRecord"
                },
                {
                    "id": "OrderController.OrderController"
                },
                {
                    "id": "MongoOperationsWithRetry.updateFirst"
                },
                {
                    "id": "MongoOperationsWithRetry.aggregate"
                },
                {
                    "id": "MongoCatalogItemsRepository.removeCatalogItem"
                },
                {
                    "id": "DeliveryAddress.getStreet"
                },
                {
                    "id": "MongoOperationsWithRetry.getConverter"
                },
                {
                    "id": "OrderingConfiguration.mongoTemplate"
                },
                {
                    "id": "QuoteDetails.getId"
                },
                {
                    "id": "MongoOrderRepository.createOrder"
                },
                {
                    "id": "QuoteDetails.setId"
                },
                {
                    "id": "AppInsightsFilter.init"
                },
                {
                    "id": "PostgresqlProperties.getUrl"
                },
                {
                    "id": "OrderingInitializer.configure"
                },
                {
                    "id": "MongoDealersRepository.getDealer"
                },
                {
                    "id": "QuoteRepository.getQuote"
                },
                {
                    "id": "MockQuoteRepository.MockQuoteRepository"
                },
                {
                    "id": "OrderRepository.createOrder"
                },
                {
                    "id": "MongoOperationsWithRetry.createCollection"
                },
                {
                    "id": "MongoOperationsWithRetry.indexOps"
                },
                {
                    "id": "MockDealersRepository.MockDealersRepository"
                },
                {
                    "id": "DealerController.DealerController"
                },
                {
                    "id": "Order.Order"
                },
                {
                    "id": "CatalogItem.getId"
                },
                {
                    "id": "SimpleCORSFilter.destroy"
                },
                {
                    "id": "MongoDBProperties.getDatabase"
                },
                {
                    "id": "ShipmentController.getDeliveries"
                },
                {
                    "id": "MongoOperationsWithRetry.executeCommand"
                },
                {
                    "id": "CatalogItem.setInventory"
                },
                {
                    "id": "PhoneInfo.setKind"
                },
                {
                    "id": "MockCatalogItemsRepository.MockCatalogItemsRepository"
                },
                {
                    "id": "OrderRepository.hasOrder"
                },
                {
                    "id": "MongoOrderRepository.getOrdersByDealerName"
                },
                {
                    "id": "PhoneInfo.PhoneInfo"
                },
                {
                    "id": "ShipmentRepository.getShipmentById"
                },
                {
                    "id": "OrderingServiceProperties.OrderingServiceProperties"
                },
                {
                    "id": "MockShipmentRepository.MockShipmentRepository"
                },
                {
                    "id": "PingController.getStatus"
                },
                {
                    "id": "OrderingServiceProperties.setInstrumentationKey"
                },
                {
                    "id": "ShipmentEventInfo.ShipmentEventInfo"
                },
                {
                    "id": "MongoDealersRepository.removeDealer"
                },
                {
                    "id": "OrderingConfiguration.orderingServiceProperties"
                },
                {
                    "id": "Quote.getDiscount"
                },
                {
                    "id": "MongoOrderRepository.findExistingOrder"
                },
                {
                    "id": "MongoOrderRepository.getOrdersByStatus"
                },
                {
                    "id": "OrderStatus.valueOf"
                },
                {
                    "id": "PostgresqlProperties.setDriverClass"
                },
                {
                    "id": "RepositoryFactory.getFactory"
                },
                {
                    "id": "ShipmentRecord.getDeliveryAddress"
                },
                {
                    "id": "CatalogItem.setDescription"
                },
                {
                    "id": "MongoDBProperties.MongoDBProperties"
                },
                {
                    "id": "QuoteDetails.toQuote"
                },
                {
                    "id": "CatalogItem.toCatalogItem"
                },
                {
                    "id": "OrderingServiceProperties.setValidationMessage"
                },
                {
                    "id": "MongoQuoteRepository.MongoQuoteRepository"
                },
                {
                    "id": "OrderStatus[].clone"
                },
                {
                    "id": "MongoOperationsWithRetry.remove"
                },
                {
                    "id": "QuoteItemInfo.QuoteItemInfo"
                },
                {
                    "id": "DeliveryAddress.setPostalCode"
                },
                {
                    "id": "MongoQuoteRepository.getQuoteIdsByDealerName"
                },
                {
                    "id": "Order.getOrderDate"
                },
                {
                    "id": "MongoOperationsWithRetry.dropCollection"
                },
                {
                    "id": "DealersRepository.getDealer"
                },
                {
                    "id": "MockOrderRepository.removeOrder"
                },
                {
                    "id": "MongoOperationsWithRetry.insertAll"
                },
                {
                    "id": "Quote.getCity"
                },
                {
                    "id": "Quote.setQuoteItems"
                },
                {
                    "id": "MongoOperationsWithRetry.getCollectionName"
                },
                {
                    "id": "ShipmentDetails.setId"
                },
                {
                    "id": "OrderingInitializer.onStartup"
                },
                {
                    "id": "AppInsightsFilter.destroy"
                },
                {
                    "id": "OrderController.deleteOrder"
                },
                {
                    "id": "OrderingInitializer.OrderingInitializer"
                },
                {
                    "id": "QuoteRepository.getQuotesByCustomerName"
                },
                {
                    "id": "Quote.hashCode"
                },
                {
                    "id": "CatalogItemsRepository.removeCatalogItem"
                },
                {
                    "id": "MongoCatalogItemsRepository.getCatalogItem"
                },
                {
                    "id": "MongoOrderRepository.hasOrder"
                },
                {
                    "id": "PostgresqlProperties.PostgresqlProperties"
                },
                {
                    "id": "MockShipmentRepository.removeShipment"
                },
                {
                    "id": "ConflictingRequestException.ConflictingRequestException"
                },
                {
                    "id": "MongoOrderRepository.removeOrder"
                },
                {
                    "id": "MongoDBProperties.setHost"
                },
                {
                    "id": "Utility.Utility"
                },
                {
                    "id": "MongoOperationsWithRetry.executeInSession"
                },
                {
                    "id": "Dealer.setId"
                },
                {
                    "id": "MongoOrderRepository.getOrder"
                },
                {
                    "id": "OrderStatus.OrderStatus"
                },
                {
                    "id": "MongoOperationsWithRetry.updateMulti"
                },
                {
                    "id": "MongoOperationsWithRetry.group"
                },
                {
                    "id": "OrderingServiceProperties.getPingMessage"
                },
                {
                    "id": "OrderRepository.getOrderByQuoteId"
                },
                {
                    "id": "OrderingServiceProperties.setStorage"
                },
                {
                    "id": "ShipmentController.ShipmentController"
                },
                {
                    "id": "PhoneInfo.getKind"
                },
                {
                    "id": "ShipmentController.getQuoteRepository"
                },
                {
                    "id": "Utility.getTelemetryClient"
                },
                {
                    "id": "PhoneInfo.setPhoneNumber"
                },
                {
                    "id": "ShipmentDetails.getId"
                },
                {
                    "id": "CatalogItem.setLeadTime"
                },
                {
                    "id": "Delivery.getOrder"
                },
                {
                    "id": "Delivery.getQuote"
                },
                {
                    "id": "OrderRepository.getOrder"
                },
                {
                    "id": "MongoOperationsWithRetry.upsert"
                },
                {
                    "id": "BadRequestException.getMessage"
                },
                {
                    "id": "ShipmentRepository.removeShipment"
                },
                {
                    "id": "ShipmentRecord.getAlternateContactPhone"
                },
                {
                    "id": "QuoteItemInfo.setAmount"
                },
                {
                    "id": "Quote.setTotalCost"
                },
                {
                    "id": "QuoteDetails.getCustomerName"
                },
                {
                    "id": "DealersRepository.getDealers"
                },
                {
                    "id": "Delivery.Delivery"
                },
                {
                    "id": "QuoteRepository.removeQuote"
                },
                {
                    "id": "PostgresqlProperties.setUrl"
                },
                {
                    "id": "PingController.ping"
                },
                {
                    "id": "MongoDealersRepository.getDealers"
                },
                {
                    "id": "MongoDealersRepository.reset"
                },
                {
                    "id": "Quote.getPostalCode"
                },
                {
                    "id": "MongoOperationsWithRetry.getCollectionNames"
                },
                {
                    "id": "MongoOrderRepository.reset"
                },
                {
                    "id": "MongoShipmentRepository.findExistingShipmentDetails"
                },
                {
                    "id": "MongoShipmentRepository.getShipmentById"
                },
                {
                    "id": "MongoOperationsWithRetry.findAllAndRemove"
                },
                {
                    "id": "Quote.setValidUntil"
                },
                {
                    "id": "Quote.setState"
                },
                {
                    "id": "MongoQuoteRepository.removeQuote"
                },
                {
                    "id": "DealerInfo.DealerInfo"
                },
                {
                    "id": "MongoOperationsWithRetry.save"
                },
                {
                    "id": "Dealer.getId"
                },
                {
                    "id": "OrderDetails.getId"
                },
                {
                    "id": "OrderUpdateInfo.setEventInfo"
                },
                {
                    "id": "DealerInfo.getEmail"
                },
                {
                    "id": "CatalogItem.setSkuNumber"
                },
                {
                    "id": "MongoQuoteRepository.getQuotesByCustomerName"
                },
                {
                    "id": "MongoOperationsWithRetry.findAndRemove"
                },
                {
                    "id": "MongoOperationsWithRetry.MongoOperationsWithRetry"
                },
                {
                    "id": "DeliveryAddress.getCity"
                },
                {
                    "id": "ShipmentRecord.getDeliveryDate"
                },
                {
                    "id": "PhoneInfo.getPhoneNumber"
                },
                {
                    "id": "MongoDBProperties.setDatabase"
                },
                {
                    "id": "QuoteController.QuoteController"
                },
                {
                    "id": "Order.validate"
                },
                {
                    "id": "MongoShipmentRepository.reset"
                }
            ]
        }
    }
}