{
    "all-groups": {
        "group0": [
            "Dealer", 
            "MongoDealersRepository"
        ], 
        "group1": [
            "QuoteRepository", 
            "QuoteController"
        ], 
        "group2": [
            "OrderDetails", 
            "OrderStatus", 
            "MongoOrderRepository", 
            "Order"
        ], 
        "group3": [
            "OrderRepository", 
            "OrderController"
        ], 
        "group4": [
            "OrderUpdateInfo", 
            "OrderEventInfo"
        ], 
        "group5": [
            "ShipmentController", 
            "ShipmentRepository"
        ], 
        "group6": [
            "ConflictingRequestException", 
            "BadRequestException"
        ], 
        "group7": [
            "MongoCatalogItemsRepository", 
            "CatalogItem"
        ], 
        "group8": [
            "CatalogItemsRepository", 
            "CatalogController"
        ], 
        "group9": [
            "Quote", 
            "QuoteItemInfo", 
            "MongoQuoteRepository", 
            "QuoteDetails"
        ]
    }, 
    "groups-not-in-ground-truth": {}, 
    "groups-in-gt-split-by-union": {}
}
