{
    "tool": {
        "decomposition": {
            "0": [
                {
                    "id": "Account.getLastName"
                },
                {
                    "id": "CatalogActionBean.getCategoryList"
                },
                {
                    "id": "CatalogActionBean.setMessage"
                },
                {
                    "id": "CatalogActionBean.getKeyword"
                },
                {
                    "id": "AccountActionBean.AccountActionBean"
                },
                {
                    "id": "Account.setBannerName"
                },
                {
                    "id": "Account.getFavouriteCategoryId"
                },
                {
                    "id": "Account.getFirstName"
                },
                {
                    "id": "Category.setCategoryId"
                },
                {
                    "id": "CatalogActionBean.setProductId"
                },
                {
                    "id": "AccountActionBean.getPassword"
                },
                {
                    "id": "Account.getAddress2"
                },
                {
                    "id": "Sequence.getNextId"
                },
                {
                    "id": "AccountActionBean.editAccount"
                },
                {
                    "id": "CartItem.getTotal"
                },
                {
                    "id": "Account.setAddress2"
                },
                {
                    "id": "AccountActionBean.clear"
                },
                {
                    "id": "AccountActionBean.getMyList"
                },
                {
                    "id": "CatalogActionBean.getItem"
                },
                {
                    "id": "OrderActionBean.getOrderId"
                },
                {
                    "id": "OrderActionBean.newOrderForm"
                },
                {
                    "id": "Account.setFavouriteCategoryId"
                },
                {
                    "id": "Account.setBannerOption"
                },
                {
                    "id": "AccountActionBean.getAccount"
                },
                {
                    "id": "CatalogActionBean.setItemList"
                },
                {
                    "id": "AccountActionBean.signonForm"
                },
                {
                    "id": "OrderActionBean.setMessage"
                },
                {
                    "id": "Account.setAddress1"
                },
                {
                    "id": "Account.setStatus"
                },
                {
                    "id": "OrderActionBean.setConfirmed"
                },
                {
                    "id": "CartActionBean.setMessage"
                },
                {
                    "id": "CatalogActionBean.getItemList"
                },
                {
                    "id": "CartItem.isInStock"
                },
                {
                    "id": "OrderActionBean.listOrders"
                },
                {
                    "id": "Account.setState"
                },
                {
                    "id": "CartActionBean.setWorkingItemId"
                },
                {
                    "id": "Account.Account"
                },
                {
                    "id": "Account.setLastName"
                },
                {
                    "id": "Account.setFirstName"
                },
                {
                    "id": "CatalogActionBean.getCategory"
                },
                {
                    "id": "OrderActionBean.getCreditCardTypes"
                },
                {
                    "id": "OrderActionBean.setOrderId"
                },
                {
                    "id": "AccountActionBean.setMessage"
                },
                {
                    "id": "CartActionBean.clear"
                },
                {
                    "id": "Account.getLanguagePreference"
                },
                {
                    "id": "Account.setListOption"
                },
                {
                    "id": "Category.getName"
                },
                {
                    "id": "CatalogActionBean.setItem"
                },
                {
                    "id": "Account.getCountry"
                },
                {
                    "id": "CartItem.incrementQuantity"
                },
                {
                    "id": "CartItem.calculateTotal"
                },
                {
                    "id": "Account.getPhone"
                },
                {
                    "id": "CartActionBean.setCart"
                },
                {
                    "id": "Sequence.Sequence"
                },
                {
                    "id": "Account.setUsername"
                },
                {
                    "id": "CatalogActionBean.setCategoryId"
                },
                {
                    "id": "Account.setCountry"
                },
                {
                    "id": "AccountActionBean.setUsername"
                },
                {
                    "id": "CartItem.getItem"
                },
                {
                    "id": "CatalogActionBean.setProduct"
                },
                {
                    "id": "AccountActionBean.setMyList"
                },
                {
                    "id": "CartItem.CartItem"
                },
                {
                    "id": "CartActionBean.viewCart"
                },
                {
                    "id": "OrderActionBean.getOrder"
                },
                {
                    "id": "AccountActionBean.setPassword"
                },
                {
                    "id": "Category.setDescription"
                },
                {
                    "id": "Account.setEmail"
                },
                {
                    "id": "Account.setPassword"
                },
                {
                    "id": "CatalogActionBean.getCategoryId"
                },
                {
                    "id": "OrderActionBean.isConfirmed"
                },
                {
                    "id": "Account.setLanguagePreference"
                },
                {
                    "id": "Category.toString"
                },
                {
                    "id": "OrderActionBean.clear"
                },
                {
                    "id": "CartActionBean.removeItemFromCart"
                },
                {
                    "id": "CatalogActionBean.getProductList"
                },
                {
                    "id": "CatalogActionBean.viewItem"
                },
                {
                    "id": "Sequence.setNextId"
                },
                {
                    "id": "Account.setZip"
                },
                {
                    "id": "Account.getPassword"
                },
                {
                    "id": "CartActionBean.addItemToCart"
                },
                {
                    "id": "AccountActionBean.signon"
                },
                {
                    "id": "Category.setName"
                },
                {
                    "id": "OrderActionBean.viewOrder"
                },
                {
                    "id": "CatalogActionBean.getProductId"
                },
                {
                    "id": "CatalogActionBean.setProductList"
                },
                {
                    "id": "CartItem.setQuantity"
                },
                {
                    "id": "OrderActionBean.newOrder"
                },
                {
                    "id": "OrderActionBean.setShippingAddressRequired"
                },
                {
                    "id": "CatalogActionBean.viewMain"
                },
                {
                    "id": "AccountActionBean.getLanguages"
                },
                {
                    "id": "OrderActionBean.OrderActionBean"
                },
                {
                    "id": "Account.getStatus"
                },
                {
                    "id": "Account.setPhone"
                },
                {
                    "id": "Account.getAddress1"
                },
                {
                    "id": "CartItem.setItem"
                },
                {
                    "id": "CatalogActionBean.getProduct"
                },
                {
                    "id": "CatalogActionBean.setItemId"
                },
                {
                    "id": "CatalogActionBean.setKeyword"
                },
                {
                    "id": "CartActionBean.CartActionBean"
                },
                {
                    "id": "Account.isListOption"
                },
                {
                    "id": "Category.getDescription"
                },
                {
                    "id": "Sequence.setName"
                },
                {
                    "id": "AccountActionBean.newAccountForm"
                },
                {
                    "id": "Account.isBannerOption"
                },
                {
                    "id": "CartItem.setInStock"
                },
                {
                    "id": "Account.getEmail"
                },
                {
                    "id": "CartActionBean.updateCartQuantities"
                },
                {
                    "id": "Account.getState"
                },
                {
                    "id": "CartActionBean.checkOut"
                },
                {
                    "id": "OrderActionBean.getOrderList"
                },
                {
                    "id": "CatalogActionBean.CatalogActionBean"
                },
                {
                    "id": "OrderActionBean.setOrder"
                },
                {
                    "id": "CatalogActionBean.viewProduct"
                },
                {
                    "id": "Category.Category"
                },
                {
                    "id": "AccountActionBean.editAccountForm"
                },
                {
                    "id": "Account.getBannerName"
                },
                {
                    "id": "CatalogActionBean.getItemId"
                },
                {
                    "id": "Account.setCity"
                },
                {
                    "id": "CatalogActionBean.searchProducts"
                },
                {
                    "id": "OrderActionBean.isShippingAddressRequired"
                },
                {
                    "id": "CartItem.getQuantity"
                },
                {
                    "id": "Sequence.getName"
                },
                {
                    "id": "AccountActionBean.isAuthenticated"
                },
                {
                    "id": "CatalogActionBean.setCategory"
                },
                {
                    "id": "Account.getCity"
                },
                {
                    "id": "AccountActionBean.signoff"
                },
                {
                    "id": "Account.getZip"
                },
                {
                    "id": "AccountActionBean.newAccount"
                },
                {
                    "id": "Category.getCategoryId"
                },
                {
                    "id": "AccountActionBean.getUsername"
                },
                {
                    "id": "CatalogActionBean.setCategoryList"
                },
                {
                    "id": "Account.getUsername"
                },
                {
                    "id": "CartActionBean.getCart"
                },
                {
                    "id": "AccountActionBean.getCategories"
                },
                {
                    "id": "CatalogActionBean.clear"
                },
                {
                    "id": "CatalogActionBean.viewCategory"
                }
            ],
            "1": [
                {
                    "id": "CatalogService.isItemInStock"
                },
                {
                    "id": "CatalogService.CatalogService"
                },
                {
                    "id": "CatalogService.getItemListByProduct"
                },
                {
                    "id": "CatalogService.getProduct"
                },
                {
                    "id": "OrderService.OrderService"
                },
                {
                    "id": "CatalogService.getItem"
                },
                {
                    "id": "AccountService.AccountService"
                },
                {
                    "id": "AccountService.updateAccount"
                },
                {
                    "id": "CatalogService.getProductListByCategory"
                },
                {
                    "id": "OrderService.insertOrder"
                },
                {
                    "id": "CatalogService.searchProductList"
                },
                {
                    "id": "OrderService.getOrdersByUsername"
                },
                {
                    "id": "OrderService.getNextId"
                },
                {
                    "id": "CatalogService.getCategory"
                },
                {
                    "id": "OrderService.getOrder"
                },
                {
                    "id": "AccountService.getAccount"
                },
                {
                    "id": "CatalogService.getCategoryList"
                },
                {
                    "id": "AccountService.insertAccount"
                }
            ],
            "4": [
                {
                    "id": "LineItem.getItem"
                },
                {
                    "id": "Item.getQuantity"
                },
                {
                    "id": "Item.setListPrice"
                },
                {
                    "id": "LineItem.getOrderId"
                },
                {
                    "id": "Item.getUnitCost"
                },
                {
                    "id": "Item.getAttribute5"
                },
                {
                    "id": "Item.getItemId"
                },
                {
                    "id": "LineItem.getTotal"
                },
                {
                    "id": "LineItem.setItemId"
                },
                {
                    "id": "LineItem.calculateTotal"
                },
                {
                    "id": "Item.getAttribute2"
                },
                {
                    "id": "Item.setItemId"
                },
                {
                    "id": "LineItem.setUnitPrice"
                },
                {
                    "id": "LineItem.setOrderId"
                },
                {
                    "id": "Item.getListPrice"
                },
                {
                    "id": "Item.setAttribute2"
                },
                {
                    "id": "Item.getAttribute3"
                },
                {
                    "id": "Item.setAttribute3"
                },
                {
                    "id": "Item.setUnitCost"
                },
                {
                    "id": "Item.setProduct"
                },
                {
                    "id": "LineItem.getQuantity"
                },
                {
                    "id": "LineItem.LineItem"
                },
                {
                    "id": "Item.Item"
                },
                {
                    "id": "LineItem.setItem"
                },
                {
                    "id": "LineItem.setQuantity"
                },
                {
                    "id": "Item.getAttribute4"
                },
                {
                    "id": "Item.setAttribute1"
                },
                {
                    "id": "Item.setQuantity"
                },
                {
                    "id": "Item.setSupplierId"
                },
                {
                    "id": "LineItem.getLineNumber"
                },
                {
                    "id": "Item.toString"
                },
                {
                    "id": "Item.setStatus"
                },
                {
                    "id": "Item.getProduct"
                },
                {
                    "id": "Item.setAttribute4"
                },
                {
                    "id": "LineItem.getUnitPrice"
                },
                {
                    "id": "Item.getStatus"
                },
                {
                    "id": "Item.setAttribute5"
                },
                {
                    "id": "LineItem.getItemId"
                },
                {
                    "id": "LineItem.setLineNumber"
                },
                {
                    "id": "Item.getSupplierId"
                },
                {
                    "id": "Item.getAttribute1"
                }
            ],
            "UNOBSERVED": []
        }
    }
}