partitionID,className,classID
0,OrderActionBean.java,src/main/java/org/mybatis/jpetstore/web/actions/OrderActionBean.java
0,AccountActionBean.java,src/main/java/org/mybatis/jpetstore/web/actions/AccountActionBean.java
0,CartItem.java,src/main/java/org/mybatis/jpetstore/domain/CartItem.java
0,Sequence.java,src/main/java/org/mybatis/jpetstore/domain/Sequence.java
0,Category.java,src/main/java/org/mybatis/jpetstore/domain/Category.java
0,Account.java,src/main/java/org/mybatis/jpetstore/domain/Account.java
0,CatalogActionBean.java,src/main/java/org/mybatis/jpetstore/web/actions/CatalogActionBean.java
0,CartActionBean.java,src/main/java/org/mybatis/jpetstore/web/actions/CartActionBean.java
1,OrderService.java,src/main/java/org/mybatis/jpetstore/service/OrderService.java
1,CatalogService.java,src/main/java/org/mybatis/jpetstore/service/CatalogService.java
1,AccountService.java,src/main/java/org/mybatis/jpetstore/service/AccountService.java
2,AccountActionBeanTest.java,src/test/java/org/mybatis/jpetstore/web/actions/AccountActionBeanTest.java
2,OrderActionBeanTest.java,src/test/java/org/mybatis/jpetstore/web/actions/OrderActionBeanTest.java
2,CatalogActionBeanTest.java,src/test/java/org/mybatis/jpetstore/web/actions/CatalogActionBeanTest.java
3,OrderTest.java,src/test/java/org/mybatis/jpetstore/domain/OrderTest.java
3,OrderMapperTest.java,src/test/java/org/mybatis/jpetstore/mapper/OrderMapperTest.java
3,AccountMapperTest.java,src/test/java/org/mybatis/jpetstore/mapper/AccountMapperTest.java
3,ItemMapperTest.java,src/test/java/org/mybatis/jpetstore/mapper/ItemMapperTest.java
3,SequenceMapperTest.java,src/test/java/org/mybatis/jpetstore/mapper/SequenceMapperTest.java
3,CartTest.java,src/test/java/org/mybatis/jpetstore/domain/CartTest.java
3,LineItemMapperTest.java,src/test/java/org/mybatis/jpetstore/mapper/LineItemMapperTest.java
3,CategoryMapperTest.java,src/test/java/org/mybatis/jpetstore/mapper/CategoryMapperTest.java
3,ProductMapperTest.java,src/test/java/org/mybatis/jpetstore/mapper/ProductMapperTest.java
4,LineItem.java,src/main/java/org/mybatis/jpetstore/domain/LineItem.java
4,Item.java,src/main/java/org/mybatis/jpetstore/domain/Item.java
