<thread-group-init>/0	<java.lang.ThreadGroup: void <init>()>
<thread-group-init>/0	<java.lang.ThreadGroup: void <init>(java.lang.ThreadGroup,java.lang.String)>
<main-thread-init>/0	<java.lang.Thread: void <init>(java.lang.ThreadGroup,java.lang.String)>
<org.mybatis.jpetstore.web.actions.AccountActionBean: java.lang.String getUsername()>/org.mybatis.jpetstore.domain.Account.getUsername/0	<org.mybatis.jpetstore.domain.Account: java.lang.String getUsername()>
<org.mybatis.jpetstore.web.actions.AccountActionBean: java.lang.String getPassword()>/org.mybatis.jpetstore.domain.Account.getPassword/0	<org.mybatis.jpetstore.domain.Account: java.lang.String getPassword()>
<org.mybatis.jpetstore.web.actions.AccountActionBean: net.sourceforge.stripes.action.Resolution newAccount()>/org.mybatis.jpetstore.domain.Account.getUsername/0	<org.mybatis.jpetstore.domain.Account: java.lang.String getUsername()>
<org.mybatis.jpetstore.web.actions.AccountActionBean: net.sourceforge.stripes.action.Resolution newAccount()>/org.mybatis.jpetstore.domain.Account.getFavouriteCategoryId/0	<org.mybatis.jpetstore.domain.Account: java.lang.String getFavouriteCategoryId()>
<org.mybatis.jpetstore.web.actions.AccountActionBean: net.sourceforge.stripes.action.Resolution editAccount()>/org.mybatis.jpetstore.domain.Account.getUsername/0	<org.mybatis.jpetstore.domain.Account: java.lang.String getUsername()>
<org.mybatis.jpetstore.web.actions.AccountActionBean: net.sourceforge.stripes.action.Resolution editAccount()>/org.mybatis.jpetstore.domain.Account.getFavouriteCategoryId/0	<org.mybatis.jpetstore.domain.Account: java.lang.String getFavouriteCategoryId()>
<org.mybatis.jpetstore.web.actions.AccountActionBean: net.sourceforge.stripes.action.Resolution signon()>/org.mybatis.jpetstore.web.actions.AccountActionBean.getUsername/0	<org.mybatis.jpetstore.web.actions.AccountActionBean: java.lang.String getUsername()>
<org.mybatis.jpetstore.web.actions.AccountActionBean: net.sourceforge.stripes.action.Resolution signon()>/org.mybatis.jpetstore.web.actions.AccountActionBean.getPassword/0	<org.mybatis.jpetstore.web.actions.AccountActionBean: java.lang.String getPassword()>
<org.mybatis.jpetstore.web.actions.AccountActionBean: net.sourceforge.stripes.action.Resolution signon()>/org.mybatis.jpetstore.domain.Account.getFavouriteCategoryId/0	<org.mybatis.jpetstore.domain.Account: java.lang.String getFavouriteCategoryId()>
<org.mybatis.jpetstore.web.actions.AccountActionBean: boolean isAuthenticated()>/org.mybatis.jpetstore.domain.Account.getUsername/0	<org.mybatis.jpetstore.domain.Account: java.lang.String getUsername()>
<org.mybatis.jpetstore.web.actions.AccountActionBean: void <clinit>()>/java.util.Arrays.asList/0	<java.util.Arrays: java.util.List asList(java.lang.Object[])>
<org.mybatis.jpetstore.web.actions.AccountActionBean: void <clinit>()>/java.util.Collections.unmodifiableList/0	<java.util.Collections: java.util.List unmodifiableList(java.util.List)>
<org.mybatis.jpetstore.web.actions.AccountActionBean: void <clinit>()>/java.util.Arrays.asList/1	<java.util.Arrays: java.util.List asList(java.lang.Object[])>
<org.mybatis.jpetstore.web.actions.AccountActionBean: void <clinit>()>/java.util.Collections.unmodifiableList/1	<java.util.Collections: java.util.List unmodifiableList(java.util.List)>
<org.mybatis.jpetstore.web.actions.CatalogActionBean: net.sourceforge.stripes.action.ForwardResolution viewItem()>/org.mybatis.jpetstore.domain.Item.getProduct/0	<org.mybatis.jpetstore.domain.Item: org.mybatis.jpetstore.domain.Product getProduct()>
<org.mybatis.jpetstore.domain.LineItem: void calculateTotal()>/java.util.Optional.ofNullable/0	<java.util.Optional: java.util.Optional ofNullable(java.lang.Object)>
<org.mybatis.jpetstore.domain.LineItem: void calculateTotal()>/invokedynamic_metafactory::apply/0	<java.lang.invoke.LambdaMetafactory: java.lang.invoke.CallSite metafactory(java.lang.invoke.MethodHandles$Lookup,java.lang.String,java.lang.invoke.MethodType,java.lang.invoke.MethodType,java.lang.invoke.MethodHandle,java.lang.invoke.MethodType)>
<org.mybatis.jpetstore.domain.LineItem: void calculateTotal()>/invokedynamic_metafactory::apply/1	<java.lang.invoke.LambdaMetafactory: java.lang.invoke.CallSite metafactory(java.lang.invoke.MethodHandles$Lookup,java.lang.String,java.lang.invoke.MethodType,java.lang.invoke.MethodType,java.lang.invoke.MethodHandle,java.lang.invoke.MethodType)>
<org.mybatis.jpetstore.domain.Cart: void <init>()>/java.util.Collections.synchronizedMap/0	<java.util.Collections: java.util.Map synchronizedMap(java.util.Map)>
<org.mybatis.jpetstore.domain.CartItem: void calculateTotal()>/java.util.Optional.ofNullable/0	<java.util.Optional: java.util.Optional ofNullable(java.lang.Object)>
<org.mybatis.jpetstore.domain.CartItem: void calculateTotal()>/invokedynamic_metafactory::apply/0	<java.lang.invoke.LambdaMetafactory: java.lang.invoke.CallSite metafactory(java.lang.invoke.MethodHandles$Lookup,java.lang.String,java.lang.invoke.MethodType,java.lang.invoke.MethodType,java.lang.invoke.MethodHandle,java.lang.invoke.MethodType)>
<org.mybatis.jpetstore.domain.CartItem: void calculateTotal()>/invokedynamic_metafactory::apply/1	<java.lang.invoke.LambdaMetafactory: java.lang.invoke.CallSite metafactory(java.lang.invoke.MethodHandles$Lookup,java.lang.String,java.lang.invoke.MethodType,java.lang.invoke.MethodType,java.lang.invoke.MethodHandle,java.lang.invoke.MethodType)>
<org.mybatis.jpetstore.web.actions.OrderActionBean: int getOrderId()>/org.mybatis.jpetstore.domain.Order.getOrderId/0	<org.mybatis.jpetstore.domain.Order: int getOrderId()>
<org.mybatis.jpetstore.web.actions.OrderActionBean: net.sourceforge.stripes.action.Resolution newOrder()>/org.mybatis.jpetstore.web.actions.OrderActionBean.isConfirmed/0	<org.mybatis.jpetstore.web.actions.OrderActionBean: boolean isConfirmed()>
<org.mybatis.jpetstore.web.actions.OrderActionBean: net.sourceforge.stripes.action.Resolution newOrder()>/org.mybatis.jpetstore.web.actions.OrderActionBean.getOrder/0	<org.mybatis.jpetstore.web.actions.OrderActionBean: org.mybatis.jpetstore.domain.Order getOrder()>
<org.mybatis.jpetstore.web.actions.OrderActionBean: net.sourceforge.stripes.action.Resolution viewOrder()>/org.mybatis.jpetstore.domain.Order.getOrderId/0	<org.mybatis.jpetstore.domain.Order: int getOrderId()>
<org.mybatis.jpetstore.web.actions.OrderActionBean: net.sourceforge.stripes.action.Resolution viewOrder()>/org.mybatis.jpetstore.domain.Order.getUsername/0	<org.mybatis.jpetstore.domain.Order: java.lang.String getUsername()>
<org.mybatis.jpetstore.web.actions.OrderActionBean: void <clinit>()>/java.util.Arrays.asList/0	<java.util.Arrays: java.util.List asList(java.lang.Object[])>
<org.mybatis.jpetstore.web.actions.OrderActionBean: void <clinit>()>/java.util.Collections.unmodifiableList/0	<java.util.Collections: java.util.List unmodifiableList(java.util.List)>
<org.mybatis.jpetstore.web.actions.CartActionBean: net.sourceforge.stripes.action.Resolution addItemToCart()>/org.mybatis.jpetstore.domain.Cart.containsItemId/0	<org.mybatis.jpetstore.domain.Cart: boolean containsItemId(java.lang.String)>
<org.mybatis.jpetstore.web.actions.CartActionBean: net.sourceforge.stripes.action.Resolution removeItemFromCart()>/org.mybatis.jpetstore.domain.Cart.removeItemById/0	<org.mybatis.jpetstore.domain.Cart: org.mybatis.jpetstore.domain.Item removeItemById(java.lang.String)>
<org.mybatis.jpetstore.web.actions.CartActionBean: net.sourceforge.stripes.action.Resolution updateCartQuantities()>/org.mybatis.jpetstore.web.actions.CartActionBean.getCart/0	<org.mybatis.jpetstore.web.actions.CartActionBean: org.mybatis.jpetstore.domain.Cart getCart()>
<org.mybatis.jpetstore.web.actions.CartActionBean: net.sourceforge.stripes.action.Resolution updateCartQuantities()>/org.mybatis.jpetstore.domain.Cart.getAllCartItems/0	<org.mybatis.jpetstore.domain.Cart: java.util.Iterator getAllCartItems()>
<org.mybatis.jpetstore.web.actions.CartActionBean: net.sourceforge.stripes.action.Resolution updateCartQuantities()>/java.lang.Integer.parseInt/0	<java.lang.Integer: int parseInt(java.lang.String)>
<org.mybatis.jpetstore.web.actions.CartActionBean: net.sourceforge.stripes.action.Resolution updateCartQuantities()>/org.mybatis.jpetstore.web.actions.CartActionBean.getCart/1	<org.mybatis.jpetstore.web.actions.CartActionBean: org.mybatis.jpetstore.domain.Cart getCart()>
<org.mybatis.jpetstore.service.CatalogService: void <init>(org.mybatis.jpetstore.mapper.CategoryMapper,org.mybatis.jpetstore.mapper.ItemMapper,org.mybatis.jpetstore.mapper.ProductMapper)>/java.lang.Object.<init>/0	<java.lang.Object: void <init>()>
<org.mybatis.jpetstore.web.actions.AccountActionBean: void <init>()>/org.mybatis.jpetstore.web.actions.AbstractActionBean.<init>/0	<org.mybatis.jpetstore.web.actions.AbstractActionBean: void <init>()>
<org.mybatis.jpetstore.web.actions.AccountActionBean: void <init>()>/org.mybatis.jpetstore.domain.Account.<init>/0	<org.mybatis.jpetstore.domain.Account: void <init>()>
<org.mybatis.jpetstore.web.actions.AccountActionBean: net.sourceforge.stripes.action.Resolution newAccountForm()>/net.sourceforge.stripes.action.ForwardResolution.<init>/0	<net.sourceforge.stripes.action.ForwardResolution: void <init>(java.lang.String)>
<org.mybatis.jpetstore.web.actions.AccountActionBean: net.sourceforge.stripes.action.Resolution newAccount()>/net.sourceforge.stripes.action.RedirectResolution.<init>/0	<net.sourceforge.stripes.action.RedirectResolution: void <init>(java.lang.Class)>
<org.mybatis.jpetstore.web.actions.AccountActionBean: net.sourceforge.stripes.action.Resolution editAccountForm()>/net.sourceforge.stripes.action.ForwardResolution.<init>/0	<net.sourceforge.stripes.action.ForwardResolution: void <init>(java.lang.String)>
<org.mybatis.jpetstore.web.actions.AccountActionBean: net.sourceforge.stripes.action.Resolution editAccount()>/net.sourceforge.stripes.action.RedirectResolution.<init>/0	<net.sourceforge.stripes.action.RedirectResolution: void <init>(java.lang.Class)>
<org.mybatis.jpetstore.web.actions.AccountActionBean: net.sourceforge.stripes.action.Resolution signonForm()>/net.sourceforge.stripes.action.ForwardResolution.<init>/0	<net.sourceforge.stripes.action.ForwardResolution: void <init>(java.lang.String)>
<org.mybatis.jpetstore.web.actions.AccountActionBean: net.sourceforge.stripes.action.Resolution signon()>/net.sourceforge.stripes.action.ForwardResolution.<init>/0	<net.sourceforge.stripes.action.ForwardResolution: void <init>(java.lang.String)>
<org.mybatis.jpetstore.web.actions.AccountActionBean: net.sourceforge.stripes.action.Resolution signon()>/net.sourceforge.stripes.action.RedirectResolution.<init>/0	<net.sourceforge.stripes.action.RedirectResolution: void <init>(java.lang.Class)>
<org.mybatis.jpetstore.web.actions.AccountActionBean: net.sourceforge.stripes.action.Resolution signoff()>/net.sourceforge.stripes.action.RedirectResolution.<init>/0	<net.sourceforge.stripes.action.RedirectResolution: void <init>(java.lang.Class)>
<org.mybatis.jpetstore.web.actions.AccountActionBean: void clear()>/org.mybatis.jpetstore.domain.Account.<init>/0	<org.mybatis.jpetstore.domain.Account: void <init>()>
<org.mybatis.jpetstore.web.actions.CatalogActionBean: void <init>()>/org.mybatis.jpetstore.web.actions.AbstractActionBean.<init>/0	<org.mybatis.jpetstore.web.actions.AbstractActionBean: void <init>()>
<org.mybatis.jpetstore.web.actions.CatalogActionBean: net.sourceforge.stripes.action.ForwardResolution viewMain()>/net.sourceforge.stripes.action.ForwardResolution.<init>/0	<net.sourceforge.stripes.action.ForwardResolution: void <init>(java.lang.String)>
<org.mybatis.jpetstore.web.actions.CatalogActionBean: net.sourceforge.stripes.action.ForwardResolution viewCategory()>/net.sourceforge.stripes.action.ForwardResolution.<init>/0	<net.sourceforge.stripes.action.ForwardResolution: void <init>(java.lang.String)>
<org.mybatis.jpetstore.web.actions.CatalogActionBean: net.sourceforge.stripes.action.ForwardResolution viewProduct()>/net.sourceforge.stripes.action.ForwardResolution.<init>/0	<net.sourceforge.stripes.action.ForwardResolution: void <init>(java.lang.String)>
<org.mybatis.jpetstore.web.actions.CatalogActionBean: net.sourceforge.stripes.action.ForwardResolution viewItem()>/net.sourceforge.stripes.action.ForwardResolution.<init>/0	<net.sourceforge.stripes.action.ForwardResolution: void <init>(java.lang.String)>
<org.mybatis.jpetstore.web.actions.CatalogActionBean: net.sourceforge.stripes.action.ForwardResolution searchProducts()>/net.sourceforge.stripes.action.ForwardResolution.<init>/0	<net.sourceforge.stripes.action.ForwardResolution: void <init>(java.lang.String)>
<org.mybatis.jpetstore.web.actions.CatalogActionBean: net.sourceforge.stripes.action.ForwardResolution searchProducts()>/net.sourceforge.stripes.action.ForwardResolution.<init>/1	<net.sourceforge.stripes.action.ForwardResolution: void <init>(java.lang.String)>
<org.mybatis.jpetstore.web.actions.AbstractActionBean: void <init>()>/java.lang.Object.<init>/0	<java.lang.Object: void <init>()>
<org.mybatis.jpetstore.web.actions.AbstractActionBean: void setMessage(java.lang.String)>/net.sourceforge.stripes.action.SimpleMessage.<init>/0	<net.sourceforge.stripes.action.SimpleMessage: void <init>(java.lang.String,java.lang.Object[])>
<org.mybatis.jpetstore.service.OrderService: void <init>(org.mybatis.jpetstore.mapper.ItemMapper,org.mybatis.jpetstore.mapper.OrderMapper,org.mybatis.jpetstore.mapper.SequenceMapper,org.mybatis.jpetstore.mapper.LineItemMapper)>/java.lang.Object.<init>/0	<java.lang.Object: void <init>()>
<org.mybatis.jpetstore.domain.Product: void <init>()>/java.lang.Object.<init>/0	<java.lang.Object: void <init>()>
<org.mybatis.jpetstore.domain.Item: void <init>()>/java.lang.Object.<init>/0	<java.lang.Object: void <init>()>
<org.mybatis.jpetstore.domain.Order: void <init>()>/java.lang.Object.<init>/0	<java.lang.Object: void <init>()>
<org.mybatis.jpetstore.domain.Order: void <init>()>/java.util.ArrayList.<init>/0	<java.util.ArrayList: void <init>()>
<org.mybatis.jpetstore.domain.Order: void initOrder(org.mybatis.jpetstore.domain.Account,org.mybatis.jpetstore.domain.Cart)>/java.util.Date.<init>/0	<java.util.Date: void <init>()>
<org.mybatis.jpetstore.domain.Order: void addLineItem(org.mybatis.jpetstore.domain.CartItem)>/org.mybatis.jpetstore.domain.LineItem.<init>/0	<org.mybatis.jpetstore.domain.LineItem: void <init>(int,org.mybatis.jpetstore.domain.CartItem)>
<org.mybatis.jpetstore.service.AccountService: void <init>(org.mybatis.jpetstore.mapper.AccountMapper)>/java.lang.Object.<init>/0	<java.lang.Object: void <init>()>
<org.mybatis.jpetstore.domain.LineItem: void <init>(int,org.mybatis.jpetstore.domain.CartItem)>/java.lang.Object.<init>/0	<java.lang.Object: void <init>()>
<org.mybatis.jpetstore.domain.LineItem: void <init>(int,org.mybatis.jpetstore.domain.CartItem)>/org.mybatis.jpetstore.domain.LineItem.calculateTotal/0	<org.mybatis.jpetstore.domain.LineItem: void calculateTotal()>
<org.mybatis.jpetstore.domain.Cart: void <init>()>/java.lang.Object.<init>/0	<java.lang.Object: void <init>()>
<org.mybatis.jpetstore.domain.Cart: void <init>()>/java.util.HashMap.<init>/0	<java.util.HashMap: void <init>()>
<org.mybatis.jpetstore.domain.Cart: void <init>()>/java.util.ArrayList.<init>/0	<java.util.ArrayList: void <init>()>
<org.mybatis.jpetstore.domain.Cart: void addItem(org.mybatis.jpetstore.domain.Item,boolean)>/org.mybatis.jpetstore.domain.CartItem.<init>/0	<org.mybatis.jpetstore.domain.CartItem: void <init>()>
<org.mybatis.jpetstore.domain.CartItem: void <init>()>/java.lang.Object.<init>/0	<java.lang.Object: void <init>()>
<org.mybatis.jpetstore.domain.CartItem: void setItem(org.mybatis.jpetstore.domain.Item)>/org.mybatis.jpetstore.domain.CartItem.calculateTotal/0	<org.mybatis.jpetstore.domain.CartItem: void calculateTotal()>
<org.mybatis.jpetstore.domain.CartItem: void setQuantity(int)>/org.mybatis.jpetstore.domain.CartItem.calculateTotal/0	<org.mybatis.jpetstore.domain.CartItem: void calculateTotal()>
<org.mybatis.jpetstore.domain.CartItem: void incrementQuantity()>/org.mybatis.jpetstore.domain.CartItem.calculateTotal/0	<org.mybatis.jpetstore.domain.CartItem: void calculateTotal()>
<org.mybatis.jpetstore.domain.Account: void <init>()>/java.lang.Object.<init>/0	<java.lang.Object: void <init>()>
<org.mybatis.jpetstore.web.actions.OrderActionBean: void <init>()>/org.mybatis.jpetstore.web.actions.AbstractActionBean.<init>/0	<org.mybatis.jpetstore.web.actions.AbstractActionBean: void <init>()>
<org.mybatis.jpetstore.web.actions.OrderActionBean: void <init>()>/org.mybatis.jpetstore.domain.Order.<init>/0	<org.mybatis.jpetstore.domain.Order: void <init>()>
<org.mybatis.jpetstore.web.actions.OrderActionBean: net.sourceforge.stripes.action.Resolution listOrders()>/net.sourceforge.stripes.action.ForwardResolution.<init>/0	<net.sourceforge.stripes.action.ForwardResolution: void <init>(java.lang.String)>
<org.mybatis.jpetstore.web.actions.OrderActionBean: net.sourceforge.stripes.action.Resolution newOrderForm()>/net.sourceforge.stripes.action.ForwardResolution.<init>/0	<net.sourceforge.stripes.action.ForwardResolution: void <init>(java.lang.Class)>
<org.mybatis.jpetstore.web.actions.OrderActionBean: net.sourceforge.stripes.action.Resolution newOrderForm()>/net.sourceforge.stripes.action.ForwardResolution.<init>/1	<net.sourceforge.stripes.action.ForwardResolution: void <init>(java.lang.String)>
<org.mybatis.jpetstore.web.actions.OrderActionBean: net.sourceforge.stripes.action.Resolution newOrderForm()>/net.sourceforge.stripes.action.ForwardResolution.<init>/2	<net.sourceforge.stripes.action.ForwardResolution: void <init>(java.lang.String)>
<org.mybatis.jpetstore.web.actions.OrderActionBean: net.sourceforge.stripes.action.Resolution newOrder()>/net.sourceforge.stripes.action.ForwardResolution.<init>/0	<net.sourceforge.stripes.action.ForwardResolution: void <init>(java.lang.String)>
<org.mybatis.jpetstore.web.actions.OrderActionBean: net.sourceforge.stripes.action.Resolution newOrder()>/net.sourceforge.stripes.action.ForwardResolution.<init>/1	<net.sourceforge.stripes.action.ForwardResolution: void <init>(java.lang.String)>
<org.mybatis.jpetstore.web.actions.OrderActionBean: net.sourceforge.stripes.action.Resolution newOrder()>/net.sourceforge.stripes.action.ForwardResolution.<init>/2	<net.sourceforge.stripes.action.ForwardResolution: void <init>(java.lang.String)>
<org.mybatis.jpetstore.web.actions.OrderActionBean: net.sourceforge.stripes.action.Resolution newOrder()>/net.sourceforge.stripes.action.ForwardResolution.<init>/3	<net.sourceforge.stripes.action.ForwardResolution: void <init>(java.lang.String)>
<org.mybatis.jpetstore.web.actions.OrderActionBean: net.sourceforge.stripes.action.Resolution viewOrder()>/net.sourceforge.stripes.action.ForwardResolution.<init>/0	<net.sourceforge.stripes.action.ForwardResolution: void <init>(java.lang.String)>
<org.mybatis.jpetstore.web.actions.OrderActionBean: net.sourceforge.stripes.action.Resolution viewOrder()>/net.sourceforge.stripes.action.ForwardResolution.<init>/1	<net.sourceforge.stripes.action.ForwardResolution: void <init>(java.lang.String)>
<org.mybatis.jpetstore.web.actions.OrderActionBean: void clear()>/org.mybatis.jpetstore.domain.Order.<init>/0	<org.mybatis.jpetstore.domain.Order: void <init>()>
<org.mybatis.jpetstore.domain.Category: void <init>()>/java.lang.Object.<init>/0	<java.lang.Object: void <init>()>
<org.mybatis.jpetstore.web.actions.CartActionBean: void <init>()>/org.mybatis.jpetstore.web.actions.AbstractActionBean.<init>/0	<org.mybatis.jpetstore.web.actions.AbstractActionBean: void <init>()>
<org.mybatis.jpetstore.web.actions.CartActionBean: void <init>()>/org.mybatis.jpetstore.domain.Cart.<init>/0	<org.mybatis.jpetstore.domain.Cart: void <init>()>
<org.mybatis.jpetstore.web.actions.CartActionBean: net.sourceforge.stripes.action.Resolution addItemToCart()>/net.sourceforge.stripes.action.ForwardResolution.<init>/0	<net.sourceforge.stripes.action.ForwardResolution: void <init>(java.lang.String)>
<org.mybatis.jpetstore.web.actions.CartActionBean: net.sourceforge.stripes.action.Resolution removeItemFromCart()>/net.sourceforge.stripes.action.ForwardResolution.<init>/0	<net.sourceforge.stripes.action.ForwardResolution: void <init>(java.lang.String)>
<org.mybatis.jpetstore.web.actions.CartActionBean: net.sourceforge.stripes.action.Resolution removeItemFromCart()>/net.sourceforge.stripes.action.ForwardResolution.<init>/1	<net.sourceforge.stripes.action.ForwardResolution: void <init>(java.lang.String)>
<org.mybatis.jpetstore.web.actions.CartActionBean: net.sourceforge.stripes.action.Resolution updateCartQuantities()>/net.sourceforge.stripes.action.ForwardResolution.<init>/0	<net.sourceforge.stripes.action.ForwardResolution: void <init>(java.lang.String)>
<org.mybatis.jpetstore.web.actions.CartActionBean: net.sourceforge.stripes.action.ForwardResolution viewCart()>/net.sourceforge.stripes.action.ForwardResolution.<init>/0	<net.sourceforge.stripes.action.ForwardResolution: void <init>(java.lang.String)>
<org.mybatis.jpetstore.web.actions.CartActionBean: net.sourceforge.stripes.action.ForwardResolution checkOut()>/net.sourceforge.stripes.action.ForwardResolution.<init>/0	<net.sourceforge.stripes.action.ForwardResolution: void <init>(java.lang.String)>
<org.mybatis.jpetstore.web.actions.CartActionBean: void clear()>/org.mybatis.jpetstore.domain.Cart.<init>/0	<org.mybatis.jpetstore.domain.Cart: void <init>()>
<org.mybatis.jpetstore.web.actions.AccountActionBean: void setUsername(java.lang.String)>/org.mybatis.jpetstore.domain.Account.setUsername/0	<org.mybatis.jpetstore.domain.Account: void setUsername(java.lang.String)>
<org.mybatis.jpetstore.web.actions.AccountActionBean: void setPassword(java.lang.String)>/org.mybatis.jpetstore.domain.Account.setPassword/0	<org.mybatis.jpetstore.domain.Account: void setPassword(java.lang.String)>
<org.mybatis.jpetstore.web.actions.AccountActionBean: net.sourceforge.stripes.action.Resolution signon()>/org.mybatis.jpetstore.web.actions.AccountActionBean.setMessage/0	<org.mybatis.jpetstore.web.actions.AbstractActionBean: void setMessage(java.lang.String)>
<org.mybatis.jpetstore.web.actions.AccountActionBean: net.sourceforge.stripes.action.Resolution signon()>/org.mybatis.jpetstore.web.actions.AccountActionBean.clear/0	<org.mybatis.jpetstore.web.actions.AccountActionBean: void clear()>
<org.mybatis.jpetstore.web.actions.AccountActionBean: net.sourceforge.stripes.action.Resolution signon()>/org.mybatis.jpetstore.domain.Account.setPassword/0	<org.mybatis.jpetstore.domain.Account: void setPassword(java.lang.String)>
<org.mybatis.jpetstore.web.actions.AccountActionBean: net.sourceforge.stripes.action.Resolution signoff()>/org.mybatis.jpetstore.web.actions.AccountActionBean.clear/0	<org.mybatis.jpetstore.web.actions.AccountActionBean: void clear()>
<org.mybatis.jpetstore.web.actions.CatalogActionBean: net.sourceforge.stripes.action.ForwardResolution searchProducts()>/org.mybatis.jpetstore.web.actions.CatalogActionBean.setMessage/0	<org.mybatis.jpetstore.web.actions.AbstractActionBean: void setMessage(java.lang.String)>
<org.mybatis.jpetstore.domain.Order: void initOrder(org.mybatis.jpetstore.domain.Account,org.mybatis.jpetstore.domain.Cart)>/org.mybatis.jpetstore.domain.Order.addLineItem/0	<org.mybatis.jpetstore.domain.Order: void addLineItem(org.mybatis.jpetstore.domain.CartItem)>
<org.mybatis.jpetstore.domain.Order: void addLineItem(org.mybatis.jpetstore.domain.CartItem)>/org.mybatis.jpetstore.domain.Order.addLineItem/0	<org.mybatis.jpetstore.domain.Order: void addLineItem(org.mybatis.jpetstore.domain.LineItem)>
<org.mybatis.jpetstore.domain.Cart: void addItem(org.mybatis.jpetstore.domain.Item,boolean)>/org.mybatis.jpetstore.domain.CartItem.setItem/0	<org.mybatis.jpetstore.domain.CartItem: void setItem(org.mybatis.jpetstore.domain.Item)>
<org.mybatis.jpetstore.domain.Cart: void addItem(org.mybatis.jpetstore.domain.Item,boolean)>/org.mybatis.jpetstore.domain.CartItem.setQuantity/0	<org.mybatis.jpetstore.domain.CartItem: void setQuantity(int)>
<org.mybatis.jpetstore.domain.Cart: void addItem(org.mybatis.jpetstore.domain.Item,boolean)>/org.mybatis.jpetstore.domain.CartItem.setInStock/0	<org.mybatis.jpetstore.domain.CartItem: void setInStock(boolean)>
<org.mybatis.jpetstore.domain.Cart: void addItem(org.mybatis.jpetstore.domain.Item,boolean)>/org.mybatis.jpetstore.domain.CartItem.incrementQuantity/0	<org.mybatis.jpetstore.domain.CartItem: void incrementQuantity()>
<org.mybatis.jpetstore.web.actions.OrderActionBean: void setOrderId(int)>/org.mybatis.jpetstore.domain.Order.setOrderId/0	<org.mybatis.jpetstore.domain.Order: void setOrderId(int)>
<org.mybatis.jpetstore.web.actions.OrderActionBean: net.sourceforge.stripes.action.Resolution newOrderForm()>/org.mybatis.jpetstore.web.actions.OrderActionBean.clear/0	<org.mybatis.jpetstore.web.actions.OrderActionBean: void clear()>
<org.mybatis.jpetstore.web.actions.OrderActionBean: net.sourceforge.stripes.action.Resolution newOrderForm()>/org.mybatis.jpetstore.web.actions.OrderActionBean.setMessage/0	<org.mybatis.jpetstore.web.actions.AbstractActionBean: void setMessage(java.lang.String)>
<org.mybatis.jpetstore.web.actions.OrderActionBean: net.sourceforge.stripes.action.Resolution newOrderForm()>/org.mybatis.jpetstore.domain.Order.initOrder/0	<org.mybatis.jpetstore.domain.Order: void initOrder(org.mybatis.jpetstore.domain.Account,org.mybatis.jpetstore.domain.Cart)>
<org.mybatis.jpetstore.web.actions.OrderActionBean: net.sourceforge.stripes.action.Resolution newOrderForm()>/org.mybatis.jpetstore.web.actions.OrderActionBean.setMessage/1	<org.mybatis.jpetstore.web.actions.AbstractActionBean: void setMessage(java.lang.String)>
<org.mybatis.jpetstore.web.actions.OrderActionBean: net.sourceforge.stripes.action.Resolution newOrder()>/org.mybatis.jpetstore.web.actions.OrderActionBean.setMessage/0	<org.mybatis.jpetstore.web.actions.AbstractActionBean: void setMessage(java.lang.String)>
<org.mybatis.jpetstore.web.actions.OrderActionBean: net.sourceforge.stripes.action.Resolution newOrder()>/org.mybatis.jpetstore.web.actions.OrderActionBean.setMessage/1	<org.mybatis.jpetstore.web.actions.AbstractActionBean: void setMessage(java.lang.String)>
<org.mybatis.jpetstore.web.actions.OrderActionBean: net.sourceforge.stripes.action.Resolution viewOrder()>/org.mybatis.jpetstore.web.actions.OrderActionBean.setMessage/0	<org.mybatis.jpetstore.web.actions.AbstractActionBean: void setMessage(java.lang.String)>
<org.mybatis.jpetstore.web.actions.CartActionBean: net.sourceforge.stripes.action.Resolution addItemToCart()>/org.mybatis.jpetstore.domain.Cart.incrementQuantityByItemId/0	<org.mybatis.jpetstore.domain.Cart: void incrementQuantityByItemId(java.lang.String)>
<org.mybatis.jpetstore.web.actions.CartActionBean: net.sourceforge.stripes.action.Resolution addItemToCart()>/org.mybatis.jpetstore.domain.Cart.addItem/0	<org.mybatis.jpetstore.domain.Cart: void addItem(org.mybatis.jpetstore.domain.Item,boolean)>
<org.mybatis.jpetstore.web.actions.CartActionBean: net.sourceforge.stripes.action.Resolution removeItemFromCart()>/org.mybatis.jpetstore.web.actions.CartActionBean.setMessage/0	<org.mybatis.jpetstore.web.actions.AbstractActionBean: void setMessage(java.lang.String)>
<org.mybatis.jpetstore.web.actions.CartActionBean: net.sourceforge.stripes.action.Resolution updateCartQuantities()>/org.mybatis.jpetstore.domain.Cart.setQuantityByItemId/0	<org.mybatis.jpetstore.domain.Cart: void setQuantityByItemId(java.lang.String,int)>
