(	org.mybatis.jpetstore.domain.Item
)	org.mybatis.jpetstore.domain.Item
-	org.mybatis.jpetstore.domain.Item
itemId	org.mybatis.jpetstore.service.OrderService
<class org.mybatis.jpetstore.web.actions.AccountActionBean>	org.mybatis.jpetstore.web.actions.OrderActionBean
<class org.mybatis.jpetstore.web.actions.CatalogActionBean>	org.mybatis.jpetstore.web.actions.AccountActionBean
<org.mybatis.jpetstore.service.CatalogService: java.util.List searchProductList(java.lang.String)>/new java.util.ArrayList/0	org.mybatis.jpetstore.service.CatalogService
<org.mybatis.jpetstore.service.CatalogService: java.util.List searchProductList(java.lang.String)>/new java.lang.StringBuilder/0	org.mybatis.jpetstore.service.CatalogService
<org.mybatis.jpetstore.web.actions.AccountActionBean: void <init>()>/new org.mybatis.jpetstore.domain.Account/0	org.mybatis.jpetstore.web.actions.AccountActionBean
<org.mybatis.jpetstore.web.actions.AccountActionBean: net.sourceforge.stripes.action.Resolution newAccountForm()>/new net.sourceforge.stripes.action.ForwardResolution/0	org.mybatis.jpetstore.web.actions.AccountActionBean
<org.mybatis.jpetstore.web.actions.AccountActionBean: net.sourceforge.stripes.action.Resolution newAccount()>/new net.sourceforge.stripes.action.RedirectResolution/0	org.mybatis.jpetstore.web.actions.AccountActionBean
<org.mybatis.jpetstore.web.actions.AccountActionBean: net.sourceforge.stripes.action.Resolution editAccountForm()>/new net.sourceforge.stripes.action.ForwardResolution/0	org.mybatis.jpetstore.web.actions.AccountActionBean
<org.mybatis.jpetstore.web.actions.AccountActionBean: net.sourceforge.stripes.action.Resolution editAccount()>/new net.sourceforge.stripes.action.RedirectResolution/0	org.mybatis.jpetstore.web.actions.AccountActionBean
<org.mybatis.jpetstore.web.actions.AccountActionBean: net.sourceforge.stripes.action.Resolution signonForm()>/new net.sourceforge.stripes.action.ForwardResolution/0	org.mybatis.jpetstore.web.actions.AccountActionBean
<org.mybatis.jpetstore.web.actions.AccountActionBean: net.sourceforge.stripes.action.Resolution signon()>/new net.sourceforge.stripes.action.ForwardResolution/0	org.mybatis.jpetstore.web.actions.AccountActionBean
<org.mybatis.jpetstore.web.actions.AccountActionBean: net.sourceforge.stripes.action.Resolution signon()>/new net.sourceforge.stripes.action.RedirectResolution/0	org.mybatis.jpetstore.web.actions.AccountActionBean
<org.mybatis.jpetstore.web.actions.AccountActionBean: net.sourceforge.stripes.action.Resolution signoff()>/new net.sourceforge.stripes.action.RedirectResolution/0	org.mybatis.jpetstore.web.actions.AccountActionBean
<org.mybatis.jpetstore.web.actions.AccountActionBean: void clear()>/new org.mybatis.jpetstore.domain.Account/0	org.mybatis.jpetstore.web.actions.AccountActionBean
<org.mybatis.jpetstore.web.actions.AccountActionBean: void <clinit>()>/new java.lang.String[]/0	org.mybatis.jpetstore.web.actions.AccountActionBean
<org.mybatis.jpetstore.web.actions.AccountActionBean: void <clinit>()>/new java.lang.String[]/1	org.mybatis.jpetstore.web.actions.AccountActionBean
<org.mybatis.jpetstore.web.actions.CatalogActionBean: net.sourceforge.stripes.action.ForwardResolution viewMain()>/new net.sourceforge.stripes.action.ForwardResolution/0	org.mybatis.jpetstore.web.actions.CatalogActionBean
<org.mybatis.jpetstore.web.actions.CatalogActionBean: net.sourceforge.stripes.action.ForwardResolution viewCategory()>/new net.sourceforge.stripes.action.ForwardResolution/0	org.mybatis.jpetstore.web.actions.CatalogActionBean
<org.mybatis.jpetstore.web.actions.CatalogActionBean: net.sourceforge.stripes.action.ForwardResolution viewProduct()>/new net.sourceforge.stripes.action.ForwardResolution/0	org.mybatis.jpetstore.web.actions.CatalogActionBean
<org.mybatis.jpetstore.web.actions.CatalogActionBean: net.sourceforge.stripes.action.ForwardResolution viewItem()>/new net.sourceforge.stripes.action.ForwardResolution/0	org.mybatis.jpetstore.web.actions.CatalogActionBean
<org.mybatis.jpetstore.web.actions.CatalogActionBean: net.sourceforge.stripes.action.ForwardResolution searchProducts()>/new net.sourceforge.stripes.action.ForwardResolution/0	org.mybatis.jpetstore.web.actions.CatalogActionBean
<org.mybatis.jpetstore.web.actions.CatalogActionBean: net.sourceforge.stripes.action.ForwardResolution searchProducts()>/new net.sourceforge.stripes.action.ForwardResolution/1	org.mybatis.jpetstore.web.actions.CatalogActionBean
<org.mybatis.jpetstore.web.actions.AbstractActionBean: void setMessage(java.lang.String)>/new net.sourceforge.stripes.action.SimpleMessage/0	org.mybatis.jpetstore.web.actions.AbstractActionBean
<org.mybatis.jpetstore.web.actions.AbstractActionBean: void setMessage(java.lang.String)>/new java.lang.Object[]/0	org.mybatis.jpetstore.web.actions.AbstractActionBean
<org.mybatis.jpetstore.service.OrderService: int getNextId(java.lang.String)>/new org.mybatis.jpetstore.domain.Sequence/0	org.mybatis.jpetstore.service.OrderService
<org.mybatis.jpetstore.service.OrderService: int getNextId(java.lang.String)>/new java.lang.RuntimeException/0	org.mybatis.jpetstore.service.OrderService
<org.mybatis.jpetstore.service.OrderService: int getNextId(java.lang.String)>/new java.lang.StringBuilder/0	org.mybatis.jpetstore.service.OrderService
<org.mybatis.jpetstore.service.OrderService: int getNextId(java.lang.String)>/new org.mybatis.jpetstore.domain.Sequence/1	org.mybatis.jpetstore.service.OrderService
<org.mybatis.jpetstore.service.OrderService: void lambda$insertOrder$0(org.mybatis.jpetstore.domain.LineItem)>/new java.util.HashMap/0	org.mybatis.jpetstore.service.OrderService
<org.mybatis.jpetstore.domain.Item: java.lang.String toString()>/new java.lang.StringBuilder/0	org.mybatis.jpetstore.domain.Item
<org.mybatis.jpetstore.domain.Order: void <init>()>/new java.util.ArrayList/0	org.mybatis.jpetstore.domain.Order
<org.mybatis.jpetstore.domain.Order: void initOrder(org.mybatis.jpetstore.domain.Account,org.mybatis.jpetstore.domain.Cart)>/new java.util.Date/0	org.mybatis.jpetstore.domain.Order
<org.mybatis.jpetstore.domain.Order: void addLineItem(org.mybatis.jpetstore.domain.CartItem)>/new org.mybatis.jpetstore.domain.LineItem/0	org.mybatis.jpetstore.domain.Order
<org.mybatis.jpetstore.domain.LineItem: java.math.BigDecimal lambda$calculateTotal$0(java.math.BigDecimal)>/new java.math.BigDecimal/0	org.mybatis.jpetstore.domain.LineItem
<org.mybatis.jpetstore.domain.Cart: void <init>()>/new java.util.HashMap/0	org.mybatis.jpetstore.domain.Cart
<org.mybatis.jpetstore.domain.Cart: void <init>()>/new java.util.ArrayList/0	org.mybatis.jpetstore.domain.Cart
<org.mybatis.jpetstore.domain.Cart: void addItem(org.mybatis.jpetstore.domain.Item,boolean)>/new org.mybatis.jpetstore.domain.CartItem/0	org.mybatis.jpetstore.domain.Cart
<org.mybatis.jpetstore.domain.Cart: java.math.BigDecimal lambda$getSubTotal$0(org.mybatis.jpetstore.domain.CartItem)>/new java.math.BigDecimal/0	org.mybatis.jpetstore.domain.Cart
<org.mybatis.jpetstore.domain.CartItem: java.math.BigDecimal lambda$calculateTotal$0(java.math.BigDecimal)>/new java.math.BigDecimal/0	org.mybatis.jpetstore.domain.CartItem
<org.mybatis.jpetstore.web.actions.OrderActionBean: void <init>()>/new org.mybatis.jpetstore.domain.Order/0	org.mybatis.jpetstore.web.actions.OrderActionBean
<org.mybatis.jpetstore.web.actions.OrderActionBean: net.sourceforge.stripes.action.Resolution listOrders()>/new net.sourceforge.stripes.action.ForwardResolution/0	org.mybatis.jpetstore.web.actions.OrderActionBean
<org.mybatis.jpetstore.web.actions.OrderActionBean: net.sourceforge.stripes.action.Resolution newOrderForm()>/new net.sourceforge.stripes.action.ForwardResolution/0	org.mybatis.jpetstore.web.actions.OrderActionBean
<org.mybatis.jpetstore.web.actions.OrderActionBean: net.sourceforge.stripes.action.Resolution newOrderForm()>/new net.sourceforge.stripes.action.ForwardResolution/1	org.mybatis.jpetstore.web.actions.OrderActionBean
<org.mybatis.jpetstore.web.actions.OrderActionBean: net.sourceforge.stripes.action.Resolution newOrderForm()>/new net.sourceforge.stripes.action.ForwardResolution/2	org.mybatis.jpetstore.web.actions.OrderActionBean
<org.mybatis.jpetstore.web.actions.OrderActionBean: net.sourceforge.stripes.action.Resolution newOrder()>/new net.sourceforge.stripes.action.ForwardResolution/0	org.mybatis.jpetstore.web.actions.OrderActionBean
<org.mybatis.jpetstore.web.actions.OrderActionBean: net.sourceforge.stripes.action.Resolution newOrder()>/new net.sourceforge.stripes.action.ForwardResolution/1	org.mybatis.jpetstore.web.actions.OrderActionBean
<org.mybatis.jpetstore.web.actions.OrderActionBean: net.sourceforge.stripes.action.Resolution newOrder()>/new net.sourceforge.stripes.action.ForwardResolution/2	org.mybatis.jpetstore.web.actions.OrderActionBean
<org.mybatis.jpetstore.web.actions.OrderActionBean: net.sourceforge.stripes.action.Resolution newOrder()>/new net.sourceforge.stripes.action.ForwardResolution/3	org.mybatis.jpetstore.web.actions.OrderActionBean
<org.mybatis.jpetstore.web.actions.OrderActionBean: net.sourceforge.stripes.action.Resolution viewOrder()>/new net.sourceforge.stripes.action.ForwardResolution/0	org.mybatis.jpetstore.web.actions.OrderActionBean
<org.mybatis.jpetstore.web.actions.OrderActionBean: net.sourceforge.stripes.action.Resolution viewOrder()>/new net.sourceforge.stripes.action.ForwardResolution/1	org.mybatis.jpetstore.web.actions.OrderActionBean
<org.mybatis.jpetstore.web.actions.OrderActionBean: void clear()>/new org.mybatis.jpetstore.domain.Order/0	org.mybatis.jpetstore.web.actions.OrderActionBean
<org.mybatis.jpetstore.web.actions.OrderActionBean: void <clinit>()>/new java.lang.String[]/0	org.mybatis.jpetstore.web.actions.OrderActionBean
<org.mybatis.jpetstore.web.actions.CartActionBean: void <init>()>/new org.mybatis.jpetstore.domain.Cart/0	org.mybatis.jpetstore.web.actions.CartActionBean
<org.mybatis.jpetstore.web.actions.CartActionBean: net.sourceforge.stripes.action.Resolution addItemToCart()>/new net.sourceforge.stripes.action.ForwardResolution/0	org.mybatis.jpetstore.web.actions.CartActionBean
<org.mybatis.jpetstore.web.actions.CartActionBean: net.sourceforge.stripes.action.Resolution removeItemFromCart()>/new net.sourceforge.stripes.action.ForwardResolution/0	org.mybatis.jpetstore.web.actions.CartActionBean
<org.mybatis.jpetstore.web.actions.CartActionBean: net.sourceforge.stripes.action.Resolution removeItemFromCart()>/new net.sourceforge.stripes.action.ForwardResolution/1	org.mybatis.jpetstore.web.actions.CartActionBean
<org.mybatis.jpetstore.web.actions.CartActionBean: net.sourceforge.stripes.action.Resolution updateCartQuantities()>/new net.sourceforge.stripes.action.ForwardResolution/0	org.mybatis.jpetstore.web.actions.CartActionBean
<org.mybatis.jpetstore.web.actions.CartActionBean: net.sourceforge.stripes.action.ForwardResolution viewCart()>/new net.sourceforge.stripes.action.ForwardResolution/0	org.mybatis.jpetstore.web.actions.CartActionBean
<org.mybatis.jpetstore.web.actions.CartActionBean: net.sourceforge.stripes.action.ForwardResolution checkOut()>/new net.sourceforge.stripes.action.ForwardResolution/0	org.mybatis.jpetstore.web.actions.CartActionBean
<org.mybatis.jpetstore.web.actions.CartActionBean: void clear()>/new org.mybatis.jpetstore.domain.Cart/0	org.mybatis.jpetstore.web.actions.CartActionBean
\\s+	org.mybatis.jpetstore.service.CatalogService
%	org.mybatis.jpetstore.service.CatalogService
/WEB-INF/jsp/account/NewAccountForm.jsp	org.mybatis.jpetstore.web.actions.AccountActionBean
/WEB-INF/jsp/account/EditAccountForm.jsp	org.mybatis.jpetstore.web.actions.AccountActionBean
/WEB-INF/jsp/account/SignonForm.jsp	org.mybatis.jpetstore.web.actions.AccountActionBean
Invalid username or password.  Signon failed.	org.mybatis.jpetstore.web.actions.AccountActionBean
accountBean	org.mybatis.jpetstore.web.actions.AccountActionBean
english	org.mybatis.jpetstore.web.actions.AccountActionBean
japanese	org.mybatis.jpetstore.web.actions.AccountActionBean
FISH	org.mybatis.jpetstore.web.actions.AccountActionBean
DOGS	org.mybatis.jpetstore.web.actions.AccountActionBean
REPTILES	org.mybatis.jpetstore.web.actions.AccountActionBean
CATS	org.mybatis.jpetstore.web.actions.AccountActionBean
BIRDS	org.mybatis.jpetstore.web.actions.AccountActionBean
/WEB-INF/jsp/catalog/Main.jsp	org.mybatis.jpetstore.web.actions.CatalogActionBean
/WEB-INF/jsp/catalog/Category.jsp	org.mybatis.jpetstore.web.actions.CatalogActionBean
/WEB-INF/jsp/catalog/Product.jsp	org.mybatis.jpetstore.web.actions.CatalogActionBean
/WEB-INF/jsp/catalog/Item.jsp	org.mybatis.jpetstore.web.actions.CatalogActionBean
Please enter a keyword to search for, then press the search button.	org.mybatis.jpetstore.web.actions.CatalogActionBean
/WEB-INF/jsp/common/Error.jsp	org.mybatis.jpetstore.web.actions.CatalogActionBean
/WEB-INF/jsp/common/Error.jsp	org.mybatis.jpetstore.web.actions.OrderActionBean
/WEB-INF/jsp/common/Error.jsp	org.mybatis.jpetstore.web.actions.CartActionBean
/WEB-INF/jsp/catalog/SearchProducts.jsp	org.mybatis.jpetstore.web.actions.CatalogActionBean
ordernum	org.mybatis.jpetstore.service.OrderService
<method type (java.lang.Object)void>	org.mybatis.jpetstore.service.AccountService
<method type (java.lang.Object)void>	org.mybatis.jpetstore.service.OrderService
<handle <org.mybatis.jpetstore.service.OrderService: void lambda$insertOrder$0(org.mybatis.jpetstore.domain.LineItem)>>	org.mybatis.jpetstore.service.OrderService
<method type (org.mybatis.jpetstore.domain.LineItem)void>	org.mybatis.jpetstore.service.OrderService
<handle <org.mybatis.jpetstore.service.OrderService: void lambda$insertOrder$1(org.mybatis.jpetstore.domain.Order,org.mybatis.jpetstore.domain.LineItem)>>	org.mybatis.jpetstore.service.OrderService
<handle <org.mybatis.jpetstore.service.OrderService: void lambda$getOrder$2(org.mybatis.jpetstore.domain.LineItem)>>	org.mybatis.jpetstore.service.OrderService
<<\\"Error: A null sequence was returned from the database (could not get next \\">>	org.mybatis.jpetstore.service.OrderService
<<\\" sequence).\\">>	org.mybatis.jpetstore.service.OrderService
increment	org.mybatis.jpetstore.service.OrderService
999 9999 9999 9999	org.mybatis.jpetstore.domain.Order
12/03	org.mybatis.jpetstore.domain.Order
Visa	org.mybatis.jpetstore.domain.Order
Visa	org.mybatis.jpetstore.web.actions.OrderActionBean
UPS	org.mybatis.jpetstore.domain.Order
CA	org.mybatis.jpetstore.domain.Order
P	org.mybatis.jpetstore.domain.Order
<method type (java.lang.Object)boolean>	org.mybatis.jpetstore.service.AccountService
<handle <org.mybatis.jpetstore.service.AccountService: boolean lambda$updateAccount$0(java.lang.String)>>	org.mybatis.jpetstore.service.AccountService
<method type (java.lang.String)boolean>	org.mybatis.jpetstore.service.AccountService
<handle <org.mybatis.jpetstore.service.AccountService: void lambda$updateAccount$1(org.mybatis.jpetstore.domain.Account,java.lang.String)>>	org.mybatis.jpetstore.service.AccountService
<method type (java.lang.String)void>	org.mybatis.jpetstore.service.AccountService
<method type (java.lang.Object)java.lang.Object>	org.mybatis.jpetstore.domain.LineItem
<method type (java.lang.Object)java.lang.Object>	org.mybatis.jpetstore.domain.Cart
<method type (java.lang.Object)java.lang.Object>	org.mybatis.jpetstore.domain.CartItem
<handle <org.mybatis.jpetstore.domain.Item: java.math.BigDecimal getListPrice()>>	org.mybatis.jpetstore.domain.LineItem
<handle <org.mybatis.jpetstore.domain.Item: java.math.BigDecimal getListPrice()>>	org.mybatis.jpetstore.domain.CartItem
<method type (org.mybatis.jpetstore.domain.Item)java.math.BigDecimal>	org.mybatis.jpetstore.domain.LineItem
<method type (org.mybatis.jpetstore.domain.Item)java.math.BigDecimal>	org.mybatis.jpetstore.domain.CartItem
<handle <org.mybatis.jpetstore.domain.LineItem: java.math.BigDecimal lambda$calculateTotal$0(java.math.BigDecimal)>>	org.mybatis.jpetstore.domain.LineItem
<method type (java.math.BigDecimal)java.math.BigDecimal>	org.mybatis.jpetstore.domain.LineItem
<method type (java.math.BigDecimal)java.math.BigDecimal>	org.mybatis.jpetstore.domain.CartItem
<handle <org.mybatis.jpetstore.domain.Cart: java.math.BigDecimal lambda$getSubTotal$0(org.mybatis.jpetstore.domain.CartItem)>>	org.mybatis.jpetstore.domain.Cart
<method type (org.mybatis.jpetstore.domain.CartItem)java.math.BigDecimal>	org.mybatis.jpetstore.domain.Cart
<method type (java.lang.Object,java.lang.Object)java.lang.Object>	org.mybatis.jpetstore.domain.Cart
<handle <java.math.BigDecimal: java.math.BigDecimal add(java.math.BigDecimal)>>	org.mybatis.jpetstore.domain.Cart
<method type (java.math.BigDecimal,java.math.BigDecimal)java.math.BigDecimal>	org.mybatis.jpetstore.domain.Cart
<handle <org.mybatis.jpetstore.domain.CartItem: java.math.BigDecimal lambda$calculateTotal$0(java.math.BigDecimal)>>	org.mybatis.jpetstore.domain.CartItem
/WEB-INF/jsp/order/ListOrders.jsp	org.mybatis.jpetstore.web.actions.OrderActionBean
You must sign on before attempting to check out.  Please sign on and try checking out again.	org.mybatis.jpetstore.web.actions.OrderActionBean
/WEB-INF/jsp/order/NewOrderForm.jsp	org.mybatis.jpetstore.web.actions.OrderActionBean
An order could not be created because a cart could not be found.	org.mybatis.jpetstore.web.actions.OrderActionBean
/WEB-INF/jsp/order/ShippingForm.jsp	org.mybatis.jpetstore.web.actions.OrderActionBean
/WEB-INF/jsp/order/ConfirmOrder.jsp	org.mybatis.jpetstore.web.actions.OrderActionBean
Thank you, your order has been submitted.	org.mybatis.jpetstore.web.actions.OrderActionBean
/WEB-INF/jsp/order/ViewOrder.jsp	org.mybatis.jpetstore.web.actions.OrderActionBean
An error occurred processing your order (order was null).	org.mybatis.jpetstore.web.actions.OrderActionBean
You may only view your own orders.	org.mybatis.jpetstore.web.actions.OrderActionBean
MasterCard	org.mybatis.jpetstore.web.actions.OrderActionBean
American Express	org.mybatis.jpetstore.web.actions.OrderActionBean
/WEB-INF/jsp/cart/Cart.jsp	org.mybatis.jpetstore.web.actions.CartActionBean
Attempted to remove null CartItem from Cart.	org.mybatis.jpetstore.web.actions.CartActionBean
/WEB-INF/jsp/cart/Checkout.jsp	org.mybatis.jpetstore.web.actions.CartActionBean
