[<<immutable-context>>, <<immutable-context>>]	<org.mybatis.jpetstore.domain.Cart: boolean containsItemId(java.lang.String)>	<org.mybatis.jpetstore.web.actions.CartActionBean: net.sourceforge.stripes.action.Resolution addItemToCart()>
[<<immutable-context>>, <<immutable-context>>]	<org.mybatis.jpetstore.domain.Cart: org.mybatis.jpetstore.domain.Item removeItemById(java.lang.String)>	<org.mybatis.jpetstore.web.actions.CartActionBean: net.sourceforge.stripes.action.Resolution removeItemFromCart()>
[<<immutable-context>>, <<immutable-context>>]	<org.mybatis.jpetstore.web.actions.AccountActionBean: java.lang.String getUsername()>	<org.mybatis.jpetstore.web.actions.AccountActionBean: net.sourceforge.stripes.action.Resolution signon()>
[<<immutable-context>>, <<immutable-context>>]	<org.mybatis.jpetstore.web.actions.AccountActionBean: java.lang.String getPassword()>	<org.mybatis.jpetstore.web.actions.AccountActionBean: net.sourceforge.stripes.action.Resolution signon()>
[<<immutable-context>>, <<immutable-context>>]	<org.mybatis.jpetstore.domain.Item: org.mybatis.jpetstore.domain.Product getProduct()>	<org.mybatis.jpetstore.web.actions.CatalogActionBean: net.sourceforge.stripes.action.ForwardResolution viewItem()>
[<<immutable-context>>, <<immutable-context>>]	<org.mybatis.jpetstore.domain.Order: int getOrderId()>	<org.mybatis.jpetstore.web.actions.OrderActionBean: int getOrderId()>
[<<immutable-context>>, <<immutable-context>>]	<org.mybatis.jpetstore.domain.Order: int getOrderId()>	<org.mybatis.jpetstore.web.actions.OrderActionBean: net.sourceforge.stripes.action.Resolution viewOrder()>
[<<immutable-context>>, <<immutable-context>>]	<org.mybatis.jpetstore.domain.Order: java.lang.String getUsername()>	<org.mybatis.jpetstore.web.actions.OrderActionBean: net.sourceforge.stripes.action.Resolution viewOrder()>
[<<immutable-context>>, <<immutable-context>>]	<org.mybatis.jpetstore.domain.Cart: java.util.Iterator getAllCartItems()>	<org.mybatis.jpetstore.web.actions.CartActionBean: net.sourceforge.stripes.action.Resolution updateCartQuantities()>
[<<immutable-context>>, <<immutable-context>>]	<org.mybatis.jpetstore.domain.Account: java.lang.String getUsername()>	<org.mybatis.jpetstore.web.actions.AccountActionBean: java.lang.String getUsername()>
[<<immutable-context>>, <<immutable-context>>]	<org.mybatis.jpetstore.domain.Account: java.lang.String getUsername()>	<org.mybatis.jpetstore.web.actions.AccountActionBean: net.sourceforge.stripes.action.Resolution newAccount()>
[<<immutable-context>>, <<immutable-context>>]	<org.mybatis.jpetstore.domain.Account: java.lang.String getUsername()>	<org.mybatis.jpetstore.web.actions.AccountActionBean: net.sourceforge.stripes.action.Resolution editAccount()>
[<<immutable-context>>, <<immutable-context>>]	<org.mybatis.jpetstore.domain.Account: java.lang.String getUsername()>	<org.mybatis.jpetstore.web.actions.AccountActionBean: boolean isAuthenticated()>
[<<immutable-context>>, <<immutable-context>>]	<org.mybatis.jpetstore.domain.Account: java.lang.String getPassword()>	<org.mybatis.jpetstore.web.actions.AccountActionBean: java.lang.String getPassword()>
[<<immutable-context>>, <<immutable-context>>]	<org.mybatis.jpetstore.domain.Account: java.lang.String getFavouriteCategoryId()>	<org.mybatis.jpetstore.web.actions.AccountActionBean: net.sourceforge.stripes.action.Resolution newAccount()>
[<<immutable-context>>, <<immutable-context>>]	<org.mybatis.jpetstore.domain.Account: java.lang.String getFavouriteCategoryId()>	<org.mybatis.jpetstore.web.actions.AccountActionBean: net.sourceforge.stripes.action.Resolution editAccount()>
[<<immutable-context>>, <<immutable-context>>]	<org.mybatis.jpetstore.domain.Account: java.lang.String getFavouriteCategoryId()>	<org.mybatis.jpetstore.web.actions.AccountActionBean: net.sourceforge.stripes.action.Resolution signon()>
[<<immutable-context>>, <<immutable-context>>]	<org.mybatis.jpetstore.web.actions.OrderActionBean: org.mybatis.jpetstore.domain.Order getOrder()>	<org.mybatis.jpetstore.web.actions.OrderActionBean: net.sourceforge.stripes.action.Resolution newOrder()>
[<<immutable-context>>, <<immutable-context>>]	<org.mybatis.jpetstore.web.actions.OrderActionBean: boolean isConfirmed()>	<org.mybatis.jpetstore.web.actions.OrderActionBean: net.sourceforge.stripes.action.Resolution newOrder()>
[<<immutable-context>>, <<immutable-context>>]	<org.mybatis.jpetstore.web.actions.CartActionBean: org.mybatis.jpetstore.domain.Cart getCart()>	<org.mybatis.jpetstore.web.actions.CartActionBean: net.sourceforge.stripes.action.Resolution updateCartQuantities()>
[<<immutable-hcontext>>, org.mybatis.jpetstore.domain.Cart::MockObject]	<org.mybatis.jpetstore.web.actions.CartActionBean: net.sourceforge.stripes.action.Resolution addItemToCart()>	<org.mybatis.jpetstore.domain.Cart: void addItem(org.mybatis.jpetstore.domain.Item,boolean)>
[<<immutable-hcontext>>, org.mybatis.jpetstore.domain.Cart::MockObject]	<org.mybatis.jpetstore.web.actions.CartActionBean: net.sourceforge.stripes.action.Resolution updateCartQuantities()>	<org.mybatis.jpetstore.domain.Cart: void setQuantityByItemId(java.lang.String,int)>
[<<immutable-hcontext>>, org.mybatis.jpetstore.web.actions.AccountActionBean::MockObject]	<org.mybatis.jpetstore.domain.Account: java.lang.String getUsername()>	<org.mybatis.jpetstore.web.actions.AccountActionBean: java.lang.String getUsername()>
[<<immutable-hcontext>>, org.mybatis.jpetstore.web.actions.AccountActionBean::MockObject]	<org.mybatis.jpetstore.domain.Account: java.lang.String getPassword()>	<org.mybatis.jpetstore.web.actions.AccountActionBean: java.lang.String getPassword()>
[<<immutable-hcontext>>, org.mybatis.jpetstore.domain.Order::MockObject]	<org.mybatis.jpetstore.domain.Order: void initOrder(org.mybatis.jpetstore.domain.Account,org.mybatis.jpetstore.domain.Cart)>	<org.mybatis.jpetstore.domain.Order: void addLineItem(org.mybatis.jpetstore.domain.CartItem)>
[<<immutable-hcontext>>, org.mybatis.jpetstore.domain.Order::MockObject]	<org.mybatis.jpetstore.domain.Order: void addLineItem(org.mybatis.jpetstore.domain.CartItem)>	<org.mybatis.jpetstore.domain.Order: void addLineItem(org.mybatis.jpetstore.domain.LineItem)>
[<<immutable-hcontext>>, org.mybatis.jpetstore.domain.Order::MockObject]	<org.mybatis.jpetstore.web.actions.OrderActionBean: net.sourceforge.stripes.action.Resolution newOrderForm()>	<org.mybatis.jpetstore.domain.Order: void initOrder(org.mybatis.jpetstore.domain.Account,org.mybatis.jpetstore.domain.Cart)>
[<<immutable-context>>, <org.mybatis.jpetstore.web.actions.OrderActionBean: void <init>()>/new org.mybatis.jpetstore.domain.Order/0]	<org.mybatis.jpetstore.domain.Order: void initOrder(org.mybatis.jpetstore.domain.Account,org.mybatis.jpetstore.domain.Cart)>	<org.mybatis.jpetstore.domain.Order: void addLineItem(org.mybatis.jpetstore.domain.CartItem)>
[<<immutable-context>>, <org.mybatis.jpetstore.web.actions.OrderActionBean: void <init>()>/new org.mybatis.jpetstore.domain.Order/0]	<org.mybatis.jpetstore.domain.Order: void addLineItem(org.mybatis.jpetstore.domain.CartItem)>	<org.mybatis.jpetstore.domain.Order: void addLineItem(org.mybatis.jpetstore.domain.LineItem)>
[<<immutable-context>>, <org.mybatis.jpetstore.web.actions.OrderActionBean: void <init>()>/new org.mybatis.jpetstore.domain.Order/0]	<org.mybatis.jpetstore.web.actions.OrderActionBean: net.sourceforge.stripes.action.Resolution newOrderForm()>	<org.mybatis.jpetstore.domain.Order: void initOrder(org.mybatis.jpetstore.domain.Account,org.mybatis.jpetstore.domain.Cart)>
[<<immutable-context>>, <org.mybatis.jpetstore.web.actions.CartActionBean: void clear()>/new org.mybatis.jpetstore.domain.Cart/0]	<org.mybatis.jpetstore.web.actions.CartActionBean: net.sourceforge.stripes.action.Resolution addItemToCart()>	<org.mybatis.jpetstore.domain.Cart: void addItem(org.mybatis.jpetstore.domain.Item,boolean)>
[<<immutable-context>>, <org.mybatis.jpetstore.web.actions.CartActionBean: void clear()>/new org.mybatis.jpetstore.domain.Cart/0]	<org.mybatis.jpetstore.web.actions.CartActionBean: net.sourceforge.stripes.action.Resolution updateCartQuantities()>	<org.mybatis.jpetstore.domain.Cart: void setQuantityByItemId(java.lang.String,int)>
[<<immutable-context>>, <org.mybatis.jpetstore.web.actions.OrderActionBean: void clear()>/new org.mybatis.jpetstore.domain.Order/0]	<org.mybatis.jpetstore.domain.Order: void initOrder(org.mybatis.jpetstore.domain.Account,org.mybatis.jpetstore.domain.Cart)>	<org.mybatis.jpetstore.domain.Order: void addLineItem(org.mybatis.jpetstore.domain.CartItem)>
[<<immutable-context>>, <org.mybatis.jpetstore.web.actions.OrderActionBean: void clear()>/new org.mybatis.jpetstore.domain.Order/0]	<org.mybatis.jpetstore.domain.Order: void addLineItem(org.mybatis.jpetstore.domain.CartItem)>	<org.mybatis.jpetstore.domain.Order: void addLineItem(org.mybatis.jpetstore.domain.LineItem)>
[<<immutable-context>>, <org.mybatis.jpetstore.web.actions.OrderActionBean: void clear()>/new org.mybatis.jpetstore.domain.Order/0]	<org.mybatis.jpetstore.web.actions.OrderActionBean: net.sourceforge.stripes.action.Resolution newOrderForm()>	<org.mybatis.jpetstore.domain.Order: void initOrder(org.mybatis.jpetstore.domain.Account,org.mybatis.jpetstore.domain.Cart)>
[<<immutable-context>>, <org.mybatis.jpetstore.web.actions.CartActionBean: void <init>()>/new org.mybatis.jpetstore.domain.Cart/0]	<org.mybatis.jpetstore.web.actions.CartActionBean: net.sourceforge.stripes.action.Resolution addItemToCart()>	<org.mybatis.jpetstore.domain.Cart: void addItem(org.mybatis.jpetstore.domain.Item,boolean)>
[<<immutable-context>>, <org.mybatis.jpetstore.web.actions.CartActionBean: void <init>()>/new org.mybatis.jpetstore.domain.Cart/0]	<org.mybatis.jpetstore.web.actions.CartActionBean: net.sourceforge.stripes.action.Resolution updateCartQuantities()>	<org.mybatis.jpetstore.domain.Cart: void setQuantityByItemId(java.lang.String,int)>
[<org.mybatis.jpetstore.web.actions.OrderActionBean: void <init>()>/new org.mybatis.jpetstore.domain.Order/0, <org.mybatis.jpetstore.domain.Order: void addLineItem(org.mybatis.jpetstore.domain.CartItem)>/new org.mybatis.jpetstore.domain.LineItem/0]	<org.mybatis.jpetstore.domain.Order: void initOrder(org.mybatis.jpetstore.domain.Account,org.mybatis.jpetstore.domain.Cart)>	<org.mybatis.jpetstore.domain.LineItem: void <init>(int,org.mybatis.jpetstore.domain.CartItem)>
[<org.mybatis.jpetstore.web.actions.OrderActionBean: void <init>()>/new org.mybatis.jpetstore.domain.Order/0, <org.mybatis.jpetstore.domain.Order: void addLineItem(org.mybatis.jpetstore.domain.CartItem)>/new org.mybatis.jpetstore.domain.LineItem/0]	<org.mybatis.jpetstore.domain.Order: void addLineItem(org.mybatis.jpetstore.domain.CartItem)>	<org.mybatis.jpetstore.domain.LineItem: void <init>(int,org.mybatis.jpetstore.domain.CartItem)>
[org.mybatis.jpetstore.web.actions.OrderActionBean::MockObject, <org.mybatis.jpetstore.web.actions.OrderActionBean: void clear()>/new org.mybatis.jpetstore.domain.Order/0]	<org.mybatis.jpetstore.domain.Order: void initOrder(org.mybatis.jpetstore.domain.Account,org.mybatis.jpetstore.domain.Cart)>	<org.mybatis.jpetstore.domain.Order: void addLineItem(org.mybatis.jpetstore.domain.CartItem)>
[org.mybatis.jpetstore.web.actions.OrderActionBean::MockObject, <org.mybatis.jpetstore.web.actions.OrderActionBean: void clear()>/new org.mybatis.jpetstore.domain.Order/0]	<org.mybatis.jpetstore.domain.Order: void addLineItem(org.mybatis.jpetstore.domain.CartItem)>	<org.mybatis.jpetstore.domain.Order: void addLineItem(org.mybatis.jpetstore.domain.LineItem)>
[org.mybatis.jpetstore.web.actions.OrderActionBean::MockObject, <org.mybatis.jpetstore.web.actions.OrderActionBean: void clear()>/new org.mybatis.jpetstore.domain.Order/0]	<org.mybatis.jpetstore.web.actions.OrderActionBean: net.sourceforge.stripes.action.Resolution newOrderForm()>	<org.mybatis.jpetstore.domain.Order: void initOrder(org.mybatis.jpetstore.domain.Account,org.mybatis.jpetstore.domain.Cart)>
[org.mybatis.jpetstore.domain.Cart::MockObject, <org.mybatis.jpetstore.domain.Cart: void addItem(org.mybatis.jpetstore.domain.Item,boolean)>/new org.mybatis.jpetstore.domain.CartItem/0]	<org.mybatis.jpetstore.web.actions.CartActionBean: net.sourceforge.stripes.action.Resolution addItemToCart()>	<org.mybatis.jpetstore.domain.CartItem: void setInStock(boolean)>
[org.mybatis.jpetstore.domain.Cart::MockObject, <org.mybatis.jpetstore.domain.Cart: void addItem(org.mybatis.jpetstore.domain.Item,boolean)>/new org.mybatis.jpetstore.domain.CartItem/0]	<org.mybatis.jpetstore.web.actions.CartActionBean: net.sourceforge.stripes.action.Resolution addItemToCart()>	<org.mybatis.jpetstore.domain.CartItem: void setItem(org.mybatis.jpetstore.domain.Item)>
[<org.mybatis.jpetstore.web.actions.CartActionBean: void clear()>/new org.mybatis.jpetstore.domain.Cart/0, <org.mybatis.jpetstore.domain.Cart: void addItem(org.mybatis.jpetstore.domain.Item,boolean)>/new org.mybatis.jpetstore.domain.CartItem/0]	<org.mybatis.jpetstore.web.actions.CartActionBean: net.sourceforge.stripes.action.Resolution addItemToCart()>	<org.mybatis.jpetstore.domain.CartItem: void setInStock(boolean)>
[<org.mybatis.jpetstore.web.actions.CartActionBean: void clear()>/new org.mybatis.jpetstore.domain.Cart/0, <org.mybatis.jpetstore.domain.Cart: void addItem(org.mybatis.jpetstore.domain.Item,boolean)>/new org.mybatis.jpetstore.domain.CartItem/0]	<org.mybatis.jpetstore.web.actions.CartActionBean: net.sourceforge.stripes.action.Resolution addItemToCart()>	<org.mybatis.jpetstore.domain.CartItem: void setItem(org.mybatis.jpetstore.domain.Item)>
[<org.mybatis.jpetstore.web.actions.CartActionBean: void <init>()>/new org.mybatis.jpetstore.domain.Cart/0, <org.mybatis.jpetstore.domain.Cart: void addItem(org.mybatis.jpetstore.domain.Item,boolean)>/new org.mybatis.jpetstore.domain.CartItem/0]	<org.mybatis.jpetstore.web.actions.CartActionBean: net.sourceforge.stripes.action.Resolution addItemToCart()>	<org.mybatis.jpetstore.domain.CartItem: void setInStock(boolean)>
[<org.mybatis.jpetstore.web.actions.CartActionBean: void <init>()>/new org.mybatis.jpetstore.domain.Cart/0, <org.mybatis.jpetstore.domain.Cart: void addItem(org.mybatis.jpetstore.domain.Item,boolean)>/new org.mybatis.jpetstore.domain.CartItem/0]	<org.mybatis.jpetstore.web.actions.CartActionBean: net.sourceforge.stripes.action.Resolution addItemToCart()>	<org.mybatis.jpetstore.domain.CartItem: void setItem(org.mybatis.jpetstore.domain.Item)>
[<org.mybatis.jpetstore.web.actions.OrderActionBean: void clear()>/new org.mybatis.jpetstore.domain.Order/0, <org.mybatis.jpetstore.domain.Order: void addLineItem(org.mybatis.jpetstore.domain.CartItem)>/new org.mybatis.jpetstore.domain.LineItem/0]	<org.mybatis.jpetstore.domain.Order: void initOrder(org.mybatis.jpetstore.domain.Account,org.mybatis.jpetstore.domain.Cart)>	<org.mybatis.jpetstore.domain.LineItem: void <init>(int,org.mybatis.jpetstore.domain.CartItem)>
[<org.mybatis.jpetstore.web.actions.OrderActionBean: void clear()>/new org.mybatis.jpetstore.domain.Order/0, <org.mybatis.jpetstore.domain.Order: void addLineItem(org.mybatis.jpetstore.domain.CartItem)>/new org.mybatis.jpetstore.domain.LineItem/0]	<org.mybatis.jpetstore.domain.Order: void addLineItem(org.mybatis.jpetstore.domain.CartItem)>	<org.mybatis.jpetstore.domain.LineItem: void <init>(int,org.mybatis.jpetstore.domain.CartItem)>
[org.mybatis.jpetstore.domain.Order::MockObject, <org.mybatis.jpetstore.domain.Order: void addLineItem(org.mybatis.jpetstore.domain.CartItem)>/new org.mybatis.jpetstore.domain.LineItem/0]	<org.mybatis.jpetstore.domain.Order: void initOrder(org.mybatis.jpetstore.domain.Account,org.mybatis.jpetstore.domain.Cart)>	<org.mybatis.jpetstore.domain.LineItem: void <init>(int,org.mybatis.jpetstore.domain.CartItem)>
[org.mybatis.jpetstore.domain.Order::MockObject, <org.mybatis.jpetstore.domain.Order: void addLineItem(org.mybatis.jpetstore.domain.CartItem)>/new org.mybatis.jpetstore.domain.LineItem/0]	<org.mybatis.jpetstore.domain.Order: void addLineItem(org.mybatis.jpetstore.domain.CartItem)>	<org.mybatis.jpetstore.domain.LineItem: void <init>(int,org.mybatis.jpetstore.domain.CartItem)>
