<org.mybatis.jpetstore.service.CatalogService: void <init>(org.mybatis.jpetstore.mapper.CategoryMapper,org.mybatis.jpetstore.mapper.ItemMapper,org.mybatis.jpetstore.mapper.ProductMapper)>/@parameter0	<org.mybatis.jpetstore.service.CatalogService: void <init>(org.mybatis.jpetstore.mapper.CategoryMapper,org.mybatis.jpetstore.mapper.ItemMapper,org.mybatis.jpetstore.mapper.ProductMapper)>/categoryMapper#_0
<org.mybatis.jpetstore.service.CatalogService: void <init>(org.mybatis.jpetstore.mapper.CategoryMapper,org.mybatis.jpetstore.mapper.ItemMapper,org.mybatis.jpetstore.mapper.ProductMapper)>/@parameter1	<org.mybatis.jpetstore.service.CatalogService: void <init>(org.mybatis.jpetstore.mapper.CategoryMapper,org.mybatis.jpetstore.mapper.ItemMapper,org.mybatis.jpetstore.mapper.ProductMapper)>/itemMapper#_0
<org.mybatis.jpetstore.service.CatalogService: void <init>(org.mybatis.jpetstore.mapper.CategoryMapper,org.mybatis.jpetstore.mapper.ItemMapper,org.mybatis.jpetstore.mapper.ProductMapper)>/@parameter2	<org.mybatis.jpetstore.service.CatalogService: void <init>(org.mybatis.jpetstore.mapper.CategoryMapper,org.mybatis.jpetstore.mapper.ItemMapper,org.mybatis.jpetstore.mapper.ProductMapper)>/productMapper#_0
<org.mybatis.jpetstore.service.CatalogService: org.mybatis.jpetstore.domain.Category getCategory(java.lang.String)>/@parameter0	<org.mybatis.jpetstore.service.CatalogService: org.mybatis.jpetstore.domain.Category getCategory(java.lang.String)>/categoryId#_0
<org.mybatis.jpetstore.service.CatalogService: org.mybatis.jpetstore.domain.Product getProduct(java.lang.String)>/@parameter0	<org.mybatis.jpetstore.service.CatalogService: org.mybatis.jpetstore.domain.Product getProduct(java.lang.String)>/productId#_0
<org.mybatis.jpetstore.service.CatalogService: java.util.List getProductListByCategory(java.lang.String)>/@parameter0	<org.mybatis.jpetstore.service.CatalogService: java.util.List getProductListByCategory(java.lang.String)>/categoryId#_0
<org.mybatis.jpetstore.service.CatalogService: java.util.List searchProductList(java.lang.String)>/@parameter0	<org.mybatis.jpetstore.service.CatalogService: java.util.List searchProductList(java.lang.String)>/keywords#_0
<org.mybatis.jpetstore.service.CatalogService: java.util.List getItemListByProduct(java.lang.String)>/@parameter0	<org.mybatis.jpetstore.service.CatalogService: java.util.List getItemListByProduct(java.lang.String)>/productId#_0
<org.mybatis.jpetstore.service.CatalogService: org.mybatis.jpetstore.domain.Item getItem(java.lang.String)>/@parameter0	<org.mybatis.jpetstore.service.CatalogService: org.mybatis.jpetstore.domain.Item getItem(java.lang.String)>/itemId#_0
<org.mybatis.jpetstore.service.CatalogService: boolean isItemInStock(java.lang.String)>/@parameter0	<org.mybatis.jpetstore.service.CatalogService: boolean isItemInStock(java.lang.String)>/itemId#_0
<org.mybatis.jpetstore.web.actions.AccountActionBean: void setUsername(java.lang.String)>/@parameter0	<org.mybatis.jpetstore.web.actions.AccountActionBean: void setUsername(java.lang.String)>/username#_0
<org.mybatis.jpetstore.web.actions.AccountActionBean: void setPassword(java.lang.String)>/@parameter0	<org.mybatis.jpetstore.web.actions.AccountActionBean: void setPassword(java.lang.String)>/password#_0
<org.mybatis.jpetstore.web.actions.CatalogActionBean: void setKeyword(java.lang.String)>/@parameter0	<org.mybatis.jpetstore.web.actions.CatalogActionBean: void setKeyword(java.lang.String)>/keyword#_0
<org.mybatis.jpetstore.web.actions.CatalogActionBean: void setCategoryId(java.lang.String)>/@parameter0	<org.mybatis.jpetstore.web.actions.CatalogActionBean: void setCategoryId(java.lang.String)>/categoryId#_0
<org.mybatis.jpetstore.web.actions.CatalogActionBean: void setProductId(java.lang.String)>/@parameter0	<org.mybatis.jpetstore.web.actions.CatalogActionBean: void setProductId(java.lang.String)>/productId#_0
<org.mybatis.jpetstore.web.actions.CatalogActionBean: void setItemId(java.lang.String)>/@parameter0	<org.mybatis.jpetstore.web.actions.CatalogActionBean: void setItemId(java.lang.String)>/itemId#_0
<org.mybatis.jpetstore.web.actions.CatalogActionBean: void setCategory(org.mybatis.jpetstore.domain.Category)>/@parameter0	<org.mybatis.jpetstore.web.actions.CatalogActionBean: void setCategory(org.mybatis.jpetstore.domain.Category)>/category#_0
<org.mybatis.jpetstore.web.actions.CatalogActionBean: void setProduct(org.mybatis.jpetstore.domain.Product)>/@parameter0	<org.mybatis.jpetstore.web.actions.CatalogActionBean: void setProduct(org.mybatis.jpetstore.domain.Product)>/product#_0
<org.mybatis.jpetstore.web.actions.CatalogActionBean: void setItem(org.mybatis.jpetstore.domain.Item)>/@parameter0	<org.mybatis.jpetstore.web.actions.CatalogActionBean: void setItem(org.mybatis.jpetstore.domain.Item)>/item#_0
<org.mybatis.jpetstore.web.actions.AbstractActionBean: void setMessage(java.lang.String)>/@parameter0	<org.mybatis.jpetstore.web.actions.AbstractActionBean: void setMessage(java.lang.String)>/value#_0
<org.mybatis.jpetstore.service.OrderService: void <init>(org.mybatis.jpetstore.mapper.ItemMapper,org.mybatis.jpetstore.mapper.OrderMapper,org.mybatis.jpetstore.mapper.SequenceMapper,org.mybatis.jpetstore.mapper.LineItemMapper)>/@parameter0	<org.mybatis.jpetstore.service.OrderService: void <init>(org.mybatis.jpetstore.mapper.ItemMapper,org.mybatis.jpetstore.mapper.OrderMapper,org.mybatis.jpetstore.mapper.SequenceMapper,org.mybatis.jpetstore.mapper.LineItemMapper)>/itemMapper#_0
<org.mybatis.jpetstore.service.OrderService: void <init>(org.mybatis.jpetstore.mapper.ItemMapper,org.mybatis.jpetstore.mapper.OrderMapper,org.mybatis.jpetstore.mapper.SequenceMapper,org.mybatis.jpetstore.mapper.LineItemMapper)>/@parameter1	<org.mybatis.jpetstore.service.OrderService: void <init>(org.mybatis.jpetstore.mapper.ItemMapper,org.mybatis.jpetstore.mapper.OrderMapper,org.mybatis.jpetstore.mapper.SequenceMapper,org.mybatis.jpetstore.mapper.LineItemMapper)>/orderMapper#_0
<org.mybatis.jpetstore.service.OrderService: void <init>(org.mybatis.jpetstore.mapper.ItemMapper,org.mybatis.jpetstore.mapper.OrderMapper,org.mybatis.jpetstore.mapper.SequenceMapper,org.mybatis.jpetstore.mapper.LineItemMapper)>/@parameter2	<org.mybatis.jpetstore.service.OrderService: void <init>(org.mybatis.jpetstore.mapper.ItemMapper,org.mybatis.jpetstore.mapper.OrderMapper,org.mybatis.jpetstore.mapper.SequenceMapper,org.mybatis.jpetstore.mapper.LineItemMapper)>/sequenceMapper#_0
<org.mybatis.jpetstore.service.OrderService: void <init>(org.mybatis.jpetstore.mapper.ItemMapper,org.mybatis.jpetstore.mapper.OrderMapper,org.mybatis.jpetstore.mapper.SequenceMapper,org.mybatis.jpetstore.mapper.LineItemMapper)>/@parameter3	<org.mybatis.jpetstore.service.OrderService: void <init>(org.mybatis.jpetstore.mapper.ItemMapper,org.mybatis.jpetstore.mapper.OrderMapper,org.mybatis.jpetstore.mapper.SequenceMapper,org.mybatis.jpetstore.mapper.LineItemMapper)>/lineItemMapper#_0
<org.mybatis.jpetstore.service.OrderService: void insertOrder(org.mybatis.jpetstore.domain.Order)>/@parameter0	<org.mybatis.jpetstore.service.OrderService: void insertOrder(org.mybatis.jpetstore.domain.Order)>/order#_0
<org.mybatis.jpetstore.service.OrderService: java.util.List getOrdersByUsername(java.lang.String)>/@parameter0	<org.mybatis.jpetstore.service.OrderService: java.util.List getOrdersByUsername(java.lang.String)>/username#_0
<org.mybatis.jpetstore.service.OrderService: int getNextId(java.lang.String)>/@parameter0	<org.mybatis.jpetstore.service.OrderService: int getNextId(java.lang.String)>/name#_0
<org.mybatis.jpetstore.service.OrderService: void lambda$getOrder$2(org.mybatis.jpetstore.domain.LineItem)>/@parameter0	<org.mybatis.jpetstore.service.OrderService: void lambda$getOrder$2(org.mybatis.jpetstore.domain.LineItem)>/lineItem#_0
<org.mybatis.jpetstore.service.OrderService: void lambda$insertOrder$1(org.mybatis.jpetstore.domain.Order,org.mybatis.jpetstore.domain.LineItem)>/@parameter0	<org.mybatis.jpetstore.service.OrderService: void lambda$insertOrder$1(org.mybatis.jpetstore.domain.Order,org.mybatis.jpetstore.domain.LineItem)>/order#_0
<org.mybatis.jpetstore.service.OrderService: void lambda$insertOrder$1(org.mybatis.jpetstore.domain.Order,org.mybatis.jpetstore.domain.LineItem)>/@parameter1	<org.mybatis.jpetstore.service.OrderService: void lambda$insertOrder$1(org.mybatis.jpetstore.domain.Order,org.mybatis.jpetstore.domain.LineItem)>/lineItem#_0
<org.mybatis.jpetstore.service.OrderService: void lambda$insertOrder$0(org.mybatis.jpetstore.domain.LineItem)>/@parameter0	<org.mybatis.jpetstore.service.OrderService: void lambda$insertOrder$0(org.mybatis.jpetstore.domain.LineItem)>/lineItem#_0
<org.mybatis.jpetstore.domain.Sequence: void <init>(java.lang.String,int)>/@parameter0	<org.mybatis.jpetstore.domain.Sequence: void <init>(java.lang.String,int)>/name#_0
<org.mybatis.jpetstore.domain.Sequence: void setName(java.lang.String)>/@parameter0	<org.mybatis.jpetstore.domain.Sequence: void setName(java.lang.String)>/name#_0
<org.mybatis.jpetstore.domain.Product: void setProductId(java.lang.String)>/@parameter0	<org.mybatis.jpetstore.domain.Product: void setProductId(java.lang.String)>/productId#_0
<org.mybatis.jpetstore.domain.Product: void setCategoryId(java.lang.String)>/@parameter0	<org.mybatis.jpetstore.domain.Product: void setCategoryId(java.lang.String)>/categoryId#_0
<org.mybatis.jpetstore.domain.Product: void setName(java.lang.String)>/@parameter0	<org.mybatis.jpetstore.domain.Product: void setName(java.lang.String)>/name#_0
<org.mybatis.jpetstore.domain.Product: void setDescription(java.lang.String)>/@parameter0	<org.mybatis.jpetstore.domain.Product: void setDescription(java.lang.String)>/description#_0
<org.mybatis.jpetstore.domain.Item: void setItemId(java.lang.String)>/@parameter0	<org.mybatis.jpetstore.domain.Item: void setItemId(java.lang.String)>/itemId#_0
<org.mybatis.jpetstore.domain.Item: void setProduct(org.mybatis.jpetstore.domain.Product)>/@parameter0	<org.mybatis.jpetstore.domain.Item: void setProduct(org.mybatis.jpetstore.domain.Product)>/product#_0
<org.mybatis.jpetstore.domain.Item: void setStatus(java.lang.String)>/@parameter0	<org.mybatis.jpetstore.domain.Item: void setStatus(java.lang.String)>/status#_0
<org.mybatis.jpetstore.domain.Item: void setAttribute1(java.lang.String)>/@parameter0	<org.mybatis.jpetstore.domain.Item: void setAttribute1(java.lang.String)>/attribute1#_0
<org.mybatis.jpetstore.domain.Item: void setAttribute2(java.lang.String)>/@parameter0	<org.mybatis.jpetstore.domain.Item: void setAttribute2(java.lang.String)>/attribute2#_0
<org.mybatis.jpetstore.domain.Item: void setAttribute3(java.lang.String)>/@parameter0	<org.mybatis.jpetstore.domain.Item: void setAttribute3(java.lang.String)>/attribute3#_0
<org.mybatis.jpetstore.domain.Item: void setAttribute4(java.lang.String)>/@parameter0	<org.mybatis.jpetstore.domain.Item: void setAttribute4(java.lang.String)>/attribute4#_0
<org.mybatis.jpetstore.domain.Item: void setAttribute5(java.lang.String)>/@parameter0	<org.mybatis.jpetstore.domain.Item: void setAttribute5(java.lang.String)>/attribute5#_0
<org.mybatis.jpetstore.domain.Order: void setUsername(java.lang.String)>/@parameter0	<org.mybatis.jpetstore.domain.Order: void setUsername(java.lang.String)>/username#_0
<org.mybatis.jpetstore.domain.Order: void setShipAddress1(java.lang.String)>/@parameter0	<org.mybatis.jpetstore.domain.Order: void setShipAddress1(java.lang.String)>/shipAddress1#_0
<org.mybatis.jpetstore.domain.Order: void setShipAddress2(java.lang.String)>/@parameter0	<org.mybatis.jpetstore.domain.Order: void setShipAddress2(java.lang.String)>/shipAddress2#_0
<org.mybatis.jpetstore.domain.Order: void setShipCity(java.lang.String)>/@parameter0	<org.mybatis.jpetstore.domain.Order: void setShipCity(java.lang.String)>/shipCity#_0
<org.mybatis.jpetstore.domain.Order: void setShipState(java.lang.String)>/@parameter0	<org.mybatis.jpetstore.domain.Order: void setShipState(java.lang.String)>/shipState#_0
<org.mybatis.jpetstore.domain.Order: void setShipZip(java.lang.String)>/@parameter0	<org.mybatis.jpetstore.domain.Order: void setShipZip(java.lang.String)>/shipZip#_0
<org.mybatis.jpetstore.domain.Order: void setShipCountry(java.lang.String)>/@parameter0	<org.mybatis.jpetstore.domain.Order: void setShipCountry(java.lang.String)>/shipCountry#_0
<org.mybatis.jpetstore.domain.Order: void setBillAddress1(java.lang.String)>/@parameter0	<org.mybatis.jpetstore.domain.Order: void setBillAddress1(java.lang.String)>/billAddress1#_0
<org.mybatis.jpetstore.domain.Order: void setBillAddress2(java.lang.String)>/@parameter0	<org.mybatis.jpetstore.domain.Order: void setBillAddress2(java.lang.String)>/billAddress2#_0
<org.mybatis.jpetstore.domain.Order: void setBillCity(java.lang.String)>/@parameter0	<org.mybatis.jpetstore.domain.Order: void setBillCity(java.lang.String)>/billCity#_0
<org.mybatis.jpetstore.domain.Order: void setBillState(java.lang.String)>/@parameter0	<org.mybatis.jpetstore.domain.Order: void setBillState(java.lang.String)>/billState#_0
<org.mybatis.jpetstore.domain.Order: void setBillZip(java.lang.String)>/@parameter0	<org.mybatis.jpetstore.domain.Order: void setBillZip(java.lang.String)>/billZip#_0
<org.mybatis.jpetstore.domain.Order: void setBillCountry(java.lang.String)>/@parameter0	<org.mybatis.jpetstore.domain.Order: void setBillCountry(java.lang.String)>/billCountry#_0
<org.mybatis.jpetstore.domain.Order: void setCourier(java.lang.String)>/@parameter0	<org.mybatis.jpetstore.domain.Order: void setCourier(java.lang.String)>/courier#_0
<org.mybatis.jpetstore.domain.Order: void setBillToFirstName(java.lang.String)>/@parameter0	<org.mybatis.jpetstore.domain.Order: void setBillToFirstName(java.lang.String)>/billToFirstName#_0
<org.mybatis.jpetstore.domain.Order: void setBillToLastName(java.lang.String)>/@parameter0	<org.mybatis.jpetstore.domain.Order: void setBillToLastName(java.lang.String)>/billToLastName#_0
<org.mybatis.jpetstore.domain.Order: void setShipToFirstName(java.lang.String)>/@parameter0	<org.mybatis.jpetstore.domain.Order: void setShipToFirstName(java.lang.String)>/shipFoFirstName#_0
<org.mybatis.jpetstore.domain.Order: void setShipToLastName(java.lang.String)>/@parameter0	<org.mybatis.jpetstore.domain.Order: void setShipToLastName(java.lang.String)>/shipToLastName#_0
<org.mybatis.jpetstore.domain.Order: void setCreditCard(java.lang.String)>/@parameter0	<org.mybatis.jpetstore.domain.Order: void setCreditCard(java.lang.String)>/creditCard#_0
<org.mybatis.jpetstore.domain.Order: void setExpiryDate(java.lang.String)>/@parameter0	<org.mybatis.jpetstore.domain.Order: void setExpiryDate(java.lang.String)>/expiryDate#_0
<org.mybatis.jpetstore.domain.Order: void setCardType(java.lang.String)>/@parameter0	<org.mybatis.jpetstore.domain.Order: void setCardType(java.lang.String)>/cardType#_0
<org.mybatis.jpetstore.domain.Order: void setLocale(java.lang.String)>/@parameter0	<org.mybatis.jpetstore.domain.Order: void setLocale(java.lang.String)>/locale#_0
<org.mybatis.jpetstore.domain.Order: void setStatus(java.lang.String)>/@parameter0	<org.mybatis.jpetstore.domain.Order: void setStatus(java.lang.String)>/status#_0
<org.mybatis.jpetstore.domain.Order: void initOrder(org.mybatis.jpetstore.domain.Account,org.mybatis.jpetstore.domain.Cart)>/@parameter0	<org.mybatis.jpetstore.domain.Order: void initOrder(org.mybatis.jpetstore.domain.Account,org.mybatis.jpetstore.domain.Cart)>/account#_0
<org.mybatis.jpetstore.domain.Order: void initOrder(org.mybatis.jpetstore.domain.Account,org.mybatis.jpetstore.domain.Cart)>/@parameter1	<org.mybatis.jpetstore.domain.Order: void initOrder(org.mybatis.jpetstore.domain.Account,org.mybatis.jpetstore.domain.Cart)>/cart#_0
<org.mybatis.jpetstore.domain.Order: void addLineItem(org.mybatis.jpetstore.domain.CartItem)>/@parameter0	<org.mybatis.jpetstore.domain.Order: void addLineItem(org.mybatis.jpetstore.domain.CartItem)>/cartItem#_0
<org.mybatis.jpetstore.domain.Order: void addLineItem(org.mybatis.jpetstore.domain.LineItem)>/@parameter0	<org.mybatis.jpetstore.domain.Order: void addLineItem(org.mybatis.jpetstore.domain.LineItem)>/lineItem#_0
<org.mybatis.jpetstore.service.AccountService: void <init>(org.mybatis.jpetstore.mapper.AccountMapper)>/@parameter0	<org.mybatis.jpetstore.service.AccountService: void <init>(org.mybatis.jpetstore.mapper.AccountMapper)>/accountMapper#_0
<org.mybatis.jpetstore.service.AccountService: org.mybatis.jpetstore.domain.Account getAccount(java.lang.String)>/@parameter0	<org.mybatis.jpetstore.service.AccountService: org.mybatis.jpetstore.domain.Account getAccount(java.lang.String)>/username#_0
<org.mybatis.jpetstore.service.AccountService: org.mybatis.jpetstore.domain.Account getAccount(java.lang.String,java.lang.String)>/@parameter0	<org.mybatis.jpetstore.service.AccountService: org.mybatis.jpetstore.domain.Account getAccount(java.lang.String,java.lang.String)>/username#_0
<org.mybatis.jpetstore.service.AccountService: org.mybatis.jpetstore.domain.Account getAccount(java.lang.String,java.lang.String)>/@parameter1	<org.mybatis.jpetstore.service.AccountService: org.mybatis.jpetstore.domain.Account getAccount(java.lang.String,java.lang.String)>/password#_0
<org.mybatis.jpetstore.service.AccountService: void insertAccount(org.mybatis.jpetstore.domain.Account)>/@parameter0	<org.mybatis.jpetstore.service.AccountService: void insertAccount(org.mybatis.jpetstore.domain.Account)>/account#_0
<org.mybatis.jpetstore.service.AccountService: void updateAccount(org.mybatis.jpetstore.domain.Account)>/@parameter0	<org.mybatis.jpetstore.service.AccountService: void updateAccount(org.mybatis.jpetstore.domain.Account)>/account#_0
<org.mybatis.jpetstore.service.AccountService: void lambda$updateAccount$1(org.mybatis.jpetstore.domain.Account,java.lang.String)>/@parameter0	<org.mybatis.jpetstore.service.AccountService: void lambda$updateAccount$1(org.mybatis.jpetstore.domain.Account,java.lang.String)>/account#_0
<org.mybatis.jpetstore.service.AccountService: void lambda$updateAccount$1(org.mybatis.jpetstore.domain.Account,java.lang.String)>/@parameter1	<org.mybatis.jpetstore.service.AccountService: void lambda$updateAccount$1(org.mybatis.jpetstore.domain.Account,java.lang.String)>/password#_0
<org.mybatis.jpetstore.service.AccountService: boolean lambda$updateAccount$0(java.lang.String)>/@parameter0	<org.mybatis.jpetstore.service.AccountService: boolean lambda$updateAccount$0(java.lang.String)>/password#_0
<org.mybatis.jpetstore.domain.LineItem: void <init>(int,org.mybatis.jpetstore.domain.CartItem)>/@parameter1	<org.mybatis.jpetstore.domain.LineItem: void <init>(int,org.mybatis.jpetstore.domain.CartItem)>/cartItem#_0
<org.mybatis.jpetstore.domain.LineItem: void setItemId(java.lang.String)>/@parameter0	<org.mybatis.jpetstore.domain.LineItem: void setItemId(java.lang.String)>/itemId#_0
<org.mybatis.jpetstore.domain.LineItem: void setItem(org.mybatis.jpetstore.domain.Item)>/@parameter0	<org.mybatis.jpetstore.domain.LineItem: void setItem(org.mybatis.jpetstore.domain.Item)>/item#_0
<org.mybatis.jpetstore.domain.Cart: boolean containsItemId(java.lang.String)>/@parameter0	<org.mybatis.jpetstore.domain.Cart: boolean containsItemId(java.lang.String)>/itemId#_0
<org.mybatis.jpetstore.domain.Cart: void addItem(org.mybatis.jpetstore.domain.Item,boolean)>/@parameter0	<org.mybatis.jpetstore.domain.CartItem: void setItem(org.mybatis.jpetstore.domain.Item)>/@parameter0
<org.mybatis.jpetstore.domain.Cart: void addItem(org.mybatis.jpetstore.domain.Item,boolean)>/@parameter0	<org.mybatis.jpetstore.domain.Cart: void addItem(org.mybatis.jpetstore.domain.Item,boolean)>/item#_0
<org.mybatis.jpetstore.domain.Cart: void addItem(org.mybatis.jpetstore.domain.Item,boolean)>/@parameter0	<org.mybatis.jpetstore.domain.CartItem: void setItem(org.mybatis.jpetstore.domain.Item)>/item#_0
<org.mybatis.jpetstore.domain.Cart: org.mybatis.jpetstore.domain.Item removeItemById(java.lang.String)>/@parameter0	<org.mybatis.jpetstore.domain.Cart: org.mybatis.jpetstore.domain.Item removeItemById(java.lang.String)>/itemId#_0
<org.mybatis.jpetstore.domain.Cart: void incrementQuantityByItemId(java.lang.String)>/@parameter0	<org.mybatis.jpetstore.domain.Cart: void incrementQuantityByItemId(java.lang.String)>/itemId#_0
<org.mybatis.jpetstore.domain.Cart: void setQuantityByItemId(java.lang.String,int)>/@parameter0	<org.mybatis.jpetstore.domain.Cart: void setQuantityByItemId(java.lang.String,int)>/itemId#_0
<org.mybatis.jpetstore.domain.Cart: java.math.BigDecimal lambda$getSubTotal$0(org.mybatis.jpetstore.domain.CartItem)>/@parameter0	<org.mybatis.jpetstore.domain.Cart: java.math.BigDecimal lambda$getSubTotal$0(org.mybatis.jpetstore.domain.CartItem)>/cartItem#_0
<org.mybatis.jpetstore.domain.CartItem: void setItem(org.mybatis.jpetstore.domain.Item)>/@parameter0	<org.mybatis.jpetstore.domain.CartItem: void setItem(org.mybatis.jpetstore.domain.Item)>/item#_0
<org.mybatis.jpetstore.domain.Account: void setUsername(java.lang.String)>/@parameter0	<org.mybatis.jpetstore.domain.Account: void setUsername(java.lang.String)>/username#_0
<org.mybatis.jpetstore.domain.Account: void setPassword(java.lang.String)>/@parameter0	<org.mybatis.jpetstore.domain.Account: void setPassword(java.lang.String)>/password#_0
<org.mybatis.jpetstore.domain.Account: void setEmail(java.lang.String)>/@parameter0	<org.mybatis.jpetstore.domain.Account: void setEmail(java.lang.String)>/email#_0
<org.mybatis.jpetstore.domain.Account: void setFirstName(java.lang.String)>/@parameter0	<org.mybatis.jpetstore.domain.Account: void setFirstName(java.lang.String)>/firstName#_0
<org.mybatis.jpetstore.domain.Account: void setLastName(java.lang.String)>/@parameter0	<org.mybatis.jpetstore.domain.Account: void setLastName(java.lang.String)>/lastName#_0
<org.mybatis.jpetstore.domain.Account: void setStatus(java.lang.String)>/@parameter0	<org.mybatis.jpetstore.domain.Account: void setStatus(java.lang.String)>/status#_0
<org.mybatis.jpetstore.domain.Account: void setAddress1(java.lang.String)>/@parameter0	<org.mybatis.jpetstore.domain.Account: void setAddress1(java.lang.String)>/address1#_0
<org.mybatis.jpetstore.domain.Account: void setAddress2(java.lang.String)>/@parameter0	<org.mybatis.jpetstore.domain.Account: void setAddress2(java.lang.String)>/address2#_0
<org.mybatis.jpetstore.domain.Account: void setCity(java.lang.String)>/@parameter0	<org.mybatis.jpetstore.domain.Account: void setCity(java.lang.String)>/city#_0
<org.mybatis.jpetstore.domain.Account: void setState(java.lang.String)>/@parameter0	<org.mybatis.jpetstore.domain.Account: void setState(java.lang.String)>/state#_0
<org.mybatis.jpetstore.domain.Account: void setZip(java.lang.String)>/@parameter0	<org.mybatis.jpetstore.domain.Account: void setZip(java.lang.String)>/zip#_0
<org.mybatis.jpetstore.domain.Account: void setCountry(java.lang.String)>/@parameter0	<org.mybatis.jpetstore.domain.Account: void setCountry(java.lang.String)>/country#_0
<org.mybatis.jpetstore.domain.Account: void setPhone(java.lang.String)>/@parameter0	<org.mybatis.jpetstore.domain.Account: void setPhone(java.lang.String)>/phone#_0
<org.mybatis.jpetstore.domain.Account: void setFavouriteCategoryId(java.lang.String)>/@parameter0	<org.mybatis.jpetstore.domain.Account: void setFavouriteCategoryId(java.lang.String)>/favouriteCategoryId#_0
<org.mybatis.jpetstore.domain.Account: void setLanguagePreference(java.lang.String)>/@parameter0	<org.mybatis.jpetstore.domain.Account: void setLanguagePreference(java.lang.String)>/languagePreference#_0
<org.mybatis.jpetstore.domain.Account: void setBannerName(java.lang.String)>/@parameter0	<org.mybatis.jpetstore.domain.Account: void setBannerName(java.lang.String)>/bannerName#_0
<org.mybatis.jpetstore.web.actions.OrderActionBean: void setOrder(org.mybatis.jpetstore.domain.Order)>/@parameter0	<org.mybatis.jpetstore.web.actions.OrderActionBean: void setOrder(org.mybatis.jpetstore.domain.Order)>/order#_0
<org.mybatis.jpetstore.domain.Category: void setCategoryId(java.lang.String)>/@parameter0	<org.mybatis.jpetstore.domain.Category: void setCategoryId(java.lang.String)>/categoryId#_0
<org.mybatis.jpetstore.domain.Category: void setName(java.lang.String)>/@parameter0	<org.mybatis.jpetstore.domain.Category: void setName(java.lang.String)>/name#_0
<org.mybatis.jpetstore.domain.Category: void setDescription(java.lang.String)>/@parameter0	<org.mybatis.jpetstore.domain.Category: void setDescription(java.lang.String)>/description#_0
<org.mybatis.jpetstore.web.actions.CartActionBean: void setCart(org.mybatis.jpetstore.domain.Cart)>/@parameter0	<org.mybatis.jpetstore.web.actions.CartActionBean: void setCart(org.mybatis.jpetstore.domain.Cart)>/cart#_0
<org.mybatis.jpetstore.web.actions.CartActionBean: void setWorkingItemId(java.lang.String)>/@parameter0	<org.mybatis.jpetstore.web.actions.CartActionBean: void setWorkingItemId(java.lang.String)>/workingItemId#_0
<org.mybatis.jpetstore.service.CatalogService: void <init>(org.mybatis.jpetstore.mapper.CategoryMapper,org.mybatis.jpetstore.mapper.ItemMapper,org.mybatis.jpetstore.mapper.ProductMapper)>/@this	<org.mybatis.jpetstore.service.CatalogService: void <init>(org.mybatis.jpetstore.mapper.CategoryMapper,org.mybatis.jpetstore.mapper.ItemMapper,org.mybatis.jpetstore.mapper.ProductMapper)>/this#_0
<org.mybatis.jpetstore.service.CatalogService: java.util.List getCategoryList()>/@this	<org.mybatis.jpetstore.service.CatalogService: java.util.List getCategoryList()>/this#_0
<org.mybatis.jpetstore.service.CatalogService: org.mybatis.jpetstore.domain.Category getCategory(java.lang.String)>/@this	<org.mybatis.jpetstore.service.CatalogService: org.mybatis.jpetstore.domain.Category getCategory(java.lang.String)>/this#_0
<org.mybatis.jpetstore.service.CatalogService: org.mybatis.jpetstore.domain.Product getProduct(java.lang.String)>/@this	<org.mybatis.jpetstore.service.CatalogService: org.mybatis.jpetstore.domain.Product getProduct(java.lang.String)>/this#_0
<org.mybatis.jpetstore.service.CatalogService: java.util.List getProductListByCategory(java.lang.String)>/@this	<org.mybatis.jpetstore.service.CatalogService: java.util.List getProductListByCategory(java.lang.String)>/this#_0
<org.mybatis.jpetstore.service.CatalogService: java.util.List searchProductList(java.lang.String)>/@this	<org.mybatis.jpetstore.service.CatalogService: java.util.List searchProductList(java.lang.String)>/this#_0
<org.mybatis.jpetstore.service.CatalogService: java.util.List getItemListByProduct(java.lang.String)>/@this	<org.mybatis.jpetstore.service.CatalogService: java.util.List getItemListByProduct(java.lang.String)>/this#_0
<org.mybatis.jpetstore.service.CatalogService: org.mybatis.jpetstore.domain.Item getItem(java.lang.String)>/@this	<org.mybatis.jpetstore.service.CatalogService: org.mybatis.jpetstore.domain.Item getItem(java.lang.String)>/this#_0
<org.mybatis.jpetstore.service.CatalogService: boolean isItemInStock(java.lang.String)>/@this	<org.mybatis.jpetstore.service.CatalogService: boolean isItemInStock(java.lang.String)>/this#_0
<org.mybatis.jpetstore.web.actions.AccountActionBean: void <init>()>/@this	<org.mybatis.jpetstore.web.actions.AccountActionBean: void <init>()>/this#_0
<org.mybatis.jpetstore.web.actions.AccountActionBean: org.mybatis.jpetstore.domain.Account getAccount()>/@this	<org.mybatis.jpetstore.web.actions.AccountActionBean: org.mybatis.jpetstore.domain.Account getAccount()>/this#_0
<org.mybatis.jpetstore.web.actions.AccountActionBean: java.lang.String getUsername()>/@this	<org.mybatis.jpetstore.web.actions.AccountActionBean: java.lang.String getUsername()>/this#_0
<org.mybatis.jpetstore.web.actions.AccountActionBean: void setUsername(java.lang.String)>/@this	<org.mybatis.jpetstore.web.actions.AccountActionBean: void setUsername(java.lang.String)>/this#_0
<org.mybatis.jpetstore.web.actions.AccountActionBean: java.lang.String getPassword()>/@this	<org.mybatis.jpetstore.web.actions.AccountActionBean: java.lang.String getPassword()>/this#_0
<org.mybatis.jpetstore.web.actions.AccountActionBean: void setPassword(java.lang.String)>/@this	<org.mybatis.jpetstore.web.actions.AccountActionBean: void setPassword(java.lang.String)>/this#_0
<org.mybatis.jpetstore.web.actions.AccountActionBean: java.util.List getMyList()>/@this	<org.mybatis.jpetstore.web.actions.AccountActionBean: java.util.List getMyList()>/this#_0
<org.mybatis.jpetstore.web.actions.AccountActionBean: void setMyList(java.util.List)>/@this	<org.mybatis.jpetstore.web.actions.AccountActionBean: void setMyList(java.util.List)>/this#_0
<org.mybatis.jpetstore.web.actions.AccountActionBean: java.util.List getLanguages()>/@this	<org.mybatis.jpetstore.web.actions.AccountActionBean: java.util.List getLanguages()>/this#_0
<org.mybatis.jpetstore.web.actions.AccountActionBean: java.util.List getCategories()>/@this	<org.mybatis.jpetstore.web.actions.AccountActionBean: java.util.List getCategories()>/this#_0
<org.mybatis.jpetstore.web.actions.AccountActionBean: net.sourceforge.stripes.action.Resolution newAccountForm()>/@this	<org.mybatis.jpetstore.web.actions.AccountActionBean: net.sourceforge.stripes.action.Resolution newAccountForm()>/this#_0
<org.mybatis.jpetstore.web.actions.AccountActionBean: net.sourceforge.stripes.action.Resolution newAccount()>/@this	<org.mybatis.jpetstore.web.actions.AccountActionBean: net.sourceforge.stripes.action.Resolution newAccount()>/this#_0
<org.mybatis.jpetstore.web.actions.AccountActionBean: net.sourceforge.stripes.action.Resolution newAccount()>/$stack6	<org.mybatis.jpetstore.web.actions.AccountActionBean: net.sourceforge.stripes.action.Resolution newAccount()>/$stack1
<org.mybatis.jpetstore.web.actions.AccountActionBean: net.sourceforge.stripes.action.Resolution newAccount()>/$stack6	<org.mybatis.jpetstore.web.actions.AccountActionBean: net.sourceforge.stripes.action.Resolution newAccount()>/$stack3
<org.mybatis.jpetstore.web.actions.AccountActionBean: net.sourceforge.stripes.action.Resolution newAccount()>/$stack6	<org.mybatis.jpetstore.web.actions.AccountActionBean: net.sourceforge.stripes.action.Resolution newAccount()>/$stack7
<org.mybatis.jpetstore.web.actions.AccountActionBean: net.sourceforge.stripes.action.Resolution editAccountForm()>/@this	<org.mybatis.jpetstore.web.actions.AccountActionBean: net.sourceforge.stripes.action.Resolution editAccountForm()>/this#_0
<org.mybatis.jpetstore.web.actions.AccountActionBean: net.sourceforge.stripes.action.Resolution editAccount()>/@this	<org.mybatis.jpetstore.web.actions.AccountActionBean: net.sourceforge.stripes.action.Resolution editAccount()>/this#_0
<org.mybatis.jpetstore.web.actions.AccountActionBean: net.sourceforge.stripes.action.Resolution editAccount()>/$stack6	<org.mybatis.jpetstore.web.actions.AccountActionBean: net.sourceforge.stripes.action.Resolution editAccount()>/$stack1
<org.mybatis.jpetstore.web.actions.AccountActionBean: net.sourceforge.stripes.action.Resolution editAccount()>/$stack6	<org.mybatis.jpetstore.web.actions.AccountActionBean: net.sourceforge.stripes.action.Resolution editAccount()>/$stack3
<org.mybatis.jpetstore.web.actions.AccountActionBean: net.sourceforge.stripes.action.Resolution editAccount()>/$stack6	<org.mybatis.jpetstore.web.actions.AccountActionBean: net.sourceforge.stripes.action.Resolution editAccount()>/$stack7
<org.mybatis.jpetstore.web.actions.AccountActionBean: net.sourceforge.stripes.action.Resolution signonForm()>/@this	<org.mybatis.jpetstore.web.actions.AccountActionBean: net.sourceforge.stripes.action.Resolution signonForm()>/this#_0
<org.mybatis.jpetstore.web.actions.AccountActionBean: net.sourceforge.stripes.action.Resolution signon()>/@this	<org.mybatis.jpetstore.web.actions.AccountActionBean: net.sourceforge.stripes.action.Resolution signon()>/this#_0
<org.mybatis.jpetstore.web.actions.AccountActionBean: net.sourceforge.stripes.action.Resolution signon()>/$stack5	<org.mybatis.jpetstore.web.actions.AccountActionBean: net.sourceforge.stripes.action.Resolution signon()>/$stack6
<org.mybatis.jpetstore.web.actions.AccountActionBean: net.sourceforge.stripes.action.Resolution signon()>/$stack5	<org.mybatis.jpetstore.web.actions.AccountActionBean: net.sourceforge.stripes.action.Resolution signon()>/$stack7
<org.mybatis.jpetstore.web.actions.AccountActionBean: net.sourceforge.stripes.action.Resolution signon()>/$stack5	<org.mybatis.jpetstore.web.actions.AccountActionBean: net.sourceforge.stripes.action.Resolution signon()>/$stack8
<org.mybatis.jpetstore.web.actions.AccountActionBean: net.sourceforge.stripes.action.Resolution signoff()>/@this	<org.mybatis.jpetstore.web.actions.AccountActionBean: net.sourceforge.stripes.action.Resolution signoff()>/this#_0
<org.mybatis.jpetstore.web.actions.AccountActionBean: boolean isAuthenticated()>/@this	<org.mybatis.jpetstore.web.actions.AccountActionBean: boolean isAuthenticated()>/this#_0
<org.mybatis.jpetstore.web.actions.AccountActionBean: void clear()>/@this	<org.mybatis.jpetstore.web.actions.AccountActionBean: void clear()>/this#_0
<org.mybatis.jpetstore.web.actions.CatalogActionBean: void <init>()>/@this	<org.mybatis.jpetstore.web.actions.CatalogActionBean: void <init>()>/this#_0
<org.mybatis.jpetstore.web.actions.CatalogActionBean: java.lang.String getKeyword()>/@this	<org.mybatis.jpetstore.web.actions.CatalogActionBean: java.lang.String getKeyword()>/this#_0
<org.mybatis.jpetstore.web.actions.CatalogActionBean: void setKeyword(java.lang.String)>/@this	<org.mybatis.jpetstore.web.actions.CatalogActionBean: void setKeyword(java.lang.String)>/this#_0
<org.mybatis.jpetstore.web.actions.CatalogActionBean: java.lang.String getCategoryId()>/@this	<org.mybatis.jpetstore.web.actions.CatalogActionBean: java.lang.String getCategoryId()>/this#_0
<org.mybatis.jpetstore.web.actions.CatalogActionBean: void setCategoryId(java.lang.String)>/@this	<org.mybatis.jpetstore.web.actions.CatalogActionBean: void setCategoryId(java.lang.String)>/this#_0
<org.mybatis.jpetstore.web.actions.CatalogActionBean: java.lang.String getProductId()>/@this	<org.mybatis.jpetstore.web.actions.CatalogActionBean: java.lang.String getProductId()>/this#_0
<org.mybatis.jpetstore.web.actions.CatalogActionBean: void setProductId(java.lang.String)>/@this	<org.mybatis.jpetstore.web.actions.CatalogActionBean: void setProductId(java.lang.String)>/this#_0
<org.mybatis.jpetstore.web.actions.CatalogActionBean: java.lang.String getItemId()>/@this	<org.mybatis.jpetstore.web.actions.CatalogActionBean: java.lang.String getItemId()>/this#_0
<org.mybatis.jpetstore.web.actions.CatalogActionBean: void setItemId(java.lang.String)>/@this	<org.mybatis.jpetstore.web.actions.CatalogActionBean: void setItemId(java.lang.String)>/this#_0
<org.mybatis.jpetstore.web.actions.CatalogActionBean: org.mybatis.jpetstore.domain.Category getCategory()>/@this	<org.mybatis.jpetstore.web.actions.CatalogActionBean: org.mybatis.jpetstore.domain.Category getCategory()>/this#_0
<org.mybatis.jpetstore.web.actions.CatalogActionBean: void setCategory(org.mybatis.jpetstore.domain.Category)>/@this	<org.mybatis.jpetstore.web.actions.CatalogActionBean: void setCategory(org.mybatis.jpetstore.domain.Category)>/this#_0
<org.mybatis.jpetstore.web.actions.CatalogActionBean: org.mybatis.jpetstore.domain.Product getProduct()>/@this	<org.mybatis.jpetstore.web.actions.CatalogActionBean: org.mybatis.jpetstore.domain.Product getProduct()>/this#_0
<org.mybatis.jpetstore.web.actions.CatalogActionBean: void setProduct(org.mybatis.jpetstore.domain.Product)>/@this	<org.mybatis.jpetstore.web.actions.CatalogActionBean: void setProduct(org.mybatis.jpetstore.domain.Product)>/this#_0
<org.mybatis.jpetstore.web.actions.CatalogActionBean: org.mybatis.jpetstore.domain.Item getItem()>/@this	<org.mybatis.jpetstore.web.actions.CatalogActionBean: org.mybatis.jpetstore.domain.Item getItem()>/this#_0
<org.mybatis.jpetstore.web.actions.CatalogActionBean: void setItem(org.mybatis.jpetstore.domain.Item)>/@this	<org.mybatis.jpetstore.web.actions.CatalogActionBean: void setItem(org.mybatis.jpetstore.domain.Item)>/this#_0
<org.mybatis.jpetstore.web.actions.CatalogActionBean: java.util.List getCategoryList()>/@this	<org.mybatis.jpetstore.web.actions.CatalogActionBean: java.util.List getCategoryList()>/this#_0
<org.mybatis.jpetstore.web.actions.CatalogActionBean: void setCategoryList(java.util.List)>/@this	<org.mybatis.jpetstore.web.actions.CatalogActionBean: void setCategoryList(java.util.List)>/this#_0
<org.mybatis.jpetstore.web.actions.CatalogActionBean: java.util.List getProductList()>/@this	<org.mybatis.jpetstore.web.actions.CatalogActionBean: java.util.List getProductList()>/this#_0
<org.mybatis.jpetstore.web.actions.CatalogActionBean: void setProductList(java.util.List)>/@this	<org.mybatis.jpetstore.web.actions.CatalogActionBean: void setProductList(java.util.List)>/this#_0
<org.mybatis.jpetstore.web.actions.CatalogActionBean: java.util.List getItemList()>/@this	<org.mybatis.jpetstore.web.actions.CatalogActionBean: java.util.List getItemList()>/this#_0
<org.mybatis.jpetstore.web.actions.CatalogActionBean: void setItemList(java.util.List)>/@this	<org.mybatis.jpetstore.web.actions.CatalogActionBean: void setItemList(java.util.List)>/this#_0
<org.mybatis.jpetstore.web.actions.CatalogActionBean: net.sourceforge.stripes.action.ForwardResolution viewMain()>/@this	<org.mybatis.jpetstore.web.actions.CatalogActionBean: net.sourceforge.stripes.action.ForwardResolution viewMain()>/this#_0
<org.mybatis.jpetstore.web.actions.CatalogActionBean: net.sourceforge.stripes.action.ForwardResolution viewCategory()>/@this	<org.mybatis.jpetstore.web.actions.CatalogActionBean: net.sourceforge.stripes.action.ForwardResolution viewCategory()>/this#_0
<org.mybatis.jpetstore.web.actions.CatalogActionBean: net.sourceforge.stripes.action.ForwardResolution viewProduct()>/@this	<org.mybatis.jpetstore.web.actions.CatalogActionBean: net.sourceforge.stripes.action.ForwardResolution viewProduct()>/this#_0
<org.mybatis.jpetstore.web.actions.CatalogActionBean: net.sourceforge.stripes.action.ForwardResolution viewItem()>/@this	<org.mybatis.jpetstore.web.actions.CatalogActionBean: net.sourceforge.stripes.action.ForwardResolution viewItem()>/this#_0
<org.mybatis.jpetstore.web.actions.CatalogActionBean: net.sourceforge.stripes.action.ForwardResolution viewItem()>/$stack3	<org.mybatis.jpetstore.web.actions.CatalogActionBean: net.sourceforge.stripes.action.ForwardResolution viewItem()>/$stack4
<org.mybatis.jpetstore.web.actions.CatalogActionBean: net.sourceforge.stripes.action.ForwardResolution searchProducts()>/@this	<org.mybatis.jpetstore.web.actions.CatalogActionBean: net.sourceforge.stripes.action.ForwardResolution searchProducts()>/this#_0
<org.mybatis.jpetstore.web.actions.CatalogActionBean: void clear()>/@this	<org.mybatis.jpetstore.web.actions.CatalogActionBean: void clear()>/this#_0
<org.mybatis.jpetstore.web.actions.AbstractActionBean: void <init>()>/@this	<org.mybatis.jpetstore.web.actions.AbstractActionBean: void <init>()>/this#_0
<org.mybatis.jpetstore.web.actions.AbstractActionBean: void setMessage(java.lang.String)>/@this	<org.mybatis.jpetstore.web.actions.AbstractActionBean: void setMessage(java.lang.String)>/this#_0
<org.mybatis.jpetstore.web.actions.AbstractActionBean: net.sourceforge.stripes.action.ActionBeanContext getContext()>/@this	<org.mybatis.jpetstore.web.actions.AbstractActionBean: net.sourceforge.stripes.action.ActionBeanContext getContext()>/this#_0
<org.mybatis.jpetstore.web.actions.AbstractActionBean: void setContext(net.sourceforge.stripes.action.ActionBeanContext)>/@this	<org.mybatis.jpetstore.web.actions.AbstractActionBean: void setContext(net.sourceforge.stripes.action.ActionBeanContext)>/this#_0
<org.mybatis.jpetstore.service.OrderService: void <init>(org.mybatis.jpetstore.mapper.ItemMapper,org.mybatis.jpetstore.mapper.OrderMapper,org.mybatis.jpetstore.mapper.SequenceMapper,org.mybatis.jpetstore.mapper.LineItemMapper)>/@this	<org.mybatis.jpetstore.service.OrderService: void <init>(org.mybatis.jpetstore.mapper.ItemMapper,org.mybatis.jpetstore.mapper.OrderMapper,org.mybatis.jpetstore.mapper.SequenceMapper,org.mybatis.jpetstore.mapper.LineItemMapper)>/this#_0
<org.mybatis.jpetstore.service.OrderService: void insertOrder(org.mybatis.jpetstore.domain.Order)>/@this	<org.mybatis.jpetstore.service.OrderService: void insertOrder(org.mybatis.jpetstore.domain.Order)>/this#_0
<org.mybatis.jpetstore.service.OrderService: org.mybatis.jpetstore.domain.Order getOrder(int)>/@this	<org.mybatis.jpetstore.service.OrderService: org.mybatis.jpetstore.domain.Order getOrder(int)>/this#_0
<org.mybatis.jpetstore.service.OrderService: java.util.List getOrdersByUsername(java.lang.String)>/@this	<org.mybatis.jpetstore.service.OrderService: java.util.List getOrdersByUsername(java.lang.String)>/this#_0
<org.mybatis.jpetstore.service.OrderService: int getNextId(java.lang.String)>/@this	<org.mybatis.jpetstore.service.OrderService: int getNextId(java.lang.String)>/this#_0
<org.mybatis.jpetstore.service.OrderService: int getNextId(java.lang.String)>/$stack7	<org.mybatis.jpetstore.service.OrderService: int getNextId(java.lang.String)>/parameterObject#_127
<org.mybatis.jpetstore.service.OrderService: void lambda$getOrder$2(org.mybatis.jpetstore.domain.LineItem)>/@this	<org.mybatis.jpetstore.service.OrderService: void lambda$getOrder$2(org.mybatis.jpetstore.domain.LineItem)>/this#_0
<org.mybatis.jpetstore.service.OrderService: void lambda$insertOrder$1(org.mybatis.jpetstore.domain.Order,org.mybatis.jpetstore.domain.LineItem)>/@this	<org.mybatis.jpetstore.service.OrderService: void lambda$insertOrder$1(org.mybatis.jpetstore.domain.Order,org.mybatis.jpetstore.domain.LineItem)>/this#_0
<org.mybatis.jpetstore.service.OrderService: void lambda$insertOrder$0(org.mybatis.jpetstore.domain.LineItem)>/@this	<org.mybatis.jpetstore.service.OrderService: void lambda$insertOrder$0(org.mybatis.jpetstore.domain.LineItem)>/this#_0
<org.mybatis.jpetstore.domain.Sequence: void <init>()>/@this	<org.mybatis.jpetstore.domain.Sequence: void <init>()>/this#_0
<org.mybatis.jpetstore.domain.Sequence: void <init>(java.lang.String,int)>/@this	<org.mybatis.jpetstore.domain.Sequence: void <init>(java.lang.String,int)>/this#_0
<org.mybatis.jpetstore.domain.Sequence: java.lang.String getName()>/@this	<org.mybatis.jpetstore.domain.Sequence: java.lang.String getName()>/this#_0
<org.mybatis.jpetstore.domain.Sequence: void setName(java.lang.String)>/@this	<org.mybatis.jpetstore.domain.Sequence: void setName(java.lang.String)>/this#_0
<org.mybatis.jpetstore.domain.Sequence: int getNextId()>/@this	<org.mybatis.jpetstore.domain.Sequence: int getNextId()>/this#_0
<org.mybatis.jpetstore.domain.Sequence: void setNextId(int)>/@this	<org.mybatis.jpetstore.domain.Sequence: void setNextId(int)>/this#_0
<org.mybatis.jpetstore.domain.Product: void <init>()>/@this	<org.mybatis.jpetstore.domain.Product: void <init>()>/this#_0
<org.mybatis.jpetstore.domain.Product: java.lang.String getProductId()>/@this	<org.mybatis.jpetstore.domain.Product: java.lang.String getProductId()>/this#_0
<org.mybatis.jpetstore.domain.Product: void setProductId(java.lang.String)>/@this	<org.mybatis.jpetstore.domain.Product: void setProductId(java.lang.String)>/this#_0
<org.mybatis.jpetstore.domain.Product: java.lang.String getCategoryId()>/@this	<org.mybatis.jpetstore.domain.Product: java.lang.String getCategoryId()>/this#_0
<org.mybatis.jpetstore.domain.Product: void setCategoryId(java.lang.String)>/@this	<org.mybatis.jpetstore.domain.Product: void setCategoryId(java.lang.String)>/this#_0
<org.mybatis.jpetstore.domain.Product: java.lang.String getName()>/@this	<org.mybatis.jpetstore.domain.Product: java.lang.String getName()>/this#_0
<org.mybatis.jpetstore.domain.Product: void setName(java.lang.String)>/@this	<org.mybatis.jpetstore.domain.Product: void setName(java.lang.String)>/this#_0
<org.mybatis.jpetstore.domain.Product: java.lang.String getDescription()>/@this	<org.mybatis.jpetstore.domain.Product: java.lang.String getDescription()>/this#_0
<org.mybatis.jpetstore.domain.Product: void setDescription(java.lang.String)>/@this	<org.mybatis.jpetstore.domain.Product: void setDescription(java.lang.String)>/this#_0
<org.mybatis.jpetstore.domain.Product: java.lang.String toString()>/@this	<org.mybatis.jpetstore.domain.Product: java.lang.String toString()>/this#_0
<org.mybatis.jpetstore.domain.Item: void <init>()>/@this	<org.mybatis.jpetstore.domain.Item: void <init>()>/this#_0
<org.mybatis.jpetstore.domain.Item: java.lang.String getItemId()>/@this	<org.mybatis.jpetstore.domain.Item: java.lang.String getItemId()>/this#_0
<org.mybatis.jpetstore.domain.Item: void setItemId(java.lang.String)>/@this	<org.mybatis.jpetstore.domain.Item: void setItemId(java.lang.String)>/this#_0
<org.mybatis.jpetstore.domain.Item: int getQuantity()>/@this	<org.mybatis.jpetstore.domain.Item: int getQuantity()>/this#_0
<org.mybatis.jpetstore.domain.Item: void setQuantity(int)>/@this	<org.mybatis.jpetstore.domain.Item: void setQuantity(int)>/this#_0
<org.mybatis.jpetstore.domain.Item: org.mybatis.jpetstore.domain.Product getProduct()>/@this	<org.mybatis.jpetstore.domain.Item: org.mybatis.jpetstore.domain.Product getProduct()>/this#_0
<org.mybatis.jpetstore.domain.Item: void setProduct(org.mybatis.jpetstore.domain.Product)>/@this	<org.mybatis.jpetstore.domain.Item: void setProduct(org.mybatis.jpetstore.domain.Product)>/this#_0
<org.mybatis.jpetstore.domain.Item: int getSupplierId()>/@this	<org.mybatis.jpetstore.domain.Item: int getSupplierId()>/this#_0
<org.mybatis.jpetstore.domain.Item: void setSupplierId(int)>/@this	<org.mybatis.jpetstore.domain.Item: void setSupplierId(int)>/this#_0
<org.mybatis.jpetstore.domain.Item: java.math.BigDecimal getListPrice()>/@this	<org.mybatis.jpetstore.domain.Item: java.math.BigDecimal getListPrice()>/this#_0
<org.mybatis.jpetstore.domain.Item: void setListPrice(java.math.BigDecimal)>/@this	<org.mybatis.jpetstore.domain.Item: void setListPrice(java.math.BigDecimal)>/this#_0
<org.mybatis.jpetstore.domain.Item: java.math.BigDecimal getUnitCost()>/@this	<org.mybatis.jpetstore.domain.Item: java.math.BigDecimal getUnitCost()>/this#_0
<org.mybatis.jpetstore.domain.Item: void setUnitCost(java.math.BigDecimal)>/@this	<org.mybatis.jpetstore.domain.Item: void setUnitCost(java.math.BigDecimal)>/this#_0
<org.mybatis.jpetstore.domain.Item: java.lang.String getStatus()>/@this	<org.mybatis.jpetstore.domain.Item: java.lang.String getStatus()>/this#_0
<org.mybatis.jpetstore.domain.Item: void setStatus(java.lang.String)>/@this	<org.mybatis.jpetstore.domain.Item: void setStatus(java.lang.String)>/this#_0
<org.mybatis.jpetstore.domain.Item: java.lang.String getAttribute1()>/@this	<org.mybatis.jpetstore.domain.Item: java.lang.String getAttribute1()>/this#_0
<org.mybatis.jpetstore.domain.Item: void setAttribute1(java.lang.String)>/@this	<org.mybatis.jpetstore.domain.Item: void setAttribute1(java.lang.String)>/this#_0
<org.mybatis.jpetstore.domain.Item: java.lang.String getAttribute2()>/@this	<org.mybatis.jpetstore.domain.Item: java.lang.String getAttribute2()>/this#_0
<org.mybatis.jpetstore.domain.Item: void setAttribute2(java.lang.String)>/@this	<org.mybatis.jpetstore.domain.Item: void setAttribute2(java.lang.String)>/this#_0
<org.mybatis.jpetstore.domain.Item: java.lang.String getAttribute3()>/@this	<org.mybatis.jpetstore.domain.Item: java.lang.String getAttribute3()>/this#_0
<org.mybatis.jpetstore.domain.Item: void setAttribute3(java.lang.String)>/@this	<org.mybatis.jpetstore.domain.Item: void setAttribute3(java.lang.String)>/this#_0
<org.mybatis.jpetstore.domain.Item: java.lang.String getAttribute4()>/@this	<org.mybatis.jpetstore.domain.Item: java.lang.String getAttribute4()>/this#_0
<org.mybatis.jpetstore.domain.Item: void setAttribute4(java.lang.String)>/@this	<org.mybatis.jpetstore.domain.Item: void setAttribute4(java.lang.String)>/this#_0
<org.mybatis.jpetstore.domain.Item: java.lang.String getAttribute5()>/@this	<org.mybatis.jpetstore.domain.Item: java.lang.String getAttribute5()>/this#_0
<org.mybatis.jpetstore.domain.Item: void setAttribute5(java.lang.String)>/@this	<org.mybatis.jpetstore.domain.Item: void setAttribute5(java.lang.String)>/this#_0
<org.mybatis.jpetstore.domain.Item: java.lang.String toString()>/@this	<org.mybatis.jpetstore.domain.Item: java.lang.String toString()>/this#_0
<org.mybatis.jpetstore.domain.Order: void <init>()>/@this	<org.mybatis.jpetstore.domain.Order: void <init>()>/this#_0
<org.mybatis.jpetstore.domain.Order: int getOrderId()>/@this	<org.mybatis.jpetstore.domain.Order: int getOrderId()>/this#_0
<org.mybatis.jpetstore.domain.Order: void setOrderId(int)>/@this	<org.mybatis.jpetstore.domain.Order: void setOrderId(int)>/this#_0
<org.mybatis.jpetstore.domain.Order: java.lang.String getUsername()>/@this	<org.mybatis.jpetstore.domain.Order: java.lang.String getUsername()>/this#_0
<org.mybatis.jpetstore.domain.Order: void setUsername(java.lang.String)>/@this	<org.mybatis.jpetstore.domain.Order: void setUsername(java.lang.String)>/this#_0
<org.mybatis.jpetstore.domain.Order: java.util.Date getOrderDate()>/@this	<org.mybatis.jpetstore.domain.Order: java.util.Date getOrderDate()>/this#_0
<org.mybatis.jpetstore.domain.Order: void setOrderDate(java.util.Date)>/@this	<org.mybatis.jpetstore.domain.Order: void setOrderDate(java.util.Date)>/this#_0
<org.mybatis.jpetstore.domain.Order: java.lang.String getShipAddress1()>/@this	<org.mybatis.jpetstore.domain.Order: java.lang.String getShipAddress1()>/this#_0
<org.mybatis.jpetstore.domain.Order: void setShipAddress1(java.lang.String)>/@this	<org.mybatis.jpetstore.domain.Order: void setShipAddress1(java.lang.String)>/this#_0
<org.mybatis.jpetstore.domain.Order: java.lang.String getShipAddress2()>/@this	<org.mybatis.jpetstore.domain.Order: java.lang.String getShipAddress2()>/this#_0
<org.mybatis.jpetstore.domain.Order: void setShipAddress2(java.lang.String)>/@this	<org.mybatis.jpetstore.domain.Order: void setShipAddress2(java.lang.String)>/this#_0
<org.mybatis.jpetstore.domain.Order: java.lang.String getShipCity()>/@this	<org.mybatis.jpetstore.domain.Order: java.lang.String getShipCity()>/this#_0
<org.mybatis.jpetstore.domain.Order: void setShipCity(java.lang.String)>/@this	<org.mybatis.jpetstore.domain.Order: void setShipCity(java.lang.String)>/this#_0
<org.mybatis.jpetstore.domain.Order: java.lang.String getShipState()>/@this	<org.mybatis.jpetstore.domain.Order: java.lang.String getShipState()>/this#_0
<org.mybatis.jpetstore.domain.Order: void setShipState(java.lang.String)>/@this	<org.mybatis.jpetstore.domain.Order: void setShipState(java.lang.String)>/this#_0
<org.mybatis.jpetstore.domain.Order: java.lang.String getShipZip()>/@this	<org.mybatis.jpetstore.domain.Order: java.lang.String getShipZip()>/this#_0
<org.mybatis.jpetstore.domain.Order: void setShipZip(java.lang.String)>/@this	<org.mybatis.jpetstore.domain.Order: void setShipZip(java.lang.String)>/this#_0
<org.mybatis.jpetstore.domain.Order: java.lang.String getShipCountry()>/@this	<org.mybatis.jpetstore.domain.Order: java.lang.String getShipCountry()>/this#_0
<org.mybatis.jpetstore.domain.Order: void setShipCountry(java.lang.String)>/@this	<org.mybatis.jpetstore.domain.Order: void setShipCountry(java.lang.String)>/this#_0
<org.mybatis.jpetstore.domain.Order: java.lang.String getBillAddress1()>/@this	<org.mybatis.jpetstore.domain.Order: java.lang.String getBillAddress1()>/this#_0
<org.mybatis.jpetstore.domain.Order: void setBillAddress1(java.lang.String)>/@this	<org.mybatis.jpetstore.domain.Order: void setBillAddress1(java.lang.String)>/this#_0
<org.mybatis.jpetstore.domain.Order: java.lang.String getBillAddress2()>/@this	<org.mybatis.jpetstore.domain.Order: java.lang.String getBillAddress2()>/this#_0
<org.mybatis.jpetstore.domain.Order: void setBillAddress2(java.lang.String)>/@this	<org.mybatis.jpetstore.domain.Order: void setBillAddress2(java.lang.String)>/this#_0
<org.mybatis.jpetstore.domain.Order: java.lang.String getBillCity()>/@this	<org.mybatis.jpetstore.domain.Order: java.lang.String getBillCity()>/this#_0
<org.mybatis.jpetstore.domain.Order: void setBillCity(java.lang.String)>/@this	<org.mybatis.jpetstore.domain.Order: void setBillCity(java.lang.String)>/this#_0
<org.mybatis.jpetstore.domain.Order: java.lang.String getBillState()>/@this	<org.mybatis.jpetstore.domain.Order: java.lang.String getBillState()>/this#_0
<org.mybatis.jpetstore.domain.Order: void setBillState(java.lang.String)>/@this	<org.mybatis.jpetstore.domain.Order: void setBillState(java.lang.String)>/this#_0
<org.mybatis.jpetstore.domain.Order: java.lang.String getBillZip()>/@this	<org.mybatis.jpetstore.domain.Order: java.lang.String getBillZip()>/this#_0
<org.mybatis.jpetstore.domain.Order: void setBillZip(java.lang.String)>/@this	<org.mybatis.jpetstore.domain.Order: void setBillZip(java.lang.String)>/this#_0
<org.mybatis.jpetstore.domain.Order: java.lang.String getBillCountry()>/@this	<org.mybatis.jpetstore.domain.Order: java.lang.String getBillCountry()>/this#_0
<org.mybatis.jpetstore.domain.Order: void setBillCountry(java.lang.String)>/@this	<org.mybatis.jpetstore.domain.Order: void setBillCountry(java.lang.String)>/this#_0
<org.mybatis.jpetstore.domain.Order: java.lang.String getCourier()>/@this	<org.mybatis.jpetstore.domain.Order: java.lang.String getCourier()>/this#_0
<org.mybatis.jpetstore.domain.Order: void setCourier(java.lang.String)>/@this	<org.mybatis.jpetstore.domain.Order: void setCourier(java.lang.String)>/this#_0
<org.mybatis.jpetstore.domain.Order: java.math.BigDecimal getTotalPrice()>/@this	<org.mybatis.jpetstore.domain.Order: java.math.BigDecimal getTotalPrice()>/this#_0
<org.mybatis.jpetstore.domain.Order: void setTotalPrice(java.math.BigDecimal)>/@this	<org.mybatis.jpetstore.domain.Order: void setTotalPrice(java.math.BigDecimal)>/this#_0
<org.mybatis.jpetstore.domain.Order: java.lang.String getBillToFirstName()>/@this	<org.mybatis.jpetstore.domain.Order: java.lang.String getBillToFirstName()>/this#_0
<org.mybatis.jpetstore.domain.Order: void setBillToFirstName(java.lang.String)>/@this	<org.mybatis.jpetstore.domain.Order: void setBillToFirstName(java.lang.String)>/this#_0
<org.mybatis.jpetstore.domain.Order: java.lang.String getBillToLastName()>/@this	<org.mybatis.jpetstore.domain.Order: java.lang.String getBillToLastName()>/this#_0
<org.mybatis.jpetstore.domain.Order: void setBillToLastName(java.lang.String)>/@this	<org.mybatis.jpetstore.domain.Order: void setBillToLastName(java.lang.String)>/this#_0
<org.mybatis.jpetstore.domain.Order: java.lang.String getShipToFirstName()>/@this	<org.mybatis.jpetstore.domain.Order: java.lang.String getShipToFirstName()>/this#_0
<org.mybatis.jpetstore.domain.Order: void setShipToFirstName(java.lang.String)>/@this	<org.mybatis.jpetstore.domain.Order: void setShipToFirstName(java.lang.String)>/this#_0
<org.mybatis.jpetstore.domain.Order: java.lang.String getShipToLastName()>/@this	<org.mybatis.jpetstore.domain.Order: java.lang.String getShipToLastName()>/this#_0
<org.mybatis.jpetstore.domain.Order: void setShipToLastName(java.lang.String)>/@this	<org.mybatis.jpetstore.domain.Order: void setShipToLastName(java.lang.String)>/this#_0
<org.mybatis.jpetstore.domain.Order: java.lang.String getCreditCard()>/@this	<org.mybatis.jpetstore.domain.Order: java.lang.String getCreditCard()>/this#_0
<org.mybatis.jpetstore.domain.Order: void setCreditCard(java.lang.String)>/@this	<org.mybatis.jpetstore.domain.Order: void setCreditCard(java.lang.String)>/this#_0
<org.mybatis.jpetstore.domain.Order: java.lang.String getExpiryDate()>/@this	<org.mybatis.jpetstore.domain.Order: java.lang.String getExpiryDate()>/this#_0
<org.mybatis.jpetstore.domain.Order: void setExpiryDate(java.lang.String)>/@this	<org.mybatis.jpetstore.domain.Order: void setExpiryDate(java.lang.String)>/this#_0
<org.mybatis.jpetstore.domain.Order: java.lang.String getCardType()>/@this	<org.mybatis.jpetstore.domain.Order: java.lang.String getCardType()>/this#_0
<org.mybatis.jpetstore.domain.Order: void setCardType(java.lang.String)>/@this	<org.mybatis.jpetstore.domain.Order: void setCardType(java.lang.String)>/this#_0
<org.mybatis.jpetstore.domain.Order: java.lang.String getLocale()>/@this	<org.mybatis.jpetstore.domain.Order: java.lang.String getLocale()>/this#_0
<org.mybatis.jpetstore.domain.Order: void setLocale(java.lang.String)>/@this	<org.mybatis.jpetstore.domain.Order: void setLocale(java.lang.String)>/this#_0
<org.mybatis.jpetstore.domain.Order: java.lang.String getStatus()>/@this	<org.mybatis.jpetstore.domain.Order: java.lang.String getStatus()>/this#_0
<org.mybatis.jpetstore.domain.Order: void setStatus(java.lang.String)>/@this	<org.mybatis.jpetstore.domain.Order: void setStatus(java.lang.String)>/this#_0
<org.mybatis.jpetstore.domain.Order: void setLineItems(java.util.List)>/@this	<org.mybatis.jpetstore.domain.Order: void setLineItems(java.util.List)>/this#_0
<org.mybatis.jpetstore.domain.Order: java.util.List getLineItems()>/@this	<org.mybatis.jpetstore.domain.Order: java.util.List getLineItems()>/this#_0
<org.mybatis.jpetstore.domain.Order: void initOrder(org.mybatis.jpetstore.domain.Account,org.mybatis.jpetstore.domain.Cart)>/@this	<org.mybatis.jpetstore.domain.Order: void initOrder(org.mybatis.jpetstore.domain.Account,org.mybatis.jpetstore.domain.Cart)>/this#_0
<org.mybatis.jpetstore.domain.Order: void initOrder(org.mybatis.jpetstore.domain.Account,org.mybatis.jpetstore.domain.Cart)>/$stack26	<org.mybatis.jpetstore.domain.Order: void initOrder(org.mybatis.jpetstore.domain.Account,org.mybatis.jpetstore.domain.Cart)>/cartItem#_320
<org.mybatis.jpetstore.domain.Order: void addLineItem(org.mybatis.jpetstore.domain.CartItem)>/@this	<org.mybatis.jpetstore.domain.Order: void addLineItem(org.mybatis.jpetstore.domain.CartItem)>/this#_0
<org.mybatis.jpetstore.domain.Order: void addLineItem(org.mybatis.jpetstore.domain.CartItem)>/$stack3	<org.mybatis.jpetstore.domain.Order: void addLineItem(org.mybatis.jpetstore.domain.CartItem)>/lineItem#_327
<org.mybatis.jpetstore.domain.Order: void addLineItem(org.mybatis.jpetstore.domain.LineItem)>/@this	<org.mybatis.jpetstore.domain.Order: void addLineItem(org.mybatis.jpetstore.domain.LineItem)>/this#_0
<org.mybatis.jpetstore.service.AccountService: void <init>(org.mybatis.jpetstore.mapper.AccountMapper)>/@this	<org.mybatis.jpetstore.service.AccountService: void <init>(org.mybatis.jpetstore.mapper.AccountMapper)>/this#_0
<org.mybatis.jpetstore.service.AccountService: org.mybatis.jpetstore.domain.Account getAccount(java.lang.String)>/@this	<org.mybatis.jpetstore.service.AccountService: org.mybatis.jpetstore.domain.Account getAccount(java.lang.String)>/this#_0
<org.mybatis.jpetstore.service.AccountService: org.mybatis.jpetstore.domain.Account getAccount(java.lang.String,java.lang.String)>/@this	<org.mybatis.jpetstore.service.AccountService: org.mybatis.jpetstore.domain.Account getAccount(java.lang.String,java.lang.String)>/this#_0
<org.mybatis.jpetstore.service.AccountService: void insertAccount(org.mybatis.jpetstore.domain.Account)>/@this	<org.mybatis.jpetstore.service.AccountService: void insertAccount(org.mybatis.jpetstore.domain.Account)>/this#_0
<org.mybatis.jpetstore.service.AccountService: void updateAccount(org.mybatis.jpetstore.domain.Account)>/@this	<org.mybatis.jpetstore.service.AccountService: void updateAccount(org.mybatis.jpetstore.domain.Account)>/this#_0
<org.mybatis.jpetstore.service.AccountService: void lambda$updateAccount$1(org.mybatis.jpetstore.domain.Account,java.lang.String)>/@this	<org.mybatis.jpetstore.service.AccountService: void lambda$updateAccount$1(org.mybatis.jpetstore.domain.Account,java.lang.String)>/this#_0
<org.mybatis.jpetstore.domain.LineItem: void <init>()>/@this	<org.mybatis.jpetstore.domain.LineItem: void <init>()>/this#_0
<org.mybatis.jpetstore.domain.LineItem: void <init>(int,org.mybatis.jpetstore.domain.CartItem)>/@this	<org.mybatis.jpetstore.domain.LineItem: void <init>(int,org.mybatis.jpetstore.domain.CartItem)>/this#_0
<org.mybatis.jpetstore.domain.LineItem: int getOrderId()>/@this	<org.mybatis.jpetstore.domain.LineItem: int getOrderId()>/this#_0
<org.mybatis.jpetstore.domain.LineItem: void setOrderId(int)>/@this	<org.mybatis.jpetstore.domain.LineItem: void setOrderId(int)>/this#_0
<org.mybatis.jpetstore.domain.LineItem: int getLineNumber()>/@this	<org.mybatis.jpetstore.domain.LineItem: int getLineNumber()>/this#_0
<org.mybatis.jpetstore.domain.LineItem: void setLineNumber(int)>/@this	<org.mybatis.jpetstore.domain.LineItem: void setLineNumber(int)>/this#_0
<org.mybatis.jpetstore.domain.LineItem: java.lang.String getItemId()>/@this	<org.mybatis.jpetstore.domain.LineItem: java.lang.String getItemId()>/this#_0
<org.mybatis.jpetstore.domain.LineItem: void setItemId(java.lang.String)>/@this	<org.mybatis.jpetstore.domain.LineItem: void setItemId(java.lang.String)>/this#_0
<org.mybatis.jpetstore.domain.LineItem: java.math.BigDecimal getUnitPrice()>/@this	<org.mybatis.jpetstore.domain.LineItem: java.math.BigDecimal getUnitPrice()>/this#_0
<org.mybatis.jpetstore.domain.LineItem: void setUnitPrice(java.math.BigDecimal)>/@this	<org.mybatis.jpetstore.domain.LineItem: void setUnitPrice(java.math.BigDecimal)>/this#_0
<org.mybatis.jpetstore.domain.LineItem: java.math.BigDecimal getTotal()>/@this	<org.mybatis.jpetstore.domain.LineItem: java.math.BigDecimal getTotal()>/this#_0
<org.mybatis.jpetstore.domain.LineItem: org.mybatis.jpetstore.domain.Item getItem()>/@this	<org.mybatis.jpetstore.domain.LineItem: org.mybatis.jpetstore.domain.Item getItem()>/this#_0
<org.mybatis.jpetstore.domain.LineItem: void setItem(org.mybatis.jpetstore.domain.Item)>/@this	<org.mybatis.jpetstore.domain.LineItem: void setItem(org.mybatis.jpetstore.domain.Item)>/this#_0
<org.mybatis.jpetstore.domain.LineItem: int getQuantity()>/@this	<org.mybatis.jpetstore.domain.LineItem: int getQuantity()>/this#_0
<org.mybatis.jpetstore.domain.LineItem: void setQuantity(int)>/@this	<org.mybatis.jpetstore.domain.LineItem: void setQuantity(int)>/this#_0
<org.mybatis.jpetstore.domain.LineItem: void calculateTotal()>/@this	<org.mybatis.jpetstore.domain.LineItem: void calculateTotal()>/this#_0
<org.mybatis.jpetstore.domain.LineItem: java.math.BigDecimal lambda$calculateTotal$0(java.math.BigDecimal)>/@this	<org.mybatis.jpetstore.domain.LineItem: java.math.BigDecimal lambda$calculateTotal$0(java.math.BigDecimal)>/this#_0
<org.mybatis.jpetstore.domain.Cart: void <init>()>/@this	<org.mybatis.jpetstore.domain.Cart: void <init>()>/this#_0
<org.mybatis.jpetstore.domain.Cart: java.util.Iterator getCartItems()>/@this	<org.mybatis.jpetstore.domain.Cart: java.util.Iterator getCartItems()>/this#_0
<org.mybatis.jpetstore.domain.Cart: java.util.List getCartItemList()>/@this	<org.mybatis.jpetstore.domain.Cart: java.util.List getCartItemList()>/this#_0
<org.mybatis.jpetstore.domain.Cart: int getNumberOfItems()>/@this	<org.mybatis.jpetstore.domain.Cart: int getNumberOfItems()>/this#_0
<org.mybatis.jpetstore.domain.Cart: java.util.Iterator getAllCartItems()>/@this	<org.mybatis.jpetstore.domain.Cart: java.util.Iterator getAllCartItems()>/this#_0
<org.mybatis.jpetstore.domain.Cart: boolean containsItemId(java.lang.String)>/@this	<org.mybatis.jpetstore.domain.Cart: boolean containsItemId(java.lang.String)>/this#_0
<org.mybatis.jpetstore.domain.Cart: void addItem(org.mybatis.jpetstore.domain.Item,boolean)>/@this	<org.mybatis.jpetstore.domain.Cart: void addItem(org.mybatis.jpetstore.domain.Item,boolean)>/this#_0
<org.mybatis.jpetstore.domain.Cart: void addItem(org.mybatis.jpetstore.domain.Item,boolean)>/item#_0	<org.mybatis.jpetstore.domain.CartItem: void setItem(org.mybatis.jpetstore.domain.Item)>/@parameter0
<org.mybatis.jpetstore.domain.Cart: void addItem(org.mybatis.jpetstore.domain.Item,boolean)>/item#_0	<org.mybatis.jpetstore.domain.CartItem: void setItem(org.mybatis.jpetstore.domain.Item)>/item#_0
<org.mybatis.jpetstore.domain.Cart: void addItem(org.mybatis.jpetstore.domain.Item,boolean)>/$stack6	<org.mybatis.jpetstore.domain.Cart: void addItem(org.mybatis.jpetstore.domain.Item,boolean)>/cartItem#_68
<org.mybatis.jpetstore.domain.Cart: void addItem(org.mybatis.jpetstore.domain.Item,boolean)>/$stack6	<org.mybatis.jpetstore.domain.Cart: void addItem(org.mybatis.jpetstore.domain.Item,boolean)>/cartItem_$$A_2#_76
<org.mybatis.jpetstore.domain.Cart: void addItem(org.mybatis.jpetstore.domain.Item,boolean)>/$stack7	<org.mybatis.jpetstore.domain.Cart: void addItem(org.mybatis.jpetstore.domain.Item,boolean)>/cartItem_$$A_1#_70
<org.mybatis.jpetstore.domain.Cart: void addItem(org.mybatis.jpetstore.domain.Item,boolean)>/$stack7	<org.mybatis.jpetstore.domain.Cart: void addItem(org.mybatis.jpetstore.domain.Item,boolean)>/cartItem_$$A_2#_76
<org.mybatis.jpetstore.domain.Cart: void addItem(org.mybatis.jpetstore.domain.Item,boolean)>/cartItem#_68	<org.mybatis.jpetstore.domain.Cart: void addItem(org.mybatis.jpetstore.domain.Item,boolean)>/cartItem_$$A_2#_76
<org.mybatis.jpetstore.domain.Cart: void addItem(org.mybatis.jpetstore.domain.Item,boolean)>/cartItem_$$A_1#_70	<org.mybatis.jpetstore.domain.Cart: void addItem(org.mybatis.jpetstore.domain.Item,boolean)>/cartItem_$$A_2#_76
<org.mybatis.jpetstore.domain.Cart: org.mybatis.jpetstore.domain.Item removeItemById(java.lang.String)>/@this	<org.mybatis.jpetstore.domain.Cart: org.mybatis.jpetstore.domain.Item removeItemById(java.lang.String)>/this#_0
<org.mybatis.jpetstore.domain.Cart: org.mybatis.jpetstore.domain.Item removeItemById(java.lang.String)>/$stack4	<org.mybatis.jpetstore.domain.Cart: org.mybatis.jpetstore.domain.Item removeItemById(java.lang.String)>/cartItem#_89
<org.mybatis.jpetstore.domain.Cart: void incrementQuantityByItemId(java.lang.String)>/@this	<org.mybatis.jpetstore.domain.Cart: void incrementQuantityByItemId(java.lang.String)>/this#_0
<org.mybatis.jpetstore.domain.Cart: void incrementQuantityByItemId(java.lang.String)>/$stack4	<org.mybatis.jpetstore.domain.Cart: void incrementQuantityByItemId(java.lang.String)>/cartItem#_105
<org.mybatis.jpetstore.domain.Cart: void setQuantityByItemId(java.lang.String,int)>/@this	<org.mybatis.jpetstore.domain.Cart: void setQuantityByItemId(java.lang.String,int)>/this#_0
<org.mybatis.jpetstore.domain.Cart: void setQuantityByItemId(java.lang.String,int)>/$stack5	<org.mybatis.jpetstore.domain.Cart: void setQuantityByItemId(java.lang.String,int)>/cartItem#_110
<org.mybatis.jpetstore.domain.Cart: java.math.BigDecimal getSubTotal()>/@this	<org.mybatis.jpetstore.domain.Cart: java.math.BigDecimal getSubTotal()>/this#_0
<org.mybatis.jpetstore.domain.CartItem: void <init>()>/@this	<org.mybatis.jpetstore.domain.CartItem: void <init>()>/this#_0
<org.mybatis.jpetstore.domain.CartItem: boolean isInStock()>/@this	<org.mybatis.jpetstore.domain.CartItem: boolean isInStock()>/this#_0
<org.mybatis.jpetstore.domain.CartItem: void setInStock(boolean)>/@this	<org.mybatis.jpetstore.domain.CartItem: void setInStock(boolean)>/this#_0
<org.mybatis.jpetstore.domain.CartItem: java.math.BigDecimal getTotal()>/@this	<org.mybatis.jpetstore.domain.CartItem: java.math.BigDecimal getTotal()>/this#_0
<org.mybatis.jpetstore.domain.CartItem: org.mybatis.jpetstore.domain.Item getItem()>/@this	<org.mybatis.jpetstore.domain.CartItem: org.mybatis.jpetstore.domain.Item getItem()>/this#_0
<org.mybatis.jpetstore.domain.CartItem: void setItem(org.mybatis.jpetstore.domain.Item)>/@this	<org.mybatis.jpetstore.domain.CartItem: void setItem(org.mybatis.jpetstore.domain.Item)>/this#_0
<org.mybatis.jpetstore.domain.CartItem: int getQuantity()>/@this	<org.mybatis.jpetstore.domain.CartItem: int getQuantity()>/this#_0
<org.mybatis.jpetstore.domain.CartItem: void setQuantity(int)>/@this	<org.mybatis.jpetstore.domain.CartItem: void setQuantity(int)>/this#_0
<org.mybatis.jpetstore.domain.CartItem: void incrementQuantity()>/@this	<org.mybatis.jpetstore.domain.CartItem: void incrementQuantity()>/this#_0
<org.mybatis.jpetstore.domain.CartItem: void calculateTotal()>/@this	<org.mybatis.jpetstore.domain.CartItem: void calculateTotal()>/this#_0
<org.mybatis.jpetstore.domain.CartItem: java.math.BigDecimal lambda$calculateTotal$0(java.math.BigDecimal)>/@this	<org.mybatis.jpetstore.domain.CartItem: java.math.BigDecimal lambda$calculateTotal$0(java.math.BigDecimal)>/this#_0
<org.mybatis.jpetstore.domain.Account: void <init>()>/@this	<org.mybatis.jpetstore.domain.Account: void <init>()>/this#_0
<org.mybatis.jpetstore.domain.Account: java.lang.String getUsername()>/@this	<org.mybatis.jpetstore.domain.Account: java.lang.String getUsername()>/this#_0
<org.mybatis.jpetstore.domain.Account: void setUsername(java.lang.String)>/@this	<org.mybatis.jpetstore.domain.Account: void setUsername(java.lang.String)>/this#_0
<org.mybatis.jpetstore.domain.Account: java.lang.String getPassword()>/@this	<org.mybatis.jpetstore.domain.Account: java.lang.String getPassword()>/this#_0
<org.mybatis.jpetstore.domain.Account: void setPassword(java.lang.String)>/@this	<org.mybatis.jpetstore.domain.Account: void setPassword(java.lang.String)>/this#_0
<org.mybatis.jpetstore.domain.Account: java.lang.String getEmail()>/@this	<org.mybatis.jpetstore.domain.Account: java.lang.String getEmail()>/this#_0
<org.mybatis.jpetstore.domain.Account: void setEmail(java.lang.String)>/@this	<org.mybatis.jpetstore.domain.Account: void setEmail(java.lang.String)>/this#_0
<org.mybatis.jpetstore.domain.Account: java.lang.String getFirstName()>/@this	<org.mybatis.jpetstore.domain.Account: java.lang.String getFirstName()>/this#_0
<org.mybatis.jpetstore.domain.Account: void setFirstName(java.lang.String)>/@this	<org.mybatis.jpetstore.domain.Account: void setFirstName(java.lang.String)>/this#_0
<org.mybatis.jpetstore.domain.Account: java.lang.String getLastName()>/@this	<org.mybatis.jpetstore.domain.Account: java.lang.String getLastName()>/this#_0
<org.mybatis.jpetstore.domain.Account: void setLastName(java.lang.String)>/@this	<org.mybatis.jpetstore.domain.Account: void setLastName(java.lang.String)>/this#_0
<org.mybatis.jpetstore.domain.Account: java.lang.String getStatus()>/@this	<org.mybatis.jpetstore.domain.Account: java.lang.String getStatus()>/this#_0
<org.mybatis.jpetstore.domain.Account: void setStatus(java.lang.String)>/@this	<org.mybatis.jpetstore.domain.Account: void setStatus(java.lang.String)>/this#_0
<org.mybatis.jpetstore.domain.Account: java.lang.String getAddress1()>/@this	<org.mybatis.jpetstore.domain.Account: java.lang.String getAddress1()>/this#_0
<org.mybatis.jpetstore.domain.Account: void setAddress1(java.lang.String)>/@this	<org.mybatis.jpetstore.domain.Account: void setAddress1(java.lang.String)>/this#_0
<org.mybatis.jpetstore.domain.Account: java.lang.String getAddress2()>/@this	<org.mybatis.jpetstore.domain.Account: java.lang.String getAddress2()>/this#_0
<org.mybatis.jpetstore.domain.Account: void setAddress2(java.lang.String)>/@this	<org.mybatis.jpetstore.domain.Account: void setAddress2(java.lang.String)>/this#_0
<org.mybatis.jpetstore.domain.Account: java.lang.String getCity()>/@this	<org.mybatis.jpetstore.domain.Account: java.lang.String getCity()>/this#_0
<org.mybatis.jpetstore.domain.Account: void setCity(java.lang.String)>/@this	<org.mybatis.jpetstore.domain.Account: void setCity(java.lang.String)>/this#_0
<org.mybatis.jpetstore.domain.Account: java.lang.String getState()>/@this	<org.mybatis.jpetstore.domain.Account: java.lang.String getState()>/this#_0
<org.mybatis.jpetstore.domain.Account: void setState(java.lang.String)>/@this	<org.mybatis.jpetstore.domain.Account: void setState(java.lang.String)>/this#_0
<org.mybatis.jpetstore.domain.Account: java.lang.String getZip()>/@this	<org.mybatis.jpetstore.domain.Account: java.lang.String getZip()>/this#_0
<org.mybatis.jpetstore.domain.Account: void setZip(java.lang.String)>/@this	<org.mybatis.jpetstore.domain.Account: void setZip(java.lang.String)>/this#_0
<org.mybatis.jpetstore.domain.Account: java.lang.String getCountry()>/@this	<org.mybatis.jpetstore.domain.Account: java.lang.String getCountry()>/this#_0
<org.mybatis.jpetstore.domain.Account: void setCountry(java.lang.String)>/@this	<org.mybatis.jpetstore.domain.Account: void setCountry(java.lang.String)>/this#_0
<org.mybatis.jpetstore.domain.Account: java.lang.String getPhone()>/@this	<org.mybatis.jpetstore.domain.Account: java.lang.String getPhone()>/this#_0
<org.mybatis.jpetstore.domain.Account: void setPhone(java.lang.String)>/@this	<org.mybatis.jpetstore.domain.Account: void setPhone(java.lang.String)>/this#_0
<org.mybatis.jpetstore.domain.Account: java.lang.String getFavouriteCategoryId()>/@this	<org.mybatis.jpetstore.domain.Account: java.lang.String getFavouriteCategoryId()>/this#_0
<org.mybatis.jpetstore.domain.Account: void setFavouriteCategoryId(java.lang.String)>/@this	<org.mybatis.jpetstore.domain.Account: void setFavouriteCategoryId(java.lang.String)>/this#_0
<org.mybatis.jpetstore.domain.Account: java.lang.String getLanguagePreference()>/@this	<org.mybatis.jpetstore.domain.Account: java.lang.String getLanguagePreference()>/this#_0
<org.mybatis.jpetstore.domain.Account: void setLanguagePreference(java.lang.String)>/@this	<org.mybatis.jpetstore.domain.Account: void setLanguagePreference(java.lang.String)>/this#_0
<org.mybatis.jpetstore.domain.Account: boolean isListOption()>/@this	<org.mybatis.jpetstore.domain.Account: boolean isListOption()>/this#_0
<org.mybatis.jpetstore.domain.Account: void setListOption(boolean)>/@this	<org.mybatis.jpetstore.domain.Account: void setListOption(boolean)>/this#_0
<org.mybatis.jpetstore.domain.Account: boolean isBannerOption()>/@this	<org.mybatis.jpetstore.domain.Account: boolean isBannerOption()>/this#_0
<org.mybatis.jpetstore.domain.Account: void setBannerOption(boolean)>/@this	<org.mybatis.jpetstore.domain.Account: void setBannerOption(boolean)>/this#_0
<org.mybatis.jpetstore.domain.Account: java.lang.String getBannerName()>/@this	<org.mybatis.jpetstore.domain.Account: java.lang.String getBannerName()>/this#_0
<org.mybatis.jpetstore.domain.Account: void setBannerName(java.lang.String)>/@this	<org.mybatis.jpetstore.domain.Account: void setBannerName(java.lang.String)>/this#_0
<org.mybatis.jpetstore.web.actions.OrderActionBean: void <init>()>/@this	<org.mybatis.jpetstore.web.actions.OrderActionBean: void <init>()>/this#_0
<org.mybatis.jpetstore.web.actions.OrderActionBean: int getOrderId()>/@this	<org.mybatis.jpetstore.web.actions.OrderActionBean: int getOrderId()>/this#_0
<org.mybatis.jpetstore.web.actions.OrderActionBean: void setOrderId(int)>/@this	<org.mybatis.jpetstore.web.actions.OrderActionBean: void setOrderId(int)>/this#_0
<org.mybatis.jpetstore.web.actions.OrderActionBean: org.mybatis.jpetstore.domain.Order getOrder()>/@this	<org.mybatis.jpetstore.web.actions.OrderActionBean: org.mybatis.jpetstore.domain.Order getOrder()>/this#_0
<org.mybatis.jpetstore.web.actions.OrderActionBean: void setOrder(org.mybatis.jpetstore.domain.Order)>/@this	<org.mybatis.jpetstore.web.actions.OrderActionBean: void setOrder(org.mybatis.jpetstore.domain.Order)>/this#_0
<org.mybatis.jpetstore.web.actions.OrderActionBean: boolean isShippingAddressRequired()>/@this	<org.mybatis.jpetstore.web.actions.OrderActionBean: boolean isShippingAddressRequired()>/this#_0
<org.mybatis.jpetstore.web.actions.OrderActionBean: void setShippingAddressRequired(boolean)>/@this	<org.mybatis.jpetstore.web.actions.OrderActionBean: void setShippingAddressRequired(boolean)>/this#_0
<org.mybatis.jpetstore.web.actions.OrderActionBean: boolean isConfirmed()>/@this	<org.mybatis.jpetstore.web.actions.OrderActionBean: boolean isConfirmed()>/this#_0
<org.mybatis.jpetstore.web.actions.OrderActionBean: void setConfirmed(boolean)>/@this	<org.mybatis.jpetstore.web.actions.OrderActionBean: void setConfirmed(boolean)>/this#_0
<org.mybatis.jpetstore.web.actions.OrderActionBean: java.util.List getCreditCardTypes()>/@this	<org.mybatis.jpetstore.web.actions.OrderActionBean: java.util.List getCreditCardTypes()>/this#_0
<org.mybatis.jpetstore.web.actions.OrderActionBean: java.util.List getOrderList()>/@this	<org.mybatis.jpetstore.web.actions.OrderActionBean: java.util.List getOrderList()>/this#_0
<org.mybatis.jpetstore.web.actions.OrderActionBean: net.sourceforge.stripes.action.Resolution listOrders()>/@this	<org.mybatis.jpetstore.web.actions.OrderActionBean: net.sourceforge.stripes.action.Resolution listOrders()>/this#_0
<org.mybatis.jpetstore.web.actions.OrderActionBean: net.sourceforge.stripes.action.Resolution listOrders()>/$stack6	<org.mybatis.jpetstore.web.actions.OrderActionBean: net.sourceforge.stripes.action.Resolution listOrders()>/accountBean#_109
<org.mybatis.jpetstore.web.actions.OrderActionBean: net.sourceforge.stripes.action.Resolution newOrderForm()>/@this	<org.mybatis.jpetstore.web.actions.OrderActionBean: net.sourceforge.stripes.action.Resolution newOrderForm()>/this#_0
<org.mybatis.jpetstore.web.actions.OrderActionBean: net.sourceforge.stripes.action.Resolution newOrderForm()>/$stack7	<org.mybatis.jpetstore.web.actions.OrderActionBean: net.sourceforge.stripes.action.Resolution newOrderForm()>/accountBean#_121
<org.mybatis.jpetstore.web.actions.OrderActionBean: net.sourceforge.stripes.action.Resolution newOrderForm()>/$stack8	<org.mybatis.jpetstore.web.actions.OrderActionBean: net.sourceforge.stripes.action.Resolution newOrderForm()>/cartBean#_122
<org.mybatis.jpetstore.web.actions.OrderActionBean: net.sourceforge.stripes.action.Resolution newOrder()>/@this	<org.mybatis.jpetstore.web.actions.OrderActionBean: net.sourceforge.stripes.action.Resolution newOrder()>/this#_0
<org.mybatis.jpetstore.web.actions.OrderActionBean: net.sourceforge.stripes.action.Resolution newOrder()>/$stack12	<org.mybatis.jpetstore.web.actions.OrderActionBean: net.sourceforge.stripes.action.Resolution newOrder()>/cartBean#_154
<org.mybatis.jpetstore.web.actions.OrderActionBean: net.sourceforge.stripes.action.Resolution viewOrder()>/@this	<org.mybatis.jpetstore.web.actions.OrderActionBean: net.sourceforge.stripes.action.Resolution viewOrder()>/this#_0
<org.mybatis.jpetstore.web.actions.OrderActionBean: net.sourceforge.stripes.action.Resolution viewOrder()>/$stack6	<org.mybatis.jpetstore.web.actions.OrderActionBean: net.sourceforge.stripes.action.Resolution viewOrder()>/accountBean#_174
<org.mybatis.jpetstore.web.actions.OrderActionBean: net.sourceforge.stripes.action.Resolution viewOrder()>/$stack10	<org.mybatis.jpetstore.web.actions.OrderActionBean: net.sourceforge.stripes.action.Resolution viewOrder()>/$stack7
<org.mybatis.jpetstore.web.actions.OrderActionBean: net.sourceforge.stripes.action.Resolution viewOrder()>/$stack10	<org.mybatis.jpetstore.web.actions.OrderActionBean: net.sourceforge.stripes.action.Resolution viewOrder()>/$stack13
<org.mybatis.jpetstore.web.actions.OrderActionBean: net.sourceforge.stripes.action.Resolution viewOrder()>/$null0	<org.mybatis.jpetstore.web.actions.OrderActionBean: net.sourceforge.stripes.action.Resolution viewOrder()>/$stack7
<org.mybatis.jpetstore.web.actions.OrderActionBean: net.sourceforge.stripes.action.Resolution viewOrder()>/$null0	<org.mybatis.jpetstore.web.actions.OrderActionBean: net.sourceforge.stripes.action.Resolution viewOrder()>/$stack13
<org.mybatis.jpetstore.web.actions.OrderActionBean: void clear()>/@this	<org.mybatis.jpetstore.web.actions.OrderActionBean: void clear()>/this#_0
<org.mybatis.jpetstore.domain.Category: void <init>()>/@this	<org.mybatis.jpetstore.domain.Category: void <init>()>/this#_0
<org.mybatis.jpetstore.domain.Category: java.lang.String getCategoryId()>/@this	<org.mybatis.jpetstore.domain.Category: java.lang.String getCategoryId()>/this#_0
<org.mybatis.jpetstore.domain.Category: void setCategoryId(java.lang.String)>/@this	<org.mybatis.jpetstore.domain.Category: void setCategoryId(java.lang.String)>/this#_0
<org.mybatis.jpetstore.domain.Category: java.lang.String getName()>/@this	<org.mybatis.jpetstore.domain.Category: java.lang.String getName()>/this#_0
<org.mybatis.jpetstore.domain.Category: void setName(java.lang.String)>/@this	<org.mybatis.jpetstore.domain.Category: void setName(java.lang.String)>/this#_0
<org.mybatis.jpetstore.domain.Category: java.lang.String getDescription()>/@this	<org.mybatis.jpetstore.domain.Category: java.lang.String getDescription()>/this#_0
<org.mybatis.jpetstore.domain.Category: void setDescription(java.lang.String)>/@this	<org.mybatis.jpetstore.domain.Category: void setDescription(java.lang.String)>/this#_0
<org.mybatis.jpetstore.domain.Category: java.lang.String toString()>/@this	<org.mybatis.jpetstore.domain.Category: java.lang.String toString()>/this#_0
<org.mybatis.jpetstore.web.actions.CartActionBean: void <init>()>/@this	<org.mybatis.jpetstore.web.actions.CartActionBean: void <init>()>/this#_0
<org.mybatis.jpetstore.web.actions.CartActionBean: org.mybatis.jpetstore.domain.Cart getCart()>/@this	<org.mybatis.jpetstore.web.actions.CartActionBean: org.mybatis.jpetstore.domain.Cart getCart()>/this#_0
<org.mybatis.jpetstore.web.actions.CartActionBean: void setCart(org.mybatis.jpetstore.domain.Cart)>/@this	<org.mybatis.jpetstore.web.actions.CartActionBean: void setCart(org.mybatis.jpetstore.domain.Cart)>/this#_0
<org.mybatis.jpetstore.web.actions.CartActionBean: void setWorkingItemId(java.lang.String)>/@this	<org.mybatis.jpetstore.web.actions.CartActionBean: void setWorkingItemId(java.lang.String)>/this#_0
<org.mybatis.jpetstore.web.actions.CartActionBean: net.sourceforge.stripes.action.Resolution addItemToCart()>/@this	<org.mybatis.jpetstore.web.actions.CartActionBean: net.sourceforge.stripes.action.Resolution addItemToCart()>/this#_0
<org.mybatis.jpetstore.web.actions.CartActionBean: net.sourceforge.stripes.action.Resolution removeItemFromCart()>/@this	<org.mybatis.jpetstore.web.actions.CartActionBean: net.sourceforge.stripes.action.Resolution removeItemFromCart()>/this#_0
<org.mybatis.jpetstore.web.actions.CartActionBean: net.sourceforge.stripes.action.Resolution updateCartQuantities()>/@this	<org.mybatis.jpetstore.web.actions.CartActionBean: net.sourceforge.stripes.action.Resolution updateCartQuantities()>/this#_0
<org.mybatis.jpetstore.web.actions.CartActionBean: net.sourceforge.stripes.action.Resolution updateCartQuantities()>/$stack12	<org.mybatis.jpetstore.web.actions.CartActionBean: net.sourceforge.stripes.action.Resolution updateCartQuantities()>/cartItem#_110
<org.mybatis.jpetstore.web.actions.CartActionBean: net.sourceforge.stripes.action.ForwardResolution viewCart()>/@this	<org.mybatis.jpetstore.web.actions.CartActionBean: net.sourceforge.stripes.action.ForwardResolution viewCart()>/this#_0
<org.mybatis.jpetstore.web.actions.CartActionBean: net.sourceforge.stripes.action.ForwardResolution checkOut()>/@this	<org.mybatis.jpetstore.web.actions.CartActionBean: net.sourceforge.stripes.action.ForwardResolution checkOut()>/this#_0
<org.mybatis.jpetstore.web.actions.CartActionBean: void clear()>/@this	<org.mybatis.jpetstore.web.actions.CartActionBean: void clear()>/this#_0
