partitionID,className,classID
0,fibonacciStepDefs.py,src/ui_tests/behave/features/steps/fibonacciStepDefs.py
0,librarianStepDefs.py,src/ui_tests/behave/features/steps/librarianStepDefs.py
0,basic_test.py,src/ui_tests/python/basic_test.py
0,environment.py,src/ui_tests/behave/features/environment.py
0,authenticationStepDefs.py,src/ui_tests/behave/features/steps/authenticationStepDefs.py
0,ackermannStepDefs.py,src/ui_tests/behave/features/steps/ackermannStepDefs.py
1,DesktopUiTests.java,desktop_app/src/test/java/com/coveros/training/autoinsurance/DesktopUiTests.java
1,AutoInsuranceActionTests.java,desktop_app/src/test/java/com/coveros/training/autoinsurance/AutoInsuranceActionTests.java
1,ExecutionDataClient.java,desktop_app/src/test/java/com/coveros/training/autoinsurance/ExecutionDataClient.java
1,AutoInsuranceScriptServer.java,desktop_app/src/main/java/com/coveros/training/autoinsurance/AutoInsuranceScriptServer.java
1,AutoInsuranceAction.java,desktop_app/src/main/java/com/coveros/training/autoinsurance/AutoInsuranceAction.java
1,InvalidClaimsException.java,desktop_app/src/main/java/com/coveros/training/autoinsurance/InvalidClaimsException.java
1,AutoInsuranceProcessor.java,desktop_app/src/main/java/com/coveros/training/autoinsurance/AutoInsuranceProcessor.java
1,DesktopTester.java,desktop_app/src/test/java/com/coveros/training/autoinsurance/DesktopTester.java
1,WarningLetterEnum.java,desktop_app/src/main/java/com/coveros/training/autoinsurance/WarningLetterEnum.java
1,AutoInsuranceProcessorTests.java,desktop_app/src/test/java/com/coveros/training/autoinsurance/AutoInsuranceProcessorTests.java
1,AutoInsuranceScriptClient.java,desktop_app/src/test/java/com/coveros/training/autoinsurance/AutoInsuranceScriptClient.java
2,SeleniumTests.java,src/ui_tests/java/src/test/java/com/coveros/training/SeleniumTests.java
2,ApiCalls.java,src/ui_tests/java/src/test/java/com/coveros/training/ApiCalls.java
2,HtmlUnitTests.java,src/ui_tests/java/src/test/java/com/coveros/training/HtmlUnitTests.java
3,AlcoholStepDefs.java,src/bdd_test/java/com/coveros/training/expenses/AlcoholStepDefs.java
3,BookTests.java,src/test/java/com/coveros/training/library/domainobjects/BookTests.java
3,CartesianProductStepDefs.java,src/bdd_test/java/com/coveros/training/cartesianproduct/CartesianProductStepDefs.java
3,AlcoholResult.java,src/main/java/com/coveros/training/expenses/AlcoholResult.java
3,LoanTests.java,src/test/java/com/coveros/training/library/domainobjects/LoanTests.java
3,UserTests.java,src/test/java/com/coveros/training/authentication/domainobjects/UserTests.java
3,LibraryBookListAvailableServlet.java,src/main/java/com/coveros/training/library/LibraryBookListAvailableServlet.java
3,Ackermann.java,src/main/java/com/coveros/training/mathematics/Ackermann.java
3,WebAppListenerTests.java,src/test/java/com/coveros/training/tomcat/WebAppListenerTests.java
3,LendingTests.java,src/test/java/com/coveros/training/library/LendingTests.java
3,RegistrationStatusEnums.java,src/main/java/com/coveros/training/authentication/domainobjects/RegistrationStatusEnums.java
3,MathServlet.java,src/main/java/com/coveros/training/mathematics/MathServlet.java
3,RegistrationResult.java,src/main/java/com/coveros/training/authentication/domainobjects/RegistrationResult.java
3,PasswordResultEnums.java,src/main/java/com/coveros/training/authentication/domainobjects/PasswordResultEnums.java
3,DateUtils.java,src/test/java/com/coveros/training/helpers/DateUtils.java
3,RegisterServlet.java,src/main/java/com/coveros/training/authentication/RegisterServlet.java
3,LoginServletTests.java,src/test/java/com/coveros/training/authentication/LoginServletTests.java
3,RegistrationUtilsTests.java,src/test/java/com/coveros/training/authentication/RegistrationUtilsTests.java
3,NbvcxzTests.java,src/test/java/com/coveros/training/authentication/NbvcxzTests.java
3,LoginServlet.java,src/main/java/com/coveros/training/authentication/LoginServlet.java
3,RegistrationUtils.java,src/main/java/com/coveros/training/authentication/RegistrationUtils.java
3,LibraryUtilsTests.java,src/test/java/com/coveros/training/library/LibraryUtilsTests.java
3,AckermannParameterizedTests.java,src/test/java/com/coveros/training/mathematics/AckermannParameterizedTests.java
3,ServletUtils.java,src/main/java/com/coveros/training/helpers/ServletUtils.java
3,BookCheckOutStepDefs.java,src/bdd_test/java/com/coveros/training/library/BookCheckOutStepDefs.java
3,DbServlet.java,src/main/java/com/coveros/training/persistence/DbServlet.java
3,RegistrationStepDefs.java,src/bdd_test/java/com/coveros/training/authentication/RegistrationStepDefs.java
3,StringUtils.java,src/main/java/com/coveros/training/helpers/StringUtils.java
3,FibonacciParameterizedTests.java,src/test/java/com/coveros/training/mathematics/FibonacciParameterizedTests.java
3,Fibonacci.java,src/main/java/com/coveros/training/mathematics/Fibonacci.java
3,AddDeleteListSearchBooksAndBorrowersStepDefs.java,src/bdd_test/java/com/coveros/training/library/AddDeleteListSearchBooksAndBorrowersStepDefs.java
3,AckermannStepDefs.java,src/bdd_test/java/com/coveros/training/math/AckermannStepDefs.java
3,FibonacciStepDefs.java,src/bdd_test/java/com/coveros/training/math/FibonacciStepDefs.java
3,LoginStepDefs.java,src/bdd_test/java/com/coveros/training/authentication/LoginStepDefs.java
3,CheckUtilsTests.java,src/test/java/com/coveros/training/helpers/CheckUtilsTests.java
3,LoginUtils.java,src/main/java/com/coveros/training/authentication/LoginUtils.java
3,CheckUtils.java,src/main/java/com/coveros/training/helpers/CheckUtils.java
3,AckermannIterativeParameterizedTests.java,src/test/java/com/coveros/training/mathematics/AckermannIterativeParameterizedTests.java
3,AssertionException.java,src/main/java/com/coveros/training/helpers/AssertionException.java
3,WebAppListener.java,src/main/java/com/coveros/training/tomcat/WebAppListener.java
3,LibraryUtils.java,src/main/java/com/coveros/training/library/LibraryUtils.java
3,LibraryRegisterBorrowerServletTests.java,src/test/java/com/coveros/training/library/LibraryRegisterBorrowerServletTests.java
3,PasswordResult.java,src/main/java/com/coveros/training/authentication/domainobjects/PasswordResult.java
3,User.java,src/main/java/com/coveros/training/authentication/domainobjects/User.java
3,Book.java,src/main/java/com/coveros/training/library/domainobjects/Book.java
3,LibraryRegisterBookServletTests.java,src/test/java/com/coveros/training/library/LibraryRegisterBookServletTests.java
3,LibraryBorrowerListSearchServletTests.java,src/test/java/com/coveros/training/library/LibraryBorrowerListSearchServletTests.java
3,BorrowerTests.java,src/test/java/com/coveros/training/library/domainobjects/BorrowerTests.java
3,MathStepDefs.java,src/bdd_test/java/com/coveros/training/math/MathStepDefs.java
3,PasswordResultTests.java,src/test/java/com/coveros/training/authentication/domainobjects/PasswordResultTests.java
3,RegistrationResultTests.java,src/test/java/com/coveros/training/authentication/domainobjects/RegistrationResultTests.java
3,CartesianProduct.java,src/main/java/com/coveros/training/cartesianproduct/CartesianProduct.java
3,DinnerPrices.java,src/main/java/com/coveros/training/expenses/DinnerPrices.java
3,AlcoholCalculator.java,src/main/java/com/coveros/training/expenses/AlcoholCalculator.java
