{"tool": {"decomposition": {"1": [{"id": "AppInsightsFilter"}, {"id": "Quote"}, {"id": "QuoteDetails"}], "3": [{"id": "BadRequestException"}, {"id": "ConflictingRequestException"}, {"id": "OrderingInitializer"}, {"id": "Utility"}, {"id": "DealerController"}, {"id": "QuoteController"}, {"id": "ShipmentController"}, {"id": "DealerInfo"}, {"id": "Delivery"}, {"id": "Order"}, {"id": "OrderEventInfo"}, {"id": "OrderUpdateInfo"}, {"id": "RepositoryFactory"}, {"id": "MockCatalogItemsRepository"}, {"id": "MockDealersRepository"}, {"id": "MockOrderRepository"}, {"id": "MockQuoteRepository"}, {"id": "MockShipmentRepository"}, {"id": "MongoCatalogItemsRepository"}, {"id": "MongoDealersRepository"}, {"id": "MongoOperationsWithRetry"}, {"id": "MongoOrderRepository"}, {"id": "MongoQuoteRepository"}, {"id": "MongoShipmentRepository"}, {"id": "CatalogItem"}, {"id": "Dealer"}, {"id": "OrderDetails"}, {"id": "ShipmentDetails"}], "4": [{"id": "OrderingConfiguration"}, {"id": "PropertyHelper"}, {"id": "CatalogController"}, {"id": "PingController"}], "2": [{"id": "OrderController"}, {"id": "CatalogItem"}], "0": [{"id": "ShipmentEventInfo"}, {"id": "ShipmentRecord"}]}}}