{"tool": {"decomposition": {"4": [{"id": "AppInsightsFilter.doFilter"}, {"id": "PropertyHelper.PropertyHelper"}, {"id": "PropertyHelper.getPropValues"}, {"id": "Utility.getTelemetryClient"}, {"id": "PingController.getStatus"}, {"id": "CatalogItem.validate"}, {"id": "ShipmentEventInfo.getComments"}, {"id": "ShipmentEventInfo.getDate"}, {"id": "RepositoryFactory.getCatalogItemsRepository"}, {"id": "RepositoryFactory.getFactory"}, {"id": "MockCatalogItemsRepository.MockCatalogItemsRepository"}, {"id": "MockCatalogItemsRepository.compareSkuNumbers"}, {"id": "MockCatalogItemsRepository.getCatalogItem"}, {"id": "MockCatalogItemsRepository.getCatalogItems"}, {"id": "MockCatalogItemsRepository.removeCatalogItem"}, {"id": "MockCatalogItemsRepository.upsertCatalogItem"}, {"id": "MockShipmentRepository.MockShipmentRepository"}, {"id": "MongoCatalogItemsRepository.getCatalogItem"}, {"id": "MongoCatalogItemsRepository.getCatalogItems"}, {"id": "MongoCatalogItemsRepository.removeCatalogItem"}, {"id": "MongoCatalogItemsRepository.upsertCatalogItem"}, {"id": "CatalogItem.CatalogItem"}], "3": [{"id": "ConflictingRequestException.ConflictingRequestException"}, {"id": "OrderingConfiguration.getApplicationContext"}, {"id": "OrderingConfiguration.getTelemetryClient"}, {"id": "OrderingConfiguration.repositoryFactory"}, {"id": "OrderingInitializer.getApplicationPath"}, {"id": "Utility.validateStringField"}, {"id": "CatalogController.addCatalogItem"}, {"id": "CatalogController.getCatalogItem"}, {"id": "CatalogController.getCatalogItems"}, {"id": "CatalogController.getRepository"}, {"id": "CatalogController.removeCatalogItem"}, {"id": "CatalogController.upsertCatalogItem"}, {"id": "DealerController.addDealer"}, {"id": "DealerController.getDealer"}, {"id": "DealerController.getDealers"}, {"id": "DealerController.getRepository"}, {"id": "DealerController.removeDealer"}, {"id": "DealerController.updateDealer"}, {"id": "OrderController.addEvent"}, {"id": "OrderController.createOrder"}, {"id": "OrderController.deleteOrder"}, {"id": "OrderController.getOrderById"}, {"id": "OrderController.getOrders"}, {"id": "OrderController.getOrdersByDealerName"}, {"id": "OrderController.getQuotes"}, {"id": "OrderController.updateOrder"}, {"id": "OrderController.updateStatus"}, {"id": "PingController.ping"}, {"id": "QuoteController.createQuote"}, {"id": "QuoteController.deleteQuote"}, {"id": "QuoteController.getQuoteById"}, {"id": "QuoteController.getQuotesByCustomerName"}, {"id": "QuoteController.getRepository"}, {"id": "QuoteController.updateQuote"}, {"id": "ShipmentController.addEvent"}, {"id": "ShipmentController.createShipmentRecord"}, {"id": "ShipmentController.deleteShipment"}, {"id": "ShipmentController.getDeliveries"}, {"id": "ShipmentController.getOrderRepository"}, {"id": "ShipmentController.getQuoteRepository"}, {"id": "ShipmentController.getShipment"}, {"id": "ShipmentController.getShipmentRepository"}, {"id": "ShipmentController.getShipments"}, {"id": "ShipmentController.updateShipment"}, {"id": "DealerInfo.DealerInfo"}, {"id": "DealerInfo.getName"}, {"id": "DealerInfo.validate"}, {"id": "Order.Order"}, {"id": "Order.getEvents"}, {"id": "Order.getOrderDate"}, {"id": "Order.getQuoteId"}, {"id": "Order.getStatus"}, {"id": "Order.setOrderDate"}, {"id": "Order.setOrderId"}, {"id": "Order.setQuoteId"}, {"id": "Order.setStatus"}, {"id": "OrderUpdateInfo.OrderUpdateInfo"}, {"id": "OrderUpdateInfo.getStatus"}, {"id": "Quote.getQuoteId"}, {"id": "Quote.validate"}, {"id": "ShipmentEventInfo.validate"}, {"id": "ShipmentRecord.getAlternateContactPhone"}, {"id": "ShipmentRecord.getContactName"}, {"id": "ShipmentRecord.getDeliveryAddress"}, {"id": "ShipmentRecord.getEvents"}, {"id": "ShipmentRecord.getOrderId"}, {"id": "ShipmentRecord.getPrimaryContactPhone"}, {"id": "ShipmentRecord.validate"}, {"id": "RepositoryFactory$Repositories.RepositoryFactory$Repositories"}, {"id": "RepositoryFactory.RepositoryFactory"}, {"id": "RepositoryFactory.getDealersRepository"}, {"id": "RepositoryFactory.getQuoteRepository"}, {"id": "RepositoryFactory.getShipmentRepository"}, {"id": "RepositoryFactory.init"}, {"id": "MockDealersRepository.MockDealersRepository"}, {"id": "MockDealersRepository.compareDealerNames"}, {"id": "MockDealersRepository.getDealer"}, {"id": "MockDealersRepository.getDealers"}, {"id": "MockDealersRepository.removeDealer"}, {"id": "MockDealersRepository.upsertDealer"}, {"id": "MockOrderRepository.getOrder"}, {"id": "MockQuoteRepository.MockQuoteRepository"}, {"id": "MockQuoteRepository.createQuote"}, {"id": "MockQuoteRepository.getQuote"}, {"id": "MockQuoteRepository.getQuotesByCustomerName"}, {"id": "MockQuoteRepository.removeQuote"}, {"id": "MockQuoteRepository.updateQuote"}, {"id": "MockShipmentRepository.addEvent"}, {"id": "MockShipmentRepository.createShipment"}, {"id": "MockShipmentRepository.getShipmentById"}, {"id": "MockShipmentRepository.getShipments"}, {"id": "MockShipmentRepository.removeShipment"}, {"id": "MockShipmentRepository.updateShipment"}, {"id": "MongoCatalogItemsRepository.MongoCatalogItemsRepository"}, {"id": "MongoCatalogItemsRepository.findExistingCatalogItem"}, {"id": "MongoDealersRepository.MongoDealersRepository"}, {"id": "MongoDealersRepository.getDealer"}, {"id": "MongoDealersRepository.getDealers"}, {"id": "MongoDealersRepository.removeDealer"}, {"id": "MongoDealersRepository.upsertDealer"}, {"id": "MongoOrderRepository.MongoOrderRepository"}, {"id": "MongoOrderRepository.findExistingOrder"}, {"id": "MongoOrderRepository.getOrder"}, {"id": "MongoOrderRepository.getOrderByQuoteId"}, {"id": "MongoOrderRepository.saveOrder"}, {"id": "MongoQuoteRepository.MongoQuoteRepository"}, {"id": "MongoQuoteRepository.createQuote"}, {"id": "MongoQuoteRepository.getQuote"}, {"id": "MongoQuoteRepository.getQuoteIdsByDealerName"}, {"id": "MongoQuoteRepository.getQuotesByCustomerName"}, {"id": "MongoQuoteRepository.removeQuote"}, {"id": "MongoQuoteRepository.updateQuote"}, {"id": "MongoShipmentRepository.MongoShipmentRepository"}, {"id": "MongoShipmentRepository.addEvent"}, {"id": "MongoShipmentRepository.createShipment"}, {"id": "MongoShipmentRepository.findExistingShipmentDetails"}, {"id": "MongoShipmentRepository.getShipmentById"}, {"id": "MongoShipmentRepository.getShipments"}, {"id": "MongoShipmentRepository.removeShipment"}, {"id": "MongoShipmentRepository.saveUpdates"}, {"id": "MongoShipmentRepository.updateShipment"}, {"id": "OrderDetails.OrderDetails"}], "0": [{"id": "OrderingConfiguration.main"}, {"id": "OrderingConfiguration.mongoTemplate"}, {"id": "OrderEventInfo.OrderEventInfo"}, {"id": "ShipmentEventInfo.setDate"}, {"id": "ShipmentRecord.ShipmentRecord"}, {"id": "MockOrderRepository.MockOrderRepository"}, {"id": "MockOrderRepository.getOrderByQuoteId"}, {"id": "ShipmentDetails.ShipmentDetails"}], "1": [{"id": "Utility.isNullOrEmpty"}, {"id": "DealerInfo.getAddress"}, {"id": "DealerInfo.getContact"}, {"id": "DealerInfo.getEmail"}, {"id": "DealerInfo.getPhone"}, {"id": "Quote.Quote"}, {"id": "Quote.getCity"}, {"id": "Quote.getCustomerName"}, {"id": "Quote.getDealerName"}, {"id": "Quote.getDiscount"}, {"id": "Quote.getPostalCode"}, {"id": "Quote.getQuoteItems"}, {"id": "Quote.getState"}, {"id": "Quote.getTotalCost"}, {"id": "Quote.getValidUntil"}, {"id": "Quote.setQuoteId"}, {"id": "MongoOrderRepository.hasOrder"}, {"id": "MongoQuoteRepository.findExistingQuote"}, {"id": "Dealer.Dealer"}, {"id": "QuoteDetails.QuoteDetails"}], "2": [{"id": "CatalogItem.getDescription"}, {"id": "CatalogItem.getInventory"}, {"id": "CatalogItem.getLeadTime"}, {"id": "CatalogItem.getPrice"}, {"id": "CatalogItem.getSkuNumber"}, {"id": "Order.getOrderId"}, {"id": "Order.validate"}, {"id": "OrderUpdateInfo.getEventInfo"}, {"id": "RepositoryFactory.getOrderRepository"}, {"id": "MockOrderRepository.createOrder"}, {"id": "MockOrderRepository.getOrdersByDealerName"}, {"id": "MockOrderRepository.getOrdersByStatus"}, {"id": "MockOrderRepository.hasOrder"}, {"id": "MockOrderRepository.removeOrder"}, {"id": "MockOrderRepository.updateOrder"}, {"id": "MongoOrderRepository.createOrder"}, {"id": "MongoOrderRepository.getOrdersByDealerName"}, {"id": "MongoOrderRepository.getOrdersByStatus"}, {"id": "MongoOrderRepository.removeOrder"}, {"id": "MongoOrderRepository.updateOrder"}]}}}