,method,stmtLineNumber,stmt
0,<edu.mit.non_sink_argument_flow.MainActivity: void onCreate(android.os.Bundle)>,-1,$r5 = virtualinvoke r4.<android.telephony.TelephonyManager: java.lang.String getDeviceId()>()
1,<edu.mit.non_sink_argument_flow.MainActivity: void onCreate(android.os.Bundle)>,-1,$r6[1] = $r5
2,<edu.mit.non_sink_argument_flow.MainActivity: void onCreate(android.os.Bundle)>,-1,virtualinvoke r2.<java.lang.ProcessBuilder: java.lang.ProcessBuilder command(java.lang.String[])>($r6)
3,<edu.mit.non_sink_argument_flow.MainActivity: void onCreate(android.os.Bundle)>,-1,virtualinvoke r2.<java.lang.ProcessBuilder: java.lang.Process start()>()
