{"tool": {"decomposition": {"4": [{"id": "LoginServlet"}, {"id": "LibraryRegisterBookServlet"}, {"id": "Calculator"}, {"id": "MathServlet"}], "2": [{"id": "LoginUtils"}, {"id": "RegistrationUtils"}, {"id": "RegistrationResult"}, {"id": "AssertionException"}, {"id": "CheckUtils"}, {"id": "ServletUtils"}, {"id": "StringUtils"}, {"id": "LibraryRegisterBorrowerServlet"}, {"id": "LibraryUtils"}, {"id": "Book"}, {"id": "Borrower"}, {"id": "FibServlet"}, {"id": "ParameterObject"}, {"id": "PersistenceLayer"}, {"id": "SqlData"}, {"id": "SqlRuntimeException"}], "3": [{"id": "RegisterServlet"}, {"id": "PasswordResult"}, {"id": "LibraryBookListSearchServlet"}, {"id": "Ackermann"}, {"id": "AckermannIterative"}, {"id": "FibonacciIterative"}, {"id": "DbServlet"}], "0": [{"id": "LibraryBookListAvailableServlet"}, {"id": "LibraryLendServlet"}, {"id": "Loan"}, {"id": "AckServlet"}], "1": [{"id": "LibraryBorrowerListSearchServlet"}, {"id": "Fibonacci"}, {"id": "TailRecursive"}, {"id": "WebAppListener"}]}}}