{
  "tool": {
    "decomposition": {
      "2": [
        { "id": "LoginServlet.LoginServlet" },
        { "id": "LoginServlet.doPost" },
        { "id": "LoginUtils.LoginUtils" },
        { "id": "LoginUtils.isUserRegistered" },
        { "id": "RegisterServlet.RegisterServlet" },
        { "id": "RegisterServlet.doPost" },
        { "id": "RegisterServlet.forwardToResult" },
        { "id": "RegistrationUtils.RegistrationUtils" },
        { "id": "RegistrationUtils.isUserInDatabase" },
        { "id": "RegistrationUtils.processRegistration" },
        { "id": "RegistrationUtils.saveToDatabase" },
        { "id": "RegistrationResult.RegistrationResult" },
        { "id": "CheckUtils.mustBeTrueAtThisPoint" },
        { "id": "StringUtils.makeNotNullable" },
        {
          "id": "LibraryBookListAvailableServlet.LibraryBookListAvailableServlet"
        },
        { "id": "LibraryBookListAvailableServlet.doGet" },
        { "id": "LibraryBookListSearchServlet.doGet" },
        { "id": "LibraryBookListSearchServlet.listAllBooks" },
        { "id": "LibraryBookListSearchServlet.searchById" },
        { "id": "LibraryBookListSearchServlet.searchByTitle" },
        {
          "id": "LibraryBorrowerListSearchServlet.LibraryBorrowerListSearchServlet"
        },
        { "id": "LibraryBorrowerListSearchServlet.doGet" },
        { "id": "LibraryBorrowerListSearchServlet.listAllBorrowers" },
        { "id": "LibraryBorrowerListSearchServlet.searchById" },
        { "id": "LibraryBorrowerListSearchServlet.searchByName" },
        { "id": "LibraryLendServlet.doPost" },
        { "id": "LibraryLendServlet.getDateNow" },
        { "id": "LibraryRegisterBookServlet.LibraryRegisterBookServlet" },
        { "id": "LibraryRegisterBookServlet.doPost" },
        {
          "id": "LibraryRegisterBorrowerServlet.LibraryRegisterBorrowerServlet"
        },
        { "id": "LibraryRegisterBorrowerServlet.doPost" },
        { "id": "LibraryUtils.LibraryUtils" },
        { "id": "LibraryUtils.createLoan" },
        { "id": "LibraryUtils.lendBook" },
        { "id": "LibraryUtils.listAllBorrowers" },
        { "id": "LibraryUtils.listAvailableBooks" },
        { "id": "LibraryUtils.registerBook" },
        { "id": "LibraryUtils.registerBorrower" },
        { "id": "LibraryUtils.saveNewBook" },
        { "id": "LibraryUtils.saveNewBorrower" },
        { "id": "LibraryUtils.searchForBookByTitle" },
        { "id": "LibraryUtils.searchForLoanByBook" },
        { "id": "Book.createEmpty" },
        { "id": "Borrower.createEmpty" },
        { "id": "AckServlet.forwardToResult" },
        { "id": "FibServlet.doPost" },
        { "id": "FibServlet.forwardToResult" },
        { "id": "FibServlet.putNumberInRequest" },
        { "id": "Fibonacci.calculate" },
        { "id": "FibonacciIterative.fibAlgo1" },
        { "id": "FibonacciIterative.fibAlgo2" },
        { "id": "MathServlet.forwardToResult" },
        { "id": "DbServlet.DbServlet" },
        { "id": "DbServlet.doGet" },
        { "id": "PersistenceLayer.PersistenceLayer" },
        { "id": "PersistenceLayer.areCredentialsValid" },
        { "id": "PersistenceLayer.bytesToHex" },
        { "id": "PersistenceLayer.cleanAndMigrateDatabase" },
        { "id": "PersistenceLayer.cleanDatabase" },
        { "id": "PersistenceLayer.createExtractor" },
        { "id": "PersistenceLayer.createHashedValueFromPassword" },
        { "id": "PersistenceLayer.createLoan" },
        { "id": "PersistenceLayer.executeInsertOnPreparedStatement" },
        { "id": "PersistenceLayer.executeInsertTemplate" },
        { "id": "PersistenceLayer.executeUpdateOnPreparedStatement" },
        { "id": "PersistenceLayer.executeUpdateTemplate" },
        { "id": "PersistenceLayer.listAllBorrowers" },
        { "id": "PersistenceLayer.listAvailableBooks" },
        { "id": "PersistenceLayer.listBooks" },
        { "id": "PersistenceLayer.migrateDatabase" },
        { "id": "PersistenceLayer.prepareStatementWithKeys" },
        { "id": "PersistenceLayer.runQuery" },
        { "id": "PersistenceLayer.saveNewBook" },
        { "id": "PersistenceLayer.saveNewBorrower" },
        { "id": "PersistenceLayer.saveNewUser" },
        { "id": "PersistenceLayer.searchBooksById" },
        { "id": "PersistenceLayer.searchBooksByTitle" },
        { "id": "PersistenceLayer.searchBorrowerDataByName" },
        { "id": "PersistenceLayer.searchBorrowersById" },
        { "id": "PersistenceLayer.searchForLoanByBook" },
        { "id": "PersistenceLayer.searchForUserByName" },
        { "id": "PersistenceLayer.throwingFunctionWrapper" },
        { "id": "PersistenceLayer.updateUserWithPassword" },
        { "id": "SqlData.SqlData" },
        { "id": "SqlData.addParameter" },
        { "id": "SqlData.applyParametersToPreparedStatement" },
        { "id": "SqlData.generateParams" },
        { "id": "WebAppListener.contextInitialized" },
        { "id": "WebAppListener.WebAppListener" }
      ],
      "3": [
        { "id": "RegistrationUtils.isPasswordGood" },
        { "id": "PasswordResult.PasswordResult" },
        { "id": "PasswordResult.createDefault" },
        { "id": "LibraryUtils.listAllBooks" },
        { "id": "LibraryUtils.searchForBookById" },
        { "id": "AckServlet.doPost" },
        { "id": "AckServlet.regularRecursive" },
        { "id": "AckServlet.tailRecursive" },
        { "id": "Ackermann.ack" },
        { "id": "AckermannIterative$$.main" },
        { "id": "FibServlet.tailRecursiveAlgo1Calc" },
        { "id": "FibServlet.tailRecursiveAlgo2Calc" },
        { "id": "PersistenceLayer.listAllBooks" },
        { "id": "FibServlet.defaultRecursiveCalculation" }
      ],
      "0": [
        { "id": "LibraryBookListSearchServlet.LibraryBookListSearchServlet" },
        { "id": "LibraryLendServlet.LibraryLendServlet" },
        { "id": "AckServlet.putNumberInRequest" },
        { "id": "Ackermann.calculate" },
        { "id": "AckermannIterative.calculate" },
        { "id": "TailRecursive.tailie" }
      ],
      "4": [
        { "id": "LibraryUtils.searchForBorrowerById" },
        { "id": "LibraryUtils.searchForBorrowerByName" },
        { "id": "Loan.createEmpty" },
        { "id": "Calculator.add" },
        { "id": "MathServlet.doPost" },
        { "id": "MathServlet.putNumberInRequest" },
        { "id": "MathServlet.setResultToSum" }
      ]
    }
  }
}
