,method,stmtLineNumber,stmt
0,<de.ecspride.Exceptions5: void callMe()>,-1,$r3 = virtualinvoke r2.<android.telephony.TelephonyManager: java.lang.String getDeviceId()>()
1,<de.ecspride.Exceptions5: void callMe()>,-1,specialinvoke $r4.<java.lang.RuntimeException: void <init>(java.lang.String)>($r3)
2,<de.ecspride.Exceptions5: void callMe()>,-1,throw $r4
3,<de.ecspride.Exceptions5: void onCreate(android.os.Bundle)>,-1,$r4 = virtualinvoke r2.<java.lang.RuntimeException: java.lang.String getMessage()>()
4,<de.ecspride.Exceptions5: void onCreate(android.os.Bundle)>,-1,"virtualinvoke $r3.<android.telephony.SmsManager: void sendTextMessage(java.lang.String,java.lang.String,java.lang.String,android.app.PendingIntent,android.app.PendingIntent)>(""+49 1234"", null, $r4, null, null)"
