﻿Tables,Type,Method,,,,
SIGNON,Direct,org.mybatis.jpetstore.mapper.AccountMapper.getAccountByUsername,,,,
SIGNON,Direct,org.mybatis.jpetstore.mapper.AccountMapper.getAccountByUsernameAndPassword,,,,
SIGNON,Direct,org.mybatis.jpetstore.mapper.AccountMapper.updateSignon,,,,
SIGNON,Direct,org.mybatis.jpetstore.mapper.AccountMapper.insertSignon,,,,
ACCOUNT,Direct,org.mybatis.jpetstore.mapper.AccountMapper.getAccountByUsername,,,,
ACCOUNT,Direct,org.mybatis.jpetstore.mapper.AccountMapper.getAccountByUsernameAndPassword,,,,
ACCOUNT,Direct,org.mybatis.jpetstore.mapper.AccountMapper.updateAccount,,,,
ACCOUNT,Direct,org.mybatis.jpetstore.mapper.AccountMapper.insertAccount,,,,
PROFILE,Direct,org.mybatis.jpetstore.mapper.AccountMapper.getAccountByUsername,,,,
PROFILE,Direct,org.mybatis.jpetstore.mapper.AccountMapper.getAccountByUsernameAndPassword,,,,
PROFILE,Direct,org.mybatis.jpetstore.mapper.AccountMapper.updateProfile,,,,
PROFILE,Direct,org.mybatis.jpetstore.mapper.AccountMapper.insertProfile,,,,
BANNERDATA,Direct,org.mybatis.jpetstore.mapper.AccountMapper.getAccountByUsername,,,,
BANNERDATA,Direct,org.mybatis.jpetstore.mapper.AccountMapper.getAccountByUsernameAndPassword,,,,
ORDERS,Direct,org.mybatis.jpetstore.mapper.OrderMapper.getOrder,,,,
ORDERS,Direct,org.mybatis.jpetstore.mapper.OrderMapper.getOrdersByUsername,,,,
ORDERS,Direct,org.mybatis.jpetstore.mapper.OrderMapper.insertOrder,,,,
ORDERSTATUS,Direct,org.mybatis.jpetstore.mapper.OrderMapper.getOrder,,,,
ORDERSTATUS,Direct,org.mybatis.jpetstore.mapper.OrderMapper.getOrdersByUsername,,,,
ORDERSTATUS,Direct,org.mybatis.jpetstore.mapper.OrderMapper.insertOrderStatus,,,,
LINEITEM,Direct,org.mybatis.jpetstore.mapper.LineItemMapper.getLineItemsByOrderId,,,,
LINEITEM,Direct,org.mybatis.jpetstore.mapper.LineItemMapper.insertLineItem,,,,
CATEGORY,Direct,org.mybatis.jpetstore.mapper.CategoryMapper.getCategory,,,,
CATEGORY,Direct,org.mybatis.jpetstore.mapper.CategoryMapper.getCategoryList,,,,
PRODUCT,Direct,org.mybatis.jpetstore.mapper.ItemMapper.getItemListByProduct,,,,
PRODUCT,Direct,org.mybatis.jpetstore.mapper.ItemMapper.getItem,,,,
PRODUCT,Direct,org.mybatis.jpetstore.mapper.ProductMapper.getProduct,,,,
PRODUCT,Direct,org.mybatis.jpetstore.mapper.ProductMapper.getProductListByCategory,,,,
PRODUCT,Direct,org.mybatis.jpetstore.mapper.ProductMapper.searchProductList,,,,
ITEM,Direct,org.mybatis.jpetstore.mapper.ItemMapper.getItemListByProduct,,,,
ITEM,Direct,org.mybatis.jpetstore.mapper.ItemMapper.getItem,,,,
INVENTORY,Direct,org.mybatis.jpetstore.mapper.ItemMapper.getItem,,,,
INVENTORY,Direct,org.mybatis.jpetstore.mapper.ItemMapper.getInventoryQuantity,,,,
INVENTORY,Direct,org.mybatis.jpetstore.mapper.ItemMapper.updateInventoryQuantity,,,,
SEQUENCE,Direct,org.mybatis.jpetstore.mapper.SequenceMapper.getSequence,,,,
SEQUENCE,Direct,org.mybatis.jpetstore.mapper.SequenceMapper.updateSequence,,,,