{
    "HyDec": {
        "decomposition": {
            "patition0": [
                {
                    "id": "Cart"
                },
                {
                    "id": "CartItem"
                },
                {
                    "id": "Item"
                },
                {
                    "id": "ItemMapper"
                },
                {
                    "id": "CartActionBean"
                }
            ],
            "patition4": [
                {
                    "id": "Category"
                },
                {
                    "id": "CategoryMapper"
                }
            ],
            "patition5": [
                {
                    "id": "LineItem"
                },
                {
                    "id": "LineItemMapper"
                }
            ],
            "patition1": [
                {
                    "id": "Order"
                },
                {
                    "id": "OrderMapper"
                },
                {
                    "id": "OrderService"
                },
                {
                    "id": "OrderActionBean"
                }
            ],
            "patition6": [
                {
                    "id": "Product"
                },
                {
                    "id": "ProductMapper"
                }
            ],
            "patition2": [
                {
                    "id": "Sequence"
                },
                {
                    "id": "SequenceMapper"
                }
            ],
            "patition7": [
                {
                    "id": "AccountMapper"
                },
                {
                    "id": "AccountService"
                },
                {
                    "id": "AccountActionBean"
                }
            ],
            "patition3": [
                {
                    "id": "CatalogService"
                },
                {
                    "id": "CatalogActionBean"
                }
            ]
        }
    }
}