{
    "HyDec": {
        "decomposition": {
            "patition4": [
                {
                    "id": "PasswordResult"
                },
                {
                    "id": "RegistrationResult"
                },
                {
                    "id": "RegistrationUtils"
                }
            ],
            "patition8": [
                {
                    "id": "PasswordResultEnums"
                },
                {
                    "id": "RegistrationStatusEnums"
                },
                {
                    "id": "TailRecursive"
                }
            ],
            "patition0": [
                {
                    "id": "User"
                },
                {
                    "id": "CheckUtils"
                },
                {
                    "id": "ParameterObject"
                },
                {
                    "id": "PersistenceLayer"
                },
                {
                    "id": "SqlData"
                }
            ],
            "patition1": [
                {
                    "id": "LoginServlet"
                },
                {
                    "id": "LoginUtils"
                },
                {
                    "id": "RegisterServlet"
                }
            ],
            "patition11": [
                {
                    "id": "AlcoholCalculator"
                },
                {
                    "id": "AlcoholResult"
                },
                {
                    "id": "DinnerPrices"
                }
            ],
            "patition10": [
                {
                    "id": "AssertionException"
                },
                {
                    "id": "IPersistenceLayer"
                },
                {
                    "id": "NotImplementedException"
                },
                {
                    "id": "SqlRuntimeException"
                }
            ],
            "patition2": [
                {
                    "id": "ServletUtils"
                },
                {
                    "id": "StringUtils"
                },
                {
                    "id": "Book"
                },
                {
                    "id": "Borrower"
                },
                {
                    "id": "Loan"
                },
                {
                    "id": "LibraryBookListAvailableServlet"
                },
                {
                    "id": "LibraryBookListSearchServlet"
                },
                {
                    "id": "LibraryBorrowerListSearchServlet"
                },
                {
                    "id": "LibraryLendServlet"
                },
                {
                    "id": "LibraryRegisterBookServlet"
                },
                {
                    "id": "LibraryRegisterBorrowerServlet"
                },
                {
                    "id": "LibraryUtils"
                }
            ],
            "patition6": [
                {
                    "id": "AckServlet"
                },
                {
                    "id": "Ackermann"
                },
                {
                    "id": "Calculator"
                },
                {
                    "id": "FibServlet"
                },
                {
                    "id": "Fibonacci"
                },
                {
                    "id": "FibonacciIterative"
                },
                {
                    "id": "MathServlet"
                }
            ]
        }
    }
}