,method,stmtLineNumber,stmt
0,<de.ecspride.ConcreteClass: java.lang.String foo(android.content.Context)>,-1,$r4 = virtualinvoke r3.<android.telephony.TelephonyManager: java.lang.String getDeviceId()>()
1,<de.ecspride.ConcreteClass: java.lang.String foo(android.content.Context)>,-1,return $r4
2,<de.ecspride.MainActivity: void onCreate(android.os.Bundle)>,-1,virtualinvoke r4.<de.ecspride.BaseClass: void bar(java.lang.String)>($r5)
3,<de.ecspride.ConcreteClass: void bar(java.lang.String)>,-1,"virtualinvoke $r2.<android.telephony.SmsManager: void sendTextMessage(java.lang.String,java.lang.String,java.lang.String,android.app.PendingIntent,android.app.PendingIntent)>(""+49 1234"", null, $r1, null, null)"
