,method,stmtLineNumber,stmt
0,<de.ecspride.FieldSensitivity3: void onCreate(android.os.Bundle)>,-1,$r5 = virtualinvoke r4.<android.telephony.TelephonyManager: java.lang.String getSimSerialNumber()>()
1,<de.ecspride.FieldSensitivity3: void onCreate(android.os.Bundle)>,-1,virtualinvoke r2.<de.ecspride.Datacontainer: void setSecret(java.lang.String)>($r5)
2,<de.ecspride.Datacontainer: void setSecret(java.lang.String)>,-1,r0.<de.ecspride.Datacontainer: java.lang.String secret> = $r1
3,<de.ecspride.Datacontainer: void setSecret(java.lang.String)>,-1,return
4,<de.ecspride.FieldSensitivity3: void onCreate(android.os.Bundle)>,-1,$r5 = virtualinvoke r2.<de.ecspride.Datacontainer: java.lang.String getSecret()>()
5,<de.ecspride.Datacontainer: java.lang.String getSecret()>,-1,r1 = r0.<de.ecspride.Datacontainer: java.lang.String secret>
6,<de.ecspride.Datacontainer: java.lang.String getSecret()>,-1,return r1
7,<de.ecspride.FieldSensitivity3: void onCreate(android.os.Bundle)>,-1,"virtualinvoke $r6.<android.telephony.SmsManager: void sendTextMessage(java.lang.String,java.lang.String,java.lang.String,android.app.PendingIntent,android.app.PendingIntent)>(""+49 1234"", null, $r5, null, null)"
