,method,stmtLineNumber,stmt
0,<de.ecspride.MainActivity: void onCreate(android.os.Bundle)>,-1,$r4 = virtualinvoke r3.<android.telephony.TelephonyManager: java.lang.String getDeviceId()>()
1,<de.ecspride.MainActivity: void onCreate(android.os.Bundle)>,-1,<de.ecspride.MainActivity: java.lang.String imei> = $r4
2,<de.ecspride.MainActivity: void onCreate(android.os.Bundle)>,-1,return
3,<dummyMainClass: de.ecspride.MainActivity dummyMainMethod_de_ecspride_MainActivity(android.content.Intent)>,-1,return $r0
4,<dummyMainClass: void dummyMainMethod(java.lang.String[])>,-1,staticinvoke <dummyMainClass: de.ecspride.MainActivity dummyMainMethod_de_ecspride_MainActivity(android.content.Intent)>(null)
5,<dummyMainClass: de.ecspride.MainActivity dummyMainMethod_de_ecspride_MainActivity(android.content.Intent)>,-1,virtualinvoke $r0.<de.ecspride.GeneralActivity: void onResume()>()
6,<de.ecspride.GeneralActivity: void onResume()>,-1,$r1 = <de.ecspride.GeneralActivity: java.lang.String imei>
7,<de.ecspride.GeneralActivity: void onResume()>,-1,"virtualinvoke $r2.<android.telephony.SmsManager: void sendTextMessage(java.lang.String,java.lang.String,java.lang.String,android.app.PendingIntent,android.app.PendingIntent)>(""+49 1234"", null, $r1, null, null)"
