,method,stmtLineNumber,stmt
0,<edu.uta.ActivityEventSequence1: void onStart()>,-1,$r4 = virtualinvoke r3.<android.telephony.TelephonyManager: java.lang.String getDeviceId()>()
1,<edu.uta.ActivityEventSequence1: void onStart()>,-1,r0.<edu.uta.ActivityEventSequence1: java.lang.String d1> = $r4
2,<edu.uta.ActivityEventSequence1: void onStart()>,-1,return
3,<dummyMainClass: edu.uta.ActivityEventSequence1 dummyMainMethod_edu_uta_ActivityEventSequence1(android.content.Intent)>,-1,virtualinvoke $r0.<edu.uta.ActivityEventSequence1: void onResume()>()
4,<edu.uta.ActivityEventSequence1: void onResume()>,-1,$r2 = r0.<edu.uta.ActivityEventSequence1: java.lang.String d1>
5,<edu.uta.ActivityEventSequence1: void onResume()>,-1,"virtualinvoke $r3.<android.telephony.SmsManager: void sendTextMessage(java.lang.String,java.lang.String,java.lang.String,android.app.PendingIntent,android.app.PendingIntent)>($r1, null, $r2, null, null)"
