{"onCreate(Landroid\/os\/Bundle;)V":{"1":"    invoke-super {p0, p1}, Landroid\/app\/Activity;->onCreate(Landroid\/os\/Bundle;)V","2":"    const p1, 0x7f09001b","3":"    invoke-virtual {p0, p1}, Lcom\/example\/collector\/MainActivity;->setContentView(I)V","4":"    const-string p1, \"android.permission.WRITE_EXTERNAL_STORAGE\"","5":"    filled-new-array {p1}, [Ljava\/lang\/String;","6":"    move-result-object p1","7":"    const\/4 v0, 0x0","8":"    invoke-static {p0, p1, v0}, Landroid\/support\/v4\/app\/ActivityCompat;->requestPermissions(Landroid\/app\/Activity;[Ljava\/lang\/String;I)V","9":"    const p1, 0x7f070077","10":"    invoke-virtual {p0, p1}, Lcom\/example\/collector\/MainActivity;->findViewById(I)Landroid\/view\/View;","11":"    move-result-object p1","12":"    check-cast p1, Landroid\/widget\/TextView;","13":"    iput-object p1, p0, Lcom\/example\/collector\/MainActivity;->txtView:Landroid\/widget\/TextView;","14":"    const p1, 0x7f07004a","15":"    invoke-virtual {p0, p1}, Lcom\/example\/collector\/MainActivity;->findViewById(I)Landroid\/view\/View;","16":"    move-result-object p1","17":"    check-cast p1, Landroid\/widget\/ImageView;","18":"    iput-object p1, p0, Lcom\/example\/collector\/MainActivity;->picView:Landroid\/widget\/ImageView;","19":"    invoke-virtual {p0}, Lcom\/example\/collector\/MainActivity;->getIntent()Landroid\/content\/Intent;","20":"    move-result-object p1","21":"    invoke-virtual {p1}, Landroid\/content\/Intent;->getAction()Ljava\/lang\/String;","22":"    move-result-object v0","23":"    invoke-virtual {p1}, Landroid\/content\/Intent;->getType()Ljava\/lang\/String;","24":"    move-result-object v1","25":"    const-string v2, \"com.example.collector\"","26":"    invoke-virtual {v0, v2}, Ljava\/lang\/String;->equals(Ljava\/lang\/Object;)Z","27":"    move-result v0","28":"    if-eqz v0, :cond_fe","29":"    const-string v0, \"text\/\"","30":"    invoke-virtual {v1, v0}, Ljava\/lang\/String;->startsWith(Ljava\/lang\/String;)Z","31":"    move-result v0","32":"    if-eqz v0, :cond_a8","33":"    const-string v0, \"android.intent.extra.TEXT\"","34":"    invoke-virtual {p1, v0}, Landroid\/content\/Intent;->getStringExtra(Ljava\/lang\/String;)Ljava\/lang\/String;","35":"    move-result-object p1","36":"    if-eqz p1, :cond_fe","37":"    iget-object v0, p0, Lcom\/example\/collector\/MainActivity;->txtView:Landroid\/widget\/TextView;","38":"    invoke-virtual {v0, p1}, Landroid\/widget\/TextView;->setText(Ljava\/lang\/CharSequence;)V","39":"    const-string v0, \"LeakFile.txt\"","40":"    new-instance v1, Ljava\/io\/File;","41":"    new-instance v2, Ljava\/lang\/StringBuilder;","42":"    invoke-direct {v2}, Ljava\/lang\/StringBuilder;-><init>()V","43":"    const-string v3, \"\/sdcard\/\"","44":"    invoke-virtual {v2, v3}, Ljava\/lang\/StringBuilder;->append(Ljava\/lang\/String;)Ljava\/lang\/StringBuilder;","45":"    invoke-virtual {v2, v0}, Ljava\/lang\/StringBuilder;->append(Ljava\/lang\/String;)Ljava\/lang\/StringBuilder;","46":"    invoke-virtual {v2}, Ljava\/lang\/StringBuilder;->toString()Ljava\/lang\/String;","47":"    move-result-object v2","48":"    invoke-direct {v1, v2}, Ljava\/io\/File;-><init>(Ljava\/lang\/String;)V","49":"    invoke-virtual {v1}, Ljava\/io\/File;->createNewFile()Z","50":"    new-instance v2, Ljava\/io\/FileOutputStream;","51":"    invoke-direct {v2, v1}, Ljava\/io\/FileOutputStream;-><init>(Ljava\/io\/File;)V","52":"    new-instance v1, Ljava\/io\/OutputStreamWriter;","53":"    invoke-direct {v1, v2}, Ljava\/io\/OutputStreamWriter;-><init>(Ljava\/io\/OutputStream;)V","54":"    invoke-virtual {v1, p1}, Ljava\/io\/OutputStreamWriter;->append(Ljava\/lang\/CharSequence;)Ljava\/io\/Writer;","55":"    invoke-virtual {v1}, Ljava\/io\/OutputStreamWriter;->close()V","56":"    invoke-virtual {v2}, Ljava\/io\/FileOutputStream;->close()V","57":"    invoke-virtual {p0}, Lcom\/example\/collector\/MainActivity;->getApplicationContext()Landroid\/content\/Context;","58":"    move-result-object p1","59":"    new-instance v1, Ljava\/lang\/StringBuilder;","60":"    invoke-direct {v1}, Ljava\/lang\/StringBuilder;-><init>()V","61":"    invoke-virtual {v1, v0}, Ljava\/lang\/StringBuilder;->append(Ljava\/lang\/String;)Ljava\/lang\/StringBuilder;","62":"    const-string v0, \"saved\"","63":"    invoke-virtual {v1, v0}, Ljava\/lang\/StringBuilder;->append(Ljava\/lang\/String;)Ljava\/lang\/StringBuilder;","64":"    invoke-virtual {v1}, Ljava\/lang\/StringBuilder;->toString()Ljava\/lang\/String;","65":"    move-result-object v0","66":"    const\/4 v1, 0x1","67":"    invoke-static {p1, v0, v1}, Landroid\/widget\/Toast;->makeText(Landroid\/content\/Context;Ljava\/lang\/CharSequence;I)Landroid\/widget\/Toast;","68":"    move-result-object p1","69":"    invoke-virtual {p1}, Landroid\/widget\/Toast;->show()V","70":"    goto :goto_fe","71":"    move-exception p1","72":"    invoke-virtual {p1}, Ljava\/io\/IOException;->printStackTrace()V","73":"    goto :goto_fe","74":"    move-exception p1","75":"    invoke-virtual {p1}, Ljava\/io\/FileNotFoundException;->printStackTrace()V","76":"    goto :goto_fe","77":"    const-string v0, \"image\/\"","78":"    invoke-virtual {v1, v0}, Ljava\/lang\/String;->startsWith(Ljava\/lang\/String;)Z","79":"    move-result v0","80":"    if-eqz v0, :cond_c7","81":"    iget-object v0, p0, Lcom\/example\/collector\/MainActivity;->txtView:Landroid\/widget\/TextView;","82":"    const\/16 v1, 0x8","83":"    invoke-virtual {v0, v1}, Landroid\/widget\/TextView;->setVisibility(I)V","84":"    const-string v0, \"android.intent.extra.STREAM\"","85":"    invoke-virtual {p1, v0}, Landroid\/content\/Intent;->getParcelableExtra(Ljava\/lang\/String;)Landroid\/os\/Parcelable;","86":"    move-result-object p1","87":"    check-cast p1, Landroid\/net\/Uri;","88":"    if-eqz p1, :cond_fe","89":"    iget-object v0, p0, Lcom\/example\/collector\/MainActivity;->picView:Landroid\/widget\/ImageView;","90":"    invoke-virtual {v0, p1}, Landroid\/widget\/ImageView;->setImageURI(Landroid\/net\/Uri;)V","91":"    goto :goto_fe","92":"    const-string v0, \"file\/\"","93":"    invoke-virtual {v1, v0}, Ljava\/lang\/String;->startsWith(Ljava\/lang\/String;)Z","94":"    move-result v0","95":"    if-eqz v0, :cond_fe","96":"    invoke-virtual {p1}, Landroid\/content\/Intent;->getExtras()Landroid\/os\/Bundle;","97":"    move-result-object p1","98":"    const-string v0, \"file\"","99":"    invoke-virtual {p1, v0}, Landroid\/os\/Bundle;->get(Ljava\/lang\/String;)Ljava\/lang\/Object;","100":"    move-result-object p1","101":"    check-cast p1, Landroid\/net\/Uri;","102":"    new-instance v0, Ljava\/io\/File;","103":"    invoke-virtual {p1}, Landroid\/net\/Uri;->getPath()Ljava\/lang\/String;","104":"    move-result-object p1","105":"    invoke-direct {v0, p1}, Ljava\/io\/File;-><init>(Ljava\/lang\/String;)V","106":"    invoke-virtual {v0}, Ljava\/io\/File;->getName()Ljava\/lang\/String;","107":"    move-result-object p1","108":"    iget-object v0, p0, Lcom\/example\/collector\/MainActivity;->txtView:Landroid\/widget\/TextView;","109":"    new-instance v1, Ljava\/lang\/StringBuilder;","110":"    invoke-direct {v1}, Ljava\/lang\/StringBuilder;-><init>()V","111":"    const-string v2, \"File Name: \"","112":"    invoke-virtual {v1, v2}, Ljava\/lang\/StringBuilder;->append(Ljava\/lang\/String;)Ljava\/lang\/StringBuilder;","113":"    invoke-virtual {v1, p1}, Ljava\/lang\/StringBuilder;->append(Ljava\/lang\/String;)Ljava\/lang\/StringBuilder;","114":"    invoke-virtual {v1}, Ljava\/lang\/StringBuilder;->toString()Ljava\/lang\/String;","115":"    move-result-object p1","116":"    invoke-virtual {v0, p1}, Landroid\/widget\/TextView;->setText(Ljava\/lang\/CharSequence;)V","117":"    return-void"},"<init>()V":{"1":"    invoke-direct {p0}, Landroid\/app\/Activity;-><init>()V","2":"    return-void"}}