{
    "$schema": "https://schema.management.azure.com/schemas/2015-01-01/deploymentTemplate.json#",
    "contentVersion": "1.0.0.0",
    "parameters": {
        "mrpAdminUsername": {
            "type": "string",
            "minLength": 1,
            "metadata": {
                "description": "User name for the MRP Virtual Machine."
            },
            "defaultValue": "mrpadmin"
        },
        "mrpAdminPassword": {
            "type": "securestring",
            "metadata": {
                "description": "Administrator password for the MRP Virtual Machine."
            }
        },
        "mrpDnsNameForPublicIP": {
            "type": "string",
            "minLength": 1,
            "metadata": {
                "description": "Globally unique DNS Name for the Public IP used to access the MRP Virtual Machine."
            }
        }
    },
    "variables": {
        "mrpImagePublisher": "Canonical",
        "mrpImageOffer": "UbuntuServer",
        "mrpImageSku": "16.04.3-LTS",
        "mrpOSDiskName": "mrpOsdisk",
        "mrpNicName": "mrpNic",
        "addressPrefix": "10.0.0.0/16",
        "subnetName": "Subnet",
        "subnetPrefix": "10.0.0.0/24",
        "storageName": "[concat('vhdstorage', uniqueString(resourceGroup().id))]",
        "storageType": "Standard_LRS",
        "publicIPAddressType": "Dynamic",
        "vhdStorageContainerName": "vhds",
        "mrpNsgName": "mrpNSG",
        "mrpVmSize": "Standard_A2",
        "mrpVmName": "[toLower(parameters('mrpDnsNameForPublicIP'))]",
        "virtualNetworkName": "mrpVNET",
        "vnetId": "[resourceId('Microsoft.Network/virtualNetworks', variables('virtualNetworkName'))]",
        "subnetRef": "[concat(variables('vnetId'), '/subnets/', variables('subnetName'))]"
    },
    "resources": [
        {
            "type": "Microsoft.Storage/storageAccounts",
            "name": "[toLower(variables('storageName'))]",
            "apiVersion": "2015-05-01-preview",
            "location": "[resourceGroup().location]",
            "properties": {
                "accountType": "[variables('storageType')]"
            }
        },
        {
            "apiVersion": "2015-05-01-preview",
            "type": "Microsoft.Network/networkSecurityGroups",
            "name": "[variables('mrpNsgName')]",
            "location": "[resourceGroup().location]",
            "properties": {
                "securityRules": [
                    {
                        "name": "SSH",
                        "properties": {
                            "description": "SSH port",
                            "protocol": "Tcp",
                            "sourcePortRange": "*",
                            "destinationPortRange": "22",
                            "sourceAddressPrefix": "*",
                            "destinationAddressPrefix": "*",
                            "access": "Allow",
                            "priority": 1000,
                            "direction": "Inbound"
                        }
                    },
                    {
                        "name": "MRP",
                        "properties": {
                            "description": "MRP port",
                            "protocol": "Tcp",
                            "sourcePortRange": "*",
                            "destinationPortRange": "9080",
                            "sourceAddressPrefix": "*",
                            "destinationAddressPrefix": "*",
                            "access": "Allow",
                            "priority": 1100,
                            "direction": "Inbound"
                        }
                    },
                    {
                        "name": "OrderingSvc",
                        "properties": {
                            "description": "OrderingService port",
                            "protocol": "Tcp",
                            "sourcePortRange": "*",
                            "destinationPortRange": "8080",
                            "sourceAddressPrefix": "*",
                            "destinationAddressPrefix": "*",
                            "access": "Allow",
                            "priority": 1200,
                            "direction": "Inbound"
                        }
                    }
                ]
            }
        },
        {
            "apiVersion": "2015-05-01-preview",
            "type": "Microsoft.Network/publicIPAddresses",
            "name": "[parameters('mrpDnsNameForPublicIP')]",
            "location": "[resourceGroup().location]",
            "properties": {
                "publicIPAllocationMethod": "[variables('publicIPAddressType')]",
                "dnsSettings": {
                    "domainNameLabel": "[parameters('mrpDnsNameForPublicIP')]"
                }
            }
        },
        {
            "apiVersion": "2015-05-01-preview",
            "type": "Microsoft.Network/virtualNetworks",
            "name": "[variables('virtualNetworkName')]",
            "location": "[resourceGroup().location]",
            "properties": {
                "addressSpace": {
                    "addressPrefixes": [
                        "[variables('addressPrefix')]"
                    ]
                },
                "subnets": [
                    {
                        "name": "[variables('subnetName')]",
                        "properties": {
                            "addressPrefix": "[variables('subnetPrefix')]"
                        }
                    }
                ]
            }
        },
        {
            "apiVersion": "2015-05-01-preview",
            "type": "Microsoft.Network/networkInterfaces",
            "name": "[variables('mrpNicName')]",
            "location": "[resourceGroup().location]",
            "dependsOn": [
                "[concat('Microsoft.Network/publicIPAddresses/', parameters('mrpDnsNameForPublicIP'))]",
                "[concat('Microsoft.Network/virtualNetworks/', variables('virtualNetworkName'))]",
                "[variables('mrpNsgName')]"
            ],
            "properties": {
                "networkSecurityGroup": {
                    "id": "[resourceId('Microsoft.Network/networkSecurityGroups', variables('mrpNsgName'))]"
                },
                "ipConfigurations": [
                    {
                        "name": "ipconfig1",
                        "properties": {
                            "privateIPAllocationMethod": "Dynamic",
                            "publicIPAddress": {
                                "id": "[resourceId('Microsoft.Network/publicIPAddresses',parameters('mrpDnsNameForPublicIP'))]"
                            },
                            "subnet": {
                                "id": "[variables('subnetRef')]"
                            }
                        }
                    }
                ]
            }
        },
        {
            "apiVersion": "2015-06-15",
            "type": "Microsoft.Compute/virtualMachines",
            "name": "[variables('mrpVmName')]",
            "location": "[resourceGroup().location]",
            "dependsOn": [
                "[concat('Microsoft.Storage/storageAccounts/', variables('storageName'))]",
                "[concat('Microsoft.Network/networkInterfaces/', variables('mrpNicName'))]"
            ],
            "properties": {
                "hardwareProfile": {
                    "vmSize": "[variables('mrpVmSize')]"
                },
                "osProfile": {
                    "computerName": "[variables('mrpVmName')]",
                    "adminUsername": "[parameters('mrpAdminUsername')]",
                    "adminPassword": "[parameters('mrpAdminPassword')]"
                },
                "storageProfile": {
                    "imageReference": {
                        "publisher": "[variables('mrpImagePublisher')]",
                        "offer": "[variables('mrpImageOffer')]",
                        "sku": "[variables('mrpImageSKU')]",
                        "version": "latest"
                    },
                    "osDisk": {
                        "name": "[concat(resourceGroup().name, 'osdisk')]",
                        "vhd": {
                            "uri": "[concat(reference(concat('Microsoft.Storage/storageAccounts/', variables('storageName')), providers('Microsoft.Storage', 'storageAccounts').apiVersions[0]).primaryEndpoints.blob, variables('vhdStorageContainerName'),'/',variables('mrpOSDiskName'),'.vhd')]"
                        },
                        "caching": "ReadWrite",
                        "createOption": "FromImage"
                    }
                },
                "networkProfile": {
                    "networkInterfaces": [
                        {
                            "id": "[resourceId('Microsoft.Network/networkInterfaces',variables('mrpNicName'))]"
                        }
                    ]
                },
                "diagnosticsProfile": {
                    "bootDiagnostics": {
                        "enabled": "true",
                        "storageUri": "[reference(concat('Microsoft.Storage/storageAccounts/', variables('storageName')), providers('Microsoft.Storage', 'storageAccounts').apiVersions[0]).primaryEndpoints.blob]"
                    }
                }
            }
        },
        {
            "type": "Microsoft.Compute/virtualMachines/extensions",
            "name": "[concat(variables('mrpVmName'),'/LinuxCustomScriptExtension')]",
            "apiVersion": "2015-06-15",
            "location": "[resourceGroup().location]",
            "dependsOn": [
                "[concat('Microsoft.Compute/virtualMachines/', variables('mrpVmName'))]"
            ],
            "properties": {
                "publisher": "Microsoft.OSTCExtensions",
                "type": "CustomScriptForLinux",
                "typeHandlerVersion": "1.4",
                "autoUpgradeMinorVersion": true,
                "settings": {
                    "fileUris": [
                        "https://raw.githubusercontent.com/Microsoft/PartsUnlimitedMRP/master/deploy/azurestack/customscripts/install_updates.sh"
                    ],
                    "commandToExecute": "bash install_updates.sh"
                },
                "protectedSettings": {}
            }
        },
        {
            "type": "Microsoft.Compute/virtualMachines/extensions",
            "name": "[concat(variables('mrpVmName'),'/LinuxVMAccessExtension')]",
            "apiVersion": "2015-06-15",
            "location": "[resourceGroup().location]",
            "dependsOn": [
                "[concat('Microsoft.Compute/virtualMachines/', variables('mrpVmName'),'/extensions/LinuxCustomScriptExtension')]"
            ],
            "properties": {
                "publisher": "Microsoft.OSTCExtensions",
                "type": "VMAccessForLinux",
                "typeHandlerVersion": "1.4",
                "autoUpgradeMinorVersion": "true",
                "settings": {},
                "protectedSettings": {
                    "username": "[parameters('mrpAdminUsername')]",
                    "password": "[parameters('mrpAdminPassword')]"
                }
            }
        }
    ],
    "outputs": {}
}