{"onCreate()V":{"1":"    invoke-super {p0}, Landroid\/app\/Application;->onCreate()V","2":"    const-string v0, \"android.permission.READ_PHONE_STATE\"","3":"    invoke-static {p0, v0}, Landroid\/support\/v4\/app\/ActivityCompat;->checkSelfPermission(Landroid\/content\/Context;Ljava\/lang\/String;)I","4":"    move-result v0","5":"    if-nez v0, :cond_19","6":"    const-string v0, \"phone\"","7":"    invoke-virtual {p0, v0}, Lde\/ecspride\/ApplicationLifecyle1;->getSystemService(Ljava\/lang\/String;)Ljava\/lang\/Object;","8":"    move-result-object v0","9":"    check-cast v0, Landroid\/telephony\/TelephonyManager;","10":"    invoke-virtual {v0}, Landroid\/telephony\/TelephonyManager;->getDeviceId()Ljava\/lang\/String;","11":"    move-result-object v0","12":"    sput-object v0, Lde\/ecspride\/ApplicationLifecyle1;->imei:Ljava\/lang\/String;","13":"    return-void"},"<init>()V":{"1":"    invoke-direct {p0}, Landroid\/app\/Application;-><init>()V","2":"    return-void"}}