{"<init>(Lde\/ecspride\/MainActivity;)V":{"1":"    iput-object p1, p0, Lde\/ecspride\/MainActivity$1;->this$0:Lde\/ecspride\/MainActivity;","2":"    invoke-direct {p0}, Ljava\/lang\/Object;-><init>()V","3":"    return-void"},"onClick(Landroid\/view\/View;)V":{"1":"    iget-object p1, p0, Lde\/ecspride\/MainActivity$1;->this$0:Lde\/ecspride\/MainActivity;","2":"    invoke-virtual {p1}, Lde\/ecspride\/MainActivity;->getPackageManager()Landroid\/content\/pm\/PackageManager;","3":"    move-result-object v0","4":"    const-string v1, \"de.ecspride.applicationlifecycle1\"","5":"    invoke-virtual {v0, v1}, Landroid\/content\/pm\/PackageManager;->getLaunchIntentForPackage(Ljava\/lang\/String;)Landroid\/content\/Intent;","6":"    move-result-object v0","7":"    invoke-virtual {p1, v0}, Lde\/ecspride\/MainActivity;->startActivity(Landroid\/content\/Intent;)V","8":"    return-void"}}