{"onCreate(Landroid\/os\/Bundle;)V":{"1":"    invoke-super {p0, p1}, Landroid\/app\/Activity;->onCreate(Landroid\/os\/Bundle;)V","2":"    const p1, 0x7f09001c","3":"    invoke-virtual {p0, p1}, Lde\/ecspride\/MainActivity;->setContentView(I)V","4":"    const-string p1, \"android.permission.READ_PHONE_STATE\"","5":"    const-string v0, \"android.permission.SEND_SMS\"","6":"    filled-new-array {p1, v0}, [Ljava\/lang\/String;","7":"    move-result-object p1","8":"    const\/4 v0, 0x0","9":"    invoke-static {p0, p1, v0}, Landroid\/support\/v4\/app\/ActivityCompat;->requestPermissions(Landroid\/app\/Activity;[Ljava\/lang\/String;I)V","10":"    const p1, 0x7f070075","11":"    invoke-virtual {p0, p1}, Lde\/ecspride\/MainActivity;->findViewById(I)Landroid\/view\/View;","12":"    move-result-object p1","13":"    check-cast p1, Landroid\/widget\/Button;","14":"    new-instance v0, Lde\/ecspride\/MainActivity$1;","15":"    invoke-direct {v0, p0}, Lde\/ecspride\/MainActivity$1;-><init>(Lde\/ecspride\/MainActivity;)V","16":"    invoke-virtual {p1, v0}, Landroid\/widget\/Button;->setOnClickListener(Landroid\/view\/View$OnClickListener;)V","17":"    return-void"},"onResume()V":{"1":"    invoke-super {p0}, Landroid\/app\/Activity;->onResume()V","2":"    const-string v0, \"android.permission.SEND_SMS\"","3":"    invoke-static {p0, v0}, Landroid\/support\/v4\/app\/ActivityCompat;->checkSelfPermission(Landroid\/content\/Context;Ljava\/lang\/String;)I","4":"    move-result v0","5":"    if-nez v0, :cond_1d","6":"    sget-object v0, Lde\/ecspride\/ApplicationLifecyle1;->imei:Ljava\/lang\/String;","7":"    if-eqz v0, :cond_1d","8":"    invoke-static {}, Landroid\/telephony\/SmsManager;->getDefault()Landroid\/telephony\/SmsManager;","9":"    move-result-object v1","10":"    const\/4 v3, 0x0","11":"    sget-object v4, Lde\/ecspride\/ApplicationLifecyle1;->imei:Ljava\/lang\/String;","12":"    const\/4 v5, 0x0","13":"    const\/4 v6, 0x0","14":"    const-string v2, \"+49 1234\"","15":"    invoke-virtual\/range {v1 .. v6}, Landroid\/telephony\/SmsManager;->sendTextMessage(Ljava\/lang\/String;Ljava\/lang\/String;Ljava\/lang\/String;Landroid\/app\/PendingIntent;Landroid\/app\/PendingIntent;)V","16":"    return-void"},"<init>()V":{"1":"    invoke-direct {p0}, Landroid\/app\/Activity;-><init>()V","2":"    return-void"}}