{"onCreate(Landroid\/os\/Bundle;)V":{"1":"    sput-object p0, Ledu\/mit\/clinit\/MainActivity;->v:Ledu\/mit\/clinit\/MainActivity;","2":"    invoke-super {p0, p1}, Landroid\/app\/Activity;->onCreate(Landroid\/os\/Bundle;)V","3":"    invoke-super {p0, p1}, Landroid\/app\/Activity;->onCreate(Landroid\/os\/Bundle;)V","4":"    const p1, 0x7f09001b","5":"    invoke-virtual {p0, p1}, Ledu\/mit\/clinit\/MainActivity;->setContentView(I)V","6":"    const-string p1, \"android.permission.READ_PHONE_STATE\"","7":"    filled-new-array {p1}, [Ljava\/lang\/String;","8":"    move-result-object p1","9":"    const\/4 v0, 0x0","10":"    invoke-static {p0, p1, v0}, Landroid\/support\/v4\/app\/ActivityCompat;->requestPermissions(Landroid\/app\/Activity;[Ljava\/lang\/String;I)V","11":"    const p1, 0x7f070075","12":"    invoke-virtual {p0, p1}, Ledu\/mit\/clinit\/MainActivity;->findViewById(I)Landroid\/view\/View;","13":"    move-result-object p1","14":"    check-cast p1, Landroid\/widget\/Button;","15":"    new-instance v0, Ledu\/mit\/clinit\/MainActivity$1;","16":"    invoke-direct {v0, p0}, Ledu\/mit\/clinit\/MainActivity$1;-><init>(Ledu\/mit\/clinit\/MainActivity;)V","17":"    invoke-virtual {p1, v0}, Landroid\/widget\/Button;->setOnClickListener(Landroid\/view\/View$OnClickListener;)V","18":"    return-void"},"<init>()V":{"1":"    invoke-direct {p0}, Landroid\/app\/Activity;-><init>()V","2":"    return-void"}}