{"<init>(Ledu\/mit\/clinit\/MainActivity;)V":{"1":"    iput-object p1, p0, Ledu\/mit\/clinit\/MainActivity$1;->this$0:Ledu\/mit\/clinit\/MainActivity;","2":"    invoke-direct {p0}, Ljava\/lang\/Object;-><init>()V","3":"    return-void"},"onClick(Landroid\/view\/View;)V":{"1":"    iget-object p1, p0, Ledu\/mit\/clinit\/MainActivity$1;->this$0:Ledu\/mit\/clinit\/MainActivity;","2":"    const-string v0, \"\"","3":"    iput-object v0, p1, Ledu\/mit\/clinit\/MainActivity;->s:Ljava\/lang\/String;","4":"    new-instance p1, Ledu\/mit\/clinit\/Test;","5":"    invoke-direct {p1}, Ledu\/mit\/clinit\/Test;-><init>()V","6":"    iget-object p1, p0, Ledu\/mit\/clinit\/MainActivity$1;->this$0:Ledu\/mit\/clinit\/MainActivity;","7":"    iget-object p1, p1, Ledu\/mit\/clinit\/MainActivity;->s:Ljava\/lang\/String;","8":"    const-string v0, \"DroidBench\"","9":"    invoke-static {v0, p1}, Landroid\/util\/Log;->i(Ljava\/lang\/String;Ljava\/lang\/String;)I","10":"    return-void"}}