{
    "com.coveros.training.authentication.LoginServlet": 4,
    "com.coveros.training.authentication.LoginServlet.<clinit>": 2,
    "com.coveros.training.authentication.LoginServlet.doPost": 2,
    "com.coveros.training.authentication.LoginUtils": 2,
    "com.coveros.training.authentication.LoginUtils.<init>": 2,
    "com.coveros.training.authentication.LoginUtils.isUserRegistered": 2,
    "com.coveros.training.authentication.RegisterServlet": 3,
    "com.coveros.training.authentication.RegisterServlet.<clinit>": 2,
    "com.coveros.training.authentication.RegisterServlet.doPost": 2,
    "com.coveros.training.authentication.RegisterServlet.forwardToResult": 2,
    "com.coveros.training.authentication.RegistrationUtils": 2,
    "com.coveros.training.authentication.RegistrationUtils.<init>": 2,
    "com.coveros.training.authentication.RegistrationUtils.isPasswordGood": 3,
    "com.coveros.training.authentication.RegistrationUtils.isUserInDatabase": 2,
    "com.coveros.training.authentication.RegistrationUtils.processRegistration": 2,
    "com.coveros.training.authentication.RegistrationUtils.saveToDatabase": 2,
    "com.coveros.training.authentication.domainobjects.PasswordResult": 3,
    "com.coveros.training.authentication.domainobjects.PasswordResult.<init>": 3,
    "com.coveros.training.authentication.domainobjects.PasswordResult.createDefault": 3,
    "com.coveros.training.authentication.domainobjects.RegistrationResult": 2,
    "com.coveros.training.authentication.domainobjects.RegistrationResult.<init>": 2,
    "com.coveros.training.helpers.AssertionException": 2,
    "com.coveros.training.helpers.CheckUtils": 2,
    "com.coveros.training.helpers.CheckUtils.mustBeTrueAtThisPoint": 2,
    "com.coveros.training.helpers.ServletUtils": 2,
    "com.coveros.training.helpers.StringUtils": 2,
    "com.coveros.training.helpers.StringUtils.makeNotNullable": 2,
    "com.coveros.training.library.LibraryBookListAvailableServlet": 0,
    "com.coveros.training.library.LibraryBookListAvailableServlet.<clinit>": 2,
    "com.coveros.training.library.LibraryBookListAvailableServlet.doGet": 2,
    "com.coveros.training.library.LibraryBookListSearchServlet": 3,
    "com.coveros.training.library.LibraryBookListSearchServlet.<clinit>": 0,
    "com.coveros.training.library.LibraryBookListSearchServlet.doGet": 2,
    "com.coveros.training.library.LibraryBookListSearchServlet.listAllBooks": 2,
    "com.coveros.training.library.LibraryBookListSearchServlet.searchById": 2,
    "com.coveros.training.library.LibraryBookListSearchServlet.searchByTitle": 2,
    "com.coveros.training.library.LibraryBorrowerListSearchServlet": 1,
    "com.coveros.training.library.LibraryBorrowerListSearchServlet.<clinit>": 2,
    "com.coveros.training.library.LibraryBorrowerListSearchServlet.doGet": 2,
    "com.coveros.training.library.LibraryBorrowerListSearchServlet.listAllBorrowers": 2,
    "com.coveros.training.library.LibraryBorrowerListSearchServlet.searchById": 2,
    "com.coveros.training.library.LibraryBorrowerListSearchServlet.searchByName": 2,
    "com.coveros.training.library.LibraryLendServlet": 0,
    "com.coveros.training.library.LibraryLendServlet.<clinit>": 0,
    "com.coveros.training.library.LibraryLendServlet.doPost": 2,
    "com.coveros.training.library.LibraryLendServlet.getDateNow": 2,
    "com.coveros.training.library.LibraryRegisterBookServlet": 4,
    "com.coveros.training.library.LibraryRegisterBookServlet.<clinit>": 2,
    "com.coveros.training.library.LibraryRegisterBookServlet.doPost": 2,
    "com.coveros.training.library.LibraryRegisterBorrowerServlet": 2,
    "com.coveros.training.library.LibraryRegisterBorrowerServlet.<clinit>": 2,
    "com.coveros.training.library.LibraryRegisterBorrowerServlet.doPost": 2,
    "com.coveros.training.library.LibraryUtils": 2,
    "com.coveros.training.library.LibraryUtils.<init>": 2,
    "com.coveros.training.library.LibraryUtils.createLoan": 2,
    "com.coveros.training.library.LibraryUtils.lendBook": 2,
    "com.coveros.training.library.LibraryUtils.listAllBooks": 3,
    "com.coveros.training.library.LibraryUtils.listAllBorrowers": 2,
    "com.coveros.training.library.LibraryUtils.listAvailableBooks": 2,
    "com.coveros.training.library.LibraryUtils.registerBook": 2,
    "com.coveros.training.library.LibraryUtils.registerBorrower": 2,
    "com.coveros.training.library.LibraryUtils.saveNewBook": 2,
    "com.coveros.training.library.LibraryUtils.saveNewBorrower": 2,
    "com.coveros.training.library.LibraryUtils.searchForBookById": 3,
    "com.coveros.training.library.LibraryUtils.searchForBookByTitle": 2,
    "com.coveros.training.library.LibraryUtils.searchForBorrowerById": 4,
    "com.coveros.training.library.LibraryUtils.searchForBorrowerByName": 4,
    "com.coveros.training.library.LibraryUtils.searchForLoanByBook": 2,
    "com.coveros.training.library.domainobjects.Book": 2,
    "com.coveros.training.library.domainobjects.Book.createEmpty": 2,
    "com.coveros.training.library.domainobjects.Borrower": 2,
    "com.coveros.training.library.domainobjects.Borrower.createEmpty": 2,
    "com.coveros.training.library.domainobjects.Loan": 0,
    "com.coveros.training.library.domainobjects.Loan.createEmpty": 4,
    "com.coveros.training.mathematics.AckServlet": 0,
    "com.coveros.training.mathematics.AckServlet.doPost": 3,
    "com.coveros.training.mathematics.AckServlet.forwardToResult": 2,
    "com.coveros.training.mathematics.AckServlet.putNumberInRequest": 0,
    "com.coveros.training.mathematics.AckServlet.regularRecursive": 3,
    "com.coveros.training.mathematics.AckServlet.tailRecursive": 3,
    "com.coveros.training.mathematics.Ackermann": 3,
    "com.coveros.training.mathematics.Ackermann.ack": 3,
    "com.coveros.training.mathematics.Ackermann.calculate": 0,
    "com.coveros.training.mathematics.AckermannIterative": 3,
    "com.coveros.training.mathematics.AckermannIterative$$": 0,
    "com.coveros.training.mathematics.AckermannIterative$$.<clinit>": 1,
    "com.coveros.training.mathematics.AckermannIterative$$.main": 3,
    "com.coveros.training.mathematics.AckermannIterative.calculate": 0,
    "com.coveros.training.mathematics.Calculator": 4,
    "com.coveros.training.mathematics.Calculator.add": 4,
    "com.coveros.training.mathematics.FibServlet": 2,
    "com.coveros.training.mathematics.FibServlet.defaultRecursiveCalculation": 1,
    "com.coveros.training.mathematics.FibServlet.doPost": 2,
    "com.coveros.training.mathematics.FibServlet.forwardToResult": 2,
    "com.coveros.training.mathematics.FibServlet.putNumberInRequest": 2,
    "com.coveros.training.mathematics.FibServlet.tailRecursiveAlgo1Calc": 3,
    "com.coveros.training.mathematics.FibServlet.tailRecursiveAlgo2Calc": 3,
    "com.coveros.training.mathematics.Fibonacci": 1,
    "com.coveros.training.mathematics.Fibonacci.calculate": 2,
    "com.coveros.training.mathematics.FibonacciIterative": 3,
    "com.coveros.training.mathematics.FibonacciIterative.fibAlgo1": 2,
    "com.coveros.training.mathematics.FibonacciIterative.fibAlgo2": 2,
    "com.coveros.training.mathematics.MathServlet": 4,
    "com.coveros.training.mathematics.MathServlet.doPost": 4,
    "com.coveros.training.mathematics.MathServlet.forwardToResult": 2,
    "com.coveros.training.mathematics.MathServlet.putNumberInRequest": 4,
    "com.coveros.training.mathematics.MathServlet.setResultToSum": 4,
    "com.coveros.training.mathematics.TailRecursive": 1,
    "com.coveros.training.mathematics.TailRecursive.tailie": 0,
    "com.coveros.training.persistence.DbServlet": 3,
    "com.coveros.training.persistence.DbServlet.<init>": 2,
    "com.coveros.training.persistence.DbServlet.doGet": 2,
    "com.coveros.training.persistence.ParameterObject": 2,
    "com.coveros.training.persistence.PersistenceLayer": 2,
    "com.coveros.training.persistence.PersistenceLayer.<init>": 2,
    "com.coveros.training.persistence.PersistenceLayer.areCredentialsValid": 2,
    "com.coveros.training.persistence.PersistenceLayer.bytesToHex": 2,
    "com.coveros.training.persistence.PersistenceLayer.cleanAndMigrateDatabase": 2,
    "com.coveros.training.persistence.PersistenceLayer.cleanDatabase": 2,
    "com.coveros.training.persistence.PersistenceLayer.createExtractor": 2,
    "com.coveros.training.persistence.PersistenceLayer.createHashedValueFromPassword": 2,
    "com.coveros.training.persistence.PersistenceLayer.createLoan": 2,
    "com.coveros.training.persistence.PersistenceLayer.executeInsertOnPreparedStatement": 2,
    "com.coveros.training.persistence.PersistenceLayer.executeInsertTemplate": 2,
    "com.coveros.training.persistence.PersistenceLayer.executeUpdateOnPreparedStatement": 2,
    "com.coveros.training.persistence.PersistenceLayer.executeUpdateTemplate": 2,
    "com.coveros.training.persistence.PersistenceLayer.listAllBooks": 3,
    "com.coveros.training.persistence.PersistenceLayer.listAllBorrowers": 2,
    "com.coveros.training.persistence.PersistenceLayer.listAvailableBooks": 2,
    "com.coveros.training.persistence.PersistenceLayer.listBooks": 2,
    "com.coveros.training.persistence.PersistenceLayer.migrateDatabase": 2,
    "com.coveros.training.persistence.PersistenceLayer.prepareStatementWithKeys": 2,
    "com.coveros.training.persistence.PersistenceLayer.runQuery": 2,
    "com.coveros.training.persistence.PersistenceLayer.saveNewBook": 2,
    "com.coveros.training.persistence.PersistenceLayer.saveNewBorrower": 2,
    "com.coveros.training.persistence.PersistenceLayer.saveNewUser": 2,
    "com.coveros.training.persistence.PersistenceLayer.searchBooksById": 2,
    "com.coveros.training.persistence.PersistenceLayer.searchBooksByTitle": 2,
    "com.coveros.training.persistence.PersistenceLayer.searchBorrowerDataByName": 2,
    "com.coveros.training.persistence.PersistenceLayer.searchBorrowersById": 2,
    "com.coveros.training.persistence.PersistenceLayer.searchForLoanByBook": 2,
    "com.coveros.training.persistence.PersistenceLayer.searchForUserByName": 2,
    "com.coveros.training.persistence.PersistenceLayer.throwingFunctionWrapper": 2,
    "com.coveros.training.persistence.PersistenceLayer.updateUserWithPassword": 2,
    "com.coveros.training.persistence.SqlData": 2,
    "com.coveros.training.persistence.SqlData.<init>": 2,
    "com.coveros.training.persistence.SqlData.addParameter": 2,
    "com.coveros.training.persistence.SqlData.applyParametersToPreparedStatement": 2,
    "com.coveros.training.persistence.SqlData.generateParams": 2,
    "com.coveros.training.persistence.SqlRuntimeException": 2,
    "com.coveros.training.tomcat.WebAppListener": 1,
    "com.coveros.training.tomcat.WebAppListener.<init>": 1,
    "com.coveros.training.tomcat.WebAppListener.contextInitialized": 2,
    "me.gosimple.nbvcxz.Nbvcxz": 3
}