<?xml version="1.0" encoding="utf-8"?>
<ApplicationInsights xmlns="http://schemas.microsoft.com/ApplicationInsights/2013/Settings" schemaVersion="2014-05-30">
    <!--
      Learn more about Application Insights configuration with ApplicationInsights.config here:
      http://go.microsoft.com/fwlink/?LinkID=513840
    -->
    <InstrumentationKey></InstrumentationKey>
    <TelemetryModules>
        <Add type="com.microsoft.applicationinsights.web.extensibility.modules.WebRequestTrackingTelemetryModule"/>
        <Add type="com.microsoft.applicationinsights.web.extensibility.modules.WebSessionTrackingTelemetryModule"/>
        <Add type="com.microsoft.applicationinsights.web.extensibility.modules.WebUserTrackingTelemetryModule"/>
    </TelemetryModules>
    <ContextInitializers>
    </ContextInitializers>
    <TelemetryInitializers>
        <Add type="com.microsoft.applicationinsights.web.extensibility.initializers.WebOperationIdTelemetryInitializer"/>
        <Add type="com.microsoft.applicationinsights.web.extensibility.initializers.WebOperationNameTelemetryInitializer"/>
        <Add type="com.microsoft.applicationinsights.web.extensibility.initializers.WebSessionTelemetryInitializer"/>
        <Add type="com.microsoft.applicationinsights.web.extensibility.initializers.WebUserTelemetryInitializer"/>
        <Add type="com.microsoft.applicationinsights.web.extensibility.initializers.WebUserAgentTelemetryInitializer"/>
    </TelemetryInitializers>
    <TelemetryChannel>
        <DeveloperMode>true</DeveloperMode>
    </TelemetryChannel>
    <Channel>
        <!--<Type>com.microsoft.applicationinsights.channel.StdOutChannel</Type>-->
        <!--<EndpointAddress>http://localhost:8888/v2/track</EndpointAddress>-->
    </Channel>
</ApplicationInsights>