,method,stmtLineNumber,stmt
0,<de.ecspride.PrivateDateLeakage: void onRestart()>,-1,$r1 = virtualinvoke r0.<de.ecspride.PrivateDateLeakage: android.view.View findViewById(int)>(2131165185)
1,<de.ecspride.PrivateDateLeakage: void onRestart()>,-1,r3 = (android.widget.EditText) $r1
2,<de.ecspride.PrivateDateLeakage: void onRestart()>,-1,$r5 = virtualinvoke r3.<android.widget.EditText: android.text.Editable getText()>()
3,<de.ecspride.PrivateDateLeakage: void onRestart()>,-1,$r6 = interfaceinvoke $r5.<android.text.Editable: java.lang.String toString()>()
4,<de.ecspride.PrivateDateLeakage: void onRestart()>,-1,"specialinvoke $r7.<de.ecspride.data.User: void <init>(java.lang.String,java.lang.String)>($r4, $r6)"
5,"<de.ecspride.data.User: void <init>(java.lang.String,java.lang.String)>",-1,specialinvoke $r3.<de.ecspride.data.Password: void <init>(java.lang.String)>($r2)
6,<de.ecspride.data.Password: void <init>(java.lang.String)>,-1,r0.<de.ecspride.data.Password: java.lang.String password> = $r1
7,<de.ecspride.data.Password: void <init>(java.lang.String)>,-1,return
8,"<de.ecspride.data.User: void <init>(java.lang.String,java.lang.String)>",-1,r0.<de.ecspride.data.User: de.ecspride.data.Password pwd> = $r3
9,"<de.ecspride.data.User: void <init>(java.lang.String,java.lang.String)>",-1,return
10,<de.ecspride.PrivateDateLeakage: void onRestart()>,-1,r0.<de.ecspride.PrivateDateLeakage: de.ecspride.data.User user> = $r7
11,<de.ecspride.PrivateDateLeakage: void onRestart()>,-1,return
12,<dummyMainClass: de.ecspride.PrivateDateLeakage dummyMainMethod_de_ecspride_PrivateDateLeakage(android.content.Intent)>,-1,virtualinvoke $r0.<de.ecspride.PrivateDateLeakage: void sendMessage(android.view.View)>(null)
13,<de.ecspride.PrivateDateLeakage: void sendMessage(android.view.View)>,-1,$r3 = specialinvoke r0.<de.ecspride.PrivateDateLeakage: java.lang.String getPassword()>()
14,<de.ecspride.PrivateDateLeakage: java.lang.String getPassword()>,-1,$r1 = r0.<de.ecspride.PrivateDateLeakage: de.ecspride.data.User user>
15,<de.ecspride.PrivateDateLeakage: java.lang.String getPassword()>,-1,$r2 = virtualinvoke $r1.<de.ecspride.data.User: de.ecspride.data.Password getPwd()>()
16,<de.ecspride.data.User: de.ecspride.data.Password getPwd()>,-1,r1 = r0.<de.ecspride.data.User: de.ecspride.data.Password pwd>
17,<de.ecspride.data.User: de.ecspride.data.Password getPwd()>,-1,return r1
18,<de.ecspride.PrivateDateLeakage: java.lang.String getPassword()>,-1,$r3 = virtualinvoke $r2.<de.ecspride.data.Password: java.lang.String getPassword()>()
19,<de.ecspride.data.Password: java.lang.String getPassword()>,-1,r1 = r0.<de.ecspride.data.Password: java.lang.String password>
20,<de.ecspride.data.Password: java.lang.String getPassword()>,-1,return r1
21,<de.ecspride.PrivateDateLeakage: java.lang.String getPassword()>,-1,return $r3
22,<de.ecspride.PrivateDateLeakage: void sendMessage(android.view.View)>,-1,$r5 = virtualinvoke $r3.<java.lang.String: char[] toCharArray()>()
23,<de.ecspride.PrivateDateLeakage: void sendMessage(android.view.View)>,-1,c0 = $r5[$i2]
24,<de.ecspride.PrivateDateLeakage: void sendMessage(android.view.View)>,-1,$r6 = virtualinvoke $r6.<java.lang.StringBuilder: java.lang.StringBuilder append(char)>(c0)
25,<de.ecspride.PrivateDateLeakage: void sendMessage(android.view.View)>,-1,r4 = virtualinvoke $r6.<java.lang.StringBuilder: java.lang.String toString()>()
26,<de.ecspride.PrivateDateLeakage: void sendMessage(android.view.View)>,-1,$r6 = virtualinvoke $r6.<java.lang.StringBuilder: java.lang.StringBuilder append(java.lang.String)>(r4)
27,<de.ecspride.PrivateDateLeakage: void sendMessage(android.view.View)>,-1,r4 = virtualinvoke $r6.<java.lang.StringBuilder: java.lang.String toString()>()
28,<de.ecspride.PrivateDateLeakage: void sendMessage(android.view.View)>,-1,"virtualinvoke $r7.<android.telephony.SmsManager: void sendTextMessage(java.lang.String,java.lang.String,java.lang.String,android.app.PendingIntent,android.app.PendingIntent)>(""+49 1234"", null, r4, null, null)"
