partitionID,className,classID
0,MongoOrderRepository.java,src/Backend/OrderService/src/main/java/smpl/ordering/repositories/mongodb/MongoOrderRepository.java
0,Main.java,src/Backend/IntegrationService/src/main/java/integration/Main.java
0,OrderUpdateInfo.java,src/Backend/OrderService/src/main/java/smpl/ordering/models/OrderUpdateInfo.java
0,OrderEventInfo.java,src/Backend/OrderService/src/main/java/smpl/ordering/models/OrderEventInfo.java
0,ShipmentEventInfo.java,src/Backend/IntegrationService/src/main/java/integration/models/mrp/ShipmentEventInfo.java
0,ShipmentEventInfo.java,src/Backend/OrderService/src/main/java/smpl/ordering/models/ShipmentEventInfo.java
0,OrderStatus.java,src/Backend/OrderService/src/main/java/smpl/ordering/models/OrderStatus.java
1,QuoteItemInfo.java,src/Backend/IntegrationService/src/main/java/integration/models/mrp/QuoteItemInfo.java
1,ProductItem.java,src/Backend/IntegrationService/src/main/java/integration/models/website/ProductItem.java
1,CatalogItem.java,src/Backend/OrderService/src/main/java/smpl/ordering/models/CatalogItem.java
1,CatalogItem.java,src/Backend/OrderService/src/main/java/smpl/ordering/repositories/mongodb/models/CatalogItem.java
1,CatalogItem.java,src/Backend/IntegrationService/src/main/java/integration/models/mrp/CatalogItem.java
1,OrderItem.java,src/Backend/IntegrationService/src/main/java/integration/models/website/OrderItem.java
1,PhoneInfo.java,src/Backend/IntegrationService/src/main/java/integration/models/mrp/PhoneInfo.java
1,PhoneInfo.java,src/Backend/OrderService/src/main/java/smpl/ordering/models/PhoneInfo.java
1,QuoteItemInfo.java,src/Backend/OrderService/src/main/java/smpl/ordering/models/QuoteItemInfo.java
2,MockQuoteRepository.java,src/Backend/OrderService/src/main/java/smpl/ordering/repositories/mock/MockQuoteRepository.java
2,QuoteController.java,src/Backend/OrderService/src/main/java/smpl/ordering/controllers/QuoteController.java
2,QuoteRepositoryTest.java,src/Backend/OrderService/src/test/java/smpl/ordering/repositories/QuoteRepositoryTest.java
2,QuoteControllerTest.java,src/Backend/OrderService/src/test/java/smpl/ordering/controllers/QuoteControllerTest.java
3,PostgresqlProperties.java,src/Backend/OrderService/src/main/java/smpl/ordering/PostgresqlProperties.java
3,MongoOperationsWithRetry.java,src/Backend/OrderService/src/main/java/smpl/ordering/repositories/mongodb/MongoOperationsWithRetry.java
4,MongoShipmentRepositoryTest.java,src/Backend/OrderService/src/test/java/smpl/ordering/repositories/mongodb/test/MongoShipmentRepositoryTest.java
4,IntegrationTests.java,src/Backend/OrderService/src/test/java/smpl/ordering/repositories/mongodb/test/IntegrationTests.java
4,default.rb,Labfiles/AZ-400T05-ImplemntgAppInfra/Labfiles/M04/DeployusingChef/final/default.rb
4,default.rb,Labfiles/DevOps200.2x-InfrastructureasCode/DeployusingChef/final/default.rb
4,TestPath.java,src/Backend/OrderService/src/main/java/smpl/ordering/TestPath.java
4,MockShipmentRepositoryTest.java,src/Backend/OrderService/src/test/java/smpl/ordering/repositories/mock/test/MockShipmentRepositoryTest.java
5,ConflictingRequestException.java,src/Backend/OrderService/src/main/java/smpl/ordering/ConflictingRequestException.java
5,BadRequestException.java,src/Backend/OrderService/src/main/java/smpl/ordering/BadRequestException.java
6,MongoQuoteRepositoryTest.java,src/Backend/OrderService/src/test/java/smpl/ordering/repositories/mongodb/test/MongoQuoteRepositoryTest.java
6,MongoOrderRepositoryTest.java,src/Backend/OrderService/src/test/java/smpl/ordering/repositories/mongodb/test/MongoOrderRepositoryTest.java
6,MockOrderRepositoryTest.java,src/Backend/OrderService/src/test/java/smpl/ordering/repositories/mock/test/MockOrderRepositoryTest.java
6,MockQuoteRepositoryTest.java,src/Backend/OrderService/src/test/java/smpl/ordering/repositories/mock/test/MockQuoteRepositoryTest.java
7,locustfile.py,Labfiles/DevOps200.1x-PracticesandPrinciples/Mod04/load_testing_locust-master/locustfile.py
7,app.py,Labfiles/DevOps200.1x-PracticesandPrinciples/Mod04/load_testing_locust-master/app/app.py
8,CatalogControllerTest.java,src/Backend/OrderService/src/test/java/smpl/ordering/controllers/CatalogControllerTest.java
8,CatalogItemsRepositoryTest.java,src/Backend/OrderService/src/test/java/smpl/ordering/repositories/CatalogItemsRepositoryTest.java
9,OrderMessage.java,src/Backend/IntegrationService/src/main/java/integration/models/website/OrderMessage.java
9,AppInsightsFilter.java,src/Backend/OrderService/src/main/java/smpl/ordering/AppInsightsFilter.java
9,DeliveryAddress.java,src/Backend/IntegrationService/src/main/java/integration/models/mrp/DeliveryAddress.java
9,DeliveryAddress.java,src/Backend/OrderService/src/main/java/smpl/ordering/models/DeliveryAddress.java
9,Quote.java,src/Backend/IntegrationService/src/main/java/integration/models/mrp/Quote.java
9,Quote.java,src/Backend/OrderService/src/main/java/smpl/ordering/models/Quote.java
9,QuoteDetails.java,src/Backend/OrderService/src/main/java/smpl/ordering/repositories/mongodb/models/QuoteDetails.java
10,MockDealersRepository.java,src/Backend/OrderService/src/main/java/smpl/ordering/repositories/mock/MockDealersRepository.java
10,DealerController.java,src/Backend/OrderService/src/main/java/smpl/ordering/controllers/DealerController.java
10,DealersRepositoryTest.java,src/Backend/OrderService/src/test/java/smpl/ordering/repositories/DealersRepositoryTest.java
10,DealerControllerTest.java,src/Backend/OrderService/src/test/java/smpl/ordering/controllers/DealerControllerTest.java
10,OrderControllerTest.java,src/Backend/OrderService/src/test/java/smpl/ordering/controllers/OrderControllerTest.java
10,OrderRepositoryTest.java,src/Backend/OrderService/src/test/java/smpl/ordering/repositories/OrderRepositoryTest.java
10,Dealer.java,src/Backend/OrderService/src/main/java/smpl/ordering/repositories/mongodb/models/Dealer.java
10,DealerInfo.java,src/Backend/OrderService/src/main/java/smpl/ordering/models/DealerInfo.java
10,DealersRepository.java,src/Backend/OrderService/src/main/java/smpl/ordering/repositories/DealersRepository.java
10,MongoDealersRepository.java,src/Backend/OrderService/src/main/java/smpl/ordering/repositories/mongodb/MongoDealersRepository.java
11,OrderingConfiguration.java,src/Backend/OrderService/src/main/java/smpl/ordering/OrderingConfiguration.java
11,MongoDBProperties.java,src/Backend/OrderService/src/main/java/smpl/ordering/MongoDBProperties.java
11,PingController.java,src/Backend/OrderService/src/main/java/smpl/ordering/controllers/PingController.java
11,PropertyHelper.java,src/Backend/OrderService/src/main/java/smpl/ordering/PropertyHelper.java
11,ConfigurationHelpers.java,src/Backend/IntegrationService/src/main/java/integration/infrastructure/ConfigurationHelpers.java
11,Utility.java,src/Backend/OrderService/src/main/java/smpl/ordering/Utility.java
11,UtilityTest.java,src/Backend/OrderService/src/test/java/smpl/ordering/UtilityTest.java
11,TestOrderingConfiguration.java,src/Backend/OrderService/src/test/java/smpl/ordering/TestOrderingConfiguration.java
12,UpdateProductProcessTask.java,src/Backend/IntegrationService/src/main/java/integration/scheduled/UpdateProductProcessTask.java
12,CreateOrderProcessTask.java,src/Backend/IntegrationService/src/main/java/integration/scheduled/CreateOrderProcessTask.java
12,QueueResponse.java,src/Backend/IntegrationService/src/main/java/integration/models/QueueResponse.java
12,OrderingServiceProperties.java,src/Backend/OrderService/src/main/java/smpl/ordering/OrderingServiceProperties.java
13,Order.java,src/Backend/OrderService/src/main/java/smpl/ordering/models/Order.java
13,OrderController.java,src/Backend/OrderService/src/main/java/smpl/ordering/controllers/OrderController.java
13,OrderDetails.java,src/Backend/OrderService/src/main/java/smpl/ordering/repositories/mongodb/models/OrderDetails.java
13,Order.java,src/Backend/IntegrationService/src/main/java/integration/models/mrp/Order.java
14,MockShipmentRepository.java,src/Backend/OrderService/src/main/java/smpl/ordering/repositories/mock/MockShipmentRepository.java
14,Delivery.java,src/Backend/OrderService/src/main/java/smpl/ordering/models/Delivery.java
14,ShipmentController.java,src/Backend/OrderService/src/main/java/smpl/ordering/controllers/ShipmentController.java
14,ShipmentRepositoryTest.java,src/Backend/OrderService/src/test/java/smpl/ordering/repositories/ShipmentRepositoryTest.java
14,MongoShipmentRepository.java,src/Backend/OrderService/src/main/java/smpl/ordering/repositories/mongodb/MongoShipmentRepository.java
14,ShipmentDetails.java,src/Backend/OrderService/src/main/java/smpl/ordering/repositories/mongodb/models/ShipmentDetails.java
14,ShipmentRecord.java,src/Backend/IntegrationService/src/main/java/integration/models/mrp/ShipmentRecord.java
14,ShipmentRecord.java,src/Backend/OrderService/src/main/java/smpl/ordering/models/ShipmentRecord.java
14,ShipmentRepository.java,src/Backend/OrderService/src/main/java/smpl/ordering/repositories/ShipmentRepository.java
15,MockCatalogItemsRepositoryTest.java,src/Backend/OrderService/src/test/java/smpl/ordering/repositories/mock/test/MockCatalogItemsRepositoryTest.java
15,MongoCatalogItemsRepositoryTest.java,src/Backend/OrderService/src/test/java/smpl/ordering/repositories/mongodb/test/MongoCatalogItemsRepositoryTest.java
16,ConfigurationRule.java,src/Backend/OrderService/src/test/java/smpl/ordering/ConfigurationRule.java
16,OrderingInitializer.java,src/Backend/OrderService/src/main/java/smpl/ordering/OrderingInitializer.java
