{
    "tool": {
        "decomposition": {
            "1": [
                {
                    "id": "ShipmentRecord.setOrderId"
                },
                {
                    "id": "ShipmentRecord.getPrimaryContactPhone"
                },
                {
                    "id": "ShipmentRecord.ShipmentRecord"
                },
                {
                    "id": "Quote.getTotalCost"
                },
                {
                    "id": "ShipmentRecord.setPrimaryContactPhone"
                },
                {
                    "id": "Quote.getDiscount"
                },
                {
                    "id": "Quote.getCustomerName"
                },
                {
                    "id": "Quote.equals"
                },
                {
                    "id": "Quote.getQuoteItems"
                },
                {
                    "id": "Quote.setPostalCode"
                },
                {
                    "id": "ShipmentRecord.setContactName"
                },
                {
                    "id": "ShipmentRecord.getDeliveryAddress"
                },
                {
                    "id": "ShipmentRecord.getAlternateContactPhone"
                },
                {
                    "id": "ShipmentRecord.setDeliveryDate"
                },
                {
                    "id": "Quote.setDiscount"
                },
                {
                    "id": "Quote.setTotalCost"
                },
                {
                    "id": "ShipmentRecord.setAlternateContactPhone"
                },
                {
                    "id": "Quote.getState"
                },
                {
                    "id": "ShipmentRecord.addEvent"
                },
                {
                    "id": "ShipmentRecord.setDeliveryAddress"
                },
                {
                    "id": "ShipmentRecord.validate"
                },
                {
                    "id": "Quote.Quote"
                },
                {
                    "id": "ShipmentRecord.getContactName"
                },
                {
                    "id": "Quote.getPostalCode"
                },
                {
                    "id": "Quote.getDealerName"
                },
                {
                    "id": "Quote.setCustomerName"
                },
                {
                    "id": "Quote.setValidUntil"
                },
                {
                    "id": "Quote.setState"
                },
                {
                    "id": "Quote.getCity"
                },
                {
                    "id": "Quote.setQuoteItems"
                },
                {
                    "id": "ShipmentRecord.getEvents"
                },
                {
                    "id": "Quote.setQuoteId"
                },
                {
                    "id": "Quote.setDealerName"
                },
                {
                    "id": "Quote.addQuoteItem"
                },
                {
                    "id": "Quote.getValidUntil"
                },
                {
                    "id": "Quote.validate"
                },
                {
                    "id": "ShipmentRecord.getOrderId"
                },
                {
                    "id": "Quote.getQuoteId"
                },
                {
                    "id": "Quote.setCity"
                },
                {
                    "id": "Quote.hashCode"
                },
                {
                    "id": "ShipmentRecord.getDeliveryDate"
                }
            ],
            "3": [
                {
                    "id": "PostgresqlProperties.setPassword"
                },
                {
                    "id": "PostgresqlProperties.getPassword"
                },
                {
                    "id": "QuoteController.QuoteController"
                },
                {
                    "id": "QuoteController.getQuoteById"
                },
                {
                    "id": "QuoteController.getRepository"
                },
                {
                    "id": "PostgresqlProperties.setUsername"
                },
                {
                    "id": "QuoteController.deleteQuote"
                },
                {
                    "id": "QuoteController.updateQuote"
                },
                {
                    "id": "PostgresqlProperties.getDriverClass"
                },
                {
                    "id": "PostgresqlProperties.getUrl"
                },
                {
                    "id": "PostgresqlProperties.getUsername"
                },
                {
                    "id": "PostgresqlProperties.setUrl"
                },
                {
                    "id": "QuoteController.createQuote"
                },
                {
                    "id": "PostgresqlProperties.setDriverClass"
                },
                {
                    "id": "QuoteController.getQuotesByCustomerName"
                },
                {
                    "id": "PostgresqlProperties.PostgresqlProperties"
                }
            ],
            "UNOBSERVED": [
                {
                    "id": "RepositoryFactory$Repositories.RepositoryFactory$Repositories"
                },
                {
                    "id": "OrderStatus[].clone"
                }
            ]
        }
    }
}