{
    "tool": {
        "decomposition": {
            "partition0": [
                {
                    "id": "AbstractActionBean"
                },
                {
                    "id": "CatalogActionBean"
                },
                {
                    "id": "CatalogService"
                },
                {
                    "id": "AccountActionBean"
                },
                {
                    "id": "Account"
                },
                {
                    "id": "Category"
                },
                {
                    "id": "Product"
                },
                {
                    "id": "OrderActionBean"
                },
                {
                    "id": "OrderService"
                },
                {
                    "id": "Order"
                },
                {
                    "id": "LineItem"
                },
                {
                    "id": "CartActionBean"
                },
                {
                    "id": "Cart"
                },
                {
                    "id": "Item"
                },
                {
                    "id": "AccountService"
                },
                {
                    "id": "CartItem"
                }
            ],
            "partition1": [
                {
                    "id": "Sequence"
                }
            ]
        }
    }
}