{
    "MEM": {
        "decomposition": {
            "0": [
                {
                    "id": "Cart"
                },
                {
                    "id": "SequenceMapperTest"
                },
                {
                    "id": "CartActionBean"
                }
            ],
            "1": [
                {
                    "id": "CatalogActionBean"
                },
                {
                    "id": "Category"
                }
            ],
            "2": [
                {
                    "id": "LineItem"
                },
                {
                    "id": "MapperTestContext"
                },
                {
                    "id": "CartTest"
                },
                {
                    "id": "CatalogService"
                },
                {
                    "id": "ScreenTransitionIT"
                },
                {
                    "id": "AccountService"
                },
                {
                    "id": "AccountActionBean"
                },
                {
                    "id": "AbstractActionBean"
                },
                {
                    "id": "AccountServiceTest"
                }
            ],
            "3": [
                {
                    "id": "Item"
                },
                {
                    "id": "CategoryMapper"
                },
                {
                    "id": "SequenceMapper"
                },
                {
                    "id": "AccountMapper"
                },
                {
                    "id": "OrderServiceTest"
                },
                {
                    "id": "OrderActionBean"
                }
            ],
            "4": [
                {
                    "id": "CatalogActionBeanTest"
                },
                {
                    "id": "OrderMapperTest"
                },
                {
                    "id": "OrderActionBeanTest"
                },
                {
                    "id": "AccountActionBeanTest"
                }
            ],
            "5": [
                {
                    "id": "LineItemMapper"
                },
                {
                    "id": "Account"
                }
            ],
            "6": [
                {
                    "id": "LineItemMapperTest"
                },
                {
                    "id": "ProductMapperTest"
                }
            ]
        }
    }
}