partitionID,className,classID
0,Cart.java,src/main/java/org/mybatis/jpetstore/domain/Cart.java
0,SequenceMapperTest.java,src/test/java/org/mybatis/jpetstore/mapper/SequenceMapperTest.java
0,CartActionBean.java,src/main/java/org/mybatis/jpetstore/web/actions/CartActionBean.java
1,CatalogActionBean.java,src/main/java/org/mybatis/jpetstore/web/actions/CatalogActionBean.java
1,Category.java,src/main/java/org/mybatis/jpetstore/domain/Category.java
2,LineItem.java,src/main/java/org/mybatis/jpetstore/domain/LineItem.java
2,MapperTestContext.java,src/test/java/org/mybatis/jpetstore/mapper/MapperTestContext.java
2,CartTest.java,src/test/java/org/mybatis/jpetstore/domain/CartTest.java
2,CatalogService.java,src/main/java/org/mybatis/jpetstore/service/CatalogService.java
2,ScreenTransitionIT.java,src/test/java/org/mybatis/jpetstore/ScreenTransitionIT.java
2,AccountService.java,src/main/java/org/mybatis/jpetstore/service/AccountService.java
2,AccountActionBean.java,src/main/java/org/mybatis/jpetstore/web/actions/AccountActionBean.java
2,AbstractActionBean.java,src/main/java/org/mybatis/jpetstore/web/actions/AbstractActionBean.java
2,AccountServiceTest.java,src/test/java/org/mybatis/jpetstore/service/AccountServiceTest.java
3,Item.java,src/main/java/org/mybatis/jpetstore/domain/Item.java
3,CategoryMapper.java,src/main/java/org/mybatis/jpetstore/mapper/CategoryMapper.java
3,SequenceMapper.java,src/main/java/org/mybatis/jpetstore/mapper/SequenceMapper.java
3,AccountMapper.java,src/main/java/org/mybatis/jpetstore/mapper/AccountMapper.java
3,OrderServiceTest.java,src/test/java/org/mybatis/jpetstore/service/OrderServiceTest.java
3,OrderActionBean.java,src/main/java/org/mybatis/jpetstore/web/actions/OrderActionBean.java
4,CatalogActionBeanTest.java,src/test/java/org/mybatis/jpetstore/web/actions/CatalogActionBeanTest.java
4,OrderMapperTest.java,src/test/java/org/mybatis/jpetstore/mapper/OrderMapperTest.java
4,OrderActionBeanTest.java,src/test/java/org/mybatis/jpetstore/web/actions/OrderActionBeanTest.java
4,AccountActionBeanTest.java,src/test/java/org/mybatis/jpetstore/web/actions/AccountActionBeanTest.java
5,LineItemMapper.java,src/main/java/org/mybatis/jpetstore/mapper/LineItemMapper.java
5,Account.java,src/main/java/org/mybatis/jpetstore/domain/Account.java
6,LineItemMapperTest.java,src/test/java/org/mybatis/jpetstore/mapper/LineItemMapperTest.java
6,ProductMapperTest.java,src/test/java/org/mybatis/jpetstore/mapper/ProductMapperTest.java
