,method,stmtLineNumber,stmt
0,<edu.mit.to_string.MainActivity: void onCreate(android.os.Bundle)>,-1,$r5 = virtualinvoke r4.<android.telephony.TelephonyManager: java.lang.String getDeviceId()>()
1,<edu.mit.to_string.MainActivity: void onCreate(android.os.Bundle)>,-1,r2[1] = $r5
2,<edu.mit.to_string.MainActivity: void onCreate(android.os.Bundle)>,-1,$r5 = staticinvoke <java.util.Arrays: java.lang.String toString(java.lang.Object[])>(r2)
3,<edu.mit.to_string.MainActivity: void onCreate(android.os.Bundle)>,-1,"staticinvoke <android.util.Log: int i(java.lang.String,java.lang.String)>(""DroidBench"", $r5)"
