{"tool": {"decomposition": {"4": [{"id": "RegisterServlet"}, {"id": "RegistrationUtils"}, {"id": "PasswordResult"}, {"id": "RegistrationResult"}], "3": [{"id": "StringUtils"}, {"id": "ServletUtils"}, {"id": "LibraryBookListAvailableServlet"}, {"id": "LibraryUtils"}, {"id": "PersistenceLayer"}, {"id": "SqlData"}, {"id": "LibraryBookListSearchServlet"}, {"id": "Book"}, {"id": "CheckUtils"}, {"id": "ParameterObject"}, {"id": "LibraryBorrowerListSearchServlet"}, {"id": "Borrower"}, {"id": "LibraryLendServlet"}, {"id": "Loan"}, {"id": "DbServlet"}, {"id": "LibraryRegisterBorrowerServlet"}, {"id": "LoginServlet"}, {"id": "LibraryRegisterBookServlet"}, {"id": "LoginUtils"}], "1": [{"id": "FibServlet"}, {"id": "FibonacciIterative"}, {"id": "Fibonacci"}], "2": [{"id": "MathServlet"}, {"id": "Calculator"}, {"id": "AckServlet"}, {"id": "Ackermann"}], "0": [{"id": "WebAppListener"}, {"id": "AlcoholResult"}, {"id": "DinnerPrices"}, {"id": "AlcoholCalculator"}, {"id": "CartesianProduct"}, {"id": "SqlRuntimeException"}, {"id": "EmptyDataSource"}, {"id": "NotImplementedException"}, {"id": "User"}, {"id": "AssertionException"}]}}}