{"onCreate(Landroid\/os\/Bundle;)V":{"1":"    invoke-super {p0, p1}, Landroid\/app\/Activity;->onCreate(Landroid\/os\/Bundle;)V","2":"    const p1, 0x7f09001b","3":"    invoke-virtual {p0, p1}, Lde\/ecspride\/MainActivity;->setContentView(I)V","4":"    const-string p1, \"android.permission.READ_PHONE_STATE\"","5":"    const-string v0, \"android.permission.SEND_SMS\"","6":"    filled-new-array {p1, v0}, [Ljava\/lang\/String;","7":"    move-result-object p1","8":"    const\/4 v0, 0x0","9":"    invoke-static {p0, p1, v0}, Landroid\/support\/v4\/app\/ActivityCompat;->requestPermissions(Landroid\/app\/Activity;[Ljava\/lang\/String;I)V","10":"    const p1, 0x7f070075","11":"    invoke-virtual {p0, p1}, Lde\/ecspride\/MainActivity;->findViewById(I)Landroid\/view\/View;","12":"    move-result-object p1","13":"    check-cast p1, Landroid\/widget\/Button;","14":"    new-instance v0, Lde\/ecspride\/MainActivity$1;","15":"    invoke-direct {v0, p0}, Lde\/ecspride\/MainActivity$1;-><init>(Lde\/ecspride\/MainActivity;)V","16":"    invoke-virtual {p1, v0}, Landroid\/widget\/Button;->setOnClickListener(Landroid\/view\/View$OnClickListener;)V","17":"    return-void"},"<init>()V":{"1":"    invoke-direct {p0}, Landroid\/app\/Activity;-><init>()V","2":"    return-void"},"onOptionsItemSelected(Landroid\/view\/MenuItem;)Z":{"1":"    invoke-interface {p1}, Landroid\/view\/MenuItem;->getItemId()I","2":"    move-result v0","3":"    const v1, 0x7f070017","4":"    if-ne v0, v1, :cond_b","5":"    const\/4 p1, 0x1","6":"    return p1","7":"    invoke-super {p0, p1}, Landroid\/app\/Activity;->onOptionsItemSelected(Landroid\/view\/MenuItem;)Z","8":"    move-result p1","9":"    return p1"},"aliasFlowTest()V":{"1":"    const-string v0, \"phone\"","2":"    invoke-virtual {p0, v0}, Lde\/ecspride\/MainActivity;->getSystemService(Ljava\/lang\/String;)Ljava\/lang\/Object;","3":"    move-result-object v0","4":"    check-cast v0, Landroid\/telephony\/TelephonyManager;","5":"    invoke-virtual {v0}, Landroid\/telephony\/TelephonyManager;->getDeviceId()Ljava\/lang\/String;","6":"    move-result-object v0","7":"    new-instance v1, Lde\/ecspride\/MainActivity$A;","8":"    invoke-direct {v1, p0}, Lde\/ecspride\/MainActivity$A;-><init>(Lde\/ecspride\/MainActivity;)V","9":"    new-instance v2, Lde\/ecspride\/MainActivity$B;","10":"    invoke-direct {v2, p0}, Lde\/ecspride\/MainActivity$B;-><init>(Lde\/ecspride\/MainActivity;)V","11":"    iput-object v1, v2, Lde\/ecspride\/MainActivity$B;->attr:Lde\/ecspride\/MainActivity$A;","12":"    iput-object v0, v1, Lde\/ecspride\/MainActivity$A;->b:Ljava\/lang\/String;","13":"    iget-object v0, v2, Lde\/ecspride\/MainActivity$B;->attr:Lde\/ecspride\/MainActivity$A;","14":"    invoke-static {}, Landroid\/telephony\/SmsManager;->getDefault()Landroid\/telephony\/SmsManager;","15":"    move-result-object v1","16":"    iget-object v4, v0, Lde\/ecspride\/MainActivity$A;->b:Ljava\/lang\/String;","17":"    const-string v2, \"+49 1234\"","18":"    const\/4 v3, 0x0","19":"    const\/4 v5, 0x0","20":"    const\/4 v6, 0x0","21":"    invoke-virtual\/range {v1 .. v6}, Landroid\/telephony\/SmsManager;->sendTextMessage(Ljava\/lang\/String;Ljava\/lang\/String;Ljava\/lang\/String;Landroid\/app\/PendingIntent;Landroid\/app\/PendingIntent;)V","22":"    return-void"},"onCreateOptionsMenu(Landroid\/view\/Menu;)Z":{"1":"    invoke-virtual {p0}, Lde\/ecspride\/MainActivity;->getMenuInflater()Landroid\/view\/MenuInflater;","2":"    move-result-object v0","3":"    const\/high16 v1, 0x7f0a0000","4":"    invoke-virtual {v0, v1, p1}, Landroid\/view\/MenuInflater;->inflate(ILandroid\/view\/Menu;)V","5":"    const\/4 p1, 0x1","6":"    return p1"},"access$000(Lde\/ecspride\/MainActivity;)V":{"1":"    invoke-direct {p0}, Lde\/ecspride\/MainActivity;->aliasFlowTest()V","2":"    return-void"}}