,method,stmtLineNumber,stmt
0,<de.ecspride.Button4: void onCreate(android.os.Bundle)>,-1,$r4 = virtualinvoke r3.<android.telephony.TelephonyManager: java.lang.String getDeviceId()>()
1,<de.ecspride.Button4: void onCreate(android.os.Bundle)>,-1,<de.ecspride.Button4: java.lang.String imei> = $r4
2,<de.ecspride.Button4: void onCreate(android.os.Bundle)>,-1,return
3,<dummyMainClass: de.ecspride.Button4 dummyMainMethod_de_ecspride_Button4(android.content.Intent)>,-1,virtualinvoke $r0.<de.ecspride.Button4: void sendMessage(android.view.View)>(null)
4,<de.ecspride.Button4: void sendMessage(android.view.View)>,-1,$r2 = <de.ecspride.Button4: java.lang.String imei>
5,<de.ecspride.Button4: void sendMessage(android.view.View)>,-1,"virtualinvoke $r4.<android.telephony.SmsManager: void sendTextMessage(java.lang.String,java.lang.String,java.lang.String,android.app.PendingIntent,android.app.PendingIntent)>(""+49"", null, $r2, null, null)"
