,method,stmtLineNumber,stmt
0,<de.ecspride.ArrayAccess3: void onCreate(android.os.Bundle)>,-1,$r5 = virtualinvoke $r4.<android.telephony.TelephonyManager: java.lang.String getDeviceId()>()
1,<de.ecspride.ArrayAccess3: void onCreate(android.os.Bundle)>,-1,$r2[1] = $r5
2,<de.ecspride.ArrayAccess3: void onCreate(android.os.Bundle)>,-1,$r2 = <de.ecspride.ArrayAccess3: java.lang.String[] arrayData>
3,<de.ecspride.ArrayAccess3: void onCreate(android.os.Bundle)>,-1,$r2 = <de.ecspride.ArrayAccess3: java.lang.String[] arrayData>
4,<de.ecspride.ArrayAccess3: void onCreate(android.os.Bundle)>,-1,$r5 = $r2[1]
5,<de.ecspride.ArrayAccess3: void onCreate(android.os.Bundle)>,-1,"virtualinvoke $r6.<android.telephony.SmsManager: void sendTextMessage(java.lang.String,java.lang.String,java.lang.String,android.app.PendingIntent,android.app.PendingIntent)>(""+49 1234"", null, $r5, null, null)"
