{
    "$schema": "https://schema.management.azure.com/schemas/2015-01-01/deploymentTemplate.json#",
    "contentVersion": "1.0.0.0",
    "parameters": {},
    "variables": {},
    "resources": [
		{
			"comments": "Availability set",
			"type": "Microsoft.Compute/availabilitySets",
			"name": "myAvSet",
			"apiVersion": "2017-03-30",
			"location": "[resourceGroup().location]",
            "sku": {
                "name": "Aligned"
            },
            "properties": {
                "platformUpdateDomainCount": 5,
                "platformFaultDomainCount": 2
            }
		},
        {
            "comments": "Create a NSG",
            "type": "Microsoft.Network/networkSecurityGroups",
            "name": "myNsg",
            "apiVersion": "2017-06-01",
            "location": "[resourceGroup().location]",
            "properties": {
                "securityRules": [
                    {
                        "name": "default-allow-SSH",
                        "properties": {
                            "protocol": "Tcp",
                            "sourcePortRange": "*",
                            "destinationPortRange": "22",
                            "sourceAddressPrefix": "*",
                            "destinationAddressPrefix": "*",
                            "access": "Allow",
                            "priority": 100,
                            "direction": "Inbound"
                        }
                    }
                ]
            },
            "resources": [],
            "dependsOn": []
        },
        {
            "comments": "Create Network Interface Card, associated to the NSG and to the SLB",
            "type": "Microsoft.Network/networkInterfaces",
            "name": "myNic",
            "apiVersion": "2017-06-01",
            "location": "[resourceGroup().location]",
            "properties": {
                "ipConfigurations": [
                    {
                        "name": "myNic",
                        "properties": {
                            "privateIPAllocationMethod": "Dynamic",
                            "subnet": {
                                "id": "[concat(resourceId('Microsoft.Network/virtualNetworks', 'myVnet'), '/subnets/', 'subnet1')]"
                            },
                            "loadBalancerBackendAddressPools": [
                                {
                                    "id": "[concat(resourceId('Microsoft.Network/loadBalancers', 'mySlb'), '/backendAddressPools/', 'myBackendConfig')]"
                                }
                            ]
                        }
                    }
                ],
                "dnsSettings": {
                    "dnsServers": []
                },
                "enableIPForwarding": false,
                "networkSecurityGroup": {
                    "id": "[resourceId('Microsoft.Network/networkSecurityGroups', 'myNsg')]"
                }
            },
            "resources": [],
            "dependsOn": [
                "[resourceId('Microsoft.Network/virtualNetworks', 'myVnet')]",
                "[resourceId('Microsoft.Network/loadBalancers', 'mySlb')]",
                "[resourceId('Microsoft.Network/networkSecurityGroups', 'myNsg')]"
            ]
        },
        {
            "comments": "Create vnet with 2 subnets",
            "type": "Microsoft.Network/virtualNetworks",
            "name": "myVnet",
            "apiVersion": "2016-03-30",
            "location": "[resourceGroup().location]",
            "properties": {
                "addressSpace": {
                    "addressPrefixes": [
                        "10.123.0.0/16"
                    ]
                },
                "subnets": [
                    {
                        "name": "subnet1",
                        "properties": {
                            "addressPrefix": "10.123.1.0/24"
                        }
                    },
                    {
                        "name": "subnet2",
                        "properties": {
                            "addressPrefix": "10.123.2.0/24"
                        }
                    }
                ]
            },
            "resources": [],
            "dependsOn": []
        },
        {
            "comments": "Deploy VM",
            "type": "Microsoft.Compute/virtualMachines",
            "name": "mySecondVM",
            "apiVersion": "2017-03-30",
            "location": "[resourceGroup().location]",
            "properties": {
                "availabilitySet": {
                    "id": "[resourceId('Microsoft.Compute/availabilitySets', 'myAvSet')]"
                },
                "hardwareProfile": {
                    "vmSize": "Standard_A0"
                },
                "storageProfile": {
                    "imageReference": {
                        "publisher": "OpenLogic",
                        "offer": "CentOS",
                        "sku": "7.3",
                        "version": "latest"
                    },
                    "osDisk": {
                        "osType": "Linux",
                        "caching": "ReadWrite",
                        "name": "myOsDisk",
                        "createOption": "FromImage",
                        "managedDisk": {
                            "storageAccountType": "Standard_LRS"
                        }
                    },
                    "dataDisks": []
                },
                "osProfile": {
                    "computerName": "mySecondVm",
                    "adminUsername": "lab-user",
                    "linuxConfiguration": {
                        "disablePasswordAuthentication": false
                    },
                    "secrets": [],
    				"adminPassword": "Microsoft123!"				
                },
                "networkProfile": {
                    "networkInterfaces": [
                        {
                            "id": "[resourceId('Microsoft.Network/networkInterfaces', 'myNic')]"
                        }
                    ]
                }
            },
            "resources": [],
            "dependsOn": [
                "[resourceId('Microsoft.Network/networkInterfaces', 'myNic')]",
                "[resourceId('Microsoft.Compute/availabilitySets', 'myAvSet')]"
            ]
        },
        {
            "comments": "Internal Load Balancer",
            "type": "Microsoft.Network/loadBalancers",
            "name": "mySlb",
            "apiVersion": "2016-03-30",
            "location": "[resourceGroup().location]",
            "properties": {
                "frontendIPConfigurations": [
                    {
                        "name": "myFrontendConfig",
                        "properties": {
                            "privateIPAddress": "10.123.1.100",
                            "privateIPAllocationMethod": "Static",
                            "subnet": {
                                "id": "[concat(resourceId('Microsoft.Network/virtualNetworks', 'myVnet'), '/subnets/', 'subnet1')]"
                            }
                        }
                    }
                ],
                "backendAddressPools": [
                    {
                        "name": "myBackendConfig"
                    }
                ],
                "loadBalancingRules": [
                    {
                        "name": "SSHrule",
                        "properties": {
                            "frontendIPConfiguration": {
                                "id": "[concat( resourceId('Microsoft.Network/loadBalancers', 'mySlb'), '/frontendIPConfigurations/', 'myFrontendConfig')]"
                            },
                            "frontendPort": 22,
                            "backendPort": 22,
                            "enableFloatingIP": false,
                            "idleTimeoutInMinutes": 4,
                            "protocol": "Tcp",
                            "loadDistribution": "Default",
                            "backendAddressPool": {
                                "id": "[concat(resourceId('Microsoft.Network/loadBalancers', 'mySlb'), '/backendAddressPools/', 'myBackendConfig')]"
                            },
                            "probe": {
                                "id": "[concat(resourceId('Microsoft.Network/loadBalancers', 'mySlb'), '/probes/', 'myProbe')]"
                            }
                        }
                    }
                ],
                "probes": [
                    {
                        "name": "myProbe",
                        "properties": {
                            "protocol": "Tcp",
                            "port": 22,
                            "intervalInSeconds": 15,
                            "numberOfProbes": 2
                        }
                    }
                ],
                "inboundNatRules": [],
                "outboundNatRules": [],
                "inboundNatPools": []
            },
            "resources": [],
            "dependsOn": [
                "[resourceId('Microsoft.Network/virtualNetworks', 'myVnet')]"
            ]
        }
   ]
}