{"onCreate(Landroid\/os\/Bundle;)V":{"1":"    invoke-super {p0, p1}, Landroid\/app\/Activity;->onCreate(Landroid\/os\/Bundle;)V","2":"    const p1, 0x7f09001b","3":"    invoke-virtual {p0, p1}, Lde\/ecspride\/MainActivity;->setContentView(I)V","4":"    const-string p1, \"android.permission.READ_PHONE_STATE\"","5":"    const-string v0, \"android.permission.SEND_SMS\"","6":"    filled-new-array {p1, v0}, [Ljava\/lang\/String;","7":"    move-result-object p1","8":"    const\/4 v0, 0x0","9":"    invoke-static {p0, p1, v0}, Landroid\/support\/v4\/app\/ActivityCompat;->requestPermissions(Landroid\/app\/Activity;[Ljava\/lang\/String;I)V","10":"    return-void"},"<init>()V":{"1":"    invoke-direct {p0}, Landroid\/app\/Activity;-><init>()V","2":"    return-void"},"onCreateOptionsMenu(Landroid\/view\/Menu;)Z":{"1":"    invoke-virtual {p0}, Lde\/ecspride\/MainActivity;->getMenuInflater()Landroid\/view\/MenuInflater;","2":"    move-result-object v0","3":"    const\/high16 v1, 0x7f0a0000","4":"    invoke-virtual {v0, v1, p1}, Landroid\/view\/MenuInflater;->inflate(ILandroid\/view\/Menu;)V","5":"    const\/4 p1, 0x1","6":"    return p1"}}