{"update(Landroid\/net\/Uri;Landroid\/content\/ContentValues;Ljava\/lang\/String;[Ljava\/lang\/String;)I":{"1":"    const\/4 p1, 0x0","2":"    return p1"},"query(Landroid\/net\/Uri;[Ljava\/lang\/String;Ljava\/lang\/String;[Ljava\/lang\/String;Ljava\/lang\/String;)Landroid\/database\/Cursor;":{"1":"    const\/4 p1, 0x0","2":"    return-object p1"},"getType(Landroid\/net\/Uri;)Ljava\/lang\/String;":{"1":"    const\/4 p1, 0x0","2":"    return-object p1"},"<init>()V":{"1":"    invoke-direct {p0}, Landroid\/content\/ContentProvider;-><init>()V","2":"    return-void"},"insert(Landroid\/net\/Uri;Landroid\/content\/ContentValues;)Landroid\/net\/Uri;":{"1":"    const\/4 p1, 0x0","2":"    return-object p1"},"onCreate()Z":{"1":"    invoke-virtual {p0}, Lde\/ecspride\/ContentProvider;->getContext()Landroid\/content\/Context;","2":"    move-result-object v0","3":"    const-string v1, \"android.permission.READ_PHONE_STATE\"","4":"    invoke-static {v0, v1}, Landroid\/support\/v4\/content\/ContextCompat;->checkSelfPermission(Landroid\/content\/Context;Ljava\/lang\/String;)I","5":"    move-result v0","6":"    if-nez v0, :cond_1e","7":"    invoke-virtual {p0}, Lde\/ecspride\/ContentProvider;->getContext()Landroid\/content\/Context;","8":"    move-result-object v0","9":"    const-string v1, \"phone\"","10":"    invoke-virtual {v0, v1}, Landroid\/content\/Context;->getSystemService(Ljava\/lang\/String;)Ljava\/lang\/Object;","11":"    move-result-object v0","12":"    check-cast v0, Landroid\/telephony\/TelephonyManager;","13":"    invoke-virtual {v0}, Landroid\/telephony\/TelephonyManager;->getDeviceId()Ljava\/lang\/String;","14":"    move-result-object v0","15":"    sput-object v0, Lde\/ecspride\/ApplicationLifecyle3;->imei:Ljava\/lang\/String;","16":"    const\/4 v0, 0x0","17":"    return v0"},"delete(Landroid\/net\/Uri;Ljava\/lang\/String;[Ljava\/lang\/String;)I":{"1":"    const\/4 p1, 0x0","2":"    return p1"}}