{
    "net.sourceforge.stripes.action.ForwardResolution": 2,
    "net.sourceforge.stripes.action.RedirectResolution": 0,
    "net.sourceforge.stripes.action.SimpleMessage": 0,
    "org.mybatis.jpetstore.domain.Account": 0,
    "org.mybatis.jpetstore.domain.Account.getFavouriteCategoryId": 0,
    "org.mybatis.jpetstore.domain.Account.getPassword": 0,
    "org.mybatis.jpetstore.domain.Account.getUsername": 0,
    "org.mybatis.jpetstore.domain.Account.setPassword": 0,
    "org.mybatis.jpetstore.domain.Account.setUsername": 0,
    "org.mybatis.jpetstore.domain.Cart": 2,
    "org.mybatis.jpetstore.domain.Cart.<init>": 2,
    "org.mybatis.jpetstore.domain.Cart.addItem": 2,
    "org.mybatis.jpetstore.domain.Cart.containsItemId": 1,
    "org.mybatis.jpetstore.domain.Cart.getAllCartItems": 1,
    "org.mybatis.jpetstore.domain.Cart.removeItemById": 1,
    "org.mybatis.jpetstore.domain.CartItem": 2,
    "org.mybatis.jpetstore.domain.CartItem.incrementQuantity": 2,
    "org.mybatis.jpetstore.domain.CartItem.setItem": 2,
    "org.mybatis.jpetstore.domain.CartItem.setQuantity": 2,
    "org.mybatis.jpetstore.domain.Item": 0,
    "org.mybatis.jpetstore.domain.Item.getProduct": 2,
    "org.mybatis.jpetstore.domain.LineItem": 0,
    "org.mybatis.jpetstore.domain.LineItem.<init>": 0,
    "org.mybatis.jpetstore.domain.Order": 0,
    "org.mybatis.jpetstore.domain.Order.<init>": 0,
    "org.mybatis.jpetstore.domain.Order.addLineItem": 0,
    "org.mybatis.jpetstore.domain.Order.getOrderId": 0,
    "org.mybatis.jpetstore.domain.Order.getUsername": 0,
    "org.mybatis.jpetstore.domain.Order.initOrder": 0,
    "org.mybatis.jpetstore.domain.Order.setOrderId": 0,
    "org.mybatis.jpetstore.web.actions.AbstractActionBean": 0,
    "org.mybatis.jpetstore.web.actions.AbstractActionBean.setMessage": 0,
    "org.mybatis.jpetstore.web.actions.AccountActionBean": 0,
    "org.mybatis.jpetstore.web.actions.AccountActionBean.<init>": 0,
    "org.mybatis.jpetstore.web.actions.AccountActionBean.clear": 0,
    "org.mybatis.jpetstore.web.actions.AccountActionBean.editAccount": 0,
    "org.mybatis.jpetstore.web.actions.AccountActionBean.editAccountForm": 0,
    "org.mybatis.jpetstore.web.actions.AccountActionBean.getPassword": 0,
    "org.mybatis.jpetstore.web.actions.AccountActionBean.getUsername": 0,
    "org.mybatis.jpetstore.web.actions.AccountActionBean.isAuthenticated": 0,
    "org.mybatis.jpetstore.web.actions.AccountActionBean.newAccount": 0,
    "org.mybatis.jpetstore.web.actions.AccountActionBean.newAccountForm": 0,
    "org.mybatis.jpetstore.web.actions.AccountActionBean.setMyList": 0,
    "org.mybatis.jpetstore.web.actions.AccountActionBean.setPassword": 0,
    "org.mybatis.jpetstore.web.actions.AccountActionBean.setUsername": 0,
    "org.mybatis.jpetstore.web.actions.AccountActionBean.signoff": 0,
    "org.mybatis.jpetstore.web.actions.AccountActionBean.signon": 0,
    "org.mybatis.jpetstore.web.actions.AccountActionBean.signonForm": 0,
    "org.mybatis.jpetstore.web.actions.CartActionBean": 1,
    "org.mybatis.jpetstore.web.actions.CartActionBean.<init>": 2,
    "org.mybatis.jpetstore.web.actions.CartActionBean.addItemToCart": 2,
    "org.mybatis.jpetstore.web.actions.CartActionBean.checkOut": 0,
    "org.mybatis.jpetstore.web.actions.CartActionBean.clear": 1,
    "org.mybatis.jpetstore.web.actions.CartActionBean.getCart": 1,
    "org.mybatis.jpetstore.web.actions.CartActionBean.removeItemFromCart": 2,
    "org.mybatis.jpetstore.web.actions.CartActionBean.setCart": 1,
    "org.mybatis.jpetstore.web.actions.CartActionBean.setWorkingItemId": 1,
    "org.mybatis.jpetstore.web.actions.CartActionBean.updateCartQuantities": 2,
    "org.mybatis.jpetstore.web.actions.CartActionBean.viewCart": 0,
    "org.mybatis.jpetstore.web.actions.CatalogActionBean": 2,
    "org.mybatis.jpetstore.web.actions.CatalogActionBean.<init>": 0,
    "org.mybatis.jpetstore.web.actions.CatalogActionBean.clear": 2,
    "org.mybatis.jpetstore.web.actions.CatalogActionBean.searchProducts": 0,
    "org.mybatis.jpetstore.web.actions.CatalogActionBean.setCategory": 2,
    "org.mybatis.jpetstore.web.actions.CatalogActionBean.setCategoryId": 2,
    "org.mybatis.jpetstore.web.actions.CatalogActionBean.setCategoryList": 2,
    "org.mybatis.jpetstore.web.actions.CatalogActionBean.setItem": 2,
    "org.mybatis.jpetstore.web.actions.CatalogActionBean.setItemId": 2,
    "org.mybatis.jpetstore.web.actions.CatalogActionBean.setItemList": 2,
    "org.mybatis.jpetstore.web.actions.CatalogActionBean.setKeyword": 2,
    "org.mybatis.jpetstore.web.actions.CatalogActionBean.setProduct": 2,
    "org.mybatis.jpetstore.web.actions.CatalogActionBean.setProductId": 2,
    "org.mybatis.jpetstore.web.actions.CatalogActionBean.setProductList": 2,
    "org.mybatis.jpetstore.web.actions.CatalogActionBean.viewCategory": 2,
    "org.mybatis.jpetstore.web.actions.CatalogActionBean.viewItem": 0,
    "org.mybatis.jpetstore.web.actions.CatalogActionBean.viewMain": 0,
    "org.mybatis.jpetstore.web.actions.CatalogActionBean.viewProduct": 2,
    "org.mybatis.jpetstore.web.actions.OrderActionBean": 0,
    "org.mybatis.jpetstore.web.actions.OrderActionBean.<init>": 0,
    "org.mybatis.jpetstore.web.actions.OrderActionBean.clear": 0,
    "org.mybatis.jpetstore.web.actions.OrderActionBean.getOrder": 0,
    "org.mybatis.jpetstore.web.actions.OrderActionBean.getOrderId": 0,
    "org.mybatis.jpetstore.web.actions.OrderActionBean.isConfirmed": 0,
    "org.mybatis.jpetstore.web.actions.OrderActionBean.listOrders": 0,
    "org.mybatis.jpetstore.web.actions.OrderActionBean.newOrder": 0,
    "org.mybatis.jpetstore.web.actions.OrderActionBean.newOrderForm": 0,
    "org.mybatis.jpetstore.web.actions.OrderActionBean.setConfirmed": 0,
    "org.mybatis.jpetstore.web.actions.OrderActionBean.setOrder": 0,
    "org.mybatis.jpetstore.web.actions.OrderActionBean.setOrderId": 0,
    "org.mybatis.jpetstore.web.actions.OrderActionBean.setShippingAddressRequired": 0,
    "org.mybatis.jpetstore.web.actions.OrderActionBean.viewOrder": 0
}