{"onCreate(Landroid\/os\/Bundle;)V":{"1":"    invoke-super {p0, p1}, Landroid\/app\/Activity;->onCreate(Landroid\/os\/Bundle;)V","2":"    const p1, 0x7f09001b","3":"    invoke-virtual {p0, p1}, Ledu\/mit\/event_context_shared_pref_listener\/MainActivity;->setContentView(I)V","4":"    const-string p1, \"android.permission.READ_PHONE_STATE\"","5":"    filled-new-array {p1}, [Ljava\/lang\/String;","6":"    move-result-object p1","7":"    const\/4 v0, 0x0","8":"    invoke-static {p0, p1, v0}, Landroid\/support\/v4\/app\/ActivityCompat;->requestPermissions(Landroid\/app\/Activity;[Ljava\/lang\/String;I)V","9":"    const p1, 0x7f070075","10":"    invoke-virtual {p0, p1}, Ledu\/mit\/event_context_shared_pref_listener\/MainActivity;->findViewById(I)Landroid\/view\/View;","11":"    move-result-object p1","12":"    check-cast p1, Landroid\/widget\/Button;","13":"    new-instance v0, Ledu\/mit\/event_context_shared_pref_listener\/MainActivity$1;","14":"    invoke-direct {v0, p0}, Ledu\/mit\/event_context_shared_pref_listener\/MainActivity$1;-><init>(Ledu\/mit\/event_context_shared_pref_listener\/MainActivity;)V","15":"    invoke-virtual {p1, v0}, Landroid\/widget\/Button;->setOnClickListener(Landroid\/view\/View$OnClickListener;)V","16":"    return-void"},"onSharedPreferenceChanged(Landroid\/content\/SharedPreferences;Ljava\/lang\/String;)V":{"1":"    const-string v0, \"\"","2":"    invoke-interface {p1, p2, v0}, Landroid\/content\/SharedPreferences;->getString(Ljava\/lang\/String;Ljava\/lang\/String;)Ljava\/lang\/String;","3":"    move-result-object p1","4":"    const-string p2, \"DroidBench\"","5":"    invoke-static {p2, p1}, Landroid\/util\/Log;->i(Ljava\/lang\/String;Ljava\/lang\/String;)I","6":"    return-void"},"<init>()V":{"1":"    invoke-direct {p0}, Landroid\/app\/Activity;-><init>()V","2":"    return-void"}}