{"<init>(Ledu\/mit\/event_context_shared_pref_listener\/MainActivity;)V":{"1":"    iput-object p1, p0, Ledu\/mit\/event_context_shared_pref_listener\/MainActivity$1;->this$0:Ledu\/mit\/event_context_shared_pref_listener\/MainActivity;","2":"    invoke-direct {p0}, Ljava\/lang\/Object;-><init>()V","3":"    return-void"},"onClick(Landroid\/view\/View;)V":{"1":"    iget-object p1, p0, Ledu\/mit\/event_context_shared_pref_listener\/MainActivity$1;->this$0:Ledu\/mit\/event_context_shared_pref_listener\/MainActivity;","2":"    const-string v0, \"phone\"","3":"    invoke-virtual {p1, v0}, Ledu\/mit\/event_context_shared_pref_listener\/MainActivity;->getSystemService(Ljava\/lang\/String;)Ljava\/lang\/Object;","4":"    move-result-object p1","5":"    check-cast p1, Landroid\/telephony\/TelephonyManager;","6":"    invoke-virtual {p1}, Landroid\/telephony\/TelephonyManager;->getDeviceId()Ljava\/lang\/String;","7":"    move-result-object p1","8":"    iget-object v0, p0, Ledu\/mit\/event_context_shared_pref_listener\/MainActivity$1;->this$0:Ledu\/mit\/event_context_shared_pref_listener\/MainActivity;","9":"    const-string v1, \"settings\"","10":"    const\/4 v2, 0x0","11":"    invoke-virtual {v0, v1, v2}, Ledu\/mit\/event_context_shared_pref_listener\/MainActivity;->getSharedPreferences(Ljava\/lang\/String;I)Landroid\/content\/SharedPreferences;","12":"    move-result-object v0","13":"    iget-object v1, p0, Ledu\/mit\/event_context_shared_pref_listener\/MainActivity$1;->this$0:Ledu\/mit\/event_context_shared_pref_listener\/MainActivity;","14":"    invoke-interface {v0, v1}, Landroid\/content\/SharedPreferences;->registerOnSharedPreferenceChangeListener(Landroid\/content\/SharedPreferences$OnSharedPreferenceChangeListener;)V","15":"    invoke-interface {v0}, Landroid\/content\/SharedPreferences;->edit()Landroid\/content\/SharedPreferences$Editor;","16":"    move-result-object v0","17":"    const-string v1, \"imei\"","18":"    invoke-interface {v0, v1, p1}, Landroid\/content\/SharedPreferences$Editor;->putString(Ljava\/lang\/String;Ljava\/lang\/String;)Landroid\/content\/SharedPreferences$Editor;","19":"    invoke-interface {v0}, Landroid\/content\/SharedPreferences$Editor;->commit()Z","20":"    return-void"}}