{
    "all-groups": {
        "group0": [
            "edu.uci.isr.archstudio4.comp.xarchcs.views.changesets.MyxViewPart", 
            "edu.uci.isr.archstudio4.rationale.views.RationaleViewPart"
        ], 
        "group1": [
            "edu.uci.isr.archstudio4.comp.tracelink.addtracelinks.IManualLinkView", 
            "edu.uci.isr.archstudio4.comp.tracelink.addtracelinks.IRecordLinkView", 
            "edu.uci.isr.archstudio4.comp.tracelink.addtracelinks.IRecoverLinkView", 
            "edu.uci.isr.archstudio4.comp.tracelink.publishextract.IPublishExtractLinkView", 
            "edu.uci.isr.archstudio4.comp.tracelink.publishextract.PublishExtractLinkView"
        ], 
        "group2": [
            "edu.uci.isr.archstudio4.comp.xarchcs.changesetsync.ChangeSetSyncImpl", 
            "edu.uci.isr.archstudio4.comp.xarchcs.xarchcs.XArchChangeSetExplicitFilterImpl", 
            "edu.uci.isr.archstudio4.comp.xarchcs.xarchcs.XArchChangeSetImpl", 
            "edu.uci.isr.archstudio4.comp.xarchcs.xarchcs.XArchChangeSetImplDelegate", 
            "edu.uci.isr.archstudio4.comp.xarchcs.xarchcs.XArchChangeSetLegacyFilterImpl", 
            "edu.uci.isr.archstudio4.comp.xarchcs.xarchfakedetach.XArchDetachFilterImpl"
        ], 
        "group3": [
            "edu.uci.isr.archstudio4.comp.archipelago.codegen.BrickSelectorLogic", 
            "edu.uci.isr.archstudio4.comp.archipelago.codegen.ExternalBrickSelectorLogic", 
            "edu.uci.isr.archstudio4.comp.archipelago.codegen.SWTBrickSelectorThing", 
            "edu.uci.isr.archstudio4.comp.archipelago.codegen.SWTBrickSelectorThingPeer"
        ], 
        "group4": [
            "edu.uci.isr.archstudio4.archlight.ArchlightElementIdentifier", 
            "edu.uci.isr.archstudio4.archlight.IArchlightTool", 
            "edu.uci.isr.archstudio4.comp.archlight.ArchlightMyxComponent", 
            "edu.uci.isr.archstudio4.comp.archlight.ArchlightToolAggregatorMyxComponent"
        ], 
        "group5": [
            "edu.uci.isr.archstudio4.comp.archipelago.codegen.BrickLabel", 
            "edu.uci.isr.archstudio4.comp.archipelago.codegen.BrickLabelList", 
            "edu.uci.isr.archstudio4.comp.archipelago.codegen.BrickLabelProvider", 
            "edu.uci.isr.archstudio4.comp.archipelago.codegen.BrickList"
        ], 
        "group6": [
            "edu.uci.isr.archstudio4.comp.xarchcs.changesetidview.ChangeSetIdViewEvent", 
            "edu.uci.isr.archstudio4.comp.xarchcs.changesetidview.ChangeSetIdViewImpl", 
            "edu.uci.isr.archstudio4.comp.xarchcs.changesetidview.ChangeSetIdViewListeners", 
            "edu.uci.isr.archstudio4.comp.xarchcs.changesetidview.ChangeSetIdViewMyxComponent", 
            "edu.uci.isr.archstudio4.comp.xarchcs.changesetidview.IChangeSetIdViewListener", 
            "edu.uci.isr.archstudio4.comp.xarchcs.changesetidview.IdCreators", 
            "edu.uci.isr.archstudio4.comp.xarchcs.changesetidview.IdReferences"
        ], 
        "group7": [
            "edu.uci.isr.archstudio4.comp.booleannotation.BPAndNode", 
            "edu.uci.isr.archstudio4.comp.booleannotation.BPEqualNode", 
            "edu.uci.isr.archstudio4.comp.booleannotation.BPGreaterEqualNode", 
            "edu.uci.isr.archstudio4.comp.booleannotation.BPGreaterNode", 
            "edu.uci.isr.archstudio4.comp.booleannotation.BPInRangeNode", 
            "edu.uci.isr.archstudio4.comp.booleannotation.BPInSetNode", 
            "edu.uci.isr.archstudio4.comp.booleannotation.BPLessEqualNode", 
            "edu.uci.isr.archstudio4.comp.booleannotation.BPLessNode", 
            "edu.uci.isr.archstudio4.comp.booleannotation.BPNotEqualNode", 
            "edu.uci.isr.archstudio4.comp.booleannotation.BPNotNode", 
            "edu.uci.isr.archstudio4.comp.booleannotation.BPOrNode", 
            "edu.uci.isr.archstudio4.comp.booleannotation.BPStart", 
            "edu.uci.isr.archstudio4.comp.booleannotation.BPUtilities", 
            "edu.uci.isr.archstudio4.comp.booleannotation.Node"
        ], 
        "group8": [
            "edu.uci.isr.archstudio4.comp.aim.AIMMyxComponent", 
            "edu.uci.isr.archstudio4.comp.aim.AbstractAIMMyxComponent", 
            "edu.uci.isr.archstudio4.comp.aimeclipse.AIMEclipseMyxComponent", 
            "edu.uci.isr.archstudio4.comp.aimeclipse.AbstractAIMEclipseMyxComponent"
        ], 
        "group9": [
            "edu.uci.isr.archstudio4.comp.archipelago.util.ArrayPropertyCoder", 
            "edu.uci.isr.archstudio4.comp.archipelago.util.BasicPropertyCoder", 
            "edu.uci.isr.archstudio4.comp.archipelago.util.BasicSWTPropertyCoder", 
            "edu.uci.isr.archstudio4.comp.archipelago.util.EnumPropertyCoder", 
            "edu.uci.isr.archstudio4.comp.archipelago.util.IPropertyCoder", 
            "edu.uci.isr.archstudio4.comp.archipelago.util.PropertyDecodeException"
        ], 
        "group10": [
            "edu.uci.isr.archstudio4.comp.relatedelements.IRelatedElement", 
            "edu.uci.isr.archstudio4.comp.relatedelements.IRelatedElementsProcessor", 
            "edu.uci.isr.archstudio4.comp.relatedelements.RelatedElementsManagerImpl", 
            "edu.uci.isr.archstudio4.comp.relatedelements.RelatedElementsMyxComponent", 
            "edu.uci.isr.archstudio4.comp.relatedelements.processors.RelatedHintedElement", 
            "edu.uci.isr.archstudio4.comp.relatedelements.processors.RelatedHintedElementsProcessor", 
            "edu.uci.isr.archstudio4.comp.relatedelements.processors.RelatedRationaleElementsProcessor", 
            "edu.uci.isr.archstudio4.comp.relatedelements.processors.RelatedTypeElementsProcessor"
        ], 
        "group11": [
            "edu.uci.isr.archstudio4.comp.archipelago.types.TypesCreateSIMLogic", 
            "edu.uci.isr.archstudio4.comp.archipelago.types.TypesEditorSupport", 
            "edu.uci.isr.archstudio4.comp.archipelago.types.TypesMapper", 
            "edu.uci.isr.archstudio4.comp.archipelago.types.TypesNewSignatureLogic", 
            "edu.uci.isr.archstudio4.comp.archipelago.types.TypesRemoveDeadSIMLogic", 
            "edu.uci.isr.archstudio4.comp.archipelago.types.TypesRemoveLogic", 
            "edu.uci.isr.archstudio4.comp.archipelago.types.TypesTypeDropLogic", 
            "edu.uci.isr.archstudio4.comp.archipelago.util.AbstractTypeDropLogic"
        ], 
        "group12": [
            "edu.uci.isr.archstudio4.comp.archipelago.activitydiagrams.logics.editing.ActivityDiagramNewElementLogic", 
            "edu.uci.isr.archstudio4.comp.archipelago.activitydiagrams.logics.editing.ActivityDiagramsEditorContextMenuAddDiagramLogic"
        ], 
        "group13": [
            "edu.uci.isr.archstudio4.comp.xarchcs.ProgressToChangeSetMonitorWrapper", 
            "edu.uci.isr.archstudio4.comp.xarchcs.actions.AddChangeSetAction", 
            "edu.uci.isr.archstudio4.comp.xarchcs.logics.ChangeSetsModifierLogic", 
            "edu.uci.isr.archstudio4.comp.xarchcs.views.changesets.ChangeSetCellModifier", 
            "edu.uci.isr.archstudio4.comp.xarchcs.views.changesets.ChangeSetSorter", 
            "edu.uci.isr.archstudio4.comp.xarchcs.xarchcs.XArchChangeSetInterface"
        ], 
        "group14": [
            "edu.uci.isr.archstudio4.comp.pruner.MissingAttributeException", 
            "edu.uci.isr.archstudio4.comp.pruner.MissingElementException"
        ], 
        "group15": [
            "edu.uci.isr.archstudio4.comp.archipelago.generic.logics.editing.dialogs.OptionsDialog", 
            "edu.uci.isr.archstudio4.comp.archipelago.generic.logics.editing.dialogs.OptionsDialogContentProvider", 
            "edu.uci.isr.archstudio4.comp.archipelago.generic.logics.editing.dialogs.OptionsDialogLabelProvider"
        ], 
        "group16": [
            "edu.uci.isr.archstudio4.comp.typewrangler.TypeWranglerEditor", 
            "edu.uci.isr.archstudio4.comp.typewrangler.TypeWranglerOutlinePage"
        ], 
        "group17": [
            "edu.uci.isr.archstudio4.comp.xarchcs.xarchfakedetach.XArchDetachEvent", 
            "edu.uci.isr.archstudio4.comp.xarchcs.xarchfakedetach.XArchDetachListener", 
            "edu.uci.isr.archstudio4.comp.xarchcs.xarchfakedetach.XArchDetachMyxComponent"
        ], 
        "group18": [
            "edu.uci.isr.archstudio4.launcher.ILaunchData", 
            "edu.uci.isr.archstudio4.launcher.LaunchData"
        ], 
        "group19": [
            "edu.uci.isr.archstudio4.comp.xarchcs.actions.AddAndRelationshipAction", 
            "edu.uci.isr.archstudio4.comp.xarchcs.actions.AddOrRelationshipAction", 
            "edu.uci.isr.archstudio4.comp.xarchcs.views.variability.RelationshipColumnLabelProvider", 
            "edu.uci.isr.archstudio4.comp.xarchcs.views.variability.RelationshipEditingSupport"
        ], 
        "group20": [
            "edu.uci.isr.archstudio4.rationale.RationaleViewManager", 
            "edu.uci.isr.archstudio4.rationale.actions.AddRationaleAction", 
            "edu.uci.isr.archstudio4.rationale.actions.DeleteRationaleAction", 
            "edu.uci.isr.archstudio4.rationale.views.RationaleCellModifier", 
            "edu.uci.isr.archstudio4.rationale.views.RationaleLabelProvider", 
            "edu.uci.isr.archstudio4.rationale.views.RationaleViewMyxComponent"
        ], 
        "group21": [
            "edu.uci.isr.archstudio4.graphlayout.GraphLayoutParameters", 
            "edu.uci.isr.archstudio4.graphlayout.gui.GraphLayoutDialog"
        ], 
        "group22": [
            "edu.uci.isr.archstudio4.comp.selector.ISelector", 
            "edu.uci.isr.archstudio4.comp.selector.SelectorMyxComponent", 
            "edu.uci.isr.archstudio4.comp.selectordriver.SelectorDriverEditor"
        ], 
        "group23": [
            "edu.uci.isr.archstudio4.comp.tracelink.controllers.ITracelinkController", 
            "edu.uci.isr.archstudio4.comp.tracelink.controllers.SimpleTracelinkController", 
            "edu.uci.isr.archstudio4.comp.tracelink.controllers.TracelinkSorter", 
            "edu.uci.isr.archstudio4.comp.tracelink.models.AbstractDOMBasedTracelinkElementAdapter", 
            "edu.uci.isr.archstudio4.comp.tracelink.models.ITracelinkElement", 
            "edu.uci.isr.archstudio4.comp.tracelink.models.SimpleTracelinkElement", 
            "edu.uci.isr.archstudio4.comp.tracelink.views.SimpleTracelinkLabelProvider", 
            "edu.uci.isr.archstudio4.comp.tracelink.views.TracelinkDescriptionView"
        ], 
        "group24": [
            "edu.uci.isr.archstudio4.comp.pruner.IPruner", 
            "edu.uci.isr.archstudio4.comp.pruner.PrunerImpl", 
            "edu.uci.isr.archstudio4.comp.pruner.PrunerMyxComponent"
        ], 
        "group25": [
            "edu.uci.isr.archstudio4.comp.changesetsviewer.ChangeSetsDisplayLabelProvider", 
            "edu.uci.isr.archstudio4.comp.xarchcs.changesetadt.ChangeSetADTMyxComponent", 
            "edu.uci.isr.archstudio4.comp.xarchcs.changesetadt.IChangeSetADT", 
            "edu.uci.isr.archstudio4.comp.xarchcs.changesetsync.ChangeSetSyncMyxComponent", 
            "edu.uci.isr.archstudio4.comp.xarchcs.changesetsync.IChangeSetSync", 
            "edu.uci.isr.archstudio4.comp.xarchcs.xarchcs.XArchChangeSetExplicitFilterMyxConnector", 
            "edu.uci.isr.archstudio4.comp.xarchcs.xarchcs.XArchChangeSetLegacyFilterMyxConnector", 
            "edu.uci.isr.archstudio4.comp.xarchcs.xarchcs.XArchChangeSetMyxComponent"
        ], 
        "group26": [
            "edu.uci.isr.archstudio4.comp.archipelago.types.StructureAssignTypeLogic", 
            "edu.uci.isr.archstudio4.comp.archipelago.types.StructureMapSignatureLogic", 
            "edu.uci.isr.archstudio4.comp.archipelago.types.TypesAssignStructureLogic"
        ], 
        "group27": [
            "edu.uci.isr.archstudio4.comp.archipelago.activitydiagrams.ActivityDiagramsNewActivityDiagramContextMenuFiller", 
            "edu.uci.isr.archstudio4.comp.archipelago.activitydiagrams.ActivityDiagramsTreeContentProvider"
        ], 
        "group28": [
            "edu.uci.isr.archstudio4.comp.copypaste.ICopyPasteManager", 
            "edu.uci.isr.archstudio4.comp.xarchcs.eventmanager.IEventManager"
        ], 
        "group29": [
            "edu.uci.isr.archstudio4.comp.archlight.tools.schematron.SchematronInitializationException", 
            "edu.uci.isr.archstudio4.comp.archlight.tools.schematron.SchematronUtils"
        ], 
        "group30": [
            "edu.uci.isr.archstudio4.comp.bootstrap.AbstractBootstrapMyxComponent", 
            "edu.uci.isr.archstudio4.comp.bootstrap.BootstrapMyxComponent"
        ], 
        "group31": [
            "edu.uci.isr.archstudio4.comp.aim.AIMImpl", 
            "edu.uci.isr.archstudio4.comp.aimeclipse.AIMEclipseImpl"
        ], 
        "group32": [
            "edu.uci.isr.archstudio4.comp.archipelago.activitydiagrams.editorsupport.logics.StructureNewElementLogic", 
            "edu.uci.isr.archstudio4.comp.archipelago.types.StructureInterfaceLocationsLogic", 
            "edu.uci.isr.archstudio4.comp.archipelago.types.StructureMapper", 
            "edu.uci.isr.archstudio4.comp.archipelago.types.StructureNewElementLogic", 
            "edu.uci.isr.archstudio4.comp.archipelago.types.StructureNewInterfaceLogic", 
            "edu.uci.isr.archstudio4.comp.archipelago.types.StructureTypeDropLogic", 
            "edu.uci.isr.archstudio4.comp.archipelago.types.TypesStructureDropLogic"
        ], 
        "group33": [
            "edu.uci.isr.archstudio4.comp.archipelago.types.StructureTreeLabelProvider", 
            "edu.uci.isr.archstudio4.comp.archipelago.types.TypesTreeLabelProvider", 
            "edu.uci.isr.archstudio4.util.XadlTreeLabelProvider"
        ], 
        "group34": [
            "edu.uci.isr.archstudio4.comp.tracelink.addtracelinks.ManualLinkView", 
            "edu.uci.isr.archstudio4.comp.tracelink.addtracelinks.RecoverLinkView"
        ], 
        "group35": [
            "edu.uci.isr.archstudio4.comp.archipelago.ArchipelagoEditor", 
            "edu.uci.isr.archstudio4.comp.archipelago.ArchipelagoMyxComponent"
        ], 
        "group36": [
            "edu.uci.isr.archstudio4.comp.xarchcs.changesetadt.resolvers.AbstractResolver", 
            "edu.uci.isr.archstudio4.comp.xarchcs.changesetadt.resolvers.DoNotResolveElementTypeResolver", 
            "edu.uci.isr.archstudio4.comp.xarchcs.changesetadt.resolvers.ElementTypeResolver", 
            "edu.uci.isr.archstudio4.comp.xarchcs.changesetadt.resolvers.IDResolver", 
            "edu.uci.isr.archstudio4.comp.xarchcs.changesetadt.resolvers.MultiValueResolver", 
            "edu.uci.isr.archstudio4.comp.xarchcs.changesetadt.resolvers.NoResolver", 
            "edu.uci.isr.archstudio4.comp.xarchcs.changesetadt.resolvers.ValueResolver"
        ], 
        "group37": [
            "edu.uci.isr.archstudio4.comp.booleaneval.NoSuchTypeException", 
            "edu.uci.isr.archstudio4.comp.booleaneval.TypeMismatchException", 
            "edu.uci.isr.archstudio4.comp.booleaneval.TypeParser"
        ], 
        "group38": [
            "edu.uci.isr.archstudio4.comp.booleannotation.BooleanGuardParserTokenManager", 
            "edu.uci.isr.archstudio4.comp.booleannotation.Token", 
            "edu.uci.isr.archstudio4.comp.booleannotation.TokenMgrError"
        ], 
        "group39": [
            "edu.uci.isr.archstudio4.comp.basepreferences.ArchStudioPreferencePanel", 
            "edu.uci.isr.archstudio4.comp.basepreferences.BasePreferencesMyxComponent"
        ], 
        "group40": [
            "edu.uci.isr.archstudio4.comp.tracelink.models.ITraceEndpointModel", 
            "edu.uci.isr.archstudio4.comp.tracelink.models.TraceEndpointModel"
        ], 
        "group41": [
            "edu.uci.isr.archstudio4.comp.tracelink.models.TraceEndpoint", 
            "edu.uci.isr.archstudio4.comp.tracelink.models.TraceLink"
        ], 
        "group42": [
            "edu.uci.isr.archstudio4.comp.archipelago.IArchipelagoTreeContentProvider", 
            "edu.uci.isr.archstudio4.comp.archipelago.statecharts.StatechartsTreeContentProvider", 
            "edu.uci.isr.archstudio4.comp.archipelago.types.StructureTreeContentProvider", 
            "edu.uci.isr.archstudio4.comp.archipelago.types.TypesTreeContentProvider"
        ], 
        "group43": [
            "edu.uci.isr.archstudio4.comp.xarchcs.ChangeSetUtils", 
            "edu.uci.isr.archstudio4.comp.xarchcs.xarchcs.XArchChangeSetUtils"
        ], 
        "group44": [
            "edu.uci.isr.archstudio4.comp.archipelago.options.OptionsEventListener", 
            "edu.uci.isr.archstudio4.comp.archipelago.stateline.StatelineEventListener"
        ], 
        "group45": [
            "edu.uci.isr.archstudio4.comp.xarchcs.changesetrelationshipmanager.AbstractChangeSetRelationshipMergeHandler", 
            "edu.uci.isr.archstudio4.comp.xarchcs.changesetrelationshipmanager.IChangeSetRelationshipMergeHandler", 
            "edu.uci.isr.archstudio4.comp.xarchcs.changesetrelationshipmanager.LeftMergeHandler", 
            "edu.uci.isr.archstudio4.comp.xarchcs.changesetrelationshipmanager.MergeKey", 
            "edu.uci.isr.archstudio4.comp.xarchcs.changesetrelationshipmanager.MergeKeyAndRelationshipRegistry", 
            "edu.uci.isr.archstudio4.comp.xarchcs.changesetrelationshipmanager.RightMergeHandler"
        ], 
        "group46": [
            "edu.uci.isr.archstudio4.comp.tracelink.controllers.LinkColumnSorterAdapter", 
            "edu.uci.isr.archstudio4.comp.tracelink.views.LinkAttributeFilterBoxView", 
            "edu.uci.isr.archstudio4.comp.tracelink.views.LinkTableView"
        ], 
        "group47": [
            "edu.uci.isr.archstudio4.comp.xarchcs.explicitadt.ExplicitADTEvent", 
            "edu.uci.isr.archstudio4.comp.xarchcs.explicitadt.ExplicitADTListener", 
            "edu.uci.isr.archstudio4.comp.xarchcs.explicitadt.ExplicitADTMyxComponent", 
            "edu.uci.isr.archstudio4.comp.xarchcs.logics.AnnotateExplicitChangeLogic"
        ], 
        "group48": [
            "edu.uci.isr.archstudio4.comp.versionpruner.IVersionPruner", 
            "edu.uci.isr.archstudio4.comp.versionpruner.VersionPrunerImpl", 
            "edu.uci.isr.archstudio4.comp.versionpruner.VersionPrunerMyxComponent"
        ], 
        "group49": [
            "edu.uci.isr.archstudio4.comp.xarchcs.changesetidrelationships.ChangeSetIdRelationshipsImpl", 
            "edu.uci.isr.archstudio4.comp.xarchcs.changesetidrelationships.ChangeSetIdRelationshipsMyxComponent", 
            "edu.uci.isr.archstudio4.comp.xarchcs.changesetidview.IChangeSetIdView"
        ], 
        "group50": [
            "edu.uci.isr.archstudio4.comp.archipelago.IArchipelagoTreeContextMenuFiller", 
            "edu.uci.isr.archstudio4.comp.archipelago.activitydiagrams.ActivityDiagramsRemoveContextMenuFiller", 
            "edu.uci.isr.archstudio4.comp.archipelago.statecharts.StatechartsRemoveContextMenuFiller", 
            "edu.uci.isr.archstudio4.comp.archipelago.types.StructureRemoveContextMenuFiller", 
            "edu.uci.isr.archstudio4.comp.archipelago.types.TypesNewTypeSetContextMenuFiller", 
            "edu.uci.isr.archstudio4.comp.archipelago.types.TypesRemoveContextMenuFiller", 
            "edu.uci.isr.archstudio4.comp.archipelago.types.TypesRemoveTypeSetContextMenuFiller", 
            "edu.uci.isr.archstudio4.comp.archipelago.util.AbstractRemoveContextMenuFiller"
        ], 
        "group51": [
            "edu.uci.isr.archstudio4.comp.booleaneval.BooleanEvalImpl", 
            "edu.uci.isr.archstudio4.comp.selector.SelectorImpl"
        ], 
        "group52": [
            "edu.uci.isr.archstudio4.comp.tracelink.analysis.SimpleRuleObject", 
            "edu.uci.isr.archstudio4.comp.tracelink.analysis.SimpleRulePart"
        ], 
        "group53": [
            "edu.uci.isr.archstudio4.archlight.ArchlightIssue", 
            "edu.uci.isr.archstudio4.comp.archlight.issueadt.ArchlightIssueADT", 
            "edu.uci.isr.archstudio4.comp.archlight.issueadt.ArchlightIssueADTEvent", 
            "edu.uci.isr.archstudio4.comp.archlight.issueadt.ArchlightIssueADTListener", 
            "edu.uci.isr.archstudio4.comp.archlight.issueadt.ArchlightIssueADTMyxComponent", 
            "edu.uci.isr.archstudio4.comp.archlight.issueadt.IArchlightIssueADT", 
            "edu.uci.isr.archstudio4.comp.archlight.issueview.ArchlightIssueView", 
            "edu.uci.isr.archstudio4.comp.archlight.issueview.ArchlightIssueViewMyxComponent"
        ], 
        "group54": [
            "edu.uci.isr.archstudio4.comp.booleannotation.BooleanGuardConverter", 
            "edu.uci.isr.archstudio4.comp.booleannotation.BooleanGuardParserConstants"
        ], 
        "group55": [
            "edu.uci.isr.archstudio4.comp.archipelago.ArchipelagoUtils", 
            "edu.uci.isr.archstudio4.comp.archipelago.util.InterfaceLocationSyncUtils"
        ], 
        "group56": [
            "edu.uci.isr.archstudio4.comp.tracelink.addtracelinks.ManualLinkInputDialog", 
            "edu.uci.isr.archstudio4.comp.tracelink.addtracelinks.RecoverLinkInputDialog", 
            "edu.uci.isr.archstudio4.comp.tracelink.addtracelinks.RecoverLinkToolDialog"
        ], 
        "group57": [
            "edu.uci.isr.archstudio4.comp.archipelago.IArchipelagoTreeDoubleClickHandler", 
            "edu.uci.isr.archstudio4.comp.archipelago.activitydiagrams.ActivityDiagramsDoubleClickHandler", 
            "edu.uci.isr.archstudio4.comp.archipelago.statecharts.StatechartsDoubleClickHandler", 
            "edu.uci.isr.archstudio4.comp.archipelago.types.StructureDoubleClickHandler", 
            "edu.uci.isr.archstudio4.comp.archipelago.types.TypesDoubleClickHandler"
        ], 
        "group58": [
            "edu.uci.isr.archstudio4.comp.xarchcs.changesetstatusview.ChangeSetStatusViewEvent", 
            "edu.uci.isr.archstudio4.comp.xarchcs.changesetstatusview.ChangeSetStatusViewListeners", 
            "edu.uci.isr.archstudio4.comp.xarchcs.changesetstatusview.ChangeSetStatusViewMyxComponent", 
            "edu.uci.isr.archstudio4.comp.xarchcs.changesetstatusview.IChangeSetStatusView", 
            "edu.uci.isr.archstudio4.comp.xarchcs.changesetstatusview.IChangeSetStatusViewListener"
        ], 
        "group59": [
            "edu.uci.isr.archstudio4.comp.tracelink.models.ISelectionModel", 
            "edu.uci.isr.archstudio4.comp.tracelink.models.SelectionModel"
        ], 
        "group60": [
            "edu.uci.isr.archstudio4.comp.xarchcs.changesetadt.ChangeSetADTImpl", 
            "edu.uci.isr.archstudio4.comp.xarchcs.changesetadt.ChangeSetFlatQueryImpl"
        ], 
        "group61": [
            "edu.uci.isr.archstudio4.comp.archipelago.variants.EditVariantsLogic", 
            "edu.uci.isr.archstudio4.comp.archipelago.variants.VariantsEventListener"
        ], 
        "group62": [
            "edu.uci.isr.archstudio4.comp.archipelago.types.StructureGraphLayoutLogic", 
            "edu.uci.isr.archstudio4.comp.graphlayout.GraphLayoutMyxComponent", 
            "edu.uci.isr.archstudio4.comp.graphlayout.ILayoutEngine", 
            "edu.uci.isr.archstudio4.comp.graphlayout.graphviz.AbstractGraphvizLayoutEngine", 
            "edu.uci.isr.archstudio4.comp.graphlayout.graphviz.DotLayoutEngine", 
            "edu.uci.isr.archstudio4.graphlayout.GraphLayout", 
            "edu.uci.isr.archstudio4.graphlayout.GraphLayoutException", 
            "edu.uci.isr.archstudio4.graphlayout.IGraphLayout"
        ], 
        "group63": [
            "edu.uci.isr.archstudio4.comp.archipelago.activitydiagrams.logics.mapping.MapXadlActionLogic", 
            "edu.uci.isr.archstudio4.comp.archipelago.activitydiagrams.logics.mapping.MapXadlActorLogic", 
            "edu.uci.isr.archstudio4.comp.archipelago.activitydiagrams.logics.mapping.MapXadlControlFlowLogic", 
            "edu.uci.isr.archstudio4.comp.archipelago.activitydiagrams.logics.mapping.MapXadlForkJoinLogic", 
            "edu.uci.isr.archstudio4.comp.archipelago.activitydiagrams.logics.mapping.MapXadlNoteLogic", 
            "edu.uci.isr.archstudio4.comp.archipelago.activitydiagrams.logics.mapping.MapXadlReferenceLogic", 
            "edu.uci.isr.archstudio4.comp.archipelago.archstructure.logics.mapping.MapXadlLinkLogic", 
            "edu.uci.isr.archstudio4.comp.archipelago.generic.logics.coordinating.MaintainXadlLinksLogic", 
            "edu.uci.isr.archstudio4.comp.archipelago.generic.logics.mapping.MapXadlDirectionalSplineLogic", 
            "edu.uci.isr.archstudio4.comp.archipelago.generic.logics.mapping.MapXadlNondirectionalSplineLogic", 
            "edu.uci.isr.archstudio4.comp.archipelago.generic.logics.mapping.MapXadlSplineLogic", 
            "edu.uci.isr.archstudio4.comp.archipelago.generic.logics.mapping.SingleAssemblyXadlMappingLogic", 
            "edu.uci.isr.archstudio4.comp.archipelago.statecharts.logics.mapping.MapXadlFinalStateLogic", 
            "edu.uci.isr.archstudio4.comp.archipelago.statecharts.logics.mapping.MapXadlInitialStateLogic", 
            "edu.uci.isr.archstudio4.comp.archipelago.statecharts.logics.mapping.MapXadlStateLogic", 
            "edu.uci.isr.archstudio4.comp.archipelago.statecharts.logics.mapping.MapXadlTransitionLogic"
        ], 
        "group64": [
            "edu.uci.isr.archstudio4.comp.graphlayout.GraphLayoutPreferencePanel", 
            "edu.uci.isr.archstudio4.comp.graphlayout.GraphLayoutPrefsMyxComponent"
        ], 
        "group65": [
            "edu.uci.isr.archstudio4.comp.tracelink.models.ITracelinkModel", 
            "edu.uci.isr.archstudio4.comp.tracelink.models.TracelinkModel"
        ], 
        "group66": [
            "edu.uci.isr.archstudio4.comp.xarchcs.views.changesets.ChangeSetViewPart", 
            "edu.uci.isr.archstudio4.comp.xarchcs.views.variability.VariabilityViewPart"
        ], 
        "group67": [
            "edu.uci.isr.archstudio4.comp.fileman.CantOpenFileException", 
            "edu.uci.isr.archstudio4.comp.fileman.FileManagerMyxComponent", 
            "edu.uci.isr.archstudio4.comp.fileman.FileManagerView", 
            "edu.uci.isr.archstudio4.comp.fileman.IFileManager", 
            "edu.uci.isr.archstudio4.comp.fileman.IFileManagerListener", 
            "edu.uci.isr.archstudio4.comp.fileman.NewFileWizard"
        ], 
        "group68": [
            "edu.uci.isr.archstudio4.graphlayout.gui.DotPanelProvider", 
            "edu.uci.isr.archstudio4.graphlayout.gui.DotSpacingParameterPanel", 
            "edu.uci.isr.archstudio4.graphlayout.gui.GeneralOptionsParameterPanel", 
            "edu.uci.isr.archstudio4.graphlayout.gui.IGraphLayoutParameterPanel", 
            "edu.uci.isr.archstudio4.graphlayout.gui.IGraphLayoutParameterPanelProvider", 
            "edu.uci.isr.archstudio4.graphlayout.gui.NeatoPanelProvider", 
            "edu.uci.isr.archstudio4.graphlayout.gui.OrientInterfacesParameterPanel", 
            "edu.uci.isr.archstudio4.graphlayout.gui.SizeAndScaleParameterPanel"
        ], 
        "group69": [
            "edu.uci.isr.archstudio4.comp.archipelago.DefaultArchipelagoEventBus", 
            "edu.uci.isr.archstudio4.comp.archipelago.IArchipelagoEventBus", 
            "edu.uci.isr.archstudio4.comp.archipelago.IArchipelagoEventListener"
        ], 
        "group70": [
            "edu.uci.isr.archstudio4.comp.archipelago.ArchipelagoOutlinePage", 
            "edu.uci.isr.archstudio4.comp.archipelago.IArchipelagoEditorFocuser", 
            "edu.uci.isr.archstudio4.comp.archipelago.IArchipelagoLabelProvider"
        ], 
        "group71": [
            "edu.uci.isr.archstudio4.comp.archedit.ArchEditEditor", 
            "edu.uci.isr.archstudio4.editors.AbstractArchstudioEditorMyxComponent", 
            "edu.uci.isr.archstudio4.editors.XadlEditorMatchingStrategy"
        ], 
        "group72": [
            "edu.uci.isr.archstudio4.comp.tracelink.hypermedia.HypermediaAdapter", 
            "edu.uci.isr.archstudio4.comp.tracelink.hypermedia.IHypermediaAdapter"
        ], 
        "group73": [
            "edu.uci.isr.archstudio4.rationale.views.AssociatedItemsContentProvider", 
            "edu.uci.isr.archstudio4.rationale.views.RationaleContentProvider"
        ], 
        "group74": [
            "edu.uci.isr.archstudio4.comp.xarchcs.changesetrelationshipmanager.ChangeSetRelationshipManagerMyxComponent", 
            "edu.uci.isr.archstudio4.comp.xarchcs.changesetrelationshipmanager.IChangeSetRelationshipManager", 
            "edu.uci.isr.archstudio4.comp.xarchcs.changesetstatusrelationships.ChangeSetStatusRelationshipsImpl"
        ], 
        "group75": [
            "edu.uci.isr.archstudio4.comp.changesetsviewer.ChangeSetsViewerConstants", 
            "edu.uci.isr.archstudio4.comp.changesetsviewer.ChangeSetsViewerEditor", 
            "edu.uci.isr.archstudio4.comp.changesetsviewer.ChangeSetsViewerOutlinePage", 
            "edu.uci.isr.archstudio4.comp.xarchcs.views.changesets.ChangeSetLabelProvider", 
            "edu.uci.isr.archstudio4.comp.xarchcs.views.changesets.ChangeSetState", 
            "edu.uci.isr.archstudio4.comp.xarchcs.views.changesets.ChangeSetStateEvent", 
            "edu.uci.isr.archstudio4.comp.xarchcs.views.changesets.ChangeSetViewMyxComponent", 
            "edu.uci.isr.archstudio4.comp.xarchcs.views.changesets.IChangeSetState", 
            "edu.uci.isr.archstudio4.comp.xarchcs.views.changesets.IChangeSetStateListener", 
            "edu.uci.isr.archstudio4.comp.xarchcs.xarchcs.XArchChangeSetListener"
        ], 
        "group76": [
            "edu.uci.isr.archstudio4.comp.tracelink.addtracelinks.RecordBrowserHistory_Moz2", 
            "edu.uci.isr.archstudio4.comp.tracelink.addtracelinks.RecordBrowserHistory_Moz3", 
            "edu.uci.isr.archstudio4.comp.tracelink.models.IMozillaBrowserHistoryModel", 
            "edu.uci.isr.archstudio4.comp.tracelink.models.MozillaBrowserHistoryModel"
        ], 
        "group77": [
            "edu.uci.isr.archstudio4.comp.editormanager.EditorManagerMyxComponent", 
            "edu.uci.isr.archstudio4.comp.editormanager.EditorPrefsMyxComponent", 
            "edu.uci.isr.archstudio4.editors.FocusEditorListener", 
            "edu.uci.isr.archstudio4.editors.IEditorManager"
        ], 
        "group78": [
            "edu.uci.isr.archstudio4.comp.filetracker.FileTrackerMyxComponent", 
            "edu.uci.isr.archstudio4.comp.filetracker.FileTrackerView"
        ], 
        "group79": [
            "edu.uci.isr.archstudio4.comp.tracelink.addtracelinks.RecordLinkView", 
            "edu.uci.isr.archstudio4.comp.tracelink.views.MsgBox"
        ], 
        "group80": [
            "edu.uci.isr.archstudio4.comp.archipelago.activitydiagrams.ActivityDiagramsEditDescriptionCellModifier", 
            "edu.uci.isr.archstudio4.comp.archipelago.activitydiagrams.ActivityDiagramsEditDescriptionContextMenuFiller", 
            "edu.uci.isr.archstudio4.comp.archipelago.activitydiagrams.ActivityDiagramsFileManagerListener", 
            "edu.uci.isr.archstudio4.comp.archipelago.activitydiagrams.ActivityDiagramsTreePlugin", 
            "edu.uci.isr.archstudio4.comp.archipelago.activitydiagrams.ActivityDiagramsXArchEventHandler"
        ], 
        "group81": [
            "edu.uci.isr.archstudio4.comp.archipelago.types.StructureHintSupport", 
            "edu.uci.isr.archstudio4.comp.archipelago.types.TypesHintSupport", 
            "edu.uci.isr.archstudio4.comp.archipelago.util.HintSupport"
        ], 
        "group82": [
            "edu.uci.isr.archstudio4.comp.tracelink.reports.Criteria", 
            "edu.uci.isr.archstudio4.comp.tracelink.reports.ReportCriteriaViewer"
        ], 
        "group83": [
            "edu.uci.isr.archstudio4.comp.tracelink.preferences.PreferencesConstants", 
            "edu.uci.isr.archstudio4.comp.tracelink.preferences.PreferencesView", 
            "edu.uci.isr.archstudio4.comp.tracelink.preferences.PreferencesViewer"
        ], 
        "group84": [
            "edu.uci.isr.archstudio4.editors.AbstractArchstudioOutlinePage", 
            "edu.uci.isr.archstudio4.util.ArchstudioResources"
        ], 
        "group85": [
            "edu.uci.isr.archstudio4.comp.archipelago.stateline.StatelineUtils", 
            "edu.uci.isr.archstudio4.util.XadlTreeUtils"
        ], 
        "group86": [
            "edu.uci.isr.archstudio4.comp.archipelago.AbstractArchipelagoTreePlugin", 
            "edu.uci.isr.archstudio4.comp.archipelago.FolderNodeTreePlugin", 
            "edu.uci.isr.archstudio4.comp.archipelago.IArchipelagoTreeNodeDataCache", 
            "edu.uci.isr.archstudio4.comp.archipelago.IArchipelagoTreePlugin", 
            "edu.uci.isr.archstudio4.comp.archipelago.RootTreePlugin", 
            "edu.uci.isr.archstudio4.comp.archipelago.TreeNodeDataCache", 
            "edu.uci.isr.archstudio4.comp.archipelago.stateline.StatelineTreePlugin"
        ], 
        "group87": [
            "edu.uci.isr.archstudio4.comp.aimlauncher.AIMLauncherEditor", 
            "edu.uci.isr.archstudio4.comp.aimlauncher.AIMLauncherMyxComponent", 
            "edu.uci.isr.archstudio4.comp.launcher.LauncherMyxComponent", 
            "edu.uci.isr.archstudio4.comp.launcher.LauncherView"
        ], 
        "group88": [
            "edu.uci.isr.archstudio4.comp.archipelago.statecharts.StatechartsEditDescriptionCellModifier", 
            "edu.uci.isr.archstudio4.comp.archipelago.statecharts.StatechartsEditDescriptionContextMenuFiller", 
            "edu.uci.isr.archstudio4.comp.archipelago.types.StructureEditDescriptionCellModifier", 
            "edu.uci.isr.archstudio4.comp.archipelago.types.StructureEditDescriptionContextMenuFiller", 
            "edu.uci.isr.archstudio4.comp.archipelago.types.TypesEditDescriptionCellModifier", 
            "edu.uci.isr.archstudio4.comp.archipelago.types.TypesEditDescriptionContextMenuFiller", 
            "edu.uci.isr.archstudio4.comp.archipelago.util.AbstractEditDescriptionCellModifier", 
            "edu.uci.isr.archstudio4.comp.archipelago.util.AbstractEditDescriptionContextMenuFiller"
        ], 
        "group89": [
            "edu.uci.isr.archstudio4.comp.archipelago.codegen.CodeGenLogic", 
            "edu.uci.isr.archstudio4.comp.archipelago.types.StructureEditorSupport"
        ], 
        "group90": [
            "edu.uci.isr.archstudio4.comp.archipelago.statecharts.StatechartsEditorSupport", 
            "edu.uci.isr.archstudio4.comp.archipelago.statecharts.logics.editing.StatechartsNewElementLogic"
        ], 
        "group91": [
            "edu.uci.isr.archstudio4.comp.archipelago.things.SWTXadlSelectorThing", 
            "edu.uci.isr.archstudio4.comp.archipelago.things.SWTXadlSelectorThingPeer", 
            "edu.uci.isr.archstudio4.comp.archipelago.util.AbstractXadlSelectorLogic", 
            "edu.uci.isr.archstudio4.comp.selectordriver.SelectorDriverOutlinePage"
        ], 
        "group92": [
            "edu.uci.isr.archstudio4.archlight.ArchlightNotice", 
            "edu.uci.isr.archstudio4.comp.archlight.noticeadt.ArchlightNoticeADT", 
            "edu.uci.isr.archstudio4.comp.archlight.noticeadt.ArchlightNoticeADTEvent", 
            "edu.uci.isr.archstudio4.comp.archlight.noticeadt.ArchlightNoticeADTListener", 
            "edu.uci.isr.archstudio4.comp.archlight.noticeadt.ArchlightNoticeADTMyxComponent", 
            "edu.uci.isr.archstudio4.comp.archlight.noticeadt.IArchlightNoticeADT", 
            "edu.uci.isr.archstudio4.comp.archlight.noticeview.ArchlightNoticeView", 
            "edu.uci.isr.archstudio4.comp.archlight.noticeview.ArchlightNoticeViewMyxComponent"
        ], 
        "group93": [
            "edu.uci.isr.archstudio4.comp.xarchcs.changesetrelationshipmanager.ChangeSetRelationshipManagerImpl", 
            "edu.uci.isr.archstudio4.comp.xarchcs.changesetrelationshipmanager.RelationshipElement"
        ], 
        "group94": [
            "edu.uci.isr.archstudio4.comp.archipelago.generic.logics.editing.XadlEditDescriptionLogic", 
            "edu.uci.isr.archstudio4.comp.archipelago.types.StructureEditColorLogic", 
            "edu.uci.isr.archstudio4.comp.archipelago.types.StructureEditDescriptionLogic", 
            "edu.uci.isr.archstudio4.comp.archipelago.types.StructureEditDirectionLogic", 
            "edu.uci.isr.archstudio4.comp.archipelago.types.TypesEditColorLogic", 
            "edu.uci.isr.archstudio4.comp.archipelago.types.TypesEditDescriptionLogic", 
            "edu.uci.isr.archstudio4.comp.archipelago.types.TypesEditDirectionLogic", 
            "edu.uci.isr.archstudio4.comp.archipelago.util.AbstractEditDescriptionLogic", 
            "edu.uci.isr.archstudio4.comp.archipelago.util.AbstractEditDirectionLogic"
        ], 
        "group95": [
            "edu.uci.isr.archstudio4.comp.xarchcs.views.changesets.conversion.CSConverter", 
            "edu.uci.isr.archstudio4.comp.xarchcs.views.changesets.conversion.ComparableBooleanGuardConverter"
        ], 
        "group96": [
            "edu.uci.isr.archstudio4.comp.archipelago.IXArchEventHandlerLogic", 
            "edu.uci.isr.archstudio4.comp.archipelago.types.StructureXArchEventHandler", 
            "edu.uci.isr.archstudio4.comp.archipelago.types.StructureXArchEventHandlerLogic", 
            "edu.uci.isr.archstudio4.comp.archipelago.types.TypesXArchEventHandler", 
            "edu.uci.isr.archstudio4.comp.archipelago.types.TypesXArchEventHandlerLogic"
        ], 
        "group97": [
            "edu.uci.isr.archstudio4.comp.archipelago.types.StructureTreePlugin", 
            "edu.uci.isr.archstudio4.comp.archipelago.types.TypesTreeDragSourceListener", 
            "edu.uci.isr.archstudio4.comp.archipelago.types.TypesTreePlugin"
        ], 
        "group98": [
            "edu.uci.isr.archstudio4.comp.archipelago.types.StructureNewStructureContextMenuFiller", 
            "edu.uci.isr.archstudio4.comp.archipelago.types.TypesNewTypeContextMenuFiller"
        ], 
        "group99": [
            "edu.uci.isr.archstudio4.comp.archipelago.prefs.types.ArchipelagoTypesPrefsMyxComponent", 
            "edu.uci.isr.archstudio4.comp.archipelago.types.ArchipelagoTypesConstants"
        ], 
        "group100": [
            "edu.uci.isr.archstudio4.comp.archipelago.statecharts.StatechartsFileManagerListener", 
            "edu.uci.isr.archstudio4.comp.archipelago.types.StructureFileManagerListener", 
            "edu.uci.isr.archstudio4.comp.archipelago.types.TypesFileManagerListener"
        ], 
        "group101": [
            "edu.uci.isr.archstudio4.comp.resources.IResources", 
            "edu.uci.isr.archstudio4.comp.resources.ResourcesMyxComponent"
        ], 
        "group102": [
            "edu.uci.isr.archstudio4.comp.archipelago.ArchipelagoServices", 
            "edu.uci.isr.archstudio4.comp.archipelago.IArchipelagoEditorPane", 
            "edu.uci.isr.archstudio4.comp.archipelago.util.ArchipelagoFinder"
        ], 
        "group103": [
            "edu.uci.isr.archstudio4.comp.booleannotation.BooleanGuardParser", 
            "edu.uci.isr.archstudio4.comp.booleannotation.JJTBooleanGuardParserState"
        ], 
        "group104": [
            "edu.uci.isr.archstudio4.comp.xarchcs.eventregulator.XArchCSEventRegulatorConnector", 
            "edu.uci.isr.archstudio4.comp.xarchcs.xarchcs.XArchChangeSetEvent"
        ]
    }, 
    "groups-not-in-ground-truth": {
        "group0": [
            "edu.uci.isr.archstudio4.comp.xarchcs.views.changesets.MyxViewPart", 
            "edu.uci.isr.archstudio4.rationale.views.RationaleViewPart"
        ], 
        "group1": [
            "edu.uci.isr.archstudio4.comp.xarchcs.changesetsync.ChangeSetSyncImpl", 
            "edu.uci.isr.archstudio4.comp.xarchcs.xarchcs.XArchChangeSetExplicitFilterImpl", 
            "edu.uci.isr.archstudio4.comp.xarchcs.xarchcs.XArchChangeSetImpl", 
            "edu.uci.isr.archstudio4.comp.xarchcs.xarchcs.XArchChangeSetImplDelegate", 
            "edu.uci.isr.archstudio4.comp.xarchcs.xarchcs.XArchChangeSetLegacyFilterImpl", 
            "edu.uci.isr.archstudio4.comp.xarchcs.xarchfakedetach.XArchDetachFilterImpl"
        ], 
        "group2": [
            "edu.uci.isr.archstudio4.archlight.ArchlightElementIdentifier", 
            "edu.uci.isr.archstudio4.archlight.IArchlightTool", 
            "edu.uci.isr.archstudio4.comp.archlight.ArchlightMyxComponent", 
            "edu.uci.isr.archstudio4.comp.archlight.ArchlightToolAggregatorMyxComponent"
        ], 
        "group3": [
            "edu.uci.isr.archstudio4.comp.xarchcs.changesetidview.ChangeSetIdViewEvent", 
            "edu.uci.isr.archstudio4.comp.xarchcs.changesetidview.ChangeSetIdViewImpl", 
            "edu.uci.isr.archstudio4.comp.xarchcs.changesetidview.ChangeSetIdViewListeners", 
            "edu.uci.isr.archstudio4.comp.xarchcs.changesetidview.ChangeSetIdViewMyxComponent", 
            "edu.uci.isr.archstudio4.comp.xarchcs.changesetidview.IChangeSetIdViewListener", 
            "edu.uci.isr.archstudio4.comp.xarchcs.changesetidview.IdCreators", 
            "edu.uci.isr.archstudio4.comp.xarchcs.changesetidview.IdReferences"
        ], 
        "group4": [
            "edu.uci.isr.archstudio4.comp.aim.AIMMyxComponent", 
            "edu.uci.isr.archstudio4.comp.aim.AbstractAIMMyxComponent", 
            "edu.uci.isr.archstudio4.comp.aimeclipse.AIMEclipseMyxComponent", 
            "edu.uci.isr.archstudio4.comp.aimeclipse.AbstractAIMEclipseMyxComponent"
        ], 
        "group5": [
            "edu.uci.isr.archstudio4.comp.xarchcs.ProgressToChangeSetMonitorWrapper", 
            "edu.uci.isr.archstudio4.comp.xarchcs.actions.AddChangeSetAction", 
            "edu.uci.isr.archstudio4.comp.xarchcs.logics.ChangeSetsModifierLogic", 
            "edu.uci.isr.archstudio4.comp.xarchcs.views.changesets.ChangeSetCellModifier", 
            "edu.uci.isr.archstudio4.comp.xarchcs.views.changesets.ChangeSetSorter", 
            "edu.uci.isr.archstudio4.comp.xarchcs.xarchcs.XArchChangeSetInterface"
        ], 
        "group6": [
            "edu.uci.isr.archstudio4.comp.xarchcs.xarchfakedetach.XArchDetachEvent", 
            "edu.uci.isr.archstudio4.comp.xarchcs.xarchfakedetach.XArchDetachListener", 
            "edu.uci.isr.archstudio4.comp.xarchcs.xarchfakedetach.XArchDetachMyxComponent"
        ], 
        "group7": [
            "edu.uci.isr.archstudio4.comp.selector.ISelector", 
            "edu.uci.isr.archstudio4.comp.selector.SelectorMyxComponent", 
            "edu.uci.isr.archstudio4.comp.selectordriver.SelectorDriverEditor"
        ], 
        "group8": [
            "edu.uci.isr.archstudio4.comp.changesetsviewer.ChangeSetsDisplayLabelProvider", 
            "edu.uci.isr.archstudio4.comp.xarchcs.changesetadt.ChangeSetADTMyxComponent", 
            "edu.uci.isr.archstudio4.comp.xarchcs.changesetadt.IChangeSetADT", 
            "edu.uci.isr.archstudio4.comp.xarchcs.changesetsync.ChangeSetSyncMyxComponent", 
            "edu.uci.isr.archstudio4.comp.xarchcs.changesetsync.IChangeSetSync", 
            "edu.uci.isr.archstudio4.comp.xarchcs.xarchcs.XArchChangeSetExplicitFilterMyxConnector", 
            "edu.uci.isr.archstudio4.comp.xarchcs.xarchcs.XArchChangeSetLegacyFilterMyxConnector", 
            "edu.uci.isr.archstudio4.comp.xarchcs.xarchcs.XArchChangeSetMyxComponent"
        ], 
        "group9": [
            "edu.uci.isr.archstudio4.comp.copypaste.ICopyPasteManager", 
            "edu.uci.isr.archstudio4.comp.xarchcs.eventmanager.IEventManager"
        ], 
        "group10": [
            "edu.uci.isr.archstudio4.comp.aim.AIMImpl", 
            "edu.uci.isr.archstudio4.comp.aimeclipse.AIMEclipseImpl"
        ], 
        "group11": [
            "edu.uci.isr.archstudio4.comp.archipelago.types.StructureTreeLabelProvider", 
            "edu.uci.isr.archstudio4.comp.archipelago.types.TypesTreeLabelProvider", 
            "edu.uci.isr.archstudio4.util.XadlTreeLabelProvider"
        ], 
        "group12": [
            "edu.uci.isr.archstudio4.comp.xarchcs.changesetadt.resolvers.AbstractResolver", 
            "edu.uci.isr.archstudio4.comp.xarchcs.changesetadt.resolvers.DoNotResolveElementTypeResolver", 
            "edu.uci.isr.archstudio4.comp.xarchcs.changesetadt.resolvers.ElementTypeResolver", 
            "edu.uci.isr.archstudio4.comp.xarchcs.changesetadt.resolvers.IDResolver", 
            "edu.uci.isr.archstudio4.comp.xarchcs.changesetadt.resolvers.MultiValueResolver", 
            "edu.uci.isr.archstudio4.comp.xarchcs.changesetadt.resolvers.NoResolver", 
            "edu.uci.isr.archstudio4.comp.xarchcs.changesetadt.resolvers.ValueResolver"
        ], 
        "group13": [
            "edu.uci.isr.archstudio4.comp.xarchcs.ChangeSetUtils", 
            "edu.uci.isr.archstudio4.comp.xarchcs.xarchcs.XArchChangeSetUtils"
        ], 
        "group14": [
            "edu.uci.isr.archstudio4.comp.archipelago.options.OptionsEventListener", 
            "edu.uci.isr.archstudio4.comp.archipelago.stateline.StatelineEventListener"
        ], 
        "group15": [
            "edu.uci.isr.archstudio4.comp.xarchcs.changesetrelationshipmanager.AbstractChangeSetRelationshipMergeHandler", 
            "edu.uci.isr.archstudio4.comp.xarchcs.changesetrelationshipmanager.IChangeSetRelationshipMergeHandler", 
            "edu.uci.isr.archstudio4.comp.xarchcs.changesetrelationshipmanager.LeftMergeHandler", 
            "edu.uci.isr.archstudio4.comp.xarchcs.changesetrelationshipmanager.MergeKey", 
            "edu.uci.isr.archstudio4.comp.xarchcs.changesetrelationshipmanager.MergeKeyAndRelationshipRegistry", 
            "edu.uci.isr.archstudio4.comp.xarchcs.changesetrelationshipmanager.RightMergeHandler"
        ], 
        "group16": [
            "edu.uci.isr.archstudio4.comp.xarchcs.explicitadt.ExplicitADTEvent", 
            "edu.uci.isr.archstudio4.comp.xarchcs.explicitadt.ExplicitADTListener", 
            "edu.uci.isr.archstudio4.comp.xarchcs.explicitadt.ExplicitADTMyxComponent", 
            "edu.uci.isr.archstudio4.comp.xarchcs.logics.AnnotateExplicitChangeLogic"
        ], 
        "group17": [
            "edu.uci.isr.archstudio4.comp.xarchcs.changesetidrelationships.ChangeSetIdRelationshipsImpl", 
            "edu.uci.isr.archstudio4.comp.xarchcs.changesetidrelationships.ChangeSetIdRelationshipsMyxComponent", 
            "edu.uci.isr.archstudio4.comp.xarchcs.changesetidview.IChangeSetIdView"
        ], 
        "group18": [
            "edu.uci.isr.archstudio4.comp.booleaneval.BooleanEvalImpl", 
            "edu.uci.isr.archstudio4.comp.selector.SelectorImpl"
        ], 
        "group19": [
            "edu.uci.isr.archstudio4.archlight.ArchlightIssue", 
            "edu.uci.isr.archstudio4.comp.archlight.issueadt.ArchlightIssueADT", 
            "edu.uci.isr.archstudio4.comp.archlight.issueadt.ArchlightIssueADTEvent", 
            "edu.uci.isr.archstudio4.comp.archlight.issueadt.ArchlightIssueADTListener", 
            "edu.uci.isr.archstudio4.comp.archlight.issueadt.ArchlightIssueADTMyxComponent", 
            "edu.uci.isr.archstudio4.comp.archlight.issueadt.IArchlightIssueADT", 
            "edu.uci.isr.archstudio4.comp.archlight.issueview.ArchlightIssueView", 
            "edu.uci.isr.archstudio4.comp.archlight.issueview.ArchlightIssueViewMyxComponent"
        ], 
        "group20": [
            "edu.uci.isr.archstudio4.comp.xarchcs.changesetstatusview.ChangeSetStatusViewEvent", 
            "edu.uci.isr.archstudio4.comp.xarchcs.changesetstatusview.ChangeSetStatusViewListeners", 
            "edu.uci.isr.archstudio4.comp.xarchcs.changesetstatusview.ChangeSetStatusViewMyxComponent", 
            "edu.uci.isr.archstudio4.comp.xarchcs.changesetstatusview.IChangeSetStatusView", 
            "edu.uci.isr.archstudio4.comp.xarchcs.changesetstatusview.IChangeSetStatusViewListener"
        ], 
        "group21": [
            "edu.uci.isr.archstudio4.comp.archipelago.types.StructureGraphLayoutLogic", 
            "edu.uci.isr.archstudio4.comp.graphlayout.GraphLayoutMyxComponent", 
            "edu.uci.isr.archstudio4.comp.graphlayout.ILayoutEngine", 
            "edu.uci.isr.archstudio4.comp.graphlayout.graphviz.AbstractGraphvizLayoutEngine", 
            "edu.uci.isr.archstudio4.comp.graphlayout.graphviz.DotLayoutEngine", 
            "edu.uci.isr.archstudio4.graphlayout.GraphLayout", 
            "edu.uci.isr.archstudio4.graphlayout.GraphLayoutException", 
            "edu.uci.isr.archstudio4.graphlayout.IGraphLayout"
        ], 
        "group22": [
            "edu.uci.isr.archstudio4.comp.archedit.ArchEditEditor", 
            "edu.uci.isr.archstudio4.editors.AbstractArchstudioEditorMyxComponent", 
            "edu.uci.isr.archstudio4.editors.XadlEditorMatchingStrategy"
        ], 
        "group23": [
            "edu.uci.isr.archstudio4.comp.xarchcs.changesetrelationshipmanager.ChangeSetRelationshipManagerMyxComponent", 
            "edu.uci.isr.archstudio4.comp.xarchcs.changesetrelationshipmanager.IChangeSetRelationshipManager", 
            "edu.uci.isr.archstudio4.comp.xarchcs.changesetstatusrelationships.ChangeSetStatusRelationshipsImpl"
        ], 
        "group24": [
            "edu.uci.isr.archstudio4.comp.changesetsviewer.ChangeSetsViewerConstants", 
            "edu.uci.isr.archstudio4.comp.changesetsviewer.ChangeSetsViewerEditor", 
            "edu.uci.isr.archstudio4.comp.changesetsviewer.ChangeSetsViewerOutlinePage", 
            "edu.uci.isr.archstudio4.comp.xarchcs.views.changesets.ChangeSetLabelProvider", 
            "edu.uci.isr.archstudio4.comp.xarchcs.views.changesets.ChangeSetState", 
            "edu.uci.isr.archstudio4.comp.xarchcs.views.changesets.ChangeSetStateEvent", 
            "edu.uci.isr.archstudio4.comp.xarchcs.views.changesets.ChangeSetViewMyxComponent", 
            "edu.uci.isr.archstudio4.comp.xarchcs.views.changesets.IChangeSetState", 
            "edu.uci.isr.archstudio4.comp.xarchcs.views.changesets.IChangeSetStateListener", 
            "edu.uci.isr.archstudio4.comp.xarchcs.xarchcs.XArchChangeSetListener"
        ], 
        "group25": [
            "edu.uci.isr.archstudio4.comp.editormanager.EditorManagerMyxComponent", 
            "edu.uci.isr.archstudio4.comp.editormanager.EditorPrefsMyxComponent", 
            "edu.uci.isr.archstudio4.editors.FocusEditorListener", 
            "edu.uci.isr.archstudio4.editors.IEditorManager"
        ], 
        "group26": [
            "edu.uci.isr.archstudio4.editors.AbstractArchstudioOutlinePage", 
            "edu.uci.isr.archstudio4.util.ArchstudioResources"
        ], 
        "group27": [
            "edu.uci.isr.archstudio4.comp.archipelago.stateline.StatelineUtils", 
            "edu.uci.isr.archstudio4.util.XadlTreeUtils"
        ], 
        "group28": [
            "edu.uci.isr.archstudio4.comp.aimlauncher.AIMLauncherEditor", 
            "edu.uci.isr.archstudio4.comp.aimlauncher.AIMLauncherMyxComponent", 
            "edu.uci.isr.archstudio4.comp.launcher.LauncherMyxComponent", 
            "edu.uci.isr.archstudio4.comp.launcher.LauncherView"
        ], 
        "group29": [
            "edu.uci.isr.archstudio4.comp.archipelago.things.SWTXadlSelectorThing", 
            "edu.uci.isr.archstudio4.comp.archipelago.things.SWTXadlSelectorThingPeer", 
            "edu.uci.isr.archstudio4.comp.archipelago.util.AbstractXadlSelectorLogic", 
            "edu.uci.isr.archstudio4.comp.selectordriver.SelectorDriverOutlinePage"
        ], 
        "group30": [
            "edu.uci.isr.archstudio4.archlight.ArchlightNotice", 
            "edu.uci.isr.archstudio4.comp.archlight.noticeadt.ArchlightNoticeADT", 
            "edu.uci.isr.archstudio4.comp.archlight.noticeadt.ArchlightNoticeADTEvent", 
            "edu.uci.isr.archstudio4.comp.archlight.noticeadt.ArchlightNoticeADTListener", 
            "edu.uci.isr.archstudio4.comp.archlight.noticeadt.ArchlightNoticeADTMyxComponent", 
            "edu.uci.isr.archstudio4.comp.archlight.noticeadt.IArchlightNoticeADT", 
            "edu.uci.isr.archstudio4.comp.archlight.noticeview.ArchlightNoticeView", 
            "edu.uci.isr.archstudio4.comp.archlight.noticeview.ArchlightNoticeViewMyxComponent"
        ], 
        "group31": [
            "edu.uci.isr.archstudio4.comp.archipelago.prefs.types.ArchipelagoTypesPrefsMyxComponent", 
            "edu.uci.isr.archstudio4.comp.archipelago.types.ArchipelagoTypesConstants"
        ]
    }, 
    "groups-in-gt-split-by-union": {
        "group0": [
            "edu.uci.isr.archstudio4.comp.archipelago.codegen.BrickLabel", 
            "edu.uci.isr.archstudio4.comp.archipelago.codegen.BrickLabelList", 
            "edu.uci.isr.archstudio4.comp.archipelago.codegen.BrickLabelProvider", 
            "edu.uci.isr.archstudio4.comp.archipelago.codegen.BrickList"
        ], 
        "group1": [
            "edu.uci.isr.archstudio4.comp.typewrangler.TypeWranglerEditor", 
            "edu.uci.isr.archstudio4.comp.typewrangler.TypeWranglerOutlinePage"
        ], 
        "group2": [
            "edu.uci.isr.archstudio4.comp.archipelago.types.StructureAssignTypeLogic", 
            "edu.uci.isr.archstudio4.comp.archipelago.types.StructureMapSignatureLogic", 
            "edu.uci.isr.archstudio4.comp.archipelago.types.TypesAssignStructureLogic"
        ], 
        "group3": [
            "edu.uci.isr.archstudio4.comp.archipelago.activitydiagrams.editorsupport.logics.StructureNewElementLogic", 
            "edu.uci.isr.archstudio4.comp.archipelago.types.StructureInterfaceLocationsLogic", 
            "edu.uci.isr.archstudio4.comp.archipelago.types.StructureMapper", 
            "edu.uci.isr.archstudio4.comp.archipelago.types.StructureNewElementLogic", 
            "edu.uci.isr.archstudio4.comp.archipelago.types.StructureNewInterfaceLogic", 
            "edu.uci.isr.archstudio4.comp.archipelago.types.StructureTypeDropLogic", 
            "edu.uci.isr.archstudio4.comp.archipelago.types.TypesStructureDropLogic"
        ], 
        "group4": [
            "edu.uci.isr.archstudio4.comp.archipelago.ArchipelagoEditor", 
            "edu.uci.isr.archstudio4.comp.archipelago.ArchipelagoMyxComponent"
        ], 
        "group5": [
            "edu.uci.isr.archstudio4.comp.archipelago.ArchipelagoUtils", 
            "edu.uci.isr.archstudio4.comp.archipelago.util.InterfaceLocationSyncUtils"
        ], 
        "group6": [
            "edu.uci.isr.archstudio4.comp.graphlayout.GraphLayoutPreferencePanel", 
            "edu.uci.isr.archstudio4.comp.graphlayout.GraphLayoutPrefsMyxComponent"
        ], 
        "group7": [
            "edu.uci.isr.archstudio4.comp.xarchcs.views.changesets.ChangeSetViewPart", 
            "edu.uci.isr.archstudio4.comp.xarchcs.views.variability.VariabilityViewPart"
        ], 
        "group8": [
            "edu.uci.isr.archstudio4.comp.archipelago.ArchipelagoOutlinePage", 
            "edu.uci.isr.archstudio4.comp.archipelago.IArchipelagoEditorFocuser", 
            "edu.uci.isr.archstudio4.comp.archipelago.IArchipelagoLabelProvider"
        ], 
        "group9": [
            "edu.uci.isr.archstudio4.rationale.views.AssociatedItemsContentProvider", 
            "edu.uci.isr.archstudio4.rationale.views.RationaleContentProvider"
        ], 
        "group10": [
            "edu.uci.isr.archstudio4.comp.tracelink.addtracelinks.RecordLinkView", 
            "edu.uci.isr.archstudio4.comp.tracelink.views.MsgBox"
        ], 
        "group11": [
            "edu.uci.isr.archstudio4.comp.archipelago.activitydiagrams.ActivityDiagramsEditDescriptionCellModifier", 
            "edu.uci.isr.archstudio4.comp.archipelago.activitydiagrams.ActivityDiagramsEditDescriptionContextMenuFiller", 
            "edu.uci.isr.archstudio4.comp.archipelago.activitydiagrams.ActivityDiagramsFileManagerListener", 
            "edu.uci.isr.archstudio4.comp.archipelago.activitydiagrams.ActivityDiagramsTreePlugin", 
            "edu.uci.isr.archstudio4.comp.archipelago.activitydiagrams.ActivityDiagramsXArchEventHandler"
        ], 
        "group12": [
            "edu.uci.isr.archstudio4.comp.archipelago.AbstractArchipelagoTreePlugin", 
            "edu.uci.isr.archstudio4.comp.archipelago.FolderNodeTreePlugin", 
            "edu.uci.isr.archstudio4.comp.archipelago.IArchipelagoTreeNodeDataCache", 
            "edu.uci.isr.archstudio4.comp.archipelago.IArchipelagoTreePlugin", 
            "edu.uci.isr.archstudio4.comp.archipelago.RootTreePlugin", 
            "edu.uci.isr.archstudio4.comp.archipelago.TreeNodeDataCache", 
            "edu.uci.isr.archstudio4.comp.archipelago.stateline.StatelineTreePlugin"
        ], 
        "group13": [
            "edu.uci.isr.archstudio4.comp.archipelago.codegen.CodeGenLogic", 
            "edu.uci.isr.archstudio4.comp.archipelago.types.StructureEditorSupport"
        ], 
        "group14": [
            "edu.uci.isr.archstudio4.comp.xarchcs.changesetrelationshipmanager.ChangeSetRelationshipManagerImpl", 
            "edu.uci.isr.archstudio4.comp.xarchcs.changesetrelationshipmanager.RelationshipElement"
        ], 
        "group15": [
            "edu.uci.isr.archstudio4.comp.archipelago.generic.logics.editing.XadlEditDescriptionLogic", 
            "edu.uci.isr.archstudio4.comp.archipelago.types.StructureEditColorLogic", 
            "edu.uci.isr.archstudio4.comp.archipelago.types.StructureEditDescriptionLogic", 
            "edu.uci.isr.archstudio4.comp.archipelago.types.StructureEditDirectionLogic", 
            "edu.uci.isr.archstudio4.comp.archipelago.types.TypesEditColorLogic", 
            "edu.uci.isr.archstudio4.comp.archipelago.types.TypesEditDescriptionLogic", 
            "edu.uci.isr.archstudio4.comp.archipelago.types.TypesEditDirectionLogic", 
            "edu.uci.isr.archstudio4.comp.archipelago.util.AbstractEditDescriptionLogic", 
            "edu.uci.isr.archstudio4.comp.archipelago.util.AbstractEditDirectionLogic"
        ], 
        "group16": [
            "edu.uci.isr.archstudio4.comp.archipelago.types.StructureTreePlugin", 
            "edu.uci.isr.archstudio4.comp.archipelago.types.TypesTreeDragSourceListener", 
            "edu.uci.isr.archstudio4.comp.archipelago.types.TypesTreePlugin"
        ], 
        "group17": [
            "edu.uci.isr.archstudio4.comp.resources.IResources", 
            "edu.uci.isr.archstudio4.comp.resources.ResourcesMyxComponent"
        ], 
        "group18": [
            "edu.uci.isr.archstudio4.comp.archipelago.ArchipelagoServices", 
            "edu.uci.isr.archstudio4.comp.archipelago.IArchipelagoEditorPane", 
            "edu.uci.isr.archstudio4.comp.archipelago.util.ArchipelagoFinder"
        ], 
        "group19": [
            "edu.uci.isr.archstudio4.comp.booleannotation.BooleanGuardParser", 
            "edu.uci.isr.archstudio4.comp.booleannotation.JJTBooleanGuardParserState"
        ], 
        "group20": [
            "edu.uci.isr.archstudio4.comp.xarchcs.eventregulator.XArchCSEventRegulatorConnector", 
            "edu.uci.isr.archstudio4.comp.xarchcs.xarchcs.XArchChangeSetEvent"
        ]
    }
}
