{
    "$schema": "https://schema.management.azure.com/schemas/2015-01-01/deploymentTemplate.json#",
    "contentVersion": "1.0.0.0",
    "parameters": {
        "adminUsername": {
            "defaultValue": "localadmin",
            "minLength": 1,
            "type": "string",
            "metadata": {
                "description": "User name for the additional node."
            }
        },
        "adminPassword": {
            "type": "securestring",
            "metadata": {
                "description": "Administrator password for the additional node."
            }
        },
        "dnsNameForPublicIP": {
            "minLength": 1,
            "type": "string",
            "metadata": {
                "description": "Globally unique DNS Name for the Public IP used to access the MRP Virtual Machine."
            }
        }
    },
    "variables": {
        "imagePublisher": "Canonical",
        "imageOffer": "UbuntuServer",
        "imageSku": "16.04.3-LTS",
        "osDiskName": "[tolower(concat(parameters('dnsNameForPublicIP'), 'osdisk'))]",
        "nicName": "[tolower(concat(parameters('dnsNameForPublicIP'), 'Nic'))]",
        "addressPrefix": "10.0.0.0/16",
        "subnetName": "Subnet",
        "subnetPrefix": "10.0.0.0/24",
        "storageName": "[tolower(concat(parameters('dnsNameForPublicIP'), 'sa'))]",
        "storageType": "Standard_LRS",
        "publicIPAddressType": "Dynamic",
        "vhdStorageContainerName": "vhds",
        "nsgName": "[tolower(concat(parameters('dnsNameForPublicIP'), 'NSG'))]",
        "vmSize": "Standard_A2",
        "vmName": "[toLower(parameters('dnsNameForPublicIP'))]",
        "existingVirtualNetworkName": "puppetVNET",
        "vnetId": "[resourceId('Microsoft.Network/virtualNetworks', variables('existingVirtualNetworkName'))]",
        "subnetRef": "[concat(variables('vnetId'), '/subnets/', variables('subnetName'))]"
    },
    "resources": [
        {
            "type": "Microsoft.Storage/storageAccounts",
            "name": "[toLower(variables('storageName'))]",
            "apiVersion": "2015-05-01-preview",
            "location": "[resourceGroup().location]",
            "properties": {
                "accountType": "[variables('storageType')]"
            }
        },
        {
            "type": "Microsoft.Network/networkSecurityGroups",
            "name": "[variables('nsgName')]",
            "apiVersion": "2015-05-01-preview",
            "location": "[resourceGroup().location]",
            "properties": {
                "securityRules": [
                    {
                        "name": "SSH",
                        "properties": {
                            "description": "SSH port",
                            "protocol": "Tcp",
                            "sourcePortRange": "*",
                            "destinationPortRange": "22",
                            "sourceAddressPrefix": "*",
                            "destinationAddressPrefix": "*",
                            "access": "Allow",
                            "priority": 1000,
                            "direction": "Inbound"
                        }
                    },
                    {
                        "name": "MRP",
                        "properties": {
                            "description": "MRP port",
                            "protocol": "Tcp",
                            "sourcePortRange": "*",
                            "destinationPortRange": "9080",
                            "sourceAddressPrefix": "*",
                            "destinationAddressPrefix": "*",
                            "access": "Allow",
                            "priority": 1100,
                            "direction": "Inbound"
                        }
                    },
                    {
                        "name": "OrderingSvc",
                        "properties": {
                            "description": "OrderingService port",
                            "protocol": "Tcp",
                            "sourcePortRange": "*",
                            "destinationPortRange": "8080",
                            "sourceAddressPrefix": "*",
                            "destinationAddressPrefix": "*",
                            "access": "Allow",
                            "priority": 1200,
                            "direction": "Inbound"
                        }
                    }
                ]
            }
        },
        {
            "type": "Microsoft.Network/publicIPAddresses",
            "name": "[tolower(concat(parameters('dnsNameForPublicIP'), 'publicIP'))]",
            "apiVersion": "2015-05-01-preview",
            "location": "[resourceGroup().location]",
            "properties": {
                "publicIPAllocationMethod": "[variables('publicIPAddressType')]",
                "dnsSettings": {
                    "domainNameLabel": "[parameters('dnsNameForPublicIP')]"
                }
            }
        },
        {
            "type": "Microsoft.Network/virtualNetworks",
            "name": "[variables('existingVirtualNetworkName')]",
            "apiVersion": "2015-05-01-preview",
            "location": "[resourceGroup().location]",
            "properties": {
                "addressSpace": {
                    "addressPrefixes": [
                        "[variables('addressPrefix')]"
                    ]
                },
                "subnets": [
                    {
                        "name": "[variables('subnetName')]",
                        "properties": {
                            "addressPrefix": "[variables('subnetPrefix')]"
                        }
                    }
                ]
            }
        },
        {
            "type": "Microsoft.Network/networkInterfaces",
            "name": "[variables('nicName')]",
            "apiVersion": "2015-05-01-preview",
            "location": "[resourceGroup().location]",
            "properties": {
                "networkSecurityGroup": {
                    "id": "[resourceId('Microsoft.Network/networkSecurityGroups', variables('nsgName'))]"
                },
                "ipConfigurations": [
                    {
                        "name": "ipconfig1",
                        "properties": {
                            "privateIPAllocationMethod": "Dynamic",
                            "publicIPAddress": {
                                "id": "[resourceId('Microsoft.Network/publicIPAddresses', tolower(concat(parameters('dnsNameForPublicIP'), 'publicIP')))]"
                            },
                            "subnet": {
                                "id": "[variables('subnetRef')]"
                            }
                        }
                    }
                ]
            },
            "dependsOn": [
                "[concat('Microsoft.Network/publicIPAddresses/', tolower(concat(parameters('dnsNameForPublicIP'), 'publicIP')))]",
                "[concat('Microsoft.Network/virtualNetworks/', variables('existingVirtualNetworkName'))]",
                "[variables('nsgName')]"
            ]
        },
        {
            "type": "Microsoft.Compute/virtualMachines",
            "name": "[variables('vmName')]",
            "apiVersion": "2015-06-15",
            "location": "[resourceGroup().location]",
            "properties": {
                "hardwareProfile": {
                    "vmSize": "[variables('vmSize')]"
                },
                "osProfile": {
                    "computerName": "[variables('vmName')]",
                    "adminUsername": "[parameters('adminUsername')]",
                    "adminPassword": "[parameters('adminPassword')]"
                },
                "storageProfile": {
                    "imageReference": {
                        "publisher": "[variables('imagePublisher')]",
                        "offer": "[variables('imageOffer')]",
                        "sku": "[variables('imageSKU')]",
                        "version": "latest"
                    },
                    "osDisk": {
                        "name": "[variables('osDiskName')]",
                        "vhd": {
                            "uri": "[concat(reference(concat('Microsoft.Storage/storageAccounts/', variables('storageName')), providers('Microsoft.Storage', 'storageAccounts').apiVersions[0]).primaryEndpoints.blob, variables('vhdStorageContainerName'),'/',variables('osDiskName'),'.vhd')]"
                        },
                        "caching": "ReadWrite",
                        "createOption": "FromImage"
                    }
                },
                "networkProfile": {
                    "networkInterfaces": [
                        {
                            "id": "[resourceId('Microsoft.Network/networkInterfaces',variables('nicName'))]"
                        }
                    ]
                },
                "diagnosticsProfile": {
                    "bootDiagnostics": {
                        "enabled": "true",
                        "storageUri": "[reference(concat('Microsoft.Storage/storageAccounts/', variables('storageName')), providers('Microsoft.Storage', 'storageAccounts').apiVersions[0]).primaryEndpoints.blob]"
                    }
                }
            },
            "dependsOn": [
                "[concat('Microsoft.Storage/storageAccounts/', variables('storageName'))]",
                "[concat('Microsoft.Network/networkInterfaces/', variables('nicName'))]"
            ]
        },
        {
            "type": "Microsoft.Compute/virtualMachines/extensions",
            "name": "[concat(variables('vmName'),'/LinuxCustomScriptExtension')]",
            "apiVersion": "2015-06-15",
            "location": "[resourceGroup().location]",
            "properties": {
                "publisher": "Microsoft.OSTCExtensions",
                "type": "CustomScriptForLinux",
                "typeHandlerVersion": "1.5",
                "autoUpgradeMinorVersion": true,
                "settings": {
                    "commandToExecute": "ifconfig"
                }
            },
            "dependsOn": [
                "[concat('Microsoft.Compute/virtualMachines/', variables('vmName'))]"
            ]
        },
        {
            "type": "Microsoft.Compute/virtualMachines/extensions",
            "name": "[concat(variables('vmName'),'/LinuxVMAccessExtension')]",
            "apiVersion": "2015-06-15",
            "location": "[resourceGroup().location]",
            "properties": {
                "publisher": "Microsoft.OSTCExtensions",
                "type": "VMAccessForLinux",
                "typeHandlerVersion": "1.4",
                "autoUpgradeMinorVersion": "true",
                "settings": {},
                "protectedSettings": {
                    "username": "[parameters('adminUsername')]",
                    "password": "[parameters('adminPassword')]"
                }
            },
            "dependsOn": [
                "[concat('Microsoft.Compute/virtualMachines/', variables('vmName'),'/extensions/LinuxCustomScriptExtension')]"
            ]
        }
    ],
    "outputs": {}
}