{
  "tool": {
    "decomposition": {
      "UserManagementService": [
        {
          "id": "User"
        },
        {
          "id": "PasswordResult"
        },
        {
          "id": "RegistrationUtils"
        },
        {
          "id": "LoginUtils"
        },
        {
          "id": "AlcoholResult"
        },
        {
          "id": "AckServlet"
        },
        {
          "id": "FibServlet"
        },
        {
          "id": "MathServlet"
        },
        {
          "id": "LoginServlet"
        },
        {
          "id": "RegisterServlet"
        },
        {
          "id": "TailRecursive"
        },
        {
          "id": "RegistrationResult"
        },
        {
          "id": "ParameterObject"
        },
        {
          "id": "throwingfunction"
        },
        {
          "id": "WebAppListener"
        },
        {
          "id": "AssertionException"
        },
        {
          "id": "NotImplementedException"
        },
        {
          "id": "CheckUtils"
        },
        {
          "id": "ServletUtils"
        },
        {
          "id": "StringUtils"
        },
        {
          "id": "PersistenceLayer"
        },
        {
          "id": "DbServlet"
        },
        {
          "id": "EmptyDataSource"
        },
        {
          "id": "SqlData"
        },
        {
          "id": "SqlRuntimeException"
        },
        {
          "id": "invalidclaimsexception"
        }
      ],
      "BorrowManagementService": [
        {
          "id": "Borrower"
        },
        {
          "id": "Loan"
        }
      ],
      "BookManagementService": [
        {
          "id": "Book"
        },
        {
          "id": "LibraryBookListSearchServlet"
        },
        {
          "id": "LibraryBorrowerListSearchServlet"
        },
        {
          "id": "LibraryLendServlet"
        },
        {
          "id": "LibraryBookListAvailableServlet"
        },
        {
          "id": "LibraryRegisterBorrowerServlet"
        },
        {
          "id": "LibraryRegisterBookServlet"
        },
        {
          "id": "LibraryUtils"
        },
        {
          "id": "Calculator"
        },
        {
          "id": "IPersistenceLayer"
        }
      ],
      "CalculateManagementService": [
        {
          "id": "DinnerPrices"
        },
        {
          "id": "AlcoholCalculator"
        },
        {
          "id": "Ackermann"
        },
        {
          "id": "CartesianProduct"
        },
        {
          "id": "functionalackermann"
        },
        {
          "id": "AckermannIterative"
        },
        {
          "id": "Fibonacci"
        },
        {
          "id": "FibonacciIterative"
        },
        {
          "id": "FunctionalField"
        }
      ]
    }
  }
}
