{
    "MEM": {
        "decomposition": {
            "0": [
                {
                    "id": "NamedEntity"
                },
                {
                    "id": "Person"
                }
            ],
            "1": [
                {
                    "id": "PetController"
                },
                {
                    "id": "ClinicServiceTests"
                },
                {
                    "id": "OwnerController"
                },
                {
                    "id": "OwnerRepository"
                },
                {
                    "id": "VisitController"
                },
                {
                    "id": "VisitControllerTests"
                },
                {
                    "id": "PetControllerTests"
                },
                {
                    "id": "OwnerControllerTests"
                }
            ],
            "2": [
                {
                    "id": "Pet"
                },
                {
                    "id": "Visit"
                }
            ],
            "3": [
                {
                    "id": "package-info"
                },
                {
                    "id": "PetType"
                },
                {
                    "id": "Specialty"
                },
                {
                    "id": "Vet"
                }
            ],
            "4": [
                {
                    "id": "PetTypeFormatterTests"
                },
                {
                    "id": "PetTypeFormatter"
                }
            ]
        }
    }
}