{
    "tool": {
        "decomposition": {
            "0": [
                {
                    "id": "Person.setFirstName"
                },
                {
                    "id": "NamedEntity.getName"
                },
                {
                    "id": "Person.Person"
                },
                {
                    "id": "NamedEntity.NamedEntity"
                },
                {
                    "id": "NamedEntity.setName"
                },
                {
                    "id": "Person.getLastName"
                },
                {
                    "id": "Person.getFirstName"
                },
                {
                    "id": "NamedEntity.toString"
                },
                {
                    "id": "Person.setLastName"
                }
            ],
            "1": [
                {
                    "id": "PetController.PetController"
                },
                {
                    "id": "PetController.initOwnerBinder"
                },
                {
                    "id": "PetController.initCreationForm"
                },
                {
                    "id": "OwnerController.addPaginationModel"
                },
                {
                    "id": "OwnerController.setAllowedFields"
                },
                {
                    "id": "PetController.findPet"
                },
                {
                    "id": "OwnerController.processCreationForm"
                },
                {
                    "id": "OwnerController.findOwner"
                },
                {
                    "id": "PetController.initUpdateForm"
                },
                {
                    "id": "VisitController.loadPetWithVisit"
                },
                {
                    "id": "OwnerController.initUpdateOwnerForm"
                },
                {
                    "id": "VisitController.initNewVisitForm"
                },
                {
                    "id": "PetController.initPetBinder"
                },
                {
                    "id": "OwnerController.showOwner"
                },
                {
                    "id": "VisitController.VisitController"
                },
                {
                    "id": "OwnerRepository.findPetTypes"
                },
                {
                    "id": "VisitController.processNewVisitForm"
                },
                {
                    "id": "OwnerController.initCreationForm"
                },
                {
                    "id": "OwnerRepository.save"
                },
                {
                    "id": "PetController.processUpdateForm"
                },
                {
                    "id": "PetController.findOwner"
                },
                {
                    "id": "VisitController.setAllowedFields"
                },
                {
                    "id": "OwnerController.OwnerController"
                },
                {
                    "id": "OwnerRepository.findAll"
                },
                {
                    "id": "PetController.processCreationForm"
                },
                {
                    "id": "PetController.populatePetTypes"
                },
                {
                    "id": "OwnerController.processUpdateOwnerForm"
                },
                {
                    "id": "OwnerRepository.findByLastName"
                },
                {
                    "id": "OwnerController.findPaginatedForOwnersLastName"
                },
                {
                    "id": "OwnerController.processFindForm"
                },
                {
                    "id": "OwnerRepository.findById"
                },
                {
                    "id": "OwnerController.initFindForm"
                }
            ],
            "2": [
                {
                    "id": "Visit.setDate"
                },
                {
                    "id": "Pet.isNew"
                },
                {
                    "id": "Pet.setType"
                },
                {
                    "id": "Visit.getDescription"
                },
                {
                    "id": "Pet.getType"
                },
                {
                    "id": "Visit.Visit"
                },
                {
                    "id": "Pet.Pet"
                },
                {
                    "id": "Pet.getVisits"
                },
                {
                    "id": "Pet.getName"
                },
                {
                    "id": "Pet.setBirthDate"
                },
                {
                    "id": "Pet.getId"
                },
                {
                    "id": "Visit.setDescription"
                },
                {
                    "id": "Pet.addVisit"
                },
                {
                    "id": "Pet.getBirthDate"
                },
                {
                    "id": "Visit.getDate"
                }
            ],
            "3": [
                {
                    "id": "Vet.Vet"
                },
                {
                    "id": "Vet.getSpecialties"
                },
                {
                    "id": "Vet.addSpecialty"
                },
                {
                    "id": "Vet.getSpecialtiesInternal"
                },
                {
                    "id": "Specialty.Specialty"
                },
                {
                    "id": "Vet.setSpecialtiesInternal"
                },
                {
                    "id": "Vet.getNrOfSpecialties"
                },
                {
                    "id": "PetType.PetType"
                },
                {
                    "id": "PetType.getName"
                }
            ],
            "4": [
                {
                    "id": "PetTypeFormatter.print"
                },
                {
                    "id": "PetTypeFormatter.PetTypeFormatter"
                },
                {
                    "id": "PetTypeFormatter.parse"
                }
            ],
            "UNOBSERVED": []
        }
    }
}