partitionID,className,classID
0,NamedEntity.java,src/main/java/org/springframework/samples/petclinic/model/NamedEntity.java
0,Person.java,src/main/java/org/springframework/samples/petclinic/model/Person.java
1,PetController.java,src/main/java/org/springframework/samples/petclinic/owner/PetController.java
1,ClinicServiceTests.java,src/test/java/org/springframework/samples/petclinic/service/ClinicServiceTests.java
1,OwnerController.java,src/main/java/org/springframework/samples/petclinic/owner/OwnerController.java
1,OwnerRepository.java,src/main/java/org/springframework/samples/petclinic/owner/OwnerRepository.java
1,VisitController.java,src/main/java/org/springframework/samples/petclinic/owner/VisitController.java
1,VisitControllerTests.java,src/test/java/org/springframework/samples/petclinic/owner/VisitControllerTests.java
1,PetControllerTests.java,src/test/java/org/springframework/samples/petclinic/owner/PetControllerTests.java
1,OwnerControllerTests.java,src/test/java/org/springframework/samples/petclinic/owner/OwnerControllerTests.java
2,Pet.java,src/main/java/org/springframework/samples/petclinic/owner/Pet.java
2,Visit.java,src/main/java/org/springframework/samples/petclinic/owner/Visit.java
3,package-info.java,src/main/java/org/springframework/samples/petclinic/model/package-info.java
3,PetType.java,src/main/java/org/springframework/samples/petclinic/owner/PetType.java
3,Specialty.java,src/main/java/org/springframework/samples/petclinic/vet/Specialty.java
3,Vet.java,src/main/java/org/springframework/samples/petclinic/vet/Vet.java
4,PetTypeFormatterTests.java,src/test/java/org/springframework/samples/petclinic/owner/PetTypeFormatterTests.java
4,PetTypeFormatter.java,src/main/java/org/springframework/samples/petclinic/owner/PetTypeFormatter.java
