,method,stmtLineNumber,stmt
0,<de.ecspride.MainActivity: void onCreate(android.os.Bundle)>,-1,$r6 = virtualinvoke r5.<android.telephony.TelephonyManager: java.lang.String getDeviceId()>()
1,<de.ecspride.MainActivity: void onCreate(android.os.Bundle)>,-1,r4.<de.ecspride.BaseClass: java.lang.String imei> = $r6
2,<de.ecspride.MainActivity: void onCreate(android.os.Bundle)>,-1,$r6 = virtualinvoke r4.<de.ecspride.BaseClass: java.lang.String foo()>()
3,<de.ecspride.ConcreteClass: java.lang.String foo()>,-1,r1 = r0.<de.ecspride.ConcreteClass: java.lang.String imei>
4,<de.ecspride.ConcreteClass: java.lang.String foo()>,-1,return r1
5,<de.ecspride.MainActivity: void onCreate(android.os.Bundle)>,-1,"virtualinvoke $r7.<android.telephony.SmsManager: void sendTextMessage(java.lang.String,java.lang.String,java.lang.String,android.app.PendingIntent,android.app.PendingIntent)>(""+49 1234"", null, $r6, null, null)"
