partitionID,className,classID
0,AutoInsuranceProcessor.java,desktop_app/src/main/java/com/coveros/training/autoinsurance/AutoInsuranceProcessor.java
0,FibonacciTests.java,src/test/java/com/coveros/training/mathematics/FibonacciTests.java
0,package-info.java,src/main/java/com/coveros/training/expenses/package-info.java
0,LibraryLendServletTests.java,src/test/java/com/coveros/training/library/LibraryLendServletTests.java
0,authenticationStepDefs.py,src/ui_tests/behave/features/steps/authenticationStepDefs.py
0,LibraryBookListAvailableServlet.java,src/main/java/com/coveros/training/library/LibraryBookListAvailableServlet.java
0,SelenifiedSample.java,src/selenified_tests/java/com/coveros/training/selenified/SelenifiedSample.java
0,fibonacciStepDefs.py,src/ui_tests/behave/features/steps/fibonacciStepDefs.py
1,StringUtils.java,src/main/java/com/coveros/training/helpers/StringUtils.java
1,package-info.java,src/main/java/com/coveros/training/library/package-info.java
2,Loan.java,src/main/java/com/coveros/training/library/domainobjects/Loan.java
2,FunctionalField.java,src/main/java/com/coveros/training/mathematics/FunctionalField.java
2,environment.py,src/ui_tests/behave/features/environment.py
2,ServletUtils.java,src/main/java/com/coveros/training/helpers/ServletUtils.java
3,DateUtilsTests.java,src/test/java/com/coveros/training/helpers/DateUtilsTests.java
3,AckServlet.java,src/main/java/com/coveros/training/mathematics/AckServlet.java
3,DbServletTests.java,src/test/java/com/coveros/training/persistence/DbServletTests.java
4,package-info.java,src/main/java/com/coveros/training/authentication/domainobjects/package-info.java
4,TailRecursive.java,src/main/java/com/coveros/training/mathematics/TailRecursive.java
4,AutoInsuranceScriptClient.java,desktop_app/src/test/java/com/coveros/training/autoinsurance/AutoInsuranceScriptClient.java
4,FibServletTests.java,src/test/java/com/coveros/training/mathematics/FibServletTests.java
4,AutoInsuranceActionTests.java,desktop_app/src/test/java/com/coveros/training/autoinsurance/AutoInsuranceActionTests.java
4,ExecutionDataClient.java,desktop_app/src/test/java/com/coveros/training/autoinsurance/ExecutionDataClient.java
5,AlcoholCalculator.java,src/main/java/com/coveros/training/expenses/AlcoholCalculator.java
5,package-info.java,src/main/java/com/coveros/training/library/domainobjects/package-info.java
5,CheckUtilsTests.java,src/test/java/com/coveros/training/helpers/CheckUtilsTests.java
5,RegistrationStepDefs.java,src/bdd_test/java/com/coveros/training/authentication/RegistrationStepDefs.java
5,LibraryBookListSearchServletTests.java,src/test/java/com/coveros/training/library/LibraryBookListSearchServletTests.java
6,CheckUtils.java,src/main/java/com/coveros/training/helpers/CheckUtils.java
6,LibraryRegisterBorrowerServlet.java,src/main/java/com/coveros/training/library/LibraryRegisterBorrowerServlet.java
6,HtmlUnitTests.java,src/ui_tests/java/src/test/java/com/coveros/training/HtmlUnitTests.java
7,WebAppListenerTests.java,src/test/java/com/coveros/training/tomcat/WebAppListenerTests.java
7,AlcoholResult.java,src/main/java/com/coveros/training/expenses/AlcoholResult.java
7,LibraryBookListAvailableServletTests.java,src/test/java/com/coveros/training/library/LibraryBookListAvailableServletTests.java
7,package-info.java,src/main/java/com/coveros/training/tomcat/package-info.java
8,ApiCalls.java,src/ui_tests/java/src/test/java/com/coveros/training/ApiCalls.java
8,DbServlet.java,src/main/java/com/coveros/training/persistence/DbServlet.java
8,RegistrationResult.java,src/main/java/com/coveros/training/authentication/domainobjects/RegistrationResult.java
9,LibraryLendServlet.java,src/main/java/com/coveros/training/library/LibraryLendServlet.java
9,LibraryActionResults.java,src/main/java/com/coveros/training/library/domainobjects/LibraryActionResults.java
9,package-info.java,src/main/java/com/coveros/training/persistence/package-info.java
9,DateUtils.java,src/test/java/com/coveros/training/helpers/DateUtils.java
9,FibonacciStepDefs.java,src/bdd_test/java/com/coveros/training/math/FibonacciStepDefs.java
10,Fibonacci.java,src/main/java/com/coveros/training/mathematics/Fibonacci.java
10,package-info.java,src/main/java/com/coveros/training/helpers/package-info.java
10,WarningLetterEnum.java,desktop_app/src/main/java/com/coveros/training/autoinsurance/WarningLetterEnum.java
10,BorrowerTests.java,src/test/java/com/coveros/training/library/domainobjects/BorrowerTests.java
10,FibonacciParameterizedTests.java,src/test/java/com/coveros/training/mathematics/FibonacciParameterizedTests.java
10,LoginUtilsTests.java,src/test/java/com/coveros/training/authentication/LoginUtilsTests.java
10,PasswordResult.java,src/main/java/com/coveros/training/authentication/domainobjects/PasswordResult.java
10,package-info.java,src/main/java/com/coveros/training/cartesianproduct/package-info.java
10,AutoInsuranceUI.java,desktop_app/src/main/java/com/coveros/training/autoinsurance/AutoInsuranceUI.java
11,Book.java,src/main/java/com/coveros/training/library/domainobjects/Book.java
11,User.java,src/main/java/com/coveros/training/authentication/domainobjects/User.java
11,LibraryRegisterBookServletTests.java,src/test/java/com/coveros/training/library/LibraryRegisterBookServletTests.java
11,RegisterServletTests.java,src/test/java/com/coveros/training/authentication/RegisterServletTests.java
12,DesktopTester.java,desktop_app/src/test/java/com/coveros/training/autoinsurance/DesktopTester.java
12,AckServletTests.java,src/test/java/com/coveros/training/mathematics/AckServletTests.java
13,CartesianProduct.java,src/main/java/com/coveros/training/cartesianproduct/CartesianProduct.java
13,RegistrationResultTests.java,src/test/java/com/coveros/training/authentication/domainobjects/RegistrationResultTests.java
13,CartesianProductStepDefs.java,src/bdd_test/java/com/coveros/training/cartesianproduct/CartesianProductStepDefs.java
14,RegisterServlet.java,src/main/java/com/coveros/training/authentication/RegisterServlet.java
14,InvalidClaimsException.java,desktop_app/src/main/java/com/coveros/training/autoinsurance/InvalidClaimsException.java
14,ackermannStepDefs.py,src/ui_tests/behave/features/steps/ackermannStepDefs.py
14,WebAppListener.java,src/main/java/com/coveros/training/tomcat/WebAppListener.java
15,AckermannIterative.java,src/main/java/com/coveros/training/mathematics/AckermannIterative.java
15,AutoInsuranceScriptServer.java,desktop_app/src/main/java/com/coveros/training/autoinsurance/AutoInsuranceScriptServer.java
15,BookTests.java,src/test/java/com/coveros/training/library/domainobjects/BookTests.java
15,LoginServletTests.java,src/test/java/com/coveros/training/authentication/LoginServletTests.java
16,BookCheckOutStepDefs.java,src/bdd_test/java/com/coveros/training/library/BookCheckOutStepDefs.java
16,package-info.java,src/main/java/com/coveros/training/mathematics/package-info.java
17,package-info.java,src/main/java/com/coveros/training/authentication/package-info.java
17,PasswordResultTests.java,src/test/java/com/coveros/training/authentication/domainobjects/PasswordResultTests.java
17,LibraryUtils.java,src/main/java/com/coveros/training/library/LibraryUtils.java
17,LendingTests.java,src/test/java/com/coveros/training/library/LendingTests.java
17,AckermannStepDefs.java,src/bdd_test/java/com/coveros/training/math/AckermannStepDefs.java
17,MathServletTests.java,src/test/java/com/coveros/training/mathematics/MathServletTests.java
17,StringUtilsTests.java,src/test/java/com/coveros/training/helpers/StringUtilsTests.java
17,AckermannParameterizedTests.java,src/test/java/com/coveros/training/mathematics/AckermannParameterizedTests.java
17,AutoInsuranceProcessorTests.java,desktop_app/src/test/java/com/coveros/training/autoinsurance/AutoInsuranceProcessorTests.java
17,Ackermann.java,src/main/java/com/coveros/training/mathematics/Ackermann.java
18,SeleniumTests.java,src/ui_tests/java/src/test/java/com/coveros/training/SeleniumTests.java
18,CalculatorTests.java,src/test/java/com/coveros/training/mathematics/CalculatorTests.java
18,LoginUtils.java,src/main/java/com/coveros/training/authentication/LoginUtils.java
18,Calculator.java,src/main/java/com/coveros/training/mathematics/Calculator.java
18,RegistrationUtilsTests.java,src/test/java/com/coveros/training/authentication/RegistrationUtilsTests.java
19,basic_test.py,src/ui_tests/python/basic_test.py
19,Borrower.java,src/main/java/com/coveros/training/library/domainobjects/Borrower.java
19,AutoInsuranceAction.java,desktop_app/src/main/java/com/coveros/training/autoinsurance/AutoInsuranceAction.java
19,LoanTests.java,src/test/java/com/coveros/training/library/domainobjects/LoanTests.java
19,DesktopUiTests.java,desktop_app/src/test/java/com/coveros/training/autoinsurance/DesktopUiTests.java
