{"onCreate(Landroid\/os\/Bundle;)V":{"1":"    invoke-super {p0, p1}, Landroid\/app\/Activity;->onCreate(Landroid\/os\/Bundle;)V","2":"    const p1, 0x7f09001c","3":"    invoke-virtual {p0, p1}, Lorg\/arguslab\/icc_implicit_mix1\/HookActivity;->setContentView(I)V","4":"    invoke-virtual {p0}, Lorg\/arguslab\/icc_implicit_mix1\/HookActivity;->getIntent()Landroid\/content\/Intent;","5":"    move-result-object p1","6":"    new-instance v0, Ljava\/lang\/StringBuilder;","7":"    invoke-direct {v0}, Ljava\/lang\/StringBuilder;-><init>()V","8":"    const-string v1, \"\"","9":"    invoke-virtual {v0, v1}, Ljava\/lang\/StringBuilder;->append(Ljava\/lang\/String;)Ljava\/lang\/StringBuilder;","10":"    const-string v1, \"data\"","11":"    invoke-virtual {p1, v1}, Landroid\/content\/Intent;->getStringExtra(Ljava\/lang\/String;)Ljava\/lang\/String;","12":"    move-result-object p1","13":"    invoke-virtual {v0, p1}, Ljava\/lang\/StringBuilder;->append(Ljava\/lang\/String;)Ljava\/lang\/StringBuilder;","14":"    invoke-virtual {v0}, Ljava\/lang\/StringBuilder;->toString()Ljava\/lang\/String;","15":"    move-result-object p1","16":"    const-string v0, \"deviceid\"","17":"    invoke-static {v0, p1}, Landroid\/util\/Log;->d(Ljava\/lang\/String;Ljava\/lang\/String;)I","18":"    return-void"},"<init>()V":{"1":"    invoke-direct {p0}, Landroid\/app\/Activity;-><init>()V","2":"    return-void"}}