{"onCreate(Landroid\/os\/Bundle;)V":{"1":"    invoke-super {p0, p1}, Landroid\/app\/Activity;->onCreate(Landroid\/os\/Bundle;)V","2":"    const p1, 0x7f09001d","3":"    invoke-virtual {p0, p1}, Lorg\/arguslab\/icc_implicit_mix1\/MainActivity;->setContentView(I)V","4":"    sget p1, Landroid\/os\/Build$VERSION;->SDK_INT:I","5":"    const\/16 v0, 0x17","6":"    if-lt p1, v0, :cond_1f","7":"    const-string p1, \"android.permission.READ_PHONE_STATE\"","8":"    invoke-virtual {p0, p1}, Lorg\/arguslab\/icc_implicit_mix1\/MainActivity;->checkSelfPermission(Ljava\/lang\/String;)I","9":"    move-result v0","10":"    if-eqz v0, :cond_1f","11":"    filled-new-array {p1}, [Ljava\/lang\/String;","12":"    move-result-object p1","13":"    const\/4 v0, 0x1","14":"    invoke-virtual {p0, p1, v0}, Lorg\/arguslab\/icc_implicit_mix1\/MainActivity;->requestPermissions([Ljava\/lang\/String;I)V","15":"    return-void"},"onRequestPermissionsResult(I[Ljava\/lang\/String;[I)V":{"1":"    const\/4 p2, 0x1","2":"    if-eq p1, p2, :cond_4","3":"    return-void","4":"    invoke-direct {p0}, Lorg\/arguslab\/icc_implicit_mix1\/MainActivity;->leakImei()V","5":"    return-void"},"<init>()V":{"1":"    invoke-direct {p0}, Landroid\/app\/Activity;-><init>()V","2":"    return-void"},"leakImei()V":{"1":"    const-string v0, \"phone\"","2":"    invoke-virtual {p0, v0}, Lorg\/arguslab\/icc_implicit_mix1\/MainActivity;->getSystemService(Ljava\/lang\/String;)Ljava\/lang\/Object;","3":"    move-result-object v0","4":"    check-cast v0, Landroid\/telephony\/TelephonyManager;","5":"    invoke-virtual {v0}, Landroid\/telephony\/TelephonyManager;->getDeviceId()Ljava\/lang\/String;","6":"    move-result-object v0","7":"    new-instance v1, Landroid\/content\/Intent;","8":"    invoke-direct {v1}, Landroid\/content\/Intent;-><init>()V","9":"    const-string v2, \"test_action\"","10":"    invoke-virtual {v1, v2}, Landroid\/content\/Intent;->setAction(Ljava\/lang\/String;)Landroid\/content\/Intent;","11":"    const-string v2, \"test_category1\"","12":"    invoke-virtual {v1, v2}, Landroid\/content\/Intent;->addCategory(Ljava\/lang\/String;)Landroid\/content\/Intent;","13":"    const-string v2, \"test_category2\"","14":"    invoke-virtual {v1, v2}, Landroid\/content\/Intent;->addCategory(Ljava\/lang\/String;)Landroid\/content\/Intent;","15":"    const-string v2, \"amandroid:\/\/fgwei:8888\/abc\/def\"","16":"    invoke-static {v2}, Landroid\/net\/Uri;->parse(Ljava\/lang\/String;)Landroid\/net\/Uri;","17":"    move-result-object v2","18":"    const-string v3, \"test\/type\"","19":"    invoke-virtual {v1, v2, v3}, Landroid\/content\/Intent;->setDataAndType(Landroid\/net\/Uri;Ljava\/lang\/String;)Landroid\/content\/Intent;","20":"    const-string v2, \"data\"","21":"    invoke-virtual {v1, v2, v0}, Landroid\/content\/Intent;->putExtra(Ljava\/lang\/String;Ljava\/lang\/String;)Landroid\/content\/Intent;","22":"    invoke-virtual {p0, v1}, Lorg\/arguslab\/icc_implicit_mix1\/MainActivity;->startActivity(Landroid\/content\/Intent;)V","23":"    return-void"}}