{"onCreate(Landroid\/os\/Bundle;)V":{"1":"    invoke-super {p0, p1}, Landroid\/app\/Activity;->onCreate(Landroid\/os\/Bundle;)V","2":"    const p1, 0x7f09001b","3":"    invoke-virtual {p0, p1}, Lorg\/arguslab\/icc_implicit_mix1\/FooActivity;->setContentView(I)V","4":"    new-instance p1, Landroid\/content\/Intent;","5":"    invoke-direct {p1}, Landroid\/content\/Intent;-><init>()V","6":"    const-string v0, \"test_action2\"","7":"    invoke-virtual {p1, v0}, Landroid\/content\/Intent;->setAction(Ljava\/lang\/String;)Landroid\/content\/Intent;","8":"    const-string v0, \"test_category3\"","9":"    invoke-virtual {p1, v0}, Landroid\/content\/Intent;->addCategory(Ljava\/lang\/String;)Landroid\/content\/Intent;","10":"    const-string v0, \"test_category4\"","11":"    invoke-virtual {p1, v0}, Landroid\/content\/Intent;->addCategory(Ljava\/lang\/String;)Landroid\/content\/Intent;","12":"    const-string v0, \"amandroid:\/\/fgwei:8888\/xxx\/xxx.com\"","13":"    invoke-static {v0}, Landroid\/net\/Uri;->parse(Ljava\/lang\/String;)Landroid\/net\/Uri;","14":"    move-result-object v0","15":"    const-string v1, \"test\/type\"","16":"    invoke-virtual {p1, v0, v1}, Landroid\/content\/Intent;->setDataAndType(Landroid\/net\/Uri;Ljava\/lang\/String;)Landroid\/content\/Intent;","17":"    invoke-virtual {p0}, Lorg\/arguslab\/icc_implicit_mix1\/FooActivity;->getIntent()Landroid\/content\/Intent;","18":"    move-result-object v0","19":"    const-string v1, \"data\"","20":"    invoke-virtual {v0, v1}, Landroid\/content\/Intent;->getStringExtra(Ljava\/lang\/String;)Ljava\/lang\/String;","21":"    move-result-object v0","22":"    invoke-virtual {p1, v1, v0}, Landroid\/content\/Intent;->putExtra(Ljava\/lang\/String;Ljava\/lang\/String;)Landroid\/content\/Intent;","23":"    invoke-virtual {p0, p1}, Lorg\/arguslab\/icc_implicit_mix1\/FooActivity;->startActivity(Landroid\/content\/Intent;)V","24":"    return-void"},"<init>()V":{"1":"    invoke-direct {p0}, Landroid\/app\/Activity;-><init>()V","2":"    return-void"}}