{
    "tool": {
        "decomposition": {
            "partition0": [
                {
                    "id": "smpl.ordering.repositories.mongodb.models.OrderDetails"
                },
                {
                    "id": "smpl.ordering.models.Order"
                },
                {
                    "id": "smpl.ordering.models.OrderUpdateInfo"
                },
                {
                    "id": "smpl.ordering.models.OrderEventInfo"
                },
                {
                    "id": "smpl.ordering.repositories.OrderRepository"
                },
                {
                    "id": "smpl.ordering.repositories.mock.MockOrderRepository"
                },
                {
                    "id": "smpl.ordering.repositories.mongodb.MongoOrderRepository"
                },
                {
                    "id": "smpl.ordering.controllers.OrderController"
                }
            ],
            "partition1": [
                {
                    "id": "smpl.ordering.models.DealerInfo"
                },
                {
                    "id": "smpl.ordering.repositories.DealersRepository"
                },
                {
                    "id": "smpl.ordering.repositories.mock.MockDealersRepository"
                },
                {
                    "id": "smpl.ordering.repositories.mongodb.MongoDealersRepository"
                },
                {
                    "id": "smpl.ordering.controllers.DealerController"
                }
            ],
            "partition2": [
                {
                    "id": "smpl.ordering.repositories.mongodb.models.ShipmentDetails"
                },
                {
                    "id": "smpl.ordering.models.DeliveryAddress"
                },
                {
                    "id": "smpl.ordering.models.ShipmentRecord"
                },
                {
                    "id": "smpl.ordering.models.ShipmentEventInfo"
                },
                {
                    "id": "smpl.ordering.models.PhoneInfo"
                },
                {
                    "id": "smpl.ordering.repositories.ShipmentRepository"
                },
                {
                    "id": "smpl.ordering.repositories.mock.MockShipmentRepository"
                },
                {
                    "id": "smpl.ordering.repositories.mongodb.MongoShipmentRepository"
                },
                {
                    "id": "smpl.ordering.controllers.ShipmentController.getShipments"
                },
                {
                    "id": "smpl.ordering.controllers.ShipmentController.getShipment"
                },
                {
                    "id": "smpl.ordering.controllers.ShipmentController.createShipmentRecord"
                },
                {
                    "id": "smpl.ordering.controllers.ShipmentController.updateShipment"
                },
                {
                    "id": "smpl.ordering.controllers.ShipmentController.deleteShipment"
                },
                {
                    "id": "smpl.ordering.controllers.ShipmentController.addEvent"
                }
            ],
            "partition3": [
                {
                    "id": "smpl.ordering.repositories.mongodb.models.QuoteDetails"
                },
                {
                    "id": "smpl.ordering.models.QuoteItemInfo"
                },
                {
                    "id": "smpl.ordering.models.Quote"
                },
                {
                    "id": "smpl.ordering.models.Delivery"
                },
                {
                    "id": "smpl.ordering.repositories.QuoteRepository"
                },
                {
                    "id": "smpl.ordering.repositories.mock.MockQuoteRepository"
                },
                {
                    "id": "smpl.ordering.repositories.mongodb.MongoQuoteRepository"
                },
                {
                    "id": "smpl.ordering.controllers.ShipmentController.getDeliveries"
                },
                {
                    "id": "smpl.ordering.controllers.QuoteController"
                }
            ],
            "partition4": [
                {
                    "id": "smpl.ordering.models.CatalogItem"
                },
                {
                    "id": "smpl.ordering.repositories.CatalogItemsRepository"
                },
                {
                    "id": "smpl.ordering.repositories.mock.MockCatalogItemsRepository"
                },
                {
                    "id": "smpl.ordering.repositories.mongodb.MongoCatalogItemsRepository"
                },
                {
                    "id": "smpl.ordering.controllers.CatalogController"
                }
            ]
        }
    }
}