<attributionReport>
   <dependencies>
      <dependency>
         <name>AOP alliance</name>
         <groupId>aopalliance</groupId>
         <artifactId>aopalliance</artifactId>
         <version>1.0</version>
         <projectUrl>http://aopalliance.sourceforge.net</projectUrl>
         <type>jar</type>
         <licenses>
            <license>
               <name>Public Domain</name>
            </license>
         </licenses>
         <downloadUrls>
            <string>https://repo.maven.apache.org/maven2/aopalliance/aopalliance/1.0/aopalliance-1.0.jar</string>
         </downloadUrls>
      </dependency>
      <dependency>
         <name>Apache Ant Core</name>
         <groupId>org.apache.ant</groupId>
         <artifactId>ant</artifactId>
         <version>1.9.4</version>
         <projectUrl>http://ant.apache.org/</projectUrl>
         <type>jar</type>
         <licenses>
            <license>
               <name>The Apache Software License, Version 2.0</name>
               <url>http://www.apache.org/licenses/LICENSE-2.0.txt</url>
            </license>
         </licenses>
         <downloadUrls>
            <string>https://repo.maven.apache.org/maven2/org/apache/ant/ant/1.9.4/ant-1.9.4.jar</string>
         </downloadUrls>
      </dependency>
      <dependency>
         <name>Apache Ant Launcher</name>
         <groupId>org.apache.ant</groupId>
         <artifactId>ant-launcher</artifactId>
         <version>1.9.4</version>
         <projectUrl>http://ant.apache.org/</projectUrl>
         <type>jar</type>
         <licenses>
            <license>
               <name>The Apache Software License, Version 2.0</name>
               <url>http://www.apache.org/licenses/LICENSE-2.0.txt</url>
            </license>
         </licenses>
         <downloadUrls>
            <string>https://repo.maven.apache.org/maven2/org/apache/ant/ant-launcher/1.9.4/ant-launcher-1.9.4.jar</string>
         </downloadUrls>
      </dependency>
      <dependency>
         <name>Apache Commons Lang</name>
         <groupId>org.apache.commons</groupId>
         <artifactId>commons-lang3</artifactId>
         <version>3.4</version>
         <projectUrl>http://commons.apache.org/proper/commons-lang/</projectUrl>
         <type>jar</type>
         <licenses>
            <license>
               <name>Apache License, Version 2.0</name>
               <url>http://www.apache.org/licenses/LICENSE-2.0.txt</url>
            </license>
         </licenses>
         <downloadUrls>
            <string>https://repo.maven.apache.org/maven2/org/apache/commons/commons-lang3/3.4/commons-lang3-3.4.jar</string>
         </downloadUrls>
      </dependency>
      <dependency>
         <name>ASM Core</name>
         <groupId>org.ow2.asm</groupId>
         <artifactId>asm</artifactId>
         <version>5.0.3</version>
         <projectUrl>http://asm.objectweb.org/asm/</projectUrl>
         <type>jar</type>
         <licenses>
            <license>
               <name>BSD</name>
               <url>http://asm.objectweb.org/license.html</url>
            </license>
         </licenses>
         <downloadUrls>
            <string>https://repo.maven.apache.org/maven2/org/ow2/asm/asm/5.0.3/asm-5.0.3.jar</string>
         </downloadUrls>
      </dependency>
      <dependency>
         <name>AssertJ fluent assertions</name>
         <groupId>org.assertj</groupId>
         <artifactId>assertj-core</artifactId>
         <version>3.4.0</version>
         <projectUrl>http://assertj.org/assertj-core</projectUrl>
         <type>jar</type>
         <licenses>
            <license>
               <name>Apache License, Version 2.0</name>
               <url>http://www.apache.org/licenses/LICENSE-2.0.txt</url>
            </license>
         </licenses>
         <downloadUrls>
            <string>https://repo.maven.apache.org/maven2/org/assertj/assertj-core/3.4.0/assertj-core-3.4.0.jar</string>
         </downloadUrls>
      </dependency>
      <dependency>
         <name>Bean Validation API</name>
         <groupId>javax.validation</groupId>
         <artifactId>validation-api</artifactId>
         <version>1.1.0.Final</version>
         <projectUrl>http://beanvalidation.org</projectUrl>
         <type>jar</type>
         <licenses>
            <license>
               <name>The Apache Software License, Version 2.0</name>
               <url>http://www.apache.org/licenses/LICENSE-2.0.txt</url>
            </license>
         </licenses>
         <downloadUrls>
            <string>https://repo.maven.apache.org/maven2/javax/validation/validation-api/1.1.0.Final/validation-api-1.1.0.Final.jar</string>
         </downloadUrls>
      </dependency>
      <dependency>
         <name>catch-exception</name>
         <groupId>eu.codearte.catch-exception</groupId>
         <artifactId>catch-exception</artifactId>
         <version>1.4.4</version>
         <projectUrl>https://github.com/Codearte/catch-exception/</projectUrl>
         <type>jar</type>
         <licenses>
            <license>
               <name>Apache 2</name>
               <url>http://www.apache.org/licenses/LICENSE-2.0.txt</url>
            </license>
         </licenses>
         <downloadUrls>
            <string>https://repo.maven.apache.org/maven2/eu/codearte/catch-exception/catch-exception/1.4.4/catch-exception-1.4.4.jar</string>
         </downloadUrls>
      </dependency>
      <dependency>
         <name>cglib</name>
         <groupId>cglib</groupId>
         <artifactId>cglib</artifactId>
         <version>3.2.0</version>
         <projectUrl>https://github.com/cglib/cglib/cglib</projectUrl>
         <type>jar</type>
         <licenses>
            <license>
               <name>ASF 2.0</name>
               <url>http://www.apache.org/licenses/LICENSE-2.0.txt</url>
            </license>
         </licenses>
         <downloadUrls>
            <string>https://repo.maven.apache.org/maven2/cglib/cglib/3.2.0/cglib-3.2.0.jar</string>
         </downloadUrls>
      </dependency>
      <dependency>
         <name>Code Generation Library</name>
         <groupId>cglib</groupId>
         <artifactId>cglib-nodep</artifactId>
         <version>2.2.2</version>
         <projectUrl>http://cglib.sourceforge.net/</projectUrl>
         <type>jar</type>
         <licenses>
            <license>
               <name>ASF 2.0</name>
               <url>http://www.apache.org/licenses/LICENSE-2.0.txt</url>
            </license>
         </licenses>
         <downloadUrls>
            <string>https://repo.maven.apache.org/maven2/cglib/cglib-nodep/2.2.2/cglib-nodep-2.2.2.jar</string>
         </downloadUrls>
      </dependency>
      <dependency>
         <name>EasyMock</name>
         <groupId>org.easymock</groupId>
         <artifactId>easymock</artifactId>
         <version>3.4</version>
         <projectUrl>http://easymock.org/easymock</projectUrl>
         <type>jar</type>
         <licenses>
            <license>
               <name>Apache 2</name>
               <url>http://www.apache.org/licenses/LICENSE-2.0.txt</url>
            </license>
         </licenses>
         <downloadUrls>
            <string>https://repo.maven.apache.org/maven2/org/easymock/easymock/3.4/easymock-3.4.jar</string>
         </downloadUrls>
      </dependency>
      <dependency>
         <name>Google Guice - Core Library</name>
         <groupId>com.google.inject</groupId>
         <artifactId>guice</artifactId>
         <version>4.0</version>
         <projectUrl>https://github.com/google/guice/guice</projectUrl>
         <type>jar</type>
         <licenses>
            <license>
               <name>The Apache Software License, Version 2.0</name>
               <url>http://www.apache.org/licenses/LICENSE-2.0.txt</url>
            </license>
         </licenses>
         <downloadUrls>
            <string>https://repo.maven.apache.org/maven2/com/google/inject/guice/4.0/guice-4.0.jar</string>
         </downloadUrls>
      </dependency>
      <dependency>
         <name>Google Guice - Extensions - MultiBindings</name>
         <groupId>com.google.inject.extensions</groupId>
         <artifactId>guice-multibindings</artifactId>
         <version>4.0</version>
         <projectUrl>https://github.com/google/guice/extensions-parent/guice-multibindings</projectUrl>
         <type>jar</type>
         <licenses>
            <license>
               <name>The Apache Software License, Version 2.0</name>
               <url>http://www.apache.org/licenses/LICENSE-2.0.txt</url>
            </license>
         </licenses>
         <downloadUrls>
            <string>https://repo.maven.apache.org/maven2/com/google/inject/extensions/guice-multibindings/4.0/guice-multibindings-4.0.jar</string>
         </downloadUrls>
      </dependency>
      <dependency>
         <name>Guava: Google Core Libraries for Java</name>
         <groupId>com.google.guava</groupId>
         <artifactId>guava</artifactId>
         <version>16.0.1</version>
         <projectUrl>http://code.google.com/p/guava-libraries/guava</projectUrl>
         <type>jar</type>
         <licenses>
            <license>
               <name>The Apache Software License, Version 2.0</name>
               <url>http://www.apache.org/licenses/LICENSE-2.0.txt</url>
            </license>
         </licenses>
         <downloadUrls>
            <string>https://repo.maven.apache.org/maven2/com/google/guava/guava/16.0.1/guava-16.0.1.jar</string>
         </downloadUrls>
      </dependency>
      <dependency>
         <name>Hamcrest Core</name>
         <groupId>org.hamcrest</groupId>
         <artifactId>hamcrest-core</artifactId>
         <version>1.3</version>
         <projectUrl>https://github.com/hamcrest/JavaHamcrest/hamcrest-core</projectUrl>
         <type>jar</type>
         <licenses>
            <license>
               <name>New BSD License</name>
               <url>http://www.opensource.org/licenses/bsd-license.php</url>
            </license>
         </licenses>
         <downloadUrls>
            <string>https://repo.maven.apache.org/maven2/org/hamcrest/hamcrest-core/1.3/hamcrest-core-1.3.jar</string>
         </downloadUrls>
      </dependency>
      <dependency>
         <name>Hamcrest library</name>
         <groupId>org.hamcrest</groupId>
         <artifactId>hamcrest-library</artifactId>
         <version>1.3</version>
         <projectUrl>https://github.com/hamcrest/JavaHamcrest/hamcrest-library</projectUrl>
         <type>jar</type>
         <licenses>
            <license>
               <name>New BSD License</name>
               <url>http://www.opensource.org/licenses/bsd-license.php</url>
            </license>
         </licenses>
         <downloadUrls>
            <string>https://repo.maven.apache.org/maven2/org/hamcrest/hamcrest-library/1.3/hamcrest-library-1.3.jar</string>
         </downloadUrls>
      </dependency>
      <dependency>
         <name>JaCoCo :: Agent</name>
         <groupId>org.jacoco</groupId>
         <artifactId>org.jacoco.agent</artifactId>
         <version>0.7.2.201409121644</version>
         <projectUrl>http://org.jacoco.agent</projectUrl>
         <type>pom</type>
         <licenses>
            <license>
               <name>Eclipse Public License v1.0</name>
               <url>http://www.eclipse.org/legal/epl-v10.html</url>
            </license>
         </licenses>
         <downloadUrls>
            <string>https://repo.maven.apache.org/maven2/org/jacoco/org.jacoco.agent/0.7.2.201409121644/org.jacoco.agent-0.7.2.201409121644.pom</string>
         </downloadUrls>
      </dependency>
      <dependency>
         <name>Javassist</name>
         <groupId>org.javassist</groupId>
         <artifactId>javassist</artifactId>
         <version>3.20.0-GA</version>
         <projectUrl>http://www.javassist.org/</projectUrl>
         <type>jar</type>
         <licenses>
            <license>
               <name>MPL 1.1</name>
               <url>http://www.mozilla.org/MPL/MPL-1.1.html</url>
            </license>
            <license>
               <name>LGPL 2.1</name>
               <url>http://www.gnu.org/licenses/lgpl-2.1.html</url>
            </license>
            <license>
               <name>Apache License 2.0</name>
               <url>http://www.apache.org/licenses/</url>
            </license>
         </licenses>
         <downloadUrls>
            <string>https://repo.maven.apache.org/maven2/org/javassist/javassist/3.20.0-GA/javassist-3.20.0-GA.jar</string>
         </downloadUrls>
      </dependency>
      <dependency>
         <name>javax.inject</name>
         <groupId>javax.inject</groupId>
         <artifactId>javax.inject</artifactId>
         <version>1</version>
         <projectUrl>http://code.google.com/p/atinject/</projectUrl>
         <type>jar</type>
         <licenses>
            <license>
               <name>The Apache Software License, Version 2.0</name>
               <url>http://www.apache.org/licenses/LICENSE-2.0.txt</url>
            </license>
         </licenses>
         <downloadUrls>
            <string>https://repo.maven.apache.org/maven2/javax/inject/javax.inject/1/javax.inject-1.jar</string>
         </downloadUrls>
      </dependency>
      <dependency>
         <name>JUnit</name>
         <groupId>junit</groupId>
         <artifactId>junit</artifactId>
         <version>4.12</version>
         <projectUrl>http://junit.org</projectUrl>
         <type>jar</type>
         <licenses>
            <license>
               <name>Eclipse Public License 1.0</name>
               <url>http://www.eclipse.org/legal/epl-v10.html</url>
            </license>
         </licenses>
         <downloadUrls>
            <string>https://repo.maven.apache.org/maven2/junit/junit/4.12/junit-4.12.jar</string>
         </downloadUrls>
      </dependency>
      <dependency>
         <name>Logback Classic Module</name>
         <groupId>ch.qos.logback</groupId>
         <artifactId>logback-classic</artifactId>
         <version>1.1.3</version>
         <projectUrl>http://logback.qos.ch/logback-classic</projectUrl>
         <type>jar</type>
         <licenses>
            <license>
               <name>Eclipse Public License - v 1.0</name>
               <url>http://www.eclipse.org/legal/epl-v10.html</url>
            </license>
            <license>
               <name>GNU Lesser General Public License</name>
               <url>http://www.gnu.org/licenses/old-licenses/lgpl-2.1.html</url>
            </license>
         </licenses>
         <downloadUrls>
            <string>https://repo.maven.apache.org/maven2/ch/qos/logback/logback-classic/1.1.3/logback-classic-1.1.3.jar</string>
         </downloadUrls>
      </dependency>
      <dependency>
         <name>Logback Core Module</name>
         <groupId>ch.qos.logback</groupId>
         <artifactId>logback-core</artifactId>
         <version>1.1.3</version>
         <projectUrl>http://logback.qos.ch/logback-core</projectUrl>
         <type>jar</type>
         <licenses>
            <license>
               <name>Eclipse Public License - v 1.0</name>
               <url>http://www.eclipse.org/legal/epl-v10.html</url>
            </license>
            <license>
               <name>GNU Lesser General Public License</name>
               <url>http://www.gnu.org/licenses/old-licenses/lgpl-2.1.html</url>
            </license>
         </licenses>
         <downloadUrls>
            <string>https://repo.maven.apache.org/maven2/ch/qos/logback/logback-core/1.1.3/logback-core-1.1.3.jar</string>
         </downloadUrls>
      </dependency>
      <dependency>
         <name>Mockito</name>
         <groupId>org.mockito</groupId>
         <artifactId>mockito-core</artifactId>
         <version>1.10.19</version>
         <projectUrl>http://www.mockito.org</projectUrl>
         <type>jar</type>
         <licenses>
            <license>
               <name>The MIT License</name>
               <url>http://github.com/mockito/mockito/blob/master/LICENSE</url>
            </license>
         </licenses>
         <downloadUrls>
            <string>https://repo.maven.apache.org/maven2/org/mockito/mockito-core/1.10.19/mockito-core-1.10.19.jar</string>
         </downloadUrls>
      </dependency>
      <dependency>
         <name>Objenesis</name>
         <groupId>org.objenesis</groupId>
         <artifactId>objenesis</artifactId>
         <version>2.1</version>
         <projectUrl>http://objenesis.org</projectUrl>
         <type>jar</type>
         <licenses>
            <license>
               <name>Apache 2</name>
               <url>http://www.apache.org/licenses/LICENSE-2.0.txt</url>
            </license>
         </licenses>
         <downloadUrls>
            <string>https://repo.maven.apache.org/maven2/org/objenesis/objenesis/2.1/objenesis-2.1.jar</string>
         </downloadUrls>
      </dependency>
      <dependency>
         <name>powermock-api-easymock</name>
         <groupId>org.powermock</groupId>
         <artifactId>powermock-api-easymock</artifactId>
         <version>1.6.4</version>
         <projectUrl>http://www.powermock.org/powermock-api/powermock-api-easymock</projectUrl>
         <type>jar</type>
         <licenses>
            <license>
               <name>The Apache Software License, Version 2.0</name>
               <url>http://www.apache.org/licenses/LICENSE-2.0.txt</url>
            </license>
         </licenses>
         <downloadUrls>
            <string>https://repo.maven.apache.org/maven2/org/powermock/powermock-api-easymock/1.6.4/powermock-api-easymock-1.6.4.jar</string>
         </downloadUrls>
      </dependency>
      <dependency>
         <name>powermock-api-mockito</name>
         <groupId>org.powermock</groupId>
         <artifactId>powermock-api-mockito</artifactId>
         <version>1.6.4</version>
         <projectUrl>http://www.powermock.org/powermock-api/powermock-api-mockito</projectUrl>
         <type>jar</type>
         <licenses>
            <license>
               <name>The Apache Software License, Version 2.0</name>
               <url>http://www.apache.org/licenses/LICENSE-2.0.txt</url>
            </license>
         </licenses>
         <downloadUrls>
            <string>https://repo.maven.apache.org/maven2/org/powermock/powermock-api-mockito/1.6.4/powermock-api-mockito-1.6.4.jar</string>
         </downloadUrls>
      </dependency>
      <dependency>
         <name>powermock-api-support</name>
         <groupId>org.powermock</groupId>
         <artifactId>powermock-api-support</artifactId>
         <version>1.6.4</version>
         <projectUrl>http://www.powermock.org/powermock-api/powermock-api-support</projectUrl>
         <type>jar</type>
         <licenses>
            <license>
               <name>The Apache Software License, Version 2.0</name>
               <url>http://www.apache.org/licenses/LICENSE-2.0.txt</url>
            </license>
         </licenses>
         <downloadUrls>
            <string>https://repo.maven.apache.org/maven2/org/powermock/powermock-api-support/1.6.4/powermock-api-support-1.6.4.jar</string>
         </downloadUrls>
      </dependency>
      <dependency>
         <name>powermock-core</name>
         <groupId>org.powermock</groupId>
         <artifactId>powermock-core</artifactId>
         <version>1.6.4</version>
         <projectUrl>http://www.powermock.org</projectUrl>
         <type>jar</type>
         <licenses>
            <license>
               <name>The Apache Software License, Version 2.0</name>
               <url>http://www.apache.org/licenses/LICENSE-2.0.txt</url>
            </license>
         </licenses>
         <downloadUrls>
            <string>https://repo.maven.apache.org/maven2/org/powermock/powermock-core/1.6.4/powermock-core-1.6.4.jar</string>
         </downloadUrls>
      </dependency>
      <dependency>
         <name>powermock-module-junit4</name>
         <groupId>org.powermock</groupId>
         <artifactId>powermock-module-junit4</artifactId>
         <version>1.6.4</version>
         <projectUrl>http://www.powermock.org</projectUrl>
         <type>jar</type>
         <licenses>
            <license>
               <name>The Apache Software License, Version 2.0</name>
               <url>http://www.apache.org/licenses/LICENSE-2.0.txt</url>
            </license>
         </licenses>
         <downloadUrls>
            <string>https://repo.maven.apache.org/maven2/org/powermock/powermock-module-junit4/1.6.4/powermock-module-junit4-1.6.4.jar</string>
         </downloadUrls>
      </dependency>
      <dependency>
         <name>powermock-module-junit4-common</name>
         <groupId>org.powermock</groupId>
         <artifactId>powermock-module-junit4-common</artifactId>
         <version>1.6.4</version>
         <projectUrl>http://www.powermock.org/powermock-modules/powermock-module-junit4-common</projectUrl>
         <type>jar</type>
         <licenses>
            <license>
               <name>The Apache Software License, Version 2.0</name>
               <url>http://www.apache.org/licenses/LICENSE-2.0.txt</url>
            </license>
         </licenses>
         <downloadUrls>
            <string>https://repo.maven.apache.org/maven2/org/powermock/powermock-module-junit4-common/1.6.4/powermock-module-junit4-common-1.6.4.jar</string>
         </downloadUrls>
      </dependency>
      <dependency>
         <name>powermock-reflect</name>
         <groupId>org.powermock</groupId>
         <artifactId>powermock-reflect</artifactId>
         <version>1.6.4</version>
         <projectUrl>http://www.powermock.org/powermock-reflect</projectUrl>
         <type>jar</type>
         <licenses>
            <license>
               <name>The Apache Software License, Version 2.0</name>
               <url>http://www.apache.org/licenses/LICENSE-2.0.txt</url>
            </license>
         </licenses>
         <downloadUrls>
            <string>https://repo.maven.apache.org/maven2/org/powermock/powermock-reflect/1.6.4/powermock-reflect-1.6.4.jar</string>
         </downloadUrls>
      </dependency>
      <dependency>
         <name>SLF4J API Module</name>
         <groupId>org.slf4j</groupId>
         <artifactId>slf4j-api</artifactId>
         <version>1.7.7</version>
         <projectUrl>http://www.slf4j.org</projectUrl>
         <type>jar</type>
         <licenses>
            <license>
               <name>MIT License</name>
               <url>http://www.opensource.org/licenses/mit-license.php</url>
            </license>
         </licenses>
         <downloadUrls>
            <string>https://repo.maven.apache.org/maven2/org/slf4j/slf4j-api/1.7.7/slf4j-api-1.7.7.jar</string>
         </downloadUrls>
      </dependency>
      <dependency>
         <name>swagger-annotations</name>
         <groupId>io.swagger</groupId>
         <artifactId>swagger-annotations</artifactId>
         <version>1.5.4</version>
         <projectUrl>https://github.com/swagger-api/swagger-core/modules/swagger-annotations</projectUrl>
         <type>jar</type>
         <licenses>
            <license>
               <name>Apache License 2.0</name>
               <url>http://www.apache.org/licenses/LICENSE-2.0.html</url>
            </license>
         </licenses>
         <downloadUrls>
            <string>https://repo.maven.apache.org/maven2/io/swagger/swagger-annotations/1.5.4/swagger-annotations-1.5.4.jar</string>
         </downloadUrls>
      </dependency>
      <dependency>
         <name>swagger-core</name>
         <groupId>io.swagger</groupId>
         <artifactId>swagger-core</artifactId>
         <version>1.5.4</version>
         <projectUrl>https://github.com/swagger-api/swagger-core/modules/swagger-core</projectUrl>
         <type>jar</type>
         <licenses>
            <license>
               <name>Apache License 2.0</name>
               <url>http://www.apache.org/licenses/LICENSE-2.0.html</url>
            </license>
         </licenses>
         <downloadUrls>
            <string>https://repo.maven.apache.org/maven2/io/swagger/swagger-core/1.5.4/swagger-core-1.5.4.jar</string>
         </downloadUrls>
      </dependency>
      <dependency>
         <name>swagger-models</name>
         <groupId>io.swagger</groupId>
         <artifactId>swagger-models</artifactId>
         <version>1.5.4</version>
         <projectUrl>https://github.com/swagger-api/swagger-core/modules/swagger-models</projectUrl>
         <type>jar</type>
         <licenses>
            <license>
               <name>Apache License 2.0</name>
               <url>http://www.apache.org/licenses/LICENSE-2.0.html</url>
            </license>
         </licenses>
         <downloadUrls>
            <string>https://repo.maven.apache.org/maven2/io/swagger/swagger-models/1.5.4/swagger-models-1.5.4.jar</string>
         </downloadUrls>
      </dependency>
   </dependencies>
</attributionReport>