,MethodA,MethodB,ReferenceCount
0,org.mybatis.jpetstore.domain.Account.getAddress1,org.mybatis.jpetstore.domain.Account.address1,1
0,org.mybatis.jpetstore.domain.Account.getAddress2,org.mybatis.jpetstore.domain.Account.address2,1
0,org.mybatis.jpetstore.domain.Account.getBannerName,org.mybatis.jpetstore.domain.Account.bannerName,1
0,org.mybatis.jpetstore.domain.Account.getCity,org.mybatis.jpetstore.domain.Account.city,1
0,org.mybatis.jpetstore.domain.Account.getCountry,org.mybatis.jpetstore.domain.Account.country,1
0,org.mybatis.jpetstore.domain.Account.getEmail,org.mybatis.jpetstore.domain.Account.email,1
0,org.mybatis.jpetstore.domain.Account.getFavouriteCategoryId,org.mybatis.jpetstore.domain.Account.favouriteCategoryId,1
0,org.mybatis.jpetstore.domain.Account.getFirstName,org.mybatis.jpetstore.domain.Account.firstName,1
0,org.mybatis.jpetstore.domain.Account.getLanguagePreference,org.mybatis.jpetstore.domain.Account.languagePreference,1
0,org.mybatis.jpetstore.domain.Account.getLastName,org.mybatis.jpetstore.domain.Account.lastName,1
0,org.mybatis.jpetstore.domain.Account.getPassword,org.mybatis.jpetstore.domain.Account.password,1
0,org.mybatis.jpetstore.domain.Account.getPhone,org.mybatis.jpetstore.domain.Account.phone,1
0,org.mybatis.jpetstore.domain.Account.getState,org.mybatis.jpetstore.domain.Account.state,1
0,org.mybatis.jpetstore.domain.Account.getStatus,org.mybatis.jpetstore.domain.Account.status,1
0,org.mybatis.jpetstore.domain.Account.getUsername,org.mybatis.jpetstore.domain.Account.username,1
0,org.mybatis.jpetstore.domain.Account.getZip,org.mybatis.jpetstore.domain.Account.zip,1
0,org.mybatis.jpetstore.domain.Account.isBannerOption,org.mybatis.jpetstore.domain.Account.bannerOption,1
0,org.mybatis.jpetstore.domain.Account.isListOption,org.mybatis.jpetstore.domain.Account.listOption,1
0,org.mybatis.jpetstore.domain.Account.setAddress1,org.mybatis.jpetstore.domain.Account.address1,1
0,org.mybatis.jpetstore.domain.Account.setAddress2,org.mybatis.jpetstore.domain.Account.address2,1
0,org.mybatis.jpetstore.domain.Account.setBannerName,org.mybatis.jpetstore.domain.Account.bannerName,1
0,org.mybatis.jpetstore.domain.Account.setBannerOption,org.mybatis.jpetstore.domain.Account.bannerOption,1
0,org.mybatis.jpetstore.domain.Account.setCity,org.mybatis.jpetstore.domain.Account.city,1
0,org.mybatis.jpetstore.domain.Account.setCountry,org.mybatis.jpetstore.domain.Account.country,1
0,org.mybatis.jpetstore.domain.Account.setEmail,org.mybatis.jpetstore.domain.Account.email,1
0,org.mybatis.jpetstore.domain.Account.setFavouriteCategoryId,org.mybatis.jpetstore.domain.Account.favouriteCategoryId,1
0,org.mybatis.jpetstore.domain.Account.setFirstName,org.mybatis.jpetstore.domain.Account.firstName,1
0,org.mybatis.jpetstore.domain.Account.setLanguagePreference,org.mybatis.jpetstore.domain.Account.languagePreference,1
0,org.mybatis.jpetstore.domain.Account.setLastName,org.mybatis.jpetstore.domain.Account.lastName,1
0,org.mybatis.jpetstore.domain.Account.setListOption,org.mybatis.jpetstore.domain.Account.listOption,1
0,org.mybatis.jpetstore.domain.Account.setPassword,org.mybatis.jpetstore.domain.Account.password,1
0,org.mybatis.jpetstore.domain.Account.setPhone,org.mybatis.jpetstore.domain.Account.phone,1
0,org.mybatis.jpetstore.domain.Account.setState,org.mybatis.jpetstore.domain.Account.state,1
0,org.mybatis.jpetstore.domain.Account.setStatus,org.mybatis.jpetstore.domain.Account.status,1
0,org.mybatis.jpetstore.domain.Account.setUsername,org.mybatis.jpetstore.domain.Account.username,1
0,org.mybatis.jpetstore.domain.Account.setZip,org.mybatis.jpetstore.domain.Account.zip,1
0,org.mybatis.jpetstore.domain.Cart.Cart,org.mybatis.jpetstore.domain.Cart.itemList,1
0,org.mybatis.jpetstore.domain.Cart.Cart,org.mybatis.jpetstore.domain.Cart.itemMap,1
0,org.mybatis.jpetstore.domain.Cart.addItem,org.mybatis.jpetstore.domain.Cart.itemList,1
0,org.mybatis.jpetstore.domain.Cart.addItem,org.mybatis.jpetstore.domain.Cart.itemMap,1
0,org.mybatis.jpetstore.domain.Cart.addItem,org.mybatis.jpetstore.domain.CartItem.CartItem,1
0,org.mybatis.jpetstore.domain.Cart.addItem,org.mybatis.jpetstore.domain.CartItem.incrementQuantity,1
0,org.mybatis.jpetstore.domain.Cart.addItem,org.mybatis.jpetstore.domain.CartItem.setInStock,1
0,org.mybatis.jpetstore.domain.Cart.addItem,org.mybatis.jpetstore.domain.CartItem.setItem,1
0,org.mybatis.jpetstore.domain.Cart.addItem,org.mybatis.jpetstore.domain.CartItem.setQuantity,1
0,org.mybatis.jpetstore.domain.Cart.addItem,org.mybatis.jpetstore.domain.Item.getItemId,1
0,org.mybatis.jpetstore.domain.Cart.containsItemId,org.mybatis.jpetstore.domain.Cart.itemMap,1
0,org.mybatis.jpetstore.domain.Cart.getAllCartItems,org.mybatis.jpetstore.domain.Cart.itemList,1
0,org.mybatis.jpetstore.domain.Cart.getCartItemList,org.mybatis.jpetstore.domain.Cart.itemList,1
0,org.mybatis.jpetstore.domain.Cart.getCartItems,org.mybatis.jpetstore.domain.Cart.itemList,1
0,org.mybatis.jpetstore.domain.Cart.getNumberOfItems,org.mybatis.jpetstore.domain.Cart.itemList,1
0,org.mybatis.jpetstore.domain.Cart.getSubTotal,org.mybatis.jpetstore.domain.Cart.itemList,1
0,org.mybatis.jpetstore.domain.Cart.incrementQuantityByItemId,org.mybatis.jpetstore.domain.Cart.itemMap,1
0,org.mybatis.jpetstore.domain.Cart.incrementQuantityByItemId,org.mybatis.jpetstore.domain.CartItem.incrementQuantity,1
0,org.mybatis.jpetstore.domain.Cart.lambda$getSubTotal$0,org.mybatis.jpetstore.domain.CartItem.getItem,1
0,org.mybatis.jpetstore.domain.Cart.lambda$getSubTotal$0,org.mybatis.jpetstore.domain.CartItem.getQuantity,1
0,org.mybatis.jpetstore.domain.Cart.lambda$getSubTotal$0,org.mybatis.jpetstore.domain.Item.getListPrice,1
0,org.mybatis.jpetstore.domain.Cart.removeItemById,org.mybatis.jpetstore.domain.Cart.itemList,1
0,org.mybatis.jpetstore.domain.Cart.removeItemById,org.mybatis.jpetstore.domain.Cart.itemMap,1
0,org.mybatis.jpetstore.domain.Cart.removeItemById,org.mybatis.jpetstore.domain.CartItem.getItem,1
0,org.mybatis.jpetstore.domain.Cart.setQuantityByItemId,org.mybatis.jpetstore.domain.Cart.itemMap,1
0,org.mybatis.jpetstore.domain.Cart.setQuantityByItemId,org.mybatis.jpetstore.domain.CartItem.setQuantity,1
0,org.mybatis.jpetstore.domain.CartItem.calculateTotal,org.mybatis.jpetstore.domain.CartItem.item,1
0,org.mybatis.jpetstore.domain.CartItem.calculateTotal,org.mybatis.jpetstore.domain.CartItem.total,1
0,org.mybatis.jpetstore.domain.CartItem.getItem,org.mybatis.jpetstore.domain.CartItem.item,1
0,org.mybatis.jpetstore.domain.CartItem.getQuantity,org.mybatis.jpetstore.domain.CartItem.quantity,1
0,org.mybatis.jpetstore.domain.CartItem.getTotal,org.mybatis.jpetstore.domain.CartItem.total,1
0,org.mybatis.jpetstore.domain.CartItem.incrementQuantity,org.mybatis.jpetstore.domain.CartItem.calculateTotal,1
0,org.mybatis.jpetstore.domain.CartItem.incrementQuantity,org.mybatis.jpetstore.domain.CartItem.quantity,1
0,org.mybatis.jpetstore.domain.CartItem.isInStock,org.mybatis.jpetstore.domain.CartItem.inStock,1
0,org.mybatis.jpetstore.domain.CartItem.lambda$calculateTotal$0,org.mybatis.jpetstore.domain.CartItem.quantity,1
0,org.mybatis.jpetstore.domain.CartItem.setInStock,org.mybatis.jpetstore.domain.CartItem.inStock,1
0,org.mybatis.jpetstore.domain.CartItem.setItem,org.mybatis.jpetstore.domain.CartItem.calculateTotal,1
0,org.mybatis.jpetstore.domain.CartItem.setItem,org.mybatis.jpetstore.domain.CartItem.item,1
0,org.mybatis.jpetstore.domain.CartItem.setQuantity,org.mybatis.jpetstore.domain.CartItem.calculateTotal,1
0,org.mybatis.jpetstore.domain.CartItem.setQuantity,org.mybatis.jpetstore.domain.CartItem.quantity,1
0,org.mybatis.jpetstore.domain.Category.getCategoryId,org.mybatis.jpetstore.domain.Category.categoryId,1
0,org.mybatis.jpetstore.domain.Category.getDescription,org.mybatis.jpetstore.domain.Category.description,1
0,org.mybatis.jpetstore.domain.Category.getName,org.mybatis.jpetstore.domain.Category.name,1
0,org.mybatis.jpetstore.domain.Category.setCategoryId,org.mybatis.jpetstore.domain.Category.categoryId,1
0,org.mybatis.jpetstore.domain.Category.setDescription,org.mybatis.jpetstore.domain.Category.description,1
0,org.mybatis.jpetstore.domain.Category.setName,org.mybatis.jpetstore.domain.Category.name,1
0,org.mybatis.jpetstore.domain.Category.toString,org.mybatis.jpetstore.domain.Category.getCategoryId,1
0,org.mybatis.jpetstore.domain.Item.getAttribute1,org.mybatis.jpetstore.domain.Item.attribute1,1
0,org.mybatis.jpetstore.domain.Item.getAttribute2,org.mybatis.jpetstore.domain.Item.attribute2,1
0,org.mybatis.jpetstore.domain.Item.getAttribute3,org.mybatis.jpetstore.domain.Item.attribute3,1
0,org.mybatis.jpetstore.domain.Item.getAttribute4,org.mybatis.jpetstore.domain.Item.attribute4,1
0,org.mybatis.jpetstore.domain.Item.getAttribute5,org.mybatis.jpetstore.domain.Item.attribute5,1
0,org.mybatis.jpetstore.domain.Item.getItemId,org.mybatis.jpetstore.domain.Item.itemId,1
0,org.mybatis.jpetstore.domain.Item.getListPrice,org.mybatis.jpetstore.domain.Item.listPrice,1
0,org.mybatis.jpetstore.domain.Item.getProduct,org.mybatis.jpetstore.domain.Item.product,1
0,org.mybatis.jpetstore.domain.Item.getQuantity,org.mybatis.jpetstore.domain.Item.quantity,1
0,org.mybatis.jpetstore.domain.Item.getStatus,org.mybatis.jpetstore.domain.Item.status,1
0,org.mybatis.jpetstore.domain.Item.getSupplierId,org.mybatis.jpetstore.domain.Item.supplierId,1
0,org.mybatis.jpetstore.domain.Item.getUnitCost,org.mybatis.jpetstore.domain.Item.unitCost,1
0,org.mybatis.jpetstore.domain.Item.setAttribute1,org.mybatis.jpetstore.domain.Item.attribute1,1
0,org.mybatis.jpetstore.domain.Item.setAttribute2,org.mybatis.jpetstore.domain.Item.attribute2,1
0,org.mybatis.jpetstore.domain.Item.setAttribute3,org.mybatis.jpetstore.domain.Item.attribute3,1
0,org.mybatis.jpetstore.domain.Item.setAttribute4,org.mybatis.jpetstore.domain.Item.attribute4,1
0,org.mybatis.jpetstore.domain.Item.setAttribute5,org.mybatis.jpetstore.domain.Item.attribute5,1
0,org.mybatis.jpetstore.domain.Item.setItemId,org.mybatis.jpetstore.domain.Item.itemId,1
0,org.mybatis.jpetstore.domain.Item.setListPrice,org.mybatis.jpetstore.domain.Item.listPrice,1
0,org.mybatis.jpetstore.domain.Item.setProduct,org.mybatis.jpetstore.domain.Item.product,1
0,org.mybatis.jpetstore.domain.Item.setQuantity,org.mybatis.jpetstore.domain.Item.quantity,1
0,org.mybatis.jpetstore.domain.Item.setStatus,org.mybatis.jpetstore.domain.Item.status,1
0,org.mybatis.jpetstore.domain.Item.setSupplierId,org.mybatis.jpetstore.domain.Item.supplierId,1
0,org.mybatis.jpetstore.domain.Item.setUnitCost,org.mybatis.jpetstore.domain.Item.unitCost,1
0,org.mybatis.jpetstore.domain.Item.toString,org.mybatis.jpetstore.domain.Item.getItemId,1
0,org.mybatis.jpetstore.domain.Item.toString,org.mybatis.jpetstore.domain.Item.getProduct,1
0,org.mybatis.jpetstore.domain.Item.toString,org.mybatis.jpetstore.domain.Product.getProductId,1
0,org.mybatis.jpetstore.domain.LineItem.LineItem,org.mybatis.jpetstore.domain.CartItem.getItem,1
0,org.mybatis.jpetstore.domain.LineItem.LineItem,org.mybatis.jpetstore.domain.CartItem.getQuantity,1
0,org.mybatis.jpetstore.domain.LineItem.LineItem,org.mybatis.jpetstore.domain.Item.getItemId,1
0,org.mybatis.jpetstore.domain.LineItem.LineItem,org.mybatis.jpetstore.domain.Item.getListPrice,1
0,org.mybatis.jpetstore.domain.LineItem.LineItem,org.mybatis.jpetstore.domain.LineItem.calculateTotal,1
0,org.mybatis.jpetstore.domain.LineItem.LineItem,org.mybatis.jpetstore.domain.LineItem.item,1
0,org.mybatis.jpetstore.domain.LineItem.LineItem,org.mybatis.jpetstore.domain.LineItem.itemId,1
0,org.mybatis.jpetstore.domain.LineItem.LineItem,org.mybatis.jpetstore.domain.LineItem.lineNumber,1
0,org.mybatis.jpetstore.domain.LineItem.LineItem,org.mybatis.jpetstore.domain.LineItem.quantity,1
0,org.mybatis.jpetstore.domain.LineItem.LineItem,org.mybatis.jpetstore.domain.LineItem.unitPrice,1
0,org.mybatis.jpetstore.domain.LineItem.calculateTotal,org.mybatis.jpetstore.domain.LineItem.item,1
0,org.mybatis.jpetstore.domain.LineItem.calculateTotal,org.mybatis.jpetstore.domain.LineItem.total,1
0,org.mybatis.jpetstore.domain.LineItem.getItem,org.mybatis.jpetstore.domain.LineItem.item,1
0,org.mybatis.jpetstore.domain.LineItem.getItemId,org.mybatis.jpetstore.domain.LineItem.itemId,1
0,org.mybatis.jpetstore.domain.LineItem.getLineNumber,org.mybatis.jpetstore.domain.LineItem.lineNumber,1
0,org.mybatis.jpetstore.domain.LineItem.getOrderId,org.mybatis.jpetstore.domain.LineItem.orderId,1
0,org.mybatis.jpetstore.domain.LineItem.getQuantity,org.mybatis.jpetstore.domain.LineItem.quantity,1
0,org.mybatis.jpetstore.domain.LineItem.getTotal,org.mybatis.jpetstore.domain.LineItem.total,1
0,org.mybatis.jpetstore.domain.LineItem.getUnitPrice,org.mybatis.jpetstore.domain.LineItem.unitPrice,1
0,org.mybatis.jpetstore.domain.LineItem.lambda$calculateTotal$0,org.mybatis.jpetstore.domain.LineItem.quantity,1
0,org.mybatis.jpetstore.domain.LineItem.setItem,org.mybatis.jpetstore.domain.LineItem.calculateTotal,1
0,org.mybatis.jpetstore.domain.LineItem.setItem,org.mybatis.jpetstore.domain.LineItem.item,1
0,org.mybatis.jpetstore.domain.LineItem.setItemId,org.mybatis.jpetstore.domain.LineItem.itemId,1
0,org.mybatis.jpetstore.domain.LineItem.setLineNumber,org.mybatis.jpetstore.domain.LineItem.lineNumber,1
0,org.mybatis.jpetstore.domain.LineItem.setOrderId,org.mybatis.jpetstore.domain.LineItem.orderId,1
0,org.mybatis.jpetstore.domain.LineItem.setQuantity,org.mybatis.jpetstore.domain.LineItem.calculateTotal,1
0,org.mybatis.jpetstore.domain.LineItem.setQuantity,org.mybatis.jpetstore.domain.LineItem.quantity,1
0,org.mybatis.jpetstore.domain.LineItem.setUnitPrice,org.mybatis.jpetstore.domain.LineItem.unitPrice,1
0,org.mybatis.jpetstore.domain.Order.Order,org.mybatis.jpetstore.domain.Order.lineItems,1
0,org.mybatis.jpetstore.domain.Order.addLineItem,org.mybatis.jpetstore.domain.LineItem.LineItem,1
0,org.mybatis.jpetstore.domain.Order.addLineItem,org.mybatis.jpetstore.domain.Order.lineItems,2
0,org.mybatis.jpetstore.domain.Order.getBillAddress1,org.mybatis.jpetstore.domain.Order.billAddress1,1
0,org.mybatis.jpetstore.domain.Order.getBillAddress2,org.mybatis.jpetstore.domain.Order.billAddress2,1
0,org.mybatis.jpetstore.domain.Order.getBillCity,org.mybatis.jpetstore.domain.Order.billCity,1
0,org.mybatis.jpetstore.domain.Order.getBillCountry,org.mybatis.jpetstore.domain.Order.billCountry,1
0,org.mybatis.jpetstore.domain.Order.getBillState,org.mybatis.jpetstore.domain.Order.billState,1
0,org.mybatis.jpetstore.domain.Order.getBillToFirstName,org.mybatis.jpetstore.domain.Order.billToFirstName,1
0,org.mybatis.jpetstore.domain.Order.getBillToLastName,org.mybatis.jpetstore.domain.Order.billToLastName,1
0,org.mybatis.jpetstore.domain.Order.getBillZip,org.mybatis.jpetstore.domain.Order.billZip,1
0,org.mybatis.jpetstore.domain.Order.getCardType,org.mybatis.jpetstore.domain.Order.cardType,1
0,org.mybatis.jpetstore.domain.Order.getCourier,org.mybatis.jpetstore.domain.Order.courier,1
0,org.mybatis.jpetstore.domain.Order.getCreditCard,org.mybatis.jpetstore.domain.Order.creditCard,1
0,org.mybatis.jpetstore.domain.Order.getExpiryDate,org.mybatis.jpetstore.domain.Order.expiryDate,1
0,org.mybatis.jpetstore.domain.Order.getLineItems,org.mybatis.jpetstore.domain.Order.lineItems,1
0,org.mybatis.jpetstore.domain.Order.getLocale,org.mybatis.jpetstore.domain.Order.locale,1
0,org.mybatis.jpetstore.domain.Order.getOrderDate,org.mybatis.jpetstore.domain.Order.orderDate,1
0,org.mybatis.jpetstore.domain.Order.getOrderId,org.mybatis.jpetstore.domain.Order.orderId,1
0,org.mybatis.jpetstore.domain.Order.getShipAddress1,org.mybatis.jpetstore.domain.Order.shipAddress1,1
0,org.mybatis.jpetstore.domain.Order.getShipAddress2,org.mybatis.jpetstore.domain.Order.shipAddress2,1
0,org.mybatis.jpetstore.domain.Order.getShipCity,org.mybatis.jpetstore.domain.Order.shipCity,1
0,org.mybatis.jpetstore.domain.Order.getShipCountry,org.mybatis.jpetstore.domain.Order.shipCountry,1
0,org.mybatis.jpetstore.domain.Order.getShipState,org.mybatis.jpetstore.domain.Order.shipState,1
0,org.mybatis.jpetstore.domain.Order.getShipToFirstName,org.mybatis.jpetstore.domain.Order.shipToFirstName,1
0,org.mybatis.jpetstore.domain.Order.getShipToLastName,org.mybatis.jpetstore.domain.Order.shipToLastName,1
0,org.mybatis.jpetstore.domain.Order.getShipZip,org.mybatis.jpetstore.domain.Order.shipZip,1
0,org.mybatis.jpetstore.domain.Order.getStatus,org.mybatis.jpetstore.domain.Order.status,1
0,org.mybatis.jpetstore.domain.Order.getTotalPrice,org.mybatis.jpetstore.domain.Order.totalPrice,1
0,org.mybatis.jpetstore.domain.Order.getUsername,org.mybatis.jpetstore.domain.Order.username,1
0,org.mybatis.jpetstore.domain.Order.initOrder,org.mybatis.jpetstore.domain.Account.getAddress1,1
0,org.mybatis.jpetstore.domain.Order.initOrder,org.mybatis.jpetstore.domain.Account.getAddress2,1
0,org.mybatis.jpetstore.domain.Order.initOrder,org.mybatis.jpetstore.domain.Account.getCity,1
0,org.mybatis.jpetstore.domain.Order.initOrder,org.mybatis.jpetstore.domain.Account.getCountry,1
0,org.mybatis.jpetstore.domain.Order.initOrder,org.mybatis.jpetstore.domain.Account.getFirstName,1
0,org.mybatis.jpetstore.domain.Order.initOrder,org.mybatis.jpetstore.domain.Account.getLastName,1
0,org.mybatis.jpetstore.domain.Order.initOrder,org.mybatis.jpetstore.domain.Account.getState,1
0,org.mybatis.jpetstore.domain.Order.initOrder,org.mybatis.jpetstore.domain.Account.getUsername,1
0,org.mybatis.jpetstore.domain.Order.initOrder,org.mybatis.jpetstore.domain.Account.getZip,1
0,org.mybatis.jpetstore.domain.Order.initOrder,org.mybatis.jpetstore.domain.Cart.getAllCartItems,1
0,org.mybatis.jpetstore.domain.Order.initOrder,org.mybatis.jpetstore.domain.Cart.getSubTotal,1
0,org.mybatis.jpetstore.domain.Order.initOrder,org.mybatis.jpetstore.domain.Order.addLineItem,1
0,org.mybatis.jpetstore.domain.Order.initOrder,org.mybatis.jpetstore.domain.Order.billAddress1,1
0,org.mybatis.jpetstore.domain.Order.initOrder,org.mybatis.jpetstore.domain.Order.billAddress2,1
0,org.mybatis.jpetstore.domain.Order.initOrder,org.mybatis.jpetstore.domain.Order.billCity,1
0,org.mybatis.jpetstore.domain.Order.initOrder,org.mybatis.jpetstore.domain.Order.billCountry,1
0,org.mybatis.jpetstore.domain.Order.initOrder,org.mybatis.jpetstore.domain.Order.billState,1
0,org.mybatis.jpetstore.domain.Order.initOrder,org.mybatis.jpetstore.domain.Order.billToFirstName,1
0,org.mybatis.jpetstore.domain.Order.initOrder,org.mybatis.jpetstore.domain.Order.billToLastName,1
0,org.mybatis.jpetstore.domain.Order.initOrder,org.mybatis.jpetstore.domain.Order.billZip,1
0,org.mybatis.jpetstore.domain.Order.initOrder,org.mybatis.jpetstore.domain.Order.cardType,1
0,org.mybatis.jpetstore.domain.Order.initOrder,org.mybatis.jpetstore.domain.Order.courier,1
0,org.mybatis.jpetstore.domain.Order.initOrder,org.mybatis.jpetstore.domain.Order.creditCard,1
0,org.mybatis.jpetstore.domain.Order.initOrder,org.mybatis.jpetstore.domain.Order.expiryDate,1
0,org.mybatis.jpetstore.domain.Order.initOrder,org.mybatis.jpetstore.domain.Order.locale,1
0,org.mybatis.jpetstore.domain.Order.initOrder,org.mybatis.jpetstore.domain.Order.orderDate,1
0,org.mybatis.jpetstore.domain.Order.initOrder,org.mybatis.jpetstore.domain.Order.shipAddress1,1
0,org.mybatis.jpetstore.domain.Order.initOrder,org.mybatis.jpetstore.domain.Order.shipAddress2,1
0,org.mybatis.jpetstore.domain.Order.initOrder,org.mybatis.jpetstore.domain.Order.shipCity,1
0,org.mybatis.jpetstore.domain.Order.initOrder,org.mybatis.jpetstore.domain.Order.shipCountry,1
0,org.mybatis.jpetstore.domain.Order.initOrder,org.mybatis.jpetstore.domain.Order.shipState,1
0,org.mybatis.jpetstore.domain.Order.initOrder,org.mybatis.jpetstore.domain.Order.shipToFirstName,1
0,org.mybatis.jpetstore.domain.Order.initOrder,org.mybatis.jpetstore.domain.Order.shipToLastName,1
0,org.mybatis.jpetstore.domain.Order.initOrder,org.mybatis.jpetstore.domain.Order.shipZip,1
0,org.mybatis.jpetstore.domain.Order.initOrder,org.mybatis.jpetstore.domain.Order.status,1
0,org.mybatis.jpetstore.domain.Order.initOrder,org.mybatis.jpetstore.domain.Order.totalPrice,1
0,org.mybatis.jpetstore.domain.Order.initOrder,org.mybatis.jpetstore.domain.Order.username,1
0,org.mybatis.jpetstore.domain.Order.setBillAddress1,org.mybatis.jpetstore.domain.Order.billAddress1,1
0,org.mybatis.jpetstore.domain.Order.setBillAddress2,org.mybatis.jpetstore.domain.Order.billAddress2,1
0,org.mybatis.jpetstore.domain.Order.setBillCity,org.mybatis.jpetstore.domain.Order.billCity,1
0,org.mybatis.jpetstore.domain.Order.setBillCountry,org.mybatis.jpetstore.domain.Order.billCountry,1
0,org.mybatis.jpetstore.domain.Order.setBillState,org.mybatis.jpetstore.domain.Order.billState,1
0,org.mybatis.jpetstore.domain.Order.setBillToFirstName,org.mybatis.jpetstore.domain.Order.billToFirstName,1
0,org.mybatis.jpetstore.domain.Order.setBillToLastName,org.mybatis.jpetstore.domain.Order.billToLastName,1
0,org.mybatis.jpetstore.domain.Order.setBillZip,org.mybatis.jpetstore.domain.Order.billZip,1
0,org.mybatis.jpetstore.domain.Order.setCardType,org.mybatis.jpetstore.domain.Order.cardType,1
0,org.mybatis.jpetstore.domain.Order.setCourier,org.mybatis.jpetstore.domain.Order.courier,1
0,org.mybatis.jpetstore.domain.Order.setCreditCard,org.mybatis.jpetstore.domain.Order.creditCard,1
0,org.mybatis.jpetstore.domain.Order.setExpiryDate,org.mybatis.jpetstore.domain.Order.expiryDate,1
0,org.mybatis.jpetstore.domain.Order.setLineItems,org.mybatis.jpetstore.domain.Order.lineItems,1
0,org.mybatis.jpetstore.domain.Order.setLocale,org.mybatis.jpetstore.domain.Order.locale,1
0,org.mybatis.jpetstore.domain.Order.setOrderDate,org.mybatis.jpetstore.domain.Order.orderDate,1
0,org.mybatis.jpetstore.domain.Order.setOrderId,org.mybatis.jpetstore.domain.Order.orderId,1
0,org.mybatis.jpetstore.domain.Order.setShipAddress1,org.mybatis.jpetstore.domain.Order.shipAddress1,1
0,org.mybatis.jpetstore.domain.Order.setShipAddress2,org.mybatis.jpetstore.domain.Order.shipAddress2,1
0,org.mybatis.jpetstore.domain.Order.setShipCity,org.mybatis.jpetstore.domain.Order.shipCity,1
0,org.mybatis.jpetstore.domain.Order.setShipCountry,org.mybatis.jpetstore.domain.Order.shipCountry,1
0,org.mybatis.jpetstore.domain.Order.setShipState,org.mybatis.jpetstore.domain.Order.shipState,1
0,org.mybatis.jpetstore.domain.Order.setShipToFirstName,org.mybatis.jpetstore.domain.Order.shipToFirstName,1
0,org.mybatis.jpetstore.domain.Order.setShipToLastName,org.mybatis.jpetstore.domain.Order.shipToLastName,1
0,org.mybatis.jpetstore.domain.Order.setShipZip,org.mybatis.jpetstore.domain.Order.shipZip,1
0,org.mybatis.jpetstore.domain.Order.setStatus,org.mybatis.jpetstore.domain.Order.status,1
0,org.mybatis.jpetstore.domain.Order.setTotalPrice,org.mybatis.jpetstore.domain.Order.totalPrice,1
0,org.mybatis.jpetstore.domain.Order.setUsername,org.mybatis.jpetstore.domain.Order.username,1
0,org.mybatis.jpetstore.domain.Product.getCategoryId,org.mybatis.jpetstore.domain.Product.categoryId,1
0,org.mybatis.jpetstore.domain.Product.getDescription,org.mybatis.jpetstore.domain.Product.description,1
0,org.mybatis.jpetstore.domain.Product.getName,org.mybatis.jpetstore.domain.Product.name,1
0,org.mybatis.jpetstore.domain.Product.getProductId,org.mybatis.jpetstore.domain.Product.productId,1
0,org.mybatis.jpetstore.domain.Product.setCategoryId,org.mybatis.jpetstore.domain.Product.categoryId,1
0,org.mybatis.jpetstore.domain.Product.setDescription,org.mybatis.jpetstore.domain.Product.description,1
0,org.mybatis.jpetstore.domain.Product.setName,org.mybatis.jpetstore.domain.Product.name,1
0,org.mybatis.jpetstore.domain.Product.setProductId,org.mybatis.jpetstore.domain.Product.productId,1
0,org.mybatis.jpetstore.domain.Product.toString,org.mybatis.jpetstore.domain.Product.getName,1
0,org.mybatis.jpetstore.domain.Sequence.Sequence,org.mybatis.jpetstore.domain.Sequence.name,1
0,org.mybatis.jpetstore.domain.Sequence.Sequence,org.mybatis.jpetstore.domain.Sequence.nextId,1
0,org.mybatis.jpetstore.domain.Sequence.getName,org.mybatis.jpetstore.domain.Sequence.name,1
0,org.mybatis.jpetstore.domain.Sequence.getNextId,org.mybatis.jpetstore.domain.Sequence.nextId,1
0,org.mybatis.jpetstore.domain.Sequence.setName,org.mybatis.jpetstore.domain.Sequence.name,1
0,org.mybatis.jpetstore.domain.Sequence.setNextId,org.mybatis.jpetstore.domain.Sequence.nextId,1
0,org.mybatis.jpetstore.service.AccountService.AccountService,org.mybatis.jpetstore.service.AccountService.accountMapper,1
0,org.mybatis.jpetstore.service.AccountService.getAccount,org.mybatis.jpetstore.mapper.AccountMapper.getAccountByUsername,1
0,org.mybatis.jpetstore.service.AccountService.getAccount,org.mybatis.jpetstore.service.AccountService.accountMapper,2
0,org.mybatis.jpetstore.service.AccountService.getAccount,org.mybatis.jpetstore.mapper.AccountMapper.getAccountByUsernameAndPassword,1
0,org.mybatis.jpetstore.service.AccountService.insertAccount,org.mybatis.jpetstore.mapper.AccountMapper.insertAccount,1
0,org.mybatis.jpetstore.service.AccountService.insertAccount,org.mybatis.jpetstore.mapper.AccountMapper.insertProfile,1
0,org.mybatis.jpetstore.service.AccountService.insertAccount,org.mybatis.jpetstore.mapper.AccountMapper.insertSignon,1
0,org.mybatis.jpetstore.service.AccountService.insertAccount,org.mybatis.jpetstore.service.AccountService.accountMapper,1
0,org.mybatis.jpetstore.service.AccountService.lambda$updateAccount$1,org.mybatis.jpetstore.mapper.AccountMapper.updateSignon,1
0,org.mybatis.jpetstore.service.AccountService.lambda$updateAccount$1,org.mybatis.jpetstore.service.AccountService.accountMapper,1
0,org.mybatis.jpetstore.service.AccountService.updateAccount,org.mybatis.jpetstore.domain.Account.getPassword,1
0,org.mybatis.jpetstore.service.AccountService.updateAccount,org.mybatis.jpetstore.mapper.AccountMapper.updateAccount,1
0,org.mybatis.jpetstore.service.AccountService.updateAccount,org.mybatis.jpetstore.mapper.AccountMapper.updateProfile,1
0,org.mybatis.jpetstore.service.AccountService.updateAccount,org.mybatis.jpetstore.service.AccountService.accountMapper,1
0,org.mybatis.jpetstore.service.CatalogService.CatalogService,org.mybatis.jpetstore.service.CatalogService.categoryMapper,1
0,org.mybatis.jpetstore.service.CatalogService.CatalogService,org.mybatis.jpetstore.service.CatalogService.itemMapper,1
0,org.mybatis.jpetstore.service.CatalogService.CatalogService,org.mybatis.jpetstore.service.CatalogService.productMapper,1
0,org.mybatis.jpetstore.service.CatalogService.getCategory,org.mybatis.jpetstore.mapper.CategoryMapper.getCategory,1
0,org.mybatis.jpetstore.service.CatalogService.getCategory,org.mybatis.jpetstore.service.CatalogService.categoryMapper,1
0,org.mybatis.jpetstore.service.CatalogService.getCategoryList,org.mybatis.jpetstore.mapper.CategoryMapper.getCategoryList,1
0,org.mybatis.jpetstore.service.CatalogService.getCategoryList,org.mybatis.jpetstore.service.CatalogService.categoryMapper,1
0,org.mybatis.jpetstore.service.CatalogService.getItem,org.mybatis.jpetstore.mapper.ItemMapper.getItem,1
0,org.mybatis.jpetstore.service.CatalogService.getItem,org.mybatis.jpetstore.service.CatalogService.itemMapper,1
0,org.mybatis.jpetstore.service.CatalogService.getItemListByProduct,org.mybatis.jpetstore.mapper.ItemMapper.getItemListByProduct,1
0,org.mybatis.jpetstore.service.CatalogService.getItemListByProduct,org.mybatis.jpetstore.service.CatalogService.itemMapper,1
0,org.mybatis.jpetstore.service.CatalogService.getProduct,org.mybatis.jpetstore.mapper.ProductMapper.getProduct,1
0,org.mybatis.jpetstore.service.CatalogService.getProduct,org.mybatis.jpetstore.service.CatalogService.productMapper,1
0,org.mybatis.jpetstore.service.CatalogService.getProductListByCategory,org.mybatis.jpetstore.mapper.ProductMapper.getProductListByCategory,1
0,org.mybatis.jpetstore.service.CatalogService.getProductListByCategory,org.mybatis.jpetstore.service.CatalogService.productMapper,1
0,org.mybatis.jpetstore.service.CatalogService.isItemInStock,org.mybatis.jpetstore.mapper.ItemMapper.getInventoryQuantity,1
0,org.mybatis.jpetstore.service.CatalogService.isItemInStock,org.mybatis.jpetstore.service.CatalogService.itemMapper,1
0,org.mybatis.jpetstore.service.CatalogService.searchProductList,org.mybatis.jpetstore.mapper.ProductMapper.searchProductList,1
0,org.mybatis.jpetstore.service.CatalogService.searchProductList,org.mybatis.jpetstore.service.CatalogService.productMapper,1
0,org.mybatis.jpetstore.service.OrderService.OrderService,org.mybatis.jpetstore.service.OrderService.itemMapper,1
0,org.mybatis.jpetstore.service.OrderService.OrderService,org.mybatis.jpetstore.service.OrderService.lineItemMapper,1
0,org.mybatis.jpetstore.service.OrderService.OrderService,org.mybatis.jpetstore.service.OrderService.orderMapper,1
0,org.mybatis.jpetstore.service.OrderService.OrderService,org.mybatis.jpetstore.service.OrderService.sequenceMapper,1
0,org.mybatis.jpetstore.service.OrderService.getNextId,org.mybatis.jpetstore.domain.Sequence.Sequence,1
0,org.mybatis.jpetstore.service.OrderService.getNextId,org.mybatis.jpetstore.domain.Sequence.getNextId,1
0,org.mybatis.jpetstore.service.OrderService.getNextId,org.mybatis.jpetstore.mapper.SequenceMapper.getSequence,1
0,org.mybatis.jpetstore.service.OrderService.getNextId,org.mybatis.jpetstore.mapper.SequenceMapper.updateSequence,1
0,org.mybatis.jpetstore.service.OrderService.getNextId,org.mybatis.jpetstore.service.OrderService.sequenceMapper,1
0,org.mybatis.jpetstore.service.OrderService.getOrder,org.mybatis.jpetstore.domain.Order.getLineItems,1
0,org.mybatis.jpetstore.service.OrderService.getOrder,org.mybatis.jpetstore.domain.Order.setLineItems,1
0,org.mybatis.jpetstore.service.OrderService.getOrder,org.mybatis.jpetstore.mapper.LineItemMapper.getLineItemsByOrderId,1
0,org.mybatis.jpetstore.service.OrderService.getOrder,org.mybatis.jpetstore.mapper.OrderMapper.getOrder,1
0,org.mybatis.jpetstore.service.OrderService.getOrder,org.mybatis.jpetstore.service.OrderService.lineItemMapper,1
0,org.mybatis.jpetstore.service.OrderService.getOrder,org.mybatis.jpetstore.service.OrderService.orderMapper,1
0,org.mybatis.jpetstore.service.OrderService.getOrdersByUsername,org.mybatis.jpetstore.mapper.OrderMapper.getOrdersByUsername,1
0,org.mybatis.jpetstore.service.OrderService.getOrdersByUsername,org.mybatis.jpetstore.service.OrderService.orderMapper,1
0,org.mybatis.jpetstore.service.OrderService.insertOrder,org.mybatis.jpetstore.domain.Order.getLineItems,1
0,org.mybatis.jpetstore.service.OrderService.insertOrder,org.mybatis.jpetstore.domain.Order.setOrderId,1
0,org.mybatis.jpetstore.service.OrderService.insertOrder,org.mybatis.jpetstore.mapper.OrderMapper.insertOrder,1
0,org.mybatis.jpetstore.service.OrderService.insertOrder,org.mybatis.jpetstore.mapper.OrderMapper.insertOrderStatus,1
0,org.mybatis.jpetstore.service.OrderService.insertOrder,org.mybatis.jpetstore.service.OrderService.getNextId,1
0,org.mybatis.jpetstore.service.OrderService.insertOrder,org.mybatis.jpetstore.service.OrderService.orderMapper,1
0,org.mybatis.jpetstore.service.OrderService.lambda$getOrder$2,org.mybatis.jpetstore.domain.Item.setQuantity,1
0,org.mybatis.jpetstore.service.OrderService.lambda$getOrder$2,org.mybatis.jpetstore.domain.LineItem.getItemId,1
0,org.mybatis.jpetstore.service.OrderService.lambda$getOrder$2,org.mybatis.jpetstore.domain.LineItem.setItem,1
0,org.mybatis.jpetstore.service.OrderService.lambda$getOrder$2,org.mybatis.jpetstore.mapper.ItemMapper.getInventoryQuantity,1
0,org.mybatis.jpetstore.service.OrderService.lambda$getOrder$2,org.mybatis.jpetstore.mapper.ItemMapper.getItem,1
0,org.mybatis.jpetstore.service.OrderService.lambda$getOrder$2,org.mybatis.jpetstore.service.OrderService.itemMapper,1
0,org.mybatis.jpetstore.service.OrderService.lambda$insertOrder$0,org.mybatis.jpetstore.domain.LineItem.getItemId,1
0,org.mybatis.jpetstore.service.OrderService.lambda$insertOrder$0,org.mybatis.jpetstore.domain.LineItem.getQuantity,1
0,org.mybatis.jpetstore.service.OrderService.lambda$insertOrder$0,org.mybatis.jpetstore.mapper.ItemMapper.updateInventoryQuantity,1
0,org.mybatis.jpetstore.service.OrderService.lambda$insertOrder$0,org.mybatis.jpetstore.service.OrderService.itemMapper,1
0,org.mybatis.jpetstore.service.OrderService.lambda$insertOrder$1,org.mybatis.jpetstore.domain.LineItem.setOrderId,1
0,org.mybatis.jpetstore.service.OrderService.lambda$insertOrder$1,org.mybatis.jpetstore.domain.Order.getOrderId,1
0,org.mybatis.jpetstore.service.OrderService.lambda$insertOrder$1,org.mybatis.jpetstore.mapper.LineItemMapper.insertLineItem,1
0,org.mybatis.jpetstore.service.OrderService.lambda$insertOrder$1,org.mybatis.jpetstore.service.OrderService.lineItemMapper,1
0,org.mybatis.jpetstore.web.actions.AbstractActionBean.getContext,org.mybatis.jpetstore.web.actions.AbstractActionBean.context,1
0,org.mybatis.jpetstore.web.actions.AbstractActionBean.setContext,org.mybatis.jpetstore.web.actions.AbstractActionBean.context,1
0,org.mybatis.jpetstore.web.actions.AbstractActionBean.setMessage,org.mybatis.jpetstore.web.actions.AbstractActionBean.context,1
0,org.mybatis.jpetstore.web.actions.AccountActionBean.AccountActionBean,org.mybatis.jpetstore.domain.Account.Account,1
0,org.mybatis.jpetstore.web.actions.AccountActionBean.AccountActionBean,org.mybatis.jpetstore.web.actions.AbstractActionBean.AbstractActionBean,1
0,org.mybatis.jpetstore.web.actions.AccountActionBean.AccountActionBean,org.mybatis.jpetstore.web.actions.AccountActionBean.account,1
0,org.mybatis.jpetstore.web.actions.AccountActionBean.clear,org.mybatis.jpetstore.domain.Account.Account,1
0,org.mybatis.jpetstore.web.actions.AccountActionBean.clear,org.mybatis.jpetstore.web.actions.AccountActionBean.account,1
0,org.mybatis.jpetstore.web.actions.AccountActionBean.clear,org.mybatis.jpetstore.web.actions.AccountActionBean.authenticated,1
0,org.mybatis.jpetstore.web.actions.AccountActionBean.clear,org.mybatis.jpetstore.web.actions.AccountActionBean.myList,1
0,org.mybatis.jpetstore.web.actions.AccountActionBean.editAccount,org.mybatis.jpetstore.domain.Account.getFavouriteCategoryId,1
0,org.mybatis.jpetstore.web.actions.AccountActionBean.editAccount,org.mybatis.jpetstore.domain.Account.getUsername,1
0,org.mybatis.jpetstore.web.actions.AccountActionBean.editAccount,org.mybatis.jpetstore.service.AccountService.getAccount,1
0,org.mybatis.jpetstore.web.actions.AccountActionBean.editAccount,org.mybatis.jpetstore.service.AccountService.updateAccount,1
0,org.mybatis.jpetstore.web.actions.AccountActionBean.editAccount,org.mybatis.jpetstore.service.CatalogService.getProductListByCategory,1
0,org.mybatis.jpetstore.web.actions.AccountActionBean.editAccount,org.mybatis.jpetstore.web.actions.AccountActionBean.account,1
0,org.mybatis.jpetstore.web.actions.AccountActionBean.editAccount,org.mybatis.jpetstore.web.actions.AccountActionBean.accountService,1
0,org.mybatis.jpetstore.web.actions.AccountActionBean.editAccount,org.mybatis.jpetstore.web.actions.AccountActionBean.catalogService,1
0,org.mybatis.jpetstore.web.actions.AccountActionBean.editAccount,org.mybatis.jpetstore.web.actions.AccountActionBean.myList,1
0,org.mybatis.jpetstore.web.actions.AccountActionBean.getAccount,org.mybatis.jpetstore.web.actions.AccountActionBean.account,1
0,org.mybatis.jpetstore.web.actions.AccountActionBean.getCategories,org.mybatis.jpetstore.web.actions.AccountActionBean.CATEGORY_LIST,1
0,org.mybatis.jpetstore.web.actions.AccountActionBean.getLanguages,org.mybatis.jpetstore.web.actions.AccountActionBean.LANGUAGE_LIST,1
0,org.mybatis.jpetstore.web.actions.AccountActionBean.getMyList,org.mybatis.jpetstore.web.actions.AccountActionBean.myList,1
0,org.mybatis.jpetstore.web.actions.AccountActionBean.getPassword,org.mybatis.jpetstore.domain.Account.getPassword,1
0,org.mybatis.jpetstore.web.actions.AccountActionBean.getPassword,org.mybatis.jpetstore.web.actions.AccountActionBean.account,1
0,org.mybatis.jpetstore.web.actions.AccountActionBean.getUsername,org.mybatis.jpetstore.domain.Account.getUsername,1
0,org.mybatis.jpetstore.web.actions.AccountActionBean.getUsername,org.mybatis.jpetstore.web.actions.AccountActionBean.account,1
0,org.mybatis.jpetstore.web.actions.AccountActionBean.isAuthenticated,org.mybatis.jpetstore.domain.Account.getUsername,1
0,org.mybatis.jpetstore.web.actions.AccountActionBean.isAuthenticated,org.mybatis.jpetstore.web.actions.AccountActionBean.account,1
0,org.mybatis.jpetstore.web.actions.AccountActionBean.isAuthenticated,org.mybatis.jpetstore.web.actions.AccountActionBean.authenticated,1
0,org.mybatis.jpetstore.web.actions.AccountActionBean.newAccount,org.mybatis.jpetstore.domain.Account.getFavouriteCategoryId,1
0,org.mybatis.jpetstore.web.actions.AccountActionBean.newAccount,org.mybatis.jpetstore.domain.Account.getUsername,1
0,org.mybatis.jpetstore.web.actions.AccountActionBean.newAccount,org.mybatis.jpetstore.service.AccountService.getAccount,1
0,org.mybatis.jpetstore.web.actions.AccountActionBean.newAccount,org.mybatis.jpetstore.service.AccountService.insertAccount,1
0,org.mybatis.jpetstore.web.actions.AccountActionBean.newAccount,org.mybatis.jpetstore.service.CatalogService.getProductListByCategory,1
0,org.mybatis.jpetstore.web.actions.AccountActionBean.newAccount,org.mybatis.jpetstore.web.actions.AccountActionBean.account,1
0,org.mybatis.jpetstore.web.actions.AccountActionBean.newAccount,org.mybatis.jpetstore.web.actions.AccountActionBean.accountService,1
0,org.mybatis.jpetstore.web.actions.AccountActionBean.newAccount,org.mybatis.jpetstore.web.actions.AccountActionBean.authenticated,1
0,org.mybatis.jpetstore.web.actions.AccountActionBean.newAccount,org.mybatis.jpetstore.web.actions.AccountActionBean.catalogService,1
0,org.mybatis.jpetstore.web.actions.AccountActionBean.newAccount,org.mybatis.jpetstore.web.actions.AccountActionBean.myList,1
0,org.mybatis.jpetstore.web.actions.AccountActionBean.setMyList,org.mybatis.jpetstore.web.actions.AccountActionBean.myList,1
0,org.mybatis.jpetstore.web.actions.AccountActionBean.setPassword,org.mybatis.jpetstore.domain.Account.setPassword,1
0,org.mybatis.jpetstore.web.actions.AccountActionBean.setPassword,org.mybatis.jpetstore.web.actions.AccountActionBean.account,1
0,org.mybatis.jpetstore.web.actions.AccountActionBean.setUsername,org.mybatis.jpetstore.domain.Account.setUsername,1
0,org.mybatis.jpetstore.web.actions.AccountActionBean.setUsername,org.mybatis.jpetstore.web.actions.AccountActionBean.account,1
0,org.mybatis.jpetstore.web.actions.AccountActionBean.signoff,org.mybatis.jpetstore.web.actions.AccountActionBean.clear,1
0,org.mybatis.jpetstore.web.actions.AccountActionBean.signoff,org.mybatis.jpetstore.web.actions.AccountActionBean.context,1
0,org.mybatis.jpetstore.web.actions.AccountActionBean.signon,org.mybatis.jpetstore.domain.Account.getFavouriteCategoryId,1
0,org.mybatis.jpetstore.web.actions.AccountActionBean.signon,org.mybatis.jpetstore.domain.Account.setPassword,1
0,org.mybatis.jpetstore.web.actions.AccountActionBean.signon,org.mybatis.jpetstore.service.AccountService.getAccount,1
0,org.mybatis.jpetstore.web.actions.AccountActionBean.signon,org.mybatis.jpetstore.service.CatalogService.getProductListByCategory,1
0,org.mybatis.jpetstore.web.actions.AccountActionBean.signon,org.mybatis.jpetstore.web.actions.AccountActionBean.account,1
0,org.mybatis.jpetstore.web.actions.AccountActionBean.signon,org.mybatis.jpetstore.web.actions.AccountActionBean.accountService,1
0,org.mybatis.jpetstore.web.actions.AccountActionBean.signon,org.mybatis.jpetstore.web.actions.AccountActionBean.authenticated,1
0,org.mybatis.jpetstore.web.actions.AccountActionBean.signon,org.mybatis.jpetstore.web.actions.AccountActionBean.catalogService,1
0,org.mybatis.jpetstore.web.actions.AccountActionBean.signon,org.mybatis.jpetstore.web.actions.AccountActionBean.clear,1
0,org.mybatis.jpetstore.web.actions.AccountActionBean.signon,org.mybatis.jpetstore.web.actions.AccountActionBean.context,1
0,org.mybatis.jpetstore.web.actions.AccountActionBean.signon,org.mybatis.jpetstore.web.actions.AccountActionBean.getPassword,1
0,org.mybatis.jpetstore.web.actions.AccountActionBean.signon,org.mybatis.jpetstore.web.actions.AccountActionBean.getUsername,1
0,org.mybatis.jpetstore.web.actions.AccountActionBean.signon,org.mybatis.jpetstore.web.actions.AccountActionBean.myList,1
0,org.mybatis.jpetstore.web.actions.AccountActionBean.signon,org.mybatis.jpetstore.web.actions.AccountActionBean.setMessage,1
0,org.mybatis.jpetstore.web.actions.AccountActionBean.static {},org.mybatis.jpetstore.web.actions.AccountActionBean.CATEGORY_LIST,1
0,org.mybatis.jpetstore.web.actions.AccountActionBean.static {},org.mybatis.jpetstore.web.actions.AccountActionBean.LANGUAGE_LIST,1
0,org.mybatis.jpetstore.web.actions.CartActionBean.CartActionBean,org.mybatis.jpetstore.domain.Cart.Cart,1
0,org.mybatis.jpetstore.web.actions.CartActionBean.CartActionBean,org.mybatis.jpetstore.web.actions.AbstractActionBean.AbstractActionBean,1
0,org.mybatis.jpetstore.web.actions.CartActionBean.CartActionBean,org.mybatis.jpetstore.web.actions.CartActionBean.cart,1
0,org.mybatis.jpetstore.web.actions.CartActionBean.addItemToCart,org.mybatis.jpetstore.domain.Cart.addItem,1
0,org.mybatis.jpetstore.web.actions.CartActionBean.addItemToCart,org.mybatis.jpetstore.domain.Cart.containsItemId,1
0,org.mybatis.jpetstore.web.actions.CartActionBean.addItemToCart,org.mybatis.jpetstore.domain.Cart.incrementQuantityByItemId,1
0,org.mybatis.jpetstore.web.actions.CartActionBean.addItemToCart,org.mybatis.jpetstore.service.CatalogService.getItem,1
0,org.mybatis.jpetstore.web.actions.CartActionBean.addItemToCart,org.mybatis.jpetstore.service.CatalogService.isItemInStock,1
0,org.mybatis.jpetstore.web.actions.CartActionBean.addItemToCart,org.mybatis.jpetstore.web.actions.CartActionBean.cart,1
0,org.mybatis.jpetstore.web.actions.CartActionBean.addItemToCart,org.mybatis.jpetstore.web.actions.CartActionBean.catalogService,1
0,org.mybatis.jpetstore.web.actions.CartActionBean.addItemToCart,org.mybatis.jpetstore.web.actions.CartActionBean.workingItemId,1
0,org.mybatis.jpetstore.web.actions.CartActionBean.clear,org.mybatis.jpetstore.domain.Cart.Cart,1
0,org.mybatis.jpetstore.web.actions.CartActionBean.clear,org.mybatis.jpetstore.web.actions.CartActionBean.cart,1
0,org.mybatis.jpetstore.web.actions.CartActionBean.clear,org.mybatis.jpetstore.web.actions.CartActionBean.workingItemId,1
0,org.mybatis.jpetstore.web.actions.CartActionBean.getCart,org.mybatis.jpetstore.web.actions.CartActionBean.cart,1
0,org.mybatis.jpetstore.web.actions.CartActionBean.removeItemFromCart,org.mybatis.jpetstore.domain.Cart.removeItemById,1
0,org.mybatis.jpetstore.web.actions.CartActionBean.removeItemFromCart,org.mybatis.jpetstore.web.actions.CartActionBean.cart,1
0,org.mybatis.jpetstore.web.actions.CartActionBean.removeItemFromCart,org.mybatis.jpetstore.web.actions.CartActionBean.setMessage,1
0,org.mybatis.jpetstore.web.actions.CartActionBean.removeItemFromCart,org.mybatis.jpetstore.web.actions.CartActionBean.workingItemId,1
0,org.mybatis.jpetstore.web.actions.CartActionBean.setCart,org.mybatis.jpetstore.web.actions.CartActionBean.cart,1
0,org.mybatis.jpetstore.web.actions.CartActionBean.setWorkingItemId,org.mybatis.jpetstore.web.actions.CartActionBean.workingItemId,1
0,org.mybatis.jpetstore.web.actions.CartActionBean.updateCartQuantities,org.mybatis.jpetstore.domain.Cart.getAllCartItems,1
0,org.mybatis.jpetstore.web.actions.CartActionBean.updateCartQuantities,org.mybatis.jpetstore.domain.Cart.setQuantityByItemId,1
0,org.mybatis.jpetstore.web.actions.CartActionBean.updateCartQuantities,org.mybatis.jpetstore.domain.CartItem.getItem,1
0,org.mybatis.jpetstore.web.actions.CartActionBean.updateCartQuantities,org.mybatis.jpetstore.domain.Item.getItemId,1
0,org.mybatis.jpetstore.web.actions.CartActionBean.updateCartQuantities,org.mybatis.jpetstore.web.actions.CartActionBean.context,1
0,org.mybatis.jpetstore.web.actions.CartActionBean.updateCartQuantities,org.mybatis.jpetstore.web.actions.CartActionBean.getCart,1
0,org.mybatis.jpetstore.web.actions.CatalogActionBean.CatalogActionBean,org.mybatis.jpetstore.web.actions.AbstractActionBean.AbstractActionBean,1
0,org.mybatis.jpetstore.web.actions.CatalogActionBean.clear,org.mybatis.jpetstore.web.actions.CatalogActionBean.category,1
0,org.mybatis.jpetstore.web.actions.CatalogActionBean.clear,org.mybatis.jpetstore.web.actions.CatalogActionBean.categoryId,1
0,org.mybatis.jpetstore.web.actions.CatalogActionBean.clear,org.mybatis.jpetstore.web.actions.CatalogActionBean.categoryList,1
0,org.mybatis.jpetstore.web.actions.CatalogActionBean.clear,org.mybatis.jpetstore.web.actions.CatalogActionBean.item,1
0,org.mybatis.jpetstore.web.actions.CatalogActionBean.clear,org.mybatis.jpetstore.web.actions.CatalogActionBean.itemId,1
0,org.mybatis.jpetstore.web.actions.CatalogActionBean.clear,org.mybatis.jpetstore.web.actions.CatalogActionBean.itemList,1
0,org.mybatis.jpetstore.web.actions.CatalogActionBean.clear,org.mybatis.jpetstore.web.actions.CatalogActionBean.keyword,1
0,org.mybatis.jpetstore.web.actions.CatalogActionBean.clear,org.mybatis.jpetstore.web.actions.CatalogActionBean.product,1
0,org.mybatis.jpetstore.web.actions.CatalogActionBean.clear,org.mybatis.jpetstore.web.actions.CatalogActionBean.productId,1
0,org.mybatis.jpetstore.web.actions.CatalogActionBean.clear,org.mybatis.jpetstore.web.actions.CatalogActionBean.productList,1
0,org.mybatis.jpetstore.web.actions.CatalogActionBean.getCategory,org.mybatis.jpetstore.web.actions.CatalogActionBean.category,1
0,org.mybatis.jpetstore.web.actions.CatalogActionBean.getCategoryId,org.mybatis.jpetstore.web.actions.CatalogActionBean.categoryId,1
0,org.mybatis.jpetstore.web.actions.CatalogActionBean.getCategoryList,org.mybatis.jpetstore.web.actions.CatalogActionBean.categoryList,1
0,org.mybatis.jpetstore.web.actions.CatalogActionBean.getItem,org.mybatis.jpetstore.web.actions.CatalogActionBean.item,1
0,org.mybatis.jpetstore.web.actions.CatalogActionBean.getItemId,org.mybatis.jpetstore.web.actions.CatalogActionBean.itemId,1
0,org.mybatis.jpetstore.web.actions.CatalogActionBean.getItemList,org.mybatis.jpetstore.web.actions.CatalogActionBean.itemList,1
0,org.mybatis.jpetstore.web.actions.CatalogActionBean.getKeyword,org.mybatis.jpetstore.web.actions.CatalogActionBean.keyword,1
0,org.mybatis.jpetstore.web.actions.CatalogActionBean.getProduct,org.mybatis.jpetstore.web.actions.CatalogActionBean.product,1
0,org.mybatis.jpetstore.web.actions.CatalogActionBean.getProductId,org.mybatis.jpetstore.web.actions.CatalogActionBean.productId,1
0,org.mybatis.jpetstore.web.actions.CatalogActionBean.getProductList,org.mybatis.jpetstore.web.actions.CatalogActionBean.productList,1
0,org.mybatis.jpetstore.web.actions.CatalogActionBean.searchProducts,org.mybatis.jpetstore.service.CatalogService.searchProductList,1
0,org.mybatis.jpetstore.web.actions.CatalogActionBean.searchProducts,org.mybatis.jpetstore.web.actions.CatalogActionBean.catalogService,1
0,org.mybatis.jpetstore.web.actions.CatalogActionBean.searchProducts,org.mybatis.jpetstore.web.actions.CatalogActionBean.keyword,1
0,org.mybatis.jpetstore.web.actions.CatalogActionBean.searchProducts,org.mybatis.jpetstore.web.actions.CatalogActionBean.productList,1
0,org.mybatis.jpetstore.web.actions.CatalogActionBean.searchProducts,org.mybatis.jpetstore.web.actions.CatalogActionBean.setMessage,1
0,org.mybatis.jpetstore.web.actions.CatalogActionBean.setCategory,org.mybatis.jpetstore.web.actions.CatalogActionBean.category,1
0,org.mybatis.jpetstore.web.actions.CatalogActionBean.setCategoryId,org.mybatis.jpetstore.web.actions.CatalogActionBean.categoryId,1
0,org.mybatis.jpetstore.web.actions.CatalogActionBean.setCategoryList,org.mybatis.jpetstore.web.actions.CatalogActionBean.categoryList,1
0,org.mybatis.jpetstore.web.actions.CatalogActionBean.setItem,org.mybatis.jpetstore.web.actions.CatalogActionBean.item,1
0,org.mybatis.jpetstore.web.actions.CatalogActionBean.setItemId,org.mybatis.jpetstore.web.actions.CatalogActionBean.itemId,1
0,org.mybatis.jpetstore.web.actions.CatalogActionBean.setItemList,org.mybatis.jpetstore.web.actions.CatalogActionBean.itemList,1
0,org.mybatis.jpetstore.web.actions.CatalogActionBean.setKeyword,org.mybatis.jpetstore.web.actions.CatalogActionBean.keyword,1
0,org.mybatis.jpetstore.web.actions.CatalogActionBean.setProduct,org.mybatis.jpetstore.web.actions.CatalogActionBean.product,1
0,org.mybatis.jpetstore.web.actions.CatalogActionBean.setProductId,org.mybatis.jpetstore.web.actions.CatalogActionBean.productId,1
0,org.mybatis.jpetstore.web.actions.CatalogActionBean.setProductList,org.mybatis.jpetstore.web.actions.CatalogActionBean.productList,1
0,org.mybatis.jpetstore.web.actions.CatalogActionBean.viewCategory,org.mybatis.jpetstore.service.CatalogService.getCategory,1
0,org.mybatis.jpetstore.web.actions.CatalogActionBean.viewCategory,org.mybatis.jpetstore.service.CatalogService.getProductListByCategory,1
0,org.mybatis.jpetstore.web.actions.CatalogActionBean.viewCategory,org.mybatis.jpetstore.web.actions.CatalogActionBean.catalogService,1
0,org.mybatis.jpetstore.web.actions.CatalogActionBean.viewCategory,org.mybatis.jpetstore.web.actions.CatalogActionBean.category,1
0,org.mybatis.jpetstore.web.actions.CatalogActionBean.viewCategory,org.mybatis.jpetstore.web.actions.CatalogActionBean.categoryId,1
0,org.mybatis.jpetstore.web.actions.CatalogActionBean.viewCategory,org.mybatis.jpetstore.web.actions.CatalogActionBean.productList,1
0,org.mybatis.jpetstore.web.actions.CatalogActionBean.viewItem,org.mybatis.jpetstore.domain.Item.getProduct,1
0,org.mybatis.jpetstore.web.actions.CatalogActionBean.viewItem,org.mybatis.jpetstore.service.CatalogService.getItem,1
0,org.mybatis.jpetstore.web.actions.CatalogActionBean.viewItem,org.mybatis.jpetstore.web.actions.CatalogActionBean.catalogService,1
0,org.mybatis.jpetstore.web.actions.CatalogActionBean.viewItem,org.mybatis.jpetstore.web.actions.CatalogActionBean.item,1
0,org.mybatis.jpetstore.web.actions.CatalogActionBean.viewItem,org.mybatis.jpetstore.web.actions.CatalogActionBean.itemId,1
0,org.mybatis.jpetstore.web.actions.CatalogActionBean.viewItem,org.mybatis.jpetstore.web.actions.CatalogActionBean.product,1
0,org.mybatis.jpetstore.web.actions.CatalogActionBean.viewProduct,org.mybatis.jpetstore.service.CatalogService.getItemListByProduct,1
0,org.mybatis.jpetstore.web.actions.CatalogActionBean.viewProduct,org.mybatis.jpetstore.service.CatalogService.getProduct,1
0,org.mybatis.jpetstore.web.actions.CatalogActionBean.viewProduct,org.mybatis.jpetstore.web.actions.CatalogActionBean.catalogService,1
0,org.mybatis.jpetstore.web.actions.CatalogActionBean.viewProduct,org.mybatis.jpetstore.web.actions.CatalogActionBean.itemList,1
0,org.mybatis.jpetstore.web.actions.CatalogActionBean.viewProduct,org.mybatis.jpetstore.web.actions.CatalogActionBean.product,1
0,org.mybatis.jpetstore.web.actions.CatalogActionBean.viewProduct,org.mybatis.jpetstore.web.actions.CatalogActionBean.productId,1
0,org.mybatis.jpetstore.web.actions.OrderActionBean.OrderActionBean,org.mybatis.jpetstore.domain.Order.Order,1
0,org.mybatis.jpetstore.web.actions.OrderActionBean.OrderActionBean,org.mybatis.jpetstore.web.actions.AbstractActionBean.AbstractActionBean,1
0,org.mybatis.jpetstore.web.actions.OrderActionBean.OrderActionBean,org.mybatis.jpetstore.web.actions.OrderActionBean.order,1
0,org.mybatis.jpetstore.web.actions.OrderActionBean.clear,org.mybatis.jpetstore.domain.Order.Order,1
0,org.mybatis.jpetstore.web.actions.OrderActionBean.clear,org.mybatis.jpetstore.web.actions.OrderActionBean.confirmed,1
0,org.mybatis.jpetstore.web.actions.OrderActionBean.clear,org.mybatis.jpetstore.web.actions.OrderActionBean.order,1
0,org.mybatis.jpetstore.web.actions.OrderActionBean.clear,org.mybatis.jpetstore.web.actions.OrderActionBean.orderList,1
0,org.mybatis.jpetstore.web.actions.OrderActionBean.clear,org.mybatis.jpetstore.web.actions.OrderActionBean.shippingAddressRequired,1
0,org.mybatis.jpetstore.web.actions.OrderActionBean.getCreditCardTypes,org.mybatis.jpetstore.web.actions.OrderActionBean.CARD_TYPE_LIST,1
0,org.mybatis.jpetstore.web.actions.OrderActionBean.getOrder,org.mybatis.jpetstore.web.actions.OrderActionBean.order,1
0,org.mybatis.jpetstore.web.actions.OrderActionBean.getOrderId,org.mybatis.jpetstore.domain.Order.getOrderId,1
0,org.mybatis.jpetstore.web.actions.OrderActionBean.getOrderId,org.mybatis.jpetstore.web.actions.OrderActionBean.order,1
0,org.mybatis.jpetstore.web.actions.OrderActionBean.getOrderList,org.mybatis.jpetstore.web.actions.OrderActionBean.orderList,1
0,org.mybatis.jpetstore.web.actions.OrderActionBean.isConfirmed,org.mybatis.jpetstore.web.actions.OrderActionBean.confirmed,1
0,org.mybatis.jpetstore.web.actions.OrderActionBean.isShippingAddressRequired,org.mybatis.jpetstore.web.actions.OrderActionBean.shippingAddressRequired,1
0,org.mybatis.jpetstore.web.actions.OrderActionBean.listOrders,org.mybatis.jpetstore.domain.Account.getUsername,1
0,org.mybatis.jpetstore.web.actions.OrderActionBean.listOrders,org.mybatis.jpetstore.service.OrderService.getOrdersByUsername,1
0,org.mybatis.jpetstore.web.actions.OrderActionBean.listOrders,org.mybatis.jpetstore.web.actions.AccountActionBean.getAccount,1
0,org.mybatis.jpetstore.web.actions.OrderActionBean.listOrders,org.mybatis.jpetstore.web.actions.OrderActionBean.context,1
0,org.mybatis.jpetstore.web.actions.OrderActionBean.listOrders,org.mybatis.jpetstore.web.actions.OrderActionBean.orderList,1
0,org.mybatis.jpetstore.web.actions.OrderActionBean.listOrders,org.mybatis.jpetstore.web.actions.OrderActionBean.orderService,1
0,org.mybatis.jpetstore.web.actions.OrderActionBean.newOrder,org.mybatis.jpetstore.service.OrderService.insertOrder,1
0,org.mybatis.jpetstore.web.actions.OrderActionBean.newOrder,org.mybatis.jpetstore.web.actions.CartActionBean.clear,1
0,org.mybatis.jpetstore.web.actions.OrderActionBean.newOrder,org.mybatis.jpetstore.web.actions.OrderActionBean.context,1
0,org.mybatis.jpetstore.web.actions.OrderActionBean.newOrder,org.mybatis.jpetstore.web.actions.OrderActionBean.getOrder,1
0,org.mybatis.jpetstore.web.actions.OrderActionBean.newOrder,org.mybatis.jpetstore.web.actions.OrderActionBean.isConfirmed,1
0,org.mybatis.jpetstore.web.actions.OrderActionBean.newOrder,org.mybatis.jpetstore.web.actions.OrderActionBean.order,1
0,org.mybatis.jpetstore.web.actions.OrderActionBean.newOrder,org.mybatis.jpetstore.web.actions.OrderActionBean.orderService,1
0,org.mybatis.jpetstore.web.actions.OrderActionBean.newOrder,org.mybatis.jpetstore.web.actions.OrderActionBean.setMessage,1
0,org.mybatis.jpetstore.web.actions.OrderActionBean.newOrder,org.mybatis.jpetstore.web.actions.OrderActionBean.shippingAddressRequired,1
0,org.mybatis.jpetstore.web.actions.OrderActionBean.newOrderForm,org.mybatis.jpetstore.domain.Order.initOrder,1
0,org.mybatis.jpetstore.web.actions.OrderActionBean.newOrderForm,org.mybatis.jpetstore.web.actions.AccountActionBean.getAccount,1
0,org.mybatis.jpetstore.web.actions.OrderActionBean.newOrderForm,org.mybatis.jpetstore.web.actions.AccountActionBean.isAuthenticated,1
0,org.mybatis.jpetstore.web.actions.OrderActionBean.newOrderForm,org.mybatis.jpetstore.web.actions.CartActionBean.getCart,1
0,org.mybatis.jpetstore.web.actions.OrderActionBean.newOrderForm,org.mybatis.jpetstore.web.actions.OrderActionBean.clear,1
0,org.mybatis.jpetstore.web.actions.OrderActionBean.newOrderForm,org.mybatis.jpetstore.web.actions.OrderActionBean.context,1
0,org.mybatis.jpetstore.web.actions.OrderActionBean.newOrderForm,org.mybatis.jpetstore.web.actions.OrderActionBean.order,1
0,org.mybatis.jpetstore.web.actions.OrderActionBean.newOrderForm,org.mybatis.jpetstore.web.actions.OrderActionBean.setMessage,1
0,org.mybatis.jpetstore.web.actions.OrderActionBean.setConfirmed,org.mybatis.jpetstore.web.actions.OrderActionBean.confirmed,1
0,org.mybatis.jpetstore.web.actions.OrderActionBean.setOrder,org.mybatis.jpetstore.web.actions.OrderActionBean.order,1
0,org.mybatis.jpetstore.web.actions.OrderActionBean.setOrderId,org.mybatis.jpetstore.domain.Order.setOrderId,1
0,org.mybatis.jpetstore.web.actions.OrderActionBean.setOrderId,org.mybatis.jpetstore.web.actions.OrderActionBean.order,1
0,org.mybatis.jpetstore.web.actions.OrderActionBean.setShippingAddressRequired,org.mybatis.jpetstore.web.actions.OrderActionBean.shippingAddressRequired,1
0,org.mybatis.jpetstore.web.actions.OrderActionBean.static {},org.mybatis.jpetstore.web.actions.OrderActionBean.CARD_TYPE_LIST,1
0,org.mybatis.jpetstore.web.actions.OrderActionBean.viewOrder,org.mybatis.jpetstore.domain.Account.getUsername,1
0,org.mybatis.jpetstore.web.actions.OrderActionBean.viewOrder,org.mybatis.jpetstore.domain.Order.getOrderId,1
0,org.mybatis.jpetstore.web.actions.OrderActionBean.viewOrder,org.mybatis.jpetstore.domain.Order.getUsername,1
0,org.mybatis.jpetstore.web.actions.OrderActionBean.viewOrder,org.mybatis.jpetstore.service.OrderService.getOrder,1
0,org.mybatis.jpetstore.web.actions.OrderActionBean.viewOrder,org.mybatis.jpetstore.web.actions.AccountActionBean.getAccount,1
0,org.mybatis.jpetstore.web.actions.OrderActionBean.viewOrder,org.mybatis.jpetstore.web.actions.OrderActionBean.context,1
0,org.mybatis.jpetstore.web.actions.OrderActionBean.viewOrder,org.mybatis.jpetstore.web.actions.OrderActionBean.order,1
0,org.mybatis.jpetstore.web.actions.OrderActionBean.viewOrder,org.mybatis.jpetstore.web.actions.OrderActionBean.orderService,1
0,org.mybatis.jpetstore.web.actions.OrderActionBean.viewOrder,org.mybatis.jpetstore.web.actions.OrderActionBean.setMessage,1
