<!--
    Copyright 2016 Intuit
   
    Licensed under the Apache License, Version 2.0 (the "License");
    you may not use this file except in compliance with the License.
    You may obtain a copy of the License at
   
        http://www.apache.org/licenses/LICENSE-2.0
   
    Unless required by applicable law or agreed to in writing, software
    distributed under the License is distributed on an "AS IS" BASIS,
    WITHOUT WARRANTIES OR CONDITIONS OF ANY KIND, either express or implied.
    See the License for the specific language governing permissions and
    limitations under the License.
 -->
<configuration scan="true" scanPeriod="30 seconds">

    <contextName>${project.artifactId}</contextName>
    <jmxConfigurator/>
    <property name="LOG" value="${log.dir}/${application.name}"/>
    <statusListener class="ch.qos.logback.core.status.OnConsoleStatusListener"/>

    <appender name="FILE" class="ch.qos.logback.core.rolling.RollingFileAppender">
        <file>${LOG}.access.log</file>
        <rollingPolicy class="ch.qos.logback.core.rolling.FixedWindowRollingPolicy">
            <fileNamePattern>${LOG}.%i.log.zip</fileNamePattern>
            <minIndex>1</minIndex>
            <maxIndex>6</maxIndex>
        </rollingPolicy>
        <triggeringPolicy class="ch.qos.logback.core.rolling.SizeBasedTriggeringPolicy">
           <maxFileSize>500MB</maxFileSize>
        </triggeringPolicy>
        <encoder>
            <pattern>combined</pattern>
        </encoder>
    </appender>
    <appender-ref ref="FILE"/>
</configuration>
