<!--
    Copyright 2016 Intuit
   
    Licensed under the Apache License, Version 2.0 (the "License");
    you may not use this file except in compliance with the License.
    You may obtain a copy of the License at
   
        http://www.apache.org/licenses/LICENSE-2.0
   
    Unless required by applicable law or agreed to in writing, software
    distributed under the License is distributed on an "AS IS" BASIS,
    WITHOUT WARRANTIES OR CONDITIONS OF ANY KIND, either express or implied.
    See the License for the specific language governing permissions and
    limitations under the License.
 -->
<configuration debbug="true" scan="true" scanPeriod="30 seconds">

    <contextName>${project.artifactId}</contextName>
    <jmxConfigurator/>
    <property name="LOG" value="${log.dir}/${application.name}"/>
    <property name="EHCACHE_LOG" value="${log.dir}/${application.name}-ehcache"/>
    <property name="ASSIGNMENT_EXPORT_DB_LOG" value="${log.dir}/${application.name}-assignment-export-db"/>
    <!--
    <property name="AUDIT" value="${log.dir}/${application.name}-audit"/>
    -->

    <appender name="CONSOLE" class="ch.qos.logback.core.ConsoleAppender">
        <encoder>
            <pattern>%-4relative [%thread] %-5level %logger{35} - %msg %n</pattern>
        </encoder>
    </appender>

    <appender name="APPLICATION_LOG" class="ch.qos.logback.core.rolling.RollingFileAppender">
        <file>${LOG}.log</file>
        <rollingPolicy class="ch.qos.logback.core.rolling.FixedWindowRollingPolicy">
            <fileNamePattern>${LOG}.%i.log.zip</fileNamePattern>
            <minIndex>1</minIndex>
            <maxIndex>3</maxIndex>
        </rollingPolicy>
        <triggeringPolicy class="ch.qos.logback.core.rolling.SizeBasedTriggeringPolicy">
           <maxFileSize>50MB</maxFileSize>
        </triggeringPolicy>
        <encoder>
            <pattern>%date %level [%thread] %logger{10} [%file:%line] %msg%n</pattern>
        </encoder>
    </appender>

    <appender name="EHCACHE_LOG" class="ch.qos.logback.core.rolling.RollingFileAppender">
        <file>${EHCACHE_LOG}.log</file>
        <rollingPolicy class="ch.qos.logback.core.rolling.FixedWindowRollingPolicy">
            <fileNamePattern>${EHCACHE_LOG}.%i.log.zip</fileNamePattern>
            <minIndex>1</minIndex>
            <maxIndex>3</maxIndex>
        </rollingPolicy>
        <triggeringPolicy class="ch.qos.logback.core.rolling.SizeBasedTriggeringPolicy">
            <maxFileSize>50MB</maxFileSize>
        </triggeringPolicy>
        <encoder>
            <pattern>%date %level [%thread] %logger{10} [%file:%line] %msg%n</pattern>
        </encoder>
    </appender>

    <appender name="ASSIGNMENT_EXPORT_DB_LOG" class="ch.qos.logback.core.rolling.RollingFileAppender">
        <file>${ASSIGNMENT_EXPORT_DB_LOG}.log</file>
        <rollingPolicy class="ch.qos.logback.core.rolling.FixedWindowRollingPolicy">
            <fileNamePattern>${ASSIGNMENT_EXPORT_DB_LOG}.%i.log.zip</fileNamePattern>
            <minIndex>1</minIndex>
            <maxIndex>6</maxIndex>
        </rollingPolicy>
        <triggeringPolicy class="ch.qos.logback.core.rolling.SizeBasedTriggeringPolicy">
            <maxFileSize>600MB</maxFileSize>
        </triggeringPolicy>
        <encoder>
            <pattern>%date %level [%thread] %logger{10} [%file:%line] %msg%n</pattern>
        </encoder>
    </appender>

    <appender name="ASYNC_APPLICATION_LOG" class="ch.qos.logback.classic.AsyncAppender">
        <queueSize>500</queueSize>
        <discardingThreshold>0</discardingThreshold>
        <appender-ref ref="APPLICATION_LOG" />
    </appender>

    <appender name="ASYNC_EHCACHE_LOG" class="ch.qos.logback.classic.AsyncAppender">
        <queueSize>50000</queueSize>
        <discardingThreshold>5000</discardingThreshold>
        <appender-ref ref="EHCACHE_LOG" />
    </appender>

    <appender name="ASYNC_ASSIGNMENT_EXPORT_DB_LOG" class="ch.qos.logback.classic.AsyncAppender">
        <queueSize>500000</queueSize>
        <discardingThreshold>0</discardingThreshold>
        <appender-ref ref="ASSIGNMENT_EXPORT_DB_LOG" />
    </appender>

    <!--
    <appender name="AUDIT" class="ch.qos.logback.core.rolling.RollingFileAppender">
        <file>${AUDIT}.log</file>
        <append>true</append>
        <rollingPolicy class="ch.qos.logback.core.rolling.TimeBasedRollingPolicy">
            <fileNamePattern>${AUDIT}.%d{yyyy-MM-dd}.%i.log.zip</fileNamePattern>
            <maxHistory>30</maxHistory>
            <timeBasedFileNamingAndTriggeringPolicy class="ch.qos.logback.core.rolling.SizeAndTimeBasedFNATP">
                <maxFileSize>100MB</maxFileSize>
            </timeBasedFileNamingAndTriggeringPolicy>
        </rollingPolicy>

        <encoder>
            <pattern>%date %level [%thread] %logger{10} [%file:%line] %msg%n</pattern>
        </encoder>
    </appender>
    -->

    <!--
    <appender name="EMAIL" class="ch.qos.logback.classic.net.SMTPAppender">
        <localhost>${HOSTNAME}</localhost>
        <to>${log.email.to}</to>
        <from>${project.artifactId}@${HOSTNAME}</from>
        <subject>[${project.artifactId}-${application.profile}]: %logger{20} - %m</subject>
        <filter class="ch.qos.logback.classic.filter.ThresholdFilter">
            <level>ERROR</level>
        </filter>
        <layout class="ch.qos.logback.classic.PatternLayout">
            <pattern>%date %-5level %logger{35} - %message%n</pattern>
        </layout>
        <cyclicBufferTracker>
            <bufferSize>1</bufferSize>
        </cyclicBufferTracker>
    </appender>
    -->
    <!--
    <appender name="EMAIL" class="ch.qos.logback.classic.net.SMTPAppender">
        <localhost>${HOSTNAME}</localhost>
        <to>${log.email.to}</to>
        <from>${project.artifactId}@${HOSTNAME}</from>
        <subject>[${application.name}]: %logger{20} - %m</subject>
        <evaluator class="ch.qos.logback.classic.boolex.OnMarkerEvaluator">
            <marker>ALERT:PAGE</marker>
        </evaluator>
        <layout class="ch.qos.logback.classic.PatternLayout">
            <pattern>%date %-5level %logger{35} - %message%n</pattern>
        </layout>
        <cyclicBufferTracker class="ch.qos.logback.core.spi.CyclicBufferTracker">
            <bufferSize>1</bufferSize>
        </cyclicBufferTracker>
    </appender>
    -->

    <!--
    <logger name="audit" level="INFO" additivity="false">
        <appender-ref ref="AUDIT"/>
    </logger>
    -->

    <logger name="net.sf.ehcache" level="${log.level}" additivity="false">
        <appender-ref ref="ASYNC_EHCACHE_LOG"/>
    </logger>

    <logger name="org.eclipse.jetty" level="WARN" additivity="false"/>
    <logger name="com.datastax" level="INFO" additivity="false" />

    <logger name="com.intuit.wasabi.assignment.impl.NoopDatabaseAssignmentEnvelope"
            level="${log.level}" additivity="false">
        <appender-ref ref="ASYNC_ASSIGNMENT_EXPORT_DB_LOG"/>
    </logger>

    <root level="${log.level}">
        <appender-ref ref="ASYNC_APPLICATION_LOG"/>
        <appender-ref ref="CONSOLE"/>
    </root>
</configuration>