{"tool": {"decomposition": {"AccountManagementService": [{"id": "Account"}, {"id": "AccountMapper"}, {"id": "AccountService"}, {"id": "AccountActionBean"}, {"id": "AbstractActionBean"}], "ItemManagementService": [{"id": "Category"}, {"id": "Item"}, {"id": "LineItem"}, {"id": "Product"}, {"id": "CategoryMapper"}, {"id": "ItemMapper"}, {"id": "ProductMapper"}, {"id": "LineItemMapper"}, {"id": "CatalogService"}, {"id": "Cart"}, {"id": "CartItem"}, {"id": "CartActionBean"}, {"id": "CatalogActionBean"}], "OrderManagementService": [{"id": "Order"}, {"id": "Sequence"}, {"id": "OrderMapper"}, {"id": "SequenceMapper"}, {"id": "OrderService"}, {"id": "OrderActionBean"}]}}}