,method,stmtLineNumber,stmt
0,<de.ecspride.MainActivity: void onCreate(android.os.Bundle)>,-1,$r5 = virtualinvoke r4.<android.telephony.TelephonyManager: java.lang.String getDeviceId()>()
1,<de.ecspride.MainActivity: void onCreate(android.os.Bundle)>,-1,"specialinvoke $r7.<de.ecspride.MainActivity$1: void <init>(de.ecspride.MainActivity,java.lang.String)>(r0, $r5)"
2,"<de.ecspride.MainActivity$1: void <init>(de.ecspride.MainActivity,java.lang.String)>",-1,r0.<de.ecspride.MainActivity$1: java.lang.String val$deviceId> = $r2
3,"<de.ecspride.MainActivity$1: void <init>(de.ecspride.MainActivity,java.lang.String)>",-1,return
4,<de.ecspride.MainActivity: void onCreate(android.os.Bundle)>,-1,specialinvoke $r6.<java.lang.Thread: void <init>(java.lang.Runnable)>($r7)
5,<java.lang.Thread: void <init>(java.lang.Runnable)>,-1,this.<java.lang.Thread: java.lang.Runnable target0> = p0
6,<java.lang.Thread: void <init>(java.lang.Runnable)>,-1,return
7,<de.ecspride.MainActivity: void onCreate(android.os.Bundle)>,-1,virtualinvoke $r6.<java.lang.Thread: void start()>()
8,<java.lang.Thread: void run()>,-1,target = this.<java.lang.Thread: java.lang.Runnable target0>
9,<java.lang.Thread: void run()>,-1,interfaceinvoke target.<java.lang.Runnable: void run()>()
10,<de.ecspride.MainActivity$1: void run()>,-1,$r1 = r0.<de.ecspride.MainActivity$1: java.lang.String val$deviceId>
11,<de.ecspride.MainActivity$1: void run()>,-1,"staticinvoke <android.util.Log: int d(java.lang.String,java.lang.String)>(""DroidBench"", $r1)"
