{
    "MEM": {
        "decomposition": {
            "0": [
                {
                    "id": "locustfile.py"
                },
                {
                    "id": "app.py"
                }
            ],
            "1": [
                {
                    "id": "OrderMessage"
                },
                {
                    "id": "Quote"
                },
                {
                    "id": "ProductMessage"
                },
                {
                    "id": "ShipmentRecord"
                },
                {
                    "id": "ShipmentRecord"
                },
                {
                    "id": "ShipmentDetails"
                },
                {
                    "id": "MongoShipmentRepository"
                },
                {
                    "id": "MockShipmentRepository"
                },
                {
                    "id": "Delivery"
                },
                {
                    "id": "ShipmentController"
                },
                {
                    "id": "ShipmentRepositoryTest"
                },
                {
                    "id": "ShipmentControllerTest"
                },
                {
                    "id": "UtilityTest"
                },
                {
                    "id": "Utility"
                },
                {
                    "id": "OrderingConfiguration"
                },
                {
                    "id": "MongoDBProperties"
                },
                {
                    "id": "PingController"
                },
                {
                    "id": "ConflictingRequestException"
                },
                {
                    "id": "BadRequestException"
                },
                {
                    "id": "OrderingServiceProperties"
                },
                {
                    "id": "QueueResponse"
                },
                {
                    "id": "CreateOrderProcessTask"
                },
                {
                    "id": "UpdateProductProcessTask"
                },
                {
                    "id": "QueueService"
                },
                {
                    "id": "ConfigurationManager"
                },
                {
                    "id": "QueueFactory"
                },
                {
                    "id": "PropertyHelper"
                },
                {
                    "id": "ConfigurationHelpers"
                },
                {
                    "id": "TestOrderingConfiguration"
                },
                {
                    "id": "RepositoryFactory"
                },
                {
                    "id": "QuoteControllerTest"
                },
                {
                    "id": "QuoteRepositoryTest"
                },
                {
                    "id": "MockQuoteRepository"
                },
                {
                    "id": "QuoteController"
                },
                {
                    "id": "Quote"
                },
                {
                    "id": "DeliveryAddress"
                },
                {
                    "id": "DeliveryAddress"
                },
                {
                    "id": "MongoQuoteRepository"
                },
                {
                    "id": "MongoQuoteRepositoryTest"
                },
                {
                    "id": "MockQuoteRepositoryTest"
                },
                {
                    "id": "MongoOperationsWithRetry"
                },
                {
                    "id": "PostgresqlProperties"
                },
                {
                    "id": "MongoOrderRepositoryTest"
                },
                {
                    "id": "MockOrderRepositoryTest"
                },
                {
                    "id": "MongoDealersRepositoryTest"
                },
                {
                    "id": "ConfigurationRule"
                },
                {
                    "id": "OrderingInitializer"
                },
                {
                    "id": "MockDealersRepositoryTest"
                },
                {
                    "id": "DealerController"
                },
                {
                    "id": "AppInsightsFilter"
                },
                {
                    "id": "SimpleCORSFilter"
                },
                {
                    "id": "MongoCatalogItemsRepositoryTest"
                },
                {
                    "id": "MockCatalogItemsRepositoryTest"
                },
                {
                    "id": "MongoCatalogItemsRepository"
                },
                {
                    "id": "CatalogItem"
                },
                {
                    "id": "CatalogItem"
                },
                {
                    "id": "ProductItem"
                },
                {
                    "id": "CatalogItem"
                },
                {
                    "id": "QuoteItemInfo"
                },
                {
                    "id": "QuoteItemInfo"
                },
                {
                    "id": "OrderItem"
                },
                {
                    "id": "PhoneInfo"
                },
                {
                    "id": "PhoneInfo"
                },
                {
                    "id": "CatalogControllerTest"
                },
                {
                    "id": "CatalogItemsRepositoryTest"
                },
                {
                    "id": "CatalogItemsRepository"
                },
                {
                    "id": "MockCatalogItemsRepository"
                },
                {
                    "id": "CatalogController"
                },
                {
                    "id": "MongoShipmentRepositoryTest"
                },
                {
                    "id": "TestPath"
                },
                {
                    "id": "MockShipmentRepositoryTest"
                },
                {
                    "id": "QuoteDetails"
                },
                {
                    "id": "QuoteRepository"
                },
                {
                    "id": "OrderControllerTest"
                },
                {
                    "id": "DealerControllerTest"
                },
                {
                    "id": "DealersRepositoryTest"
                },
                {
                    "id": "MockDealersRepository"
                },
                {
                    "id": "Dealer"
                },
                {
                    "id": "DealerInfo"
                },
                {
                    "id": "DealersRepository"
                },
                {
                    "id": "MongoDealersRepository"
                },
                {
                    "id": "OrderRepositoryTest"
                },
                {
                    "id": "MockOrderRepository"
                },
                {
                    "id": "MrpConnectService"
                },
                {
                    "id": "OrderDetails"
                },
                {
                    "id": "Order"
                },
                {
                    "id": "Order"
                },
                {
                    "id": "OrderController"
                },
                {
                    "id": "MongoOrderRepository"
                },
                {
                    "id": "Main"
                },
                {
                    "id": "OrderUpdateInfo"
                },
                {
                    "id": "OrderEventInfo"
                },
                {
                    "id": "ShipmentEventInfo"
                },
                {
                    "id": "ShipmentEventInfo"
                },
                {
                    "id": "OrderStatus"
                },
                {
                    "id": "OrderRepository"
                },
                {
                    "id": "ShipmentRepository"
                }
            ],
            "2": [
                {
                    "id": "app-test.py"
                },
                {
                    "id": "app.py"
                }
            ]
        }
    }
}