partitionID,className,classID
0,locustfile.py,Labfiles/DevOps200.1x-PracticesandPrinciples/Mod04/load_testing_locust-master/locustfile.py
0,app.py,Labfiles/DevOps200.1x-PracticesandPrinciples/Mod04/load_testing_locust-master/app/app.py
1,OrderMessage.java,src/Backend/IntegrationService/src/main/java/integration/models/website/OrderMessage.java
1,Quote.java,src/Backend/IntegrationService/src/main/java/integration/models/mrp/Quote.java
1,ProductMessage.java,src/Backend/IntegrationService/src/main/java/integration/models/website/ProductMessage.java
1,ShipmentRecord.java,src/Backend/IntegrationService/src/main/java/integration/models/mrp/ShipmentRecord.java
1,ShipmentRecord.java,src/Backend/OrderService/src/main/java/smpl/ordering/models/ShipmentRecord.java
1,ShipmentDetails.java,src/Backend/OrderService/src/main/java/smpl/ordering/repositories/mongodb/models/ShipmentDetails.java
1,MongoShipmentRepository.java,src/Backend/OrderService/src/main/java/smpl/ordering/repositories/mongodb/MongoShipmentRepository.java
1,MockShipmentRepository.java,src/Backend/OrderService/src/main/java/smpl/ordering/repositories/mock/MockShipmentRepository.java
1,Delivery.java,src/Backend/OrderService/src/main/java/smpl/ordering/models/Delivery.java
1,ShipmentController.java,src/Backend/OrderService/src/main/java/smpl/ordering/controllers/ShipmentController.java
1,ShipmentRepositoryTest.java,src/Backend/OrderService/src/test/java/smpl/ordering/repositories/ShipmentRepositoryTest.java
1,ShipmentControllerTest.java,src/Backend/OrderService/src/test/java/smpl/ordering/controllers/ShipmentControllerTest.java
1,UtilityTest.java,src/Backend/OrderService/src/test/java/smpl/ordering/UtilityTest.java
1,Utility.java,src/Backend/OrderService/src/main/java/smpl/ordering/Utility.java
1,OrderingConfiguration.java,src/Backend/OrderService/src/main/java/smpl/ordering/OrderingConfiguration.java
1,MongoDBProperties.java,src/Backend/OrderService/src/main/java/smpl/ordering/MongoDBProperties.java
1,PingController.java,src/Backend/OrderService/src/main/java/smpl/ordering/controllers/PingController.java
1,ConflictingRequestException.java,src/Backend/OrderService/src/main/java/smpl/ordering/ConflictingRequestException.java
1,BadRequestException.java,src/Backend/OrderService/src/main/java/smpl/ordering/BadRequestException.java
1,OrderingServiceProperties.java,src/Backend/OrderService/src/main/java/smpl/ordering/OrderingServiceProperties.java
1,QueueResponse.java,src/Backend/IntegrationService/src/main/java/integration/models/QueueResponse.java
1,CreateOrderProcessTask.java,src/Backend/IntegrationService/src/main/java/integration/scheduled/CreateOrderProcessTask.java
1,UpdateProductProcessTask.java,src/Backend/IntegrationService/src/main/java/integration/scheduled/UpdateProductProcessTask.java
1,QueueService.java,src/Backend/IntegrationService/src/main/java/integration/services/QueueService.java
1,ConfigurationManager.java,src/Backend/IntegrationService/src/main/java/integration/infrastructure/ConfigurationManager.java
1,QueueFactory.java,src/Backend/IntegrationService/src/main/java/integration/services/QueueFactory.java
1,PropertyHelper.java,src/Backend/OrderService/src/main/java/smpl/ordering/PropertyHelper.java
1,ConfigurationHelpers.java,src/Backend/IntegrationService/src/main/java/integration/infrastructure/ConfigurationHelpers.java
1,TestOrderingConfiguration.java,src/Backend/OrderService/src/test/java/smpl/ordering/TestOrderingConfiguration.java
1,RepositoryFactory.java,src/Backend/OrderService/src/main/java/smpl/ordering/repositories/RepositoryFactory.java
1,QuoteControllerTest.java,src/Backend/OrderService/src/test/java/smpl/ordering/controllers/QuoteControllerTest.java
1,QuoteRepositoryTest.java,src/Backend/OrderService/src/test/java/smpl/ordering/repositories/QuoteRepositoryTest.java
1,MockQuoteRepository.java,src/Backend/OrderService/src/main/java/smpl/ordering/repositories/mock/MockQuoteRepository.java
1,QuoteController.java,src/Backend/OrderService/src/main/java/smpl/ordering/controllers/QuoteController.java
1,Quote.java,src/Backend/OrderService/src/main/java/smpl/ordering/models/Quote.java
1,DeliveryAddress.java,src/Backend/OrderService/src/main/java/smpl/ordering/models/DeliveryAddress.java
1,DeliveryAddress.java,src/Backend/IntegrationService/src/main/java/integration/models/mrp/DeliveryAddress.java
1,MongoQuoteRepository.java,src/Backend/OrderService/src/main/java/smpl/ordering/repositories/mongodb/MongoQuoteRepository.java
1,MongoQuoteRepositoryTest.java,src/Backend/OrderService/src/test/java/smpl/ordering/repositories/mongodb/test/MongoQuoteRepositoryTest.java
1,MockQuoteRepositoryTest.java,src/Backend/OrderService/src/test/java/smpl/ordering/repositories/mock/test/MockQuoteRepositoryTest.java
1,MongoOperationsWithRetry.java,src/Backend/OrderService/src/main/java/smpl/ordering/repositories/mongodb/MongoOperationsWithRetry.java
1,PostgresqlProperties.java,src/Backend/OrderService/src/main/java/smpl/ordering/PostgresqlProperties.java
1,MongoOrderRepositoryTest.java,src/Backend/OrderService/src/test/java/smpl/ordering/repositories/mongodb/test/MongoOrderRepositoryTest.java
1,MockOrderRepositoryTest.java,src/Backend/OrderService/src/test/java/smpl/ordering/repositories/mock/test/MockOrderRepositoryTest.java
1,MongoDealersRepositoryTest.java,src/Backend/OrderService/src/test/java/smpl/ordering/repositories/mongodb/test/MongoDealersRepositoryTest.java
1,ConfigurationRule.java,src/Backend/OrderService/src/test/java/smpl/ordering/ConfigurationRule.java
1,OrderingInitializer.java,src/Backend/OrderService/src/main/java/smpl/ordering/OrderingInitializer.java
1,MockDealersRepositoryTest.java,src/Backend/OrderService/src/test/java/smpl/ordering/repositories/mock/test/MockDealersRepositoryTest.java
1,DealerController.java,src/Backend/OrderService/src/main/java/smpl/ordering/controllers/DealerController.java
1,AppInsightsFilter.java,src/Backend/OrderService/src/main/java/smpl/ordering/AppInsightsFilter.java
1,SimpleCORSFilter.java,src/Backend/OrderService/src/main/java/smpl/ordering/SimpleCORSFilter.java
1,MongoCatalogItemsRepositoryTest.java,src/Backend/OrderService/src/test/java/smpl/ordering/repositories/mongodb/test/MongoCatalogItemsRepositoryTest.java
1,MockCatalogItemsRepositoryTest.java,src/Backend/OrderService/src/test/java/smpl/ordering/repositories/mock/test/MockCatalogItemsRepositoryTest.java
1,MongoCatalogItemsRepository.java,src/Backend/OrderService/src/main/java/smpl/ordering/repositories/mongodb/MongoCatalogItemsRepository.java
1,CatalogItem.java,src/Backend/OrderService/src/main/java/smpl/ordering/repositories/mongodb/models/CatalogItem.java
1,CatalogItem.java,src/Backend/OrderService/src/main/java/smpl/ordering/models/CatalogItem.java
1,ProductItem.java,src/Backend/IntegrationService/src/main/java/integration/models/website/ProductItem.java
1,CatalogItem.java,src/Backend/IntegrationService/src/main/java/integration/models/mrp/CatalogItem.java
1,QuoteItemInfo.java,src/Backend/OrderService/src/main/java/smpl/ordering/models/QuoteItemInfo.java
1,QuoteItemInfo.java,src/Backend/IntegrationService/src/main/java/integration/models/mrp/QuoteItemInfo.java
1,OrderItem.java,src/Backend/IntegrationService/src/main/java/integration/models/website/OrderItem.java
1,PhoneInfo.java,src/Backend/OrderService/src/main/java/smpl/ordering/models/PhoneInfo.java
1,PhoneInfo.java,src/Backend/IntegrationService/src/main/java/integration/models/mrp/PhoneInfo.java
1,CatalogControllerTest.java,src/Backend/OrderService/src/test/java/smpl/ordering/controllers/CatalogControllerTest.java
1,CatalogItemsRepositoryTest.java,src/Backend/OrderService/src/test/java/smpl/ordering/repositories/CatalogItemsRepositoryTest.java
1,CatalogItemsRepository.java,src/Backend/OrderService/src/main/java/smpl/ordering/repositories/CatalogItemsRepository.java
1,MockCatalogItemsRepository.java,src/Backend/OrderService/src/main/java/smpl/ordering/repositories/mock/MockCatalogItemsRepository.java
1,CatalogController.java,src/Backend/OrderService/src/main/java/smpl/ordering/controllers/CatalogController.java
1,MongoShipmentRepositoryTest.java,src/Backend/OrderService/src/test/java/smpl/ordering/repositories/mongodb/test/MongoShipmentRepositoryTest.java
1,TestPath.java,src/Backend/OrderService/src/main/java/smpl/ordering/TestPath.java
1,MockShipmentRepositoryTest.java,src/Backend/OrderService/src/test/java/smpl/ordering/repositories/mock/test/MockShipmentRepositoryTest.java
1,QuoteDetails.java,src/Backend/OrderService/src/main/java/smpl/ordering/repositories/mongodb/models/QuoteDetails.java
1,QuoteRepository.java,src/Backend/OrderService/src/main/java/smpl/ordering/repositories/QuoteRepository.java
1,OrderControllerTest.java,src/Backend/OrderService/src/test/java/smpl/ordering/controllers/OrderControllerTest.java
1,DealerControllerTest.java,src/Backend/OrderService/src/test/java/smpl/ordering/controllers/DealerControllerTest.java
1,DealersRepositoryTest.java,src/Backend/OrderService/src/test/java/smpl/ordering/repositories/DealersRepositoryTest.java
1,MockDealersRepository.java,src/Backend/OrderService/src/main/java/smpl/ordering/repositories/mock/MockDealersRepository.java
1,Dealer.java,src/Backend/OrderService/src/main/java/smpl/ordering/repositories/mongodb/models/Dealer.java
1,DealerInfo.java,src/Backend/OrderService/src/main/java/smpl/ordering/models/DealerInfo.java
1,DealersRepository.java,src/Backend/OrderService/src/main/java/smpl/ordering/repositories/DealersRepository.java
1,MongoDealersRepository.java,src/Backend/OrderService/src/main/java/smpl/ordering/repositories/mongodb/MongoDealersRepository.java
1,OrderRepositoryTest.java,src/Backend/OrderService/src/test/java/smpl/ordering/repositories/OrderRepositoryTest.java
1,MockOrderRepository.java,src/Backend/OrderService/src/main/java/smpl/ordering/repositories/mock/MockOrderRepository.java
1,MrpConnectService.java,src/Backend/IntegrationService/src/main/java/integration/services/MrpConnectService.java
1,OrderDetails.java,src/Backend/OrderService/src/main/java/smpl/ordering/repositories/mongodb/models/OrderDetails.java
1,Order.java,src/Backend/OrderService/src/main/java/smpl/ordering/models/Order.java
1,Order.java,src/Backend/IntegrationService/src/main/java/integration/models/mrp/Order.java
1,OrderController.java,src/Backend/OrderService/src/main/java/smpl/ordering/controllers/OrderController.java
1,MongoOrderRepository.java,src/Backend/OrderService/src/main/java/smpl/ordering/repositories/mongodb/MongoOrderRepository.java
1,Main.java,src/Backend/IntegrationService/src/main/java/integration/Main.java
1,OrderUpdateInfo.java,src/Backend/OrderService/src/main/java/smpl/ordering/models/OrderUpdateInfo.java
1,OrderEventInfo.java,src/Backend/OrderService/src/main/java/smpl/ordering/models/OrderEventInfo.java
1,ShipmentEventInfo.java,src/Backend/OrderService/src/main/java/smpl/ordering/models/ShipmentEventInfo.java
1,ShipmentEventInfo.java,src/Backend/IntegrationService/src/main/java/integration/models/mrp/ShipmentEventInfo.java
1,OrderStatus.java,src/Backend/OrderService/src/main/java/smpl/ordering/models/OrderStatus.java
1,OrderRepository.java,src/Backend/OrderService/src/main/java/smpl/ordering/repositories/OrderRepository.java
1,ShipmentRepository.java,src/Backend/OrderService/src/main/java/smpl/ordering/repositories/ShipmentRepository.java
2,app-test.py,Labfiles/DevOps200.1x-PracticesandPrinciples/Mod03/python-ci-example-master/app/tests/app-test.py
2,app.py,Labfiles/DevOps200.1x-PracticesandPrinciples/Mod03/python-ci-example-master/app/src/app.py
