,method,stmtLineNumber,stmt
0,<de.ecspride.LocationLeak1$MyLocationListener: void onLocationChanged(android.location.Location)>,-1,$d0 = virtualinvoke $r1.<android.location.Location: double getLatitude()>()
1,<de.ecspride.LocationLeak1$MyLocationListener: void onLocationChanged(android.location.Location)>,-1,$r3 = staticinvoke <java.lang.Double: java.lang.String toString(double)>($d0)
2,<de.ecspride.LocationLeak1$MyLocationListener: void onLocationChanged(android.location.Location)>,-1,"staticinvoke <de.ecspride.LocationLeak1: void access$0(de.ecspride.LocationLeak1,java.lang.String)>($r2, $r3)"
3,"<de.ecspride.LocationLeak1: void access$0(de.ecspride.LocationLeak1,java.lang.String)>",-1,$r0.<de.ecspride.LocationLeak1: java.lang.String latitude> = $r1
4,"<de.ecspride.LocationLeak1: void access$0(de.ecspride.LocationLeak1,java.lang.String)>",-1,$r0 := @parameter0: de.ecspride.LocationLeak1
5,<de.ecspride.LocationLeak1$MyLocationListener: void onLocationChanged(android.location.Location)>,-1,$r2 = r0.<de.ecspride.LocationLeak1$MyLocationListener: de.ecspride.LocationLeak1 this$0>
6,<de.ecspride.LocationLeak1$MyLocationListener: void onLocationChanged(android.location.Location)>,-1,r0 := @this: de.ecspride.LocationLeak1$MyLocationListener
7,<dummyMainClass: de.ecspride.LocationLeak1 dummyMainMethod_de_ecspride_LocationLeak1(android.content.Intent)>,-1,"specialinvoke $r2.<de.ecspride.LocationLeak1$MyLocationListener: void <init>(de.ecspride.LocationLeak1,de.ecspride.LocationLeak1$MyLocationListener)>($r0, $r1)"
8,"<de.ecspride.LocationLeak1$MyLocationListener: void <init>(de.ecspride.LocationLeak1,de.ecspride.LocationLeak1$MyLocationListener)>",-1,specialinvoke r0.<de.ecspride.LocationLeak1$MyLocationListener: void <init>(de.ecspride.LocationLeak1)>($r1)
9,<de.ecspride.LocationLeak1$MyLocationListener: void <init>(de.ecspride.LocationLeak1)>,-1,r0.<de.ecspride.LocationLeak1$MyLocationListener: de.ecspride.LocationLeak1 this$0> = $r1
10,<de.ecspride.LocationLeak1$MyLocationListener: void <init>(de.ecspride.LocationLeak1)>,-1,return
11,"<de.ecspride.LocationLeak1$MyLocationListener: void <init>(de.ecspride.LocationLeak1,de.ecspride.LocationLeak1$MyLocationListener)>",-1,return
12,<dummyMainClass: de.ecspride.LocationLeak1 dummyMainMethod_de_ecspride_LocationLeak1(android.content.Intent)>,-1,virtualinvoke $r0.<de.ecspride.LocationLeak1: void onResume()>()
13,<de.ecspride.LocationLeak1: void onResume()>,-1,$r2 = r0.<de.ecspride.LocationLeak1: java.lang.String latitude>
14,<de.ecspride.LocationLeak1: void onResume()>,-1,$r1 = virtualinvoke $r1.<java.lang.StringBuilder: java.lang.StringBuilder append(java.lang.String)>($r2)
15,<de.ecspride.LocationLeak1: void onResume()>,-1,$r2 = virtualinvoke $r1.<java.lang.StringBuilder: java.lang.String toString()>()
16,<de.ecspride.LocationLeak1: void onResume()>,-1,"staticinvoke <android.util.Log: int d(java.lang.String,java.lang.String)>(""Latitude"", $r2)"
