,method,stmtLineNumber,stmt
0,<de.ecspride.MainActivity$StaticInitClass1: void <clinit>()>,-1,$r3 = virtualinvoke $r2.<android.telephony.TelephonyManager: java.lang.String getDeviceId()>()
1,<de.ecspride.MainActivity$StaticInitClass1: void <clinit>()>,-1,<de.ecspride.MainActivity: java.lang.String im> = $r3
2,<de.ecspride.MainActivity$StaticInitClass1: void <clinit>()>,-1,return
3,<de.ecspride.MainActivity: void onCreate(android.os.Bundle)>,-1,$r2 = <de.ecspride.MainActivity: java.lang.String im>
4,<de.ecspride.MainActivity: void onCreate(android.os.Bundle)>,-1,"virtualinvoke $r4.<android.telephony.SmsManager: void sendTextMessage(java.lang.String,java.lang.String,java.lang.String,android.app.PendingIntent,android.app.PendingIntent)>(""+49 1234"", null, $r2, null, null)"
