partitionID,className,classID
0,AccountMapper.java,src/main/java/org/mybatis/jpetstore/mapper/AccountMapper.java
0,ProductMapper.java,src/main/java/org/mybatis/jpetstore/mapper/ProductMapper.java
1,CartTest.java,src/test/java/org/mybatis/jpetstore/domain/CartTest.java
1,CategoryMapperTest.java,src/test/java/org/mybatis/jpetstore/mapper/CategoryMapperTest.java
1,OrderMapperTest.java,src/test/java/org/mybatis/jpetstore/mapper/OrderMapperTest.java
1,ItemMapperTest.java,src/test/java/org/mybatis/jpetstore/mapper/ItemMapperTest.java
1,LineItemMapperTest.java,src/test/java/org/mybatis/jpetstore/mapper/LineItemMapperTest.java
1,AccountMapperTest.java,src/test/java/org/mybatis/jpetstore/mapper/AccountMapperTest.java
1,MapperTestContext.java,src/test/java/org/mybatis/jpetstore/mapper/MapperTestContext.java
1,SequenceMapperTest.java,src/test/java/org/mybatis/jpetstore/mapper/SequenceMapperTest.java
2,OrderTest.java,src/test/java/org/mybatis/jpetstore/domain/OrderTest.java
2,ProductMapperTest.java,src/test/java/org/mybatis/jpetstore/mapper/ProductMapperTest.java
3,LineItemMapper.java,src/main/java/org/mybatis/jpetstore/mapper/LineItemMapper.java
3,CategoryMapper.java,src/main/java/org/mybatis/jpetstore/mapper/CategoryMapper.java
4,AccountActionBean.java,src/main/java/org/mybatis/jpetstore/web/actions/AccountActionBean.java
4,CartActionBean.java,src/main/java/org/mybatis/jpetstore/web/actions/CartActionBean.java
5,CartItem.java,src/main/java/org/mybatis/jpetstore/domain/CartItem.java
5,AccountActionBeanTest.java,src/test/java/org/mybatis/jpetstore/web/actions/AccountActionBeanTest.java
5,OrderActionBeanTest.java,src/test/java/org/mybatis/jpetstore/web/actions/OrderActionBeanTest.java
5,CatalogActionBeanTest.java,src/test/java/org/mybatis/jpetstore/web/actions/CatalogActionBeanTest.java
5,Sequence.java,src/main/java/org/mybatis/jpetstore/domain/Sequence.java
6,CatalogActionBean.java,src/main/java/org/mybatis/jpetstore/web/actions/CatalogActionBean.java
6,Account.java,src/main/java/org/mybatis/jpetstore/domain/Account.java
6,Category.java,src/main/java/org/mybatis/jpetstore/domain/Category.java
7,AccountService.java,src/main/java/org/mybatis/jpetstore/service/AccountService.java
7,LineItem.java,src/main/java/org/mybatis/jpetstore/domain/LineItem.java
7,Item.java,src/main/java/org/mybatis/jpetstore/domain/Item.java
7,CatalogService.java,src/main/java/org/mybatis/jpetstore/service/CatalogService.java
7,OrderService.java,src/main/java/org/mybatis/jpetstore/service/OrderService.java
7,Cart.java,src/main/java/org/mybatis/jpetstore/domain/Cart.java
7,Order.java,src/main/java/org/mybatis/jpetstore/domain/Order.java
