,method,stmtLineNumber,stmt
0,<com.example.location.MainActivity: void onLocationChanged(android.location.Location)>,-1,$d0 = virtualinvoke $r1.<android.location.Location: double getLongitude()>()
1,<com.example.location.MainActivity: void onLocationChanged(android.location.Location)>,-1,$r3 = staticinvoke <java.lang.Double: java.lang.String toString(double)>($d0)
2,<com.example.location.MainActivity: void onLocationChanged(android.location.Location)>,-1,$r2 = virtualinvoke $r2.<java.lang.String: java.lang.String concat(java.lang.String)>($r3)
3,<com.example.location.MainActivity: void onLocationChanged(android.location.Location)>,-1,r0.<com.example.location.MainActivity: java.lang.String loc> = $r2
4,<com.example.location.MainActivity: void onLocationChanged(android.location.Location)>,-1,return
5,<dummyMainClass: com.example.location.MainActivity dummyMainMethod_com_example_location_MainActivity(android.content.Intent)>,-1,virtualinvoke $r0.<com.example.location.MainActivity: void onClick(android.view.View)>(null)
6,<com.example.location.MainActivity: void onClick(android.view.View)>,-1,virtualinvoke r0.<com.example.location.MainActivity: void startActivity(android.content.Intent)>(r2)
