{
  "tool": {
    "decomposition": {
      "partition4": [
        {
          "id": "PetClinicApplication"
        }
      ],
      "partition1": [
        {
          "id": "OwnerController"
        },
        {
          "id": "Owner"
        },
        {
          "id": "Person"
        },
        {
          "id": "BaseEntity"
        },
        {
          "id": "Vet"
        }
      ],
      "partition0": [
        {
          "id": "Pet"
        },
        {
          "id": "NamedEntity"
        },
        {
          "id": "PetType"
        },
        {
          "id": "PetController"
        },
        {
          "id": "PetTypeFormatter"
        },
        {
          "id": "PetValidator"
        },
        {
          "id": "Specialty"
        }
      ],
      "partition2": [
        {
          "id": "Visit"
        },
        {
          "id": "VisitController"
        }
      ],
      "partition3": [
        {
          "id": "VetController"
        },
        {
          "id": "Vets"
        }
      ]
    }
  }
}
