{"tool": {"decomposition": {"cluster0": [{"id": "Owner.Owner"}, {"id": "Owner.addPet"}, {"id": "Owner.addVisit"}, {"id": "Owner.getAddress"}, {"id": "Owner.getCity"}, {"id": "Owner.getFirstName"}, {"id": "Owner.getId"}, {"id": "Owner.getLastName"}, {"id": "Owner.getPet"}, {"id": "Owner.getPet"}, {"id": "Owner.getPet"}, {"id": "Owner.getPets"}, {"id": "Owner.getTelephone"}, {"id": "Owner.isNew"}, {"id": "Owner.setAddress"}, {"id": "Owner.setCity"}, {"id": "Owner.setId"}, {"id": "Owner.setLastName"}, {"id": "Owner.setTelephone"}, {"id": "Owner.toString"}, {"id": "OwnerRepository.findAll"}, {"id": "OwnerRepository.findById"}, {"id": "OwnerRepository.findByLastName"}, {"id": "OwnerRepository.findPetTypes"}, {"id": "OwnerRepository.save"}, {"id": "Pet.Pet"}, {"id": "Pet.addVisit"}, {"id": "Pet.getBirthDate"}, {"id": "Pet.getId"}, {"id": "Pet.getName"}, {"id": "Pet.getType"}, {"id": "Pet.getVisits"}, {"id": "Pet.isNew"}, {"id": "Pet.setBirthDate"}, {"id": "Pet.setType"}, {"id": "PetType.PetType"}, {"id": "PetType.getName"}], "cluster1": [{"id": "Visit.Visit"}, {"id": "Visit.getDate"}, {"id": "Visit.getDescription"}, {"id": "Visit.setDate"}, {"id": "Visit.setDescription"}], "cluster2": [{"id": "Specialty.Specialty"}, {"id": "Vet.Vet"}, {"id": "Vet.addSpecialty"}, {"id": "Vet.getNrOfSpecialties"}, {"id": "Vet.getSpecialties"}, {"id": "Vet.getSpecialtiesInternal"}, {"id": "Vet.setSpecialtiesInternal"}, {"id": "VetRepository.findAll"}, {"id": "VetRepository.findAll"}]}}}