{"onCreate(Landroid\/os\/Bundle;)V":{"1":"    invoke-super {p0, p1}, Landroid\/support\/v7\/app\/AppCompatActivity;->onCreate(Landroid\/os\/Bundle;)V","2":"    const v0, 0x7f09001b","3":"    invoke-virtual {p0, v0}, Lde\/ecspride\/MainActivity;->setContentView(I)V","4":"    if-nez p1, :cond_22","5":"    invoke-virtual {p0}, Lde\/ecspride\/MainActivity;->getSupportFragmentManager()Landroid\/support\/v4\/app\/FragmentManager;","6":"    move-result-object p1","7":"    invoke-virtual {p1}, Landroid\/support\/v4\/app\/FragmentManager;->beginTransaction()Landroid\/support\/v4\/app\/FragmentTransaction;","8":"    move-result-object p1","9":"    const v0, 0x7f070027","10":"    new-instance v1, Lde\/ecspride\/MainActivity$PlaceholderFragment;","11":"    invoke-direct {v1}, Lde\/ecspride\/MainActivity$PlaceholderFragment;-><init>()V","12":"    invoke-virtual {p1, v0, v1}, Landroid\/support\/v4\/app\/FragmentTransaction;->add(ILandroid\/support\/v4\/app\/Fragment;)Landroid\/support\/v4\/app\/FragmentTransaction;","13":"    move-result-object p1","14":"    invoke-virtual {p1}, Landroid\/support\/v4\/app\/FragmentTransaction;->commit()I","15":"    const-string p1, \"android.permission.READ_PHONE_STATE\"","16":"    const-string v0, \"android.permission.SEND_SMS\"","17":"    filled-new-array {p1, v0}, [Ljava\/lang\/String;","18":"    move-result-object p1","19":"    const\/4 v0, 0x0","20":"    invoke-static {p0, p1, v0}, Landroid\/support\/v4\/app\/ActivityCompat;->requestPermissions(Landroid\/app\/Activity;[Ljava\/lang\/String;I)V","21":"    const p1, 0x7f070076","22":"    invoke-virtual {p0, p1}, Lde\/ecspride\/MainActivity;->findViewById(I)Landroid\/view\/View;","23":"    move-result-object p1","24":"    check-cast p1, Landroid\/widget\/Button;","25":"    new-instance v0, Lde\/ecspride\/MainActivity$1;","26":"    invoke-direct {v0, p0}, Lde\/ecspride\/MainActivity$1;-><init>(Lde\/ecspride\/MainActivity;)V","27":"    invoke-virtual {p1, v0}, Landroid\/widget\/Button;->setOnClickListener(Landroid\/view\/View$OnClickListener;)V","28":"    return-void"},"<init>()V":{"1":"    invoke-direct {p0}, Landroid\/support\/v7\/app\/AppCompatActivity;-><init>()V","2":"    return-void"},"onOptionsItemSelected(Landroid\/view\/MenuItem;)Z":{"1":"    invoke-interface {p1}, Landroid\/view\/MenuItem;->getItemId()I","2":"    move-result v0","3":"    const v1, 0x7f070017","4":"    if-ne v0, v1, :cond_b","5":"    const\/4 p1, 0x1","6":"    return p1","7":"    invoke-super {p0, p1}, Landroid\/support\/v7\/app\/AppCompatActivity;->onOptionsItemSelected(Landroid\/view\/MenuItem;)Z","8":"    move-result p1","9":"    return p1"},"aliasFlowTest()V":{"1":"    const-string v0, \"phone\"","2":"    invoke-virtual {p0, v0}, Lde\/ecspride\/MainActivity;->getSystemService(Ljava\/lang\/String;)Ljava\/lang\/Object;","3":"    move-result-object v0","4":"    check-cast v0, Landroid\/telephony\/TelephonyManager;","5":"    invoke-virtual {v0}, Landroid\/telephony\/TelephonyManager;->getDeviceId()Ljava\/lang\/String;","6":"    move-result-object v0","7":"    new-instance v1, Lde\/ecspride\/MainActivity$B;","8":"    invoke-direct {v1, p0}, Lde\/ecspride\/MainActivity$B;-><init>(Lde\/ecspride\/MainActivity;)V","9":"    new-instance v2, Lde\/ecspride\/MainActivity$B;","10":"    invoke-direct {v2, p0}, Lde\/ecspride\/MainActivity$B;-><init>(Lde\/ecspride\/MainActivity;)V","11":"    new-instance v3, Lde\/ecspride\/MainActivity$A;","12":"    invoke-direct {v3, p0}, Lde\/ecspride\/MainActivity$A;-><init>(Lde\/ecspride\/MainActivity;)V","13":"    new-instance v4, Lde\/ecspride\/MainActivity$A;","14":"    invoke-direct {v4, p0}, Lde\/ecspride\/MainActivity$A;-><init>(Lde\/ecspride\/MainActivity;)V","15":"    invoke-static {}, Ljava\/lang\/Math;->random()D","16":"    move-result-wide v5","17":"    const-wide\/high16 v7, 0x3fe0000000000000L    # 0.5","18":"    cmpg-double v9, v5, v7","19":"    if-gez v9, :cond_2c","20":"    move-object v2, v1","21":"    goto :goto_2d","22":"    move-object v3, v4","23":"    iput-object v3, v2, Lde\/ecspride\/MainActivity$B;->attr:Lde\/ecspride\/MainActivity$A;","24":"    iput-object v0, v4, Lde\/ecspride\/MainActivity$A;->b:Ljava\/lang\/String;","25":"    invoke-static {}, Landroid\/telephony\/SmsManager;->getDefault()Landroid\/telephony\/SmsManager;","26":"    move-result-object v5","27":"    const\/4 v7, 0x0","28":"    iget-object v0, v1, Lde\/ecspride\/MainActivity$B;->attr:Lde\/ecspride\/MainActivity$A;","29":"    iget-object v8, v0, Lde\/ecspride\/MainActivity$A;->b:Ljava\/lang\/String;","30":"    const\/4 v9, 0x0","31":"    const\/4 v10, 0x0","32":"    const-string v6, \"+49 1234\"","33":"    invoke-virtual\/range {v5 .. v10}, Landroid\/telephony\/SmsManager;->sendTextMessage(Ljava\/lang\/String;Ljava\/lang\/String;Ljava\/lang\/String;Landroid\/app\/PendingIntent;Landroid\/app\/PendingIntent;)V","34":"    return-void"},"onCreateOptionsMenu(Landroid\/view\/Menu;)Z":{"1":"    invoke-virtual {p0}, Lde\/ecspride\/MainActivity;->getMenuInflater()Landroid\/view\/MenuInflater;","2":"    move-result-object v0","3":"    const\/high16 v1, 0x7f0a0000","4":"    invoke-virtual {v0, v1, p1}, Landroid\/view\/MenuInflater;->inflate(ILandroid\/view\/Menu;)V","5":"    const\/4 p1, 0x1","6":"    return p1"},"access$000(Lde\/ecspride\/MainActivity;)V":{"1":"    invoke-direct {p0}, Lde\/ecspride\/MainActivity;->aliasFlowTest()V","2":"    return-void"}}