,method,stmtLineNumber,stmt
0,<de.ecspride.Exceptions4: void onCreate(android.os.Bundle)>,-1,$r5 = virtualinvoke r4.<android.telephony.TelephonyManager: java.lang.String getDeviceId()>()
1,<de.ecspride.Exceptions4: void onCreate(android.os.Bundle)>,-1,specialinvoke r2.<java.lang.RuntimeException: void <init>(java.lang.String)>($r5)
2,<de.ecspride.Exceptions4: void onCreate(android.os.Bundle)>,-1,$r5 = virtualinvoke r2.<java.lang.RuntimeException: java.lang.String getMessage()>()
3,<de.ecspride.Exceptions4: void onCreate(android.os.Bundle)>,-1,"virtualinvoke $r6.<android.telephony.SmsManager: void sendTextMessage(java.lang.String,java.lang.String,java.lang.String,android.app.PendingIntent,android.app.PendingIntent)>(""+49 1234"", null, $r5, null, null)"
