{
  "tool": {
    "decomposition": {
      "PetMangementService": [
        {
          "id": "Owner"
        },
        {
          "id": "Person"
        },
        {
          "id": "BaseEntity"
        },
        {
          "id": "Pet"
        },
        {
          "id": "PetType"
        },
        {
          "id": "OwnerRepository"
        },
        {
          "id": "OwnerController"
        },
        {
          "id": "PetController"
        },
        {
          "id": "PetTypeFormatter"
        },
        {
          "id": "PetValidator"
        },
        {
          "id": "CacheConfiguration"
        },
        {
          "id": "CrashController"
        },
        {
          "id": "PetClinicApplication"
        },
        {
          "id": "PetClinicRuntimeHints"
        }
      ],
      "VetManagementService": [
        {
          "id": "Vet"
        },
        {
          "id": "VetController"
        },
        {
          "id": "VetRepository"
        },
        {
          "id": "Vets"
        },
        {
          "id": "Specialty"
        },
        {
          "id": "NamedEntity"
        }
      ],
      "VisitManagementService": [
        {
          "id": "Visit"
        },
        {
          "id": "VisitController"
        },
        {
          "id": "WelcomeController"
        }
      ]
    }
  }
}
