{
    "tool": {
        "decomposition": {
            "PetMangementService": [
                {
                    "id": "Owner.Owner"
                },
                {
                    "id": "PetController.initOwnerBinder"
                },
                {
                    "id": "BaseEntity.setId"
                },
                {
                    "id": "OwnerController.addPaginationModel"
                },
                {
                    "id": "Owner.getAddress"
                },
                {
                    "id": "Pet.getType"
                },
                {
                    "id": "PetClinicApplication.main"
                },
                {
                    "id": "PetClinicApplication.PetClinicApplication"
                },
                {
                    "id": "PetController.initPetBinder"
                },
                {
                    "id": "OwnerRepository.findPetTypes"
                },
                {
                    "id": "Owner.getTelephone"
                },
                {
                    "id": "CacheConfiguration.CacheConfiguration"
                },
                {
                    "id": "CrashController.CrashController"
                },
                {
                    "id": "PetTypeFormatter.print"
                },
                {
                    "id": "Person.setFirstName"
                },
                {
                    "id": "PetController.populatePetTypes"
                },
                {
                    "id": "Person.Person"
                },
                {
                    "id": "OwnerController.processFindForm"
                },
                {
                    "id": "OwnerRepository.findById"
                },
                {
                    "id": "Owner.getId"
                },
                {
                    "id": "Pet.getName"
                },
                {
                    "id": "Pet.addVisit"
                },
                {
                    "id": "Owner.addPet"
                },
                {
                    "id": "PetClinicRuntimeHints.PetClinicRuntimeHints"
                },
                {
                    "id": "OwnerController.setAllowedFields"
                },
                {
                    "id": "PetController.findPet"
                },
                {
                    "id": "PetController.initUpdateForm"
                },
                {
                    "id": "Owner.setLastName"
                },
                {
                    "id": "Owner.getLastName"
                },
                {
                    "id": "PetValidator.supports"
                },
                {
                    "id": "BaseEntity.BaseEntity"
                },
                {
                    "id": "PetType.getName"
                },
                {
                    "id": "Owner.setId"
                },
                {
                    "id": "CacheConfiguration.petclinicCacheConfigurationCustomizer"
                },
                {
                    "id": "BaseEntity.isNew"
                },
                {
                    "id": "Owner.addVisit"
                },
                {
                    "id": "PetClinicRuntimeHints.registerHints"
                },
                {
                    "id": "PetTypeFormatter.PetTypeFormatter"
                },
                {
                    "id": "Person.getFirstName"
                },
                {
                    "id": "Owner.getCity"
                },
                {
                    "id": "Pet.setBirthDate"
                },
                {
                    "id": "Owner.getPets"
                },
                {
                    "id": "OwnerController.findPaginatedForOwnersLastName"
                },
                {
                    "id": "Pet.getBirthDate"
                },
                {
                    "id": "Pet.isNew"
                },
                {
                    "id": "PetController.initCreationForm"
                },
                {
                    "id": "Pet.getId"
                },
                {
                    "id": "PetTypeFormatter.parse"
                },
                {
                    "id": "OwnerController.processCreationForm"
                },
                {
                    "id": "OwnerController.findOwner"
                },
                {
                    "id": "OwnerController.initUpdateOwnerForm"
                },
                {
                    "id": "OwnerController.showOwner"
                },
                {
                    "id": "PetType.PetType"
                },
                {
                    "id": "Person.getLastName"
                },
                {
                    "id": "CrashController.triggerException"
                },
                {
                    "id": "Owner.toString"
                },
                {
                    "id": "OwnerRepository.findAll"
                },
                {
                    "id": "PetController.processCreationForm"
                },
                {
                    "id": "Pet.setType"
                },
                {
                    "id": "OwnerController.processUpdateOwnerForm"
                },
                {
                    "id": "Pet.getVisits"
                },
                {
                    "id": "Owner.setAddress"
                },
                {
                    "id": "BaseEntity.getId"
                },
                {
                    "id": "CacheConfiguration.cacheConfiguration"
                },
                {
                    "id": "Owner.setTelephone"
                },
                {
                    "id": "PetController.PetController"
                },
                {
                    "id": "Pet.Pet"
                },
                {
                    "id": "Owner.getFirstName"
                },
                {
                    "id": "PetValidator.PetValidator"
                },
                {
                    "id": "Owner.setCity"
                },
                {
                    "id": "PetValidator.validate"
                },
                {
                    "id": "OwnerController.initCreationForm"
                },
                {
                    "id": "OwnerRepository.save"
                },
                {
                    "id": "PetController.processUpdateForm"
                },
                {
                    "id": "PetController.findOwner"
                },
                {
                    "id": "OwnerController.OwnerController"
                },
                {
                    "id": "Owner.getPet"
                },
                {
                    "id": "OwnerRepository.findByLastName"
                },
                {
                    "id": "OwnerController.initFindForm"
                },
                {
                    "id": "Person.setLastName"
                },
                {
                    "id": "Owner.isNew"
                }
            ],
            "VetManagementService": [
                {
                    "id": "Vet.Vet"
                },
                {
                    "id": "Vet.addSpecialty"
                },
                {
                    "id": "Specialty.Specialty"
                },
                {
                    "id": "NamedEntity.setName"
                },
                {
                    "id": "NamedEntity.toString"
                },
                {
                    "id": "Vets.getVetList"
                },
                {
                    "id": "Vet.getSpecialties"
                },
                {
                    "id": "Vet.getSpecialtiesInternal"
                },
                {
                    "id": "VetController.showVetList"
                },
                {
                    "id": "Vet.setSpecialtiesInternal"
                },
                {
                    "id": "VetController.VetController"
                },
                {
                    "id": "VetController.showResourcesVetList"
                },
                {
                    "id": "NamedEntity.getName"
                },
                {
                    "id": "VetController.addPaginationModel"
                },
                {
                    "id": "NamedEntity.NamedEntity"
                },
                {
                    "id": "VetController.findPaginated"
                },
                {
                    "id": "Vets.Vets"
                },
                {
                    "id": "VetRepository.findAll"
                },
                {
                    "id": "Vet.getNrOfSpecialties"
                }
            ],
            "VisitManagementService": [
                {
                    "id": "Visit.setDate"
                },
                {
                    "id": "Visit.getDescription"
                },
                {
                    "id": "VisitController.loadPetWithVisit"
                },
                {
                    "id": "VisitController.processNewVisitForm"
                },
                {
                    "id": "Visit.Visit"
                },
                {
                    "id": "VisitController.setAllowedFields"
                },
                {
                    "id": "Visit.setDescription"
                },
                {
                    "id": "VisitController.initNewVisitForm"
                },
                {
                    "id": "WelcomeController.WelcomeController"
                },
                {
                    "id": "VisitController.VisitController"
                },
                {
                    "id": "WelcomeController.welcome"
                },
                {
                    "id": "Visit.getDate"
                }
            ],
            "UNOBSERVED": []
        }
    }
}