{
    "MEM": {
        "decomposition": {
            "0": [
                {
                    "id": "Quote"
                },
                {
                    "id": "OrderMessage"
                },
                {
                    "id": "ProductMessage"
                },
                {
                    "id": "ShipmentRecord"
                },
                {
                    "id": "ShipmentRecord"
                },
                {
                    "id": "ShipmentDetails"
                },
                {
                    "id": "MongoShipmentRepository"
                }
            ],
            "1": [
                {
                    "id": "Order"
                },
                {
                    "id": "Order"
                },
                {
                    "id": "OrderController"
                },
                {
                    "id": "OrderDetails"
                }
            ],
            "2": [
                {
                    "id": "MongoShipmentRepositoryTest"
                },
                {
                    "id": "TestPath"
                },
                {
                    "id": "MockShipmentRepositoryTest"
                }
            ],
            "3": [
                {
                    "id": "AppInsightsFilter"
                },
                {
                    "id": "SimpleCORSFilter"
                },
                {
                    "id": "DealerController"
                }
            ],
            "4": [
                {
                    "id": "ConflictingRequestException"
                },
                {
                    "id": "BadRequestException"
                }
            ],
            "5": [
                {
                    "id": "MongoQuoteRepository"
                },
                {
                    "id": "MongoQuoteRepositoryTest"
                },
                {
                    "id": "MockQuoteRepositoryTest"
                },
                {
                    "id": "MongoOperationsWithRetry"
                },
                {
                    "id": "PostgresqlProperties"
                },
                {
                    "id": "MongoOrderRepositoryTest"
                },
                {
                    "id": "MockOrderRepositoryTest"
                },
                {
                    "id": "QuoteDetails"
                },
                {
                    "id": "QuoteRepository"
                }
            ],
            "6": [
                {
                    "id": "MockDealersRepository"
                },
                {
                    "id": "DealersRepositoryTest"
                },
                {
                    "id": "DealerControllerTest"
                },
                {
                    "id": "OrderControllerTest"
                },
                {
                    "id": "OrderRepositoryTest"
                },
                {
                    "id": "Dealer"
                },
                {
                    "id": "DealerInfo"
                },
                {
                    "id": "DealersRepository"
                },
                {
                    "id": "MongoDealersRepository"
                }
            ],
            "7": [
                {
                    "id": "QuoteItemInfo"
                },
                {
                    "id": "QuoteItemInfo"
                },
                {
                    "id": "OrderItem"
                },
                {
                    "id": "PhoneInfo"
                },
                {
                    "id": "PhoneInfo"
                }
            ],
            "8": [
                {
                    "id": "locustfile.py"
                },
                {
                    "id": "app.py"
                }
            ],
            "9": [
                {
                    "id": "QueueService"
                },
                {
                    "id": "ConfigurationManager"
                },
                {
                    "id": "CreateOrderProcessTask"
                },
                {
                    "id": "UpdateProductProcessTask"
                },
                {
                    "id": "QueueResponse"
                },
                {
                    "id": "OrderingServiceProperties"
                },
                {
                    "id": "QueueFactory"
                }
            ],
            "10": [
                {
                    "id": "OrderingConfiguration"
                },
                {
                    "id": "MongoDBProperties"
                },
                {
                    "id": "Utility"
                },
                {
                    "id": "UtilityTest"
                },
                {
                    "id": "TestOrderingConfiguration"
                },
                {
                    "id": "RepositoryFactory"
                }
            ],
            "11": [
                {
                    "id": "QuoteRepositoryTest"
                },
                {
                    "id": "QuoteControllerTest"
                }
            ],
            "12": [
                {
                    "id": "MongoOrderRepository"
                },
                {
                    "id": "Main"
                },
                {
                    "id": "OrderUpdateInfo"
                },
                {
                    "id": "OrderEventInfo"
                },
                {
                    "id": "ShipmentEventInfo"
                },
                {
                    "id": "ShipmentEventInfo"
                },
                {
                    "id": "OrderStatus"
                }
            ],
            "13": [
                {
                    "id": "app-test.py"
                },
                {
                    "id": "app.py"
                }
            ],
            "14": [
                {
                    "id": "PropertyHelper"
                },
                {
                    "id": "ConfigurationHelpers"
                }
            ],
            "15": [
                {
                    "id": "MongoCatalogItemsRepository"
                },
                {
                    "id": "MockCatalogItemsRepositoryTest"
                },
                {
                    "id": "MongoCatalogItemsRepositoryTest"
                },
                {
                    "id": "CatalogItem"
                },
                {
                    "id": "CatalogControllerTest"
                },
                {
                    "id": "CatalogItemsRepositoryTest"
                },
                {
                    "id": "CatalogItemsRepository"
                },
                {
                    "id": "MockCatalogItemsRepository"
                },
                {
                    "id": "CatalogController"
                }
            ],
            "16": [
                {
                    "id": "DeliveryAddress"
                },
                {
                    "id": "DeliveryAddress"
                },
                {
                    "id": "Quote"
                }
            ],
            "17": [
                {
                    "id": "ConfigurationRule"
                },
                {
                    "id": "OrderingInitializer"
                }
            ]
        }
    }
}