partitionID,className,classID
0,Quote.java,src/Backend/IntegrationService/src/main/java/integration/models/mrp/Quote.java
0,OrderMessage.java,src/Backend/IntegrationService/src/main/java/integration/models/website/OrderMessage.java
0,ProductMessage.java,src/Backend/IntegrationService/src/main/java/integration/models/website/ProductMessage.java
0,ShipmentRecord.java,src/Backend/IntegrationService/src/main/java/integration/models/mrp/ShipmentRecord.java
0,ShipmentRecord.java,src/Backend/OrderService/src/main/java/smpl/ordering/models/ShipmentRecord.java
0,ShipmentDetails.java,src/Backend/OrderService/src/main/java/smpl/ordering/repositories/mongodb/models/ShipmentDetails.java
0,MongoShipmentRepository.java,src/Backend/OrderService/src/main/java/smpl/ordering/repositories/mongodb/MongoShipmentRepository.java
1,Order.java,src/Backend/OrderService/src/main/java/smpl/ordering/models/Order.java
1,Order.java,src/Backend/IntegrationService/src/main/java/integration/models/mrp/Order.java
1,OrderController.java,src/Backend/OrderService/src/main/java/smpl/ordering/controllers/OrderController.java
1,OrderDetails.java,src/Backend/OrderService/src/main/java/smpl/ordering/repositories/mongodb/models/OrderDetails.java
2,MongoShipmentRepositoryTest.java,src/Backend/OrderService/src/test/java/smpl/ordering/repositories/mongodb/test/MongoShipmentRepositoryTest.java
2,TestPath.java,src/Backend/OrderService/src/main/java/smpl/ordering/TestPath.java
2,MockShipmentRepositoryTest.java,src/Backend/OrderService/src/test/java/smpl/ordering/repositories/mock/test/MockShipmentRepositoryTest.java
3,AppInsightsFilter.java,src/Backend/OrderService/src/main/java/smpl/ordering/AppInsightsFilter.java
3,SimpleCORSFilter.java,src/Backend/OrderService/src/main/java/smpl/ordering/SimpleCORSFilter.java
3,DealerController.java,src/Backend/OrderService/src/main/java/smpl/ordering/controllers/DealerController.java
4,ConflictingRequestException.java,src/Backend/OrderService/src/main/java/smpl/ordering/ConflictingRequestException.java
4,BadRequestException.java,src/Backend/OrderService/src/main/java/smpl/ordering/BadRequestException.java
5,MongoQuoteRepository.java,src/Backend/OrderService/src/main/java/smpl/ordering/repositories/mongodb/MongoQuoteRepository.java
5,MongoQuoteRepositoryTest.java,src/Backend/OrderService/src/test/java/smpl/ordering/repositories/mongodb/test/MongoQuoteRepositoryTest.java
5,MockQuoteRepositoryTest.java,src/Backend/OrderService/src/test/java/smpl/ordering/repositories/mock/test/MockQuoteRepositoryTest.java
5,MongoOperationsWithRetry.java,src/Backend/OrderService/src/main/java/smpl/ordering/repositories/mongodb/MongoOperationsWithRetry.java
5,PostgresqlProperties.java,src/Backend/OrderService/src/main/java/smpl/ordering/PostgresqlProperties.java
5,MongoOrderRepositoryTest.java,src/Backend/OrderService/src/test/java/smpl/ordering/repositories/mongodb/test/MongoOrderRepositoryTest.java
5,MockOrderRepositoryTest.java,src/Backend/OrderService/src/test/java/smpl/ordering/repositories/mock/test/MockOrderRepositoryTest.java
5,QuoteDetails.java,src/Backend/OrderService/src/main/java/smpl/ordering/repositories/mongodb/models/QuoteDetails.java
5,QuoteRepository.java,src/Backend/OrderService/src/main/java/smpl/ordering/repositories/QuoteRepository.java
6,MockDealersRepository.java,src/Backend/OrderService/src/main/java/smpl/ordering/repositories/mock/MockDealersRepository.java
6,DealersRepositoryTest.java,src/Backend/OrderService/src/test/java/smpl/ordering/repositories/DealersRepositoryTest.java
6,DealerControllerTest.java,src/Backend/OrderService/src/test/java/smpl/ordering/controllers/DealerControllerTest.java
6,OrderControllerTest.java,src/Backend/OrderService/src/test/java/smpl/ordering/controllers/OrderControllerTest.java
6,OrderRepositoryTest.java,src/Backend/OrderService/src/test/java/smpl/ordering/repositories/OrderRepositoryTest.java
6,Dealer.java,src/Backend/OrderService/src/main/java/smpl/ordering/repositories/mongodb/models/Dealer.java
6,DealerInfo.java,src/Backend/OrderService/src/main/java/smpl/ordering/models/DealerInfo.java
6,DealersRepository.java,src/Backend/OrderService/src/main/java/smpl/ordering/repositories/DealersRepository.java
6,MongoDealersRepository.java,src/Backend/OrderService/src/main/java/smpl/ordering/repositories/mongodb/MongoDealersRepository.java
7,QuoteItemInfo.java,src/Backend/OrderService/src/main/java/smpl/ordering/models/QuoteItemInfo.java
7,QuoteItemInfo.java,src/Backend/IntegrationService/src/main/java/integration/models/mrp/QuoteItemInfo.java
7,OrderItem.java,src/Backend/IntegrationService/src/main/java/integration/models/website/OrderItem.java
7,PhoneInfo.java,src/Backend/OrderService/src/main/java/smpl/ordering/models/PhoneInfo.java
7,PhoneInfo.java,src/Backend/IntegrationService/src/main/java/integration/models/mrp/PhoneInfo.java
8,locustfile.py,Labfiles/DevOps200.1x-PracticesandPrinciples/Mod04/load_testing_locust-master/locustfile.py
8,app.py,Labfiles/DevOps200.1x-PracticesandPrinciples/Mod04/load_testing_locust-master/app/app.py
9,QueueService.java,src/Backend/IntegrationService/src/main/java/integration/services/QueueService.java
9,ConfigurationManager.java,src/Backend/IntegrationService/src/main/java/integration/infrastructure/ConfigurationManager.java
9,CreateOrderProcessTask.java,src/Backend/IntegrationService/src/main/java/integration/scheduled/CreateOrderProcessTask.java
9,UpdateProductProcessTask.java,src/Backend/IntegrationService/src/main/java/integration/scheduled/UpdateProductProcessTask.java
9,QueueResponse.java,src/Backend/IntegrationService/src/main/java/integration/models/QueueResponse.java
9,OrderingServiceProperties.java,src/Backend/OrderService/src/main/java/smpl/ordering/OrderingServiceProperties.java
9,QueueFactory.java,src/Backend/IntegrationService/src/main/java/integration/services/QueueFactory.java
10,OrderingConfiguration.java,src/Backend/OrderService/src/main/java/smpl/ordering/OrderingConfiguration.java
10,MongoDBProperties.java,src/Backend/OrderService/src/main/java/smpl/ordering/MongoDBProperties.java
10,Utility.java,src/Backend/OrderService/src/main/java/smpl/ordering/Utility.java
10,UtilityTest.java,src/Backend/OrderService/src/test/java/smpl/ordering/UtilityTest.java
10,TestOrderingConfiguration.java,src/Backend/OrderService/src/test/java/smpl/ordering/TestOrderingConfiguration.java
10,RepositoryFactory.java,src/Backend/OrderService/src/main/java/smpl/ordering/repositories/RepositoryFactory.java
11,QuoteRepositoryTest.java,src/Backend/OrderService/src/test/java/smpl/ordering/repositories/QuoteRepositoryTest.java
11,QuoteControllerTest.java,src/Backend/OrderService/src/test/java/smpl/ordering/controllers/QuoteControllerTest.java
12,MongoOrderRepository.java,src/Backend/OrderService/src/main/java/smpl/ordering/repositories/mongodb/MongoOrderRepository.java
12,Main.java,src/Backend/IntegrationService/src/main/java/integration/Main.java
12,OrderUpdateInfo.java,src/Backend/OrderService/src/main/java/smpl/ordering/models/OrderUpdateInfo.java
12,OrderEventInfo.java,src/Backend/OrderService/src/main/java/smpl/ordering/models/OrderEventInfo.java
12,ShipmentEventInfo.java,src/Backend/OrderService/src/main/java/smpl/ordering/models/ShipmentEventInfo.java
12,ShipmentEventInfo.java,src/Backend/IntegrationService/src/main/java/integration/models/mrp/ShipmentEventInfo.java
12,OrderStatus.java,src/Backend/OrderService/src/main/java/smpl/ordering/models/OrderStatus.java
13,app-test.py,Labfiles/DevOps200.1x-PracticesandPrinciples/Mod03/python-ci-example-master/app/tests/app-test.py
13,app.py,Labfiles/DevOps200.1x-PracticesandPrinciples/Mod03/python-ci-example-master/app/src/app.py
14,PropertyHelper.java,src/Backend/OrderService/src/main/java/smpl/ordering/PropertyHelper.java
14,ConfigurationHelpers.java,src/Backend/IntegrationService/src/main/java/integration/infrastructure/ConfigurationHelpers.java
15,MongoCatalogItemsRepository.java,src/Backend/OrderService/src/main/java/smpl/ordering/repositories/mongodb/MongoCatalogItemsRepository.java
15,MockCatalogItemsRepositoryTest.java,src/Backend/OrderService/src/test/java/smpl/ordering/repositories/mock/test/MockCatalogItemsRepositoryTest.java
15,MongoCatalogItemsRepositoryTest.java,src/Backend/OrderService/src/test/java/smpl/ordering/repositories/mongodb/test/MongoCatalogItemsRepositoryTest.java
15,CatalogItem.java,src/Backend/OrderService/src/main/java/smpl/ordering/repositories/mongodb/models/CatalogItem.java
15,CatalogControllerTest.java,src/Backend/OrderService/src/test/java/smpl/ordering/controllers/CatalogControllerTest.java
15,CatalogItemsRepositoryTest.java,src/Backend/OrderService/src/test/java/smpl/ordering/repositories/CatalogItemsRepositoryTest.java
15,CatalogItemsRepository.java,src/Backend/OrderService/src/main/java/smpl/ordering/repositories/CatalogItemsRepository.java
15,MockCatalogItemsRepository.java,src/Backend/OrderService/src/main/java/smpl/ordering/repositories/mock/MockCatalogItemsRepository.java
15,CatalogController.java,src/Backend/OrderService/src/main/java/smpl/ordering/controllers/CatalogController.java
16,DeliveryAddress.java,src/Backend/OrderService/src/main/java/smpl/ordering/models/DeliveryAddress.java
16,DeliveryAddress.java,src/Backend/IntegrationService/src/main/java/integration/models/mrp/DeliveryAddress.java
16,Quote.java,src/Backend/OrderService/src/main/java/smpl/ordering/models/Quote.java
17,ConfigurationRule.java,src/Backend/OrderService/src/test/java/smpl/ordering/ConfigurationRule.java
17,OrderingInitializer.java,src/Backend/OrderService/src/main/java/smpl/ordering/OrderingInitializer.java
