,method,stmtLineNumber,stmt
0,<de.ecspride.LoopExample1: void onCreate(android.os.Bundle)>,-1,$r4 = virtualinvoke r3.<android.telephony.TelephonyManager: java.lang.String getDeviceId()>()
1,<de.ecspride.LoopExample1: void onCreate(android.os.Bundle)>,-1,$r6 = virtualinvoke $r4.<java.lang.String: char[] toCharArray()>()
2,<de.ecspride.LoopExample1: void onCreate(android.os.Bundle)>,-1,c0 = $r6[$i2]
3,<de.ecspride.LoopExample1: void onCreate(android.os.Bundle)>,-1,$r8 = virtualinvoke $r8.<java.lang.StringBuilder: java.lang.StringBuilder append(char)>(c0)
4,<de.ecspride.LoopExample1: void onCreate(android.os.Bundle)>,-1,r5 = virtualinvoke $r8.<java.lang.StringBuilder: java.lang.String toString()>()
5,<de.ecspride.LoopExample1: void onCreate(android.os.Bundle)>,-1,"virtualinvoke $r7.<android.telephony.SmsManager: void sendTextMessage(java.lang.String,java.lang.String,java.lang.String,android.app.PendingIntent,android.app.PendingIntent)>(""+49 1234"", null, r5, null, null)"
