{
    "MEM": {
        "decomposition": {
            "0": [
                {
                    "id": "VisitController"
                },
                {
                    "id": "Owner"
                },
                {
                    "id": "Pet"
                },
                {
                    "id": "Vet"
                },
                {
                    "id": "OwnerController"
                },
                {
                    "id": "PetController"
                }
            ],
            "1": [
                {
                    "id": "ValidatorTests"
                },
                {
                    "id": "package-info"
                },
                {
                    "id": "BaseEntity"
                },
                {
                    "id": "Person"
                },
                {
                    "id": "NamedEntity"
                },
                {
                    "id": "PetTypeFormatterTests"
                },
                {
                    "id": "ClinicServiceTests"
                }
            ],
            "2": [
                {
                    "id": "WelcomeController"
                },
                {
                    "id": "CrashController"
                }
            ],
            "3": [
                {
                    "id": "PetTypeFormatter"
                },
                {
                    "id": "OwnerRepository"
                }
            ]
        }
    }
}