partitionID,className,classID
0,VisitController.java,src/main/java/org/springframework/samples/petclinic/owner/VisitController.java
0,Owner.java,src/main/java/org/springframework/samples/petclinic/owner/Owner.java
0,Pet.java,src/main/java/org/springframework/samples/petclinic/owner/Pet.java
0,Vet.java,src/main/java/org/springframework/samples/petclinic/vet/Vet.java
0,OwnerController.java,src/main/java/org/springframework/samples/petclinic/owner/OwnerController.java
0,PetController.java,src/main/java/org/springframework/samples/petclinic/owner/PetController.java
1,ValidatorTests.java,src/test/java/org/springframework/samples/petclinic/model/ValidatorTests.java
1,package-info.java,src/main/java/org/springframework/samples/petclinic/model/package-info.java
1,BaseEntity.java,src/main/java/org/springframework/samples/petclinic/model/BaseEntity.java
1,Person.java,src/main/java/org/springframework/samples/petclinic/model/Person.java
1,NamedEntity.java,src/main/java/org/springframework/samples/petclinic/model/NamedEntity.java
1,PetTypeFormatterTests.java,src/test/java/org/springframework/samples/petclinic/owner/PetTypeFormatterTests.java
1,ClinicServiceTests.java,src/test/java/org/springframework/samples/petclinic/service/ClinicServiceTests.java
2,WelcomeController.java,src/main/java/org/springframework/samples/petclinic/system/WelcomeController.java
2,CrashController.java,src/main/java/org/springframework/samples/petclinic/system/CrashController.java
3,PetTypeFormatter.java,src/main/java/org/springframework/samples/petclinic/owner/PetTypeFormatter.java
3,OwnerRepository.java,src/main/java/org/springframework/samples/petclinic/owner/OwnerRepository.java
