{
    "org.mybatis.spring.SqlSessionUtils": 1.0,
    "org.mybatis.logging.LoggerFactory": 0.93,
    "org.mybatis.spring.transaction.SpringManagedTransactionFactory": 0.42,
    "org.mybatis.jpetstore.web.actions.OrderActionBean": 0.39,
    "org.mybatis.jpetstore.web.actions.AbstractActionBean": 0.39,
    "org.mybatis.jpetstore.web.actions.AccountActionBean": 0.37,
    "org.mybatis.jpetstore.web.actions.CartActionBean": 0.32,
    "org.mybatis.spring.SqlSessionFactoryBean": 0.32,
    "org.mybatis.spring.batch.MyBatisBatchItemWriter": 0.31,
    "org.mybatis.jpetstore.domain.Cart": 0.28,
    "org.mybatis.jpetstore.web.actions.CatalogActionBean": 0.25,
    "org.mybatis.jpetstore.domain.Sequence": 0.22,
    "org.mybatis.spring.transaction.SpringManagedTransaction": 0.21,
    "org.mybatis.jpetstore.domain.CartItem": 0.19,
    "org.mybatis.jpetstore.domain.Product": 0.14,
    "org.mybatis.jpetstore.service.AccountService": 0.1,
    "org.mybatis.jpetstore.domain.LineItem": 0.1,
    "org.mybatis.jpetstore.domain.Account": 0.09,
    "org.mybatis.logging.Logger": 0.08,
    "org.mybatis.jpetstore.domain.Item": 0.07,
    "org.mybatis.jpetstore.domain.Order": 0.03,
    "org.mybatis.jpetstore.service.OrderService": 0.0,
    "org.mybatis.spring.batch.builder.MyBatisBatchItemWriterBuilder": 0.0
}