,method,stmtLineNumber,stmt
0,<edu.wayne.cs.MainActivity: void foo()>,-1,$r3 = virtualinvoke r2.<android.telephony.TelephonyManager: java.lang.String getDeviceId()>()
1,<edu.wayne.cs.MainActivity: void foo()>,-1,$r7[0] = $r3
2,<edu.wayne.cs.MainActivity: void foo()>,-1,"virtualinvoke $r6.<java.lang.reflect.Method: java.lang.Object invoke(java.lang.Object,java.lang.Object[])>(r0, $r7)"
3,<edu.wayne.cs.MainActivity: void log(java.lang.String)>,-1,"staticinvoke <android.util.Log: int d(java.lang.String,java.lang.String)>(""DroidBench"", $r1)"
