,method,stmtLineNumber,stmt
0,<edu.mit.array_copy.MainActivity: void onCreate(android.os.Bundle)>,-1,$r6 = virtualinvoke r5.<android.telephony.TelephonyManager: java.lang.String getDeviceId()>()
1,<edu.mit.array_copy.MainActivity: void onCreate(android.os.Bundle)>,-1,r2[0] = $r6
2,<edu.mit.array_copy.MainActivity: void onCreate(android.os.Bundle)>,-1,"staticinvoke <java.lang.System: void arraycopy(java.lang.Object,int,java.lang.Object,int,int)>(r2, 0, r3, 0, 1)"
3,<edu.mit.array_copy.MainActivity: void onCreate(android.os.Bundle)>,-1,$r6 = r3[0]
4,<edu.mit.array_copy.MainActivity: void onCreate(android.os.Bundle)>,-1,"staticinvoke <android.util.Log: int i(java.lang.String,java.lang.String)>(""DroidBench"", $r6)"
