,method,stmtLineNumber,stmt
0,<edu.wayne.cs.MainActivity: java.lang.String foo()>,-1,$r3 = virtualinvoke r2.<android.telephony.TelephonyManager: java.lang.String getDeviceId()>()
1,<edu.wayne.cs.MainActivity: java.lang.String foo()>,-1,return $r3
2,<edu.wayne.cs.MainActivity: void onCreate(android.os.Bundle)>,-1,r7 = (java.lang.String) $r6
3,<edu.wayne.cs.MainActivity: void onCreate(android.os.Bundle)>,-1,"staticinvoke <android.util.Log: int d(java.lang.String,java.lang.String)>(""DroidBench"", r7)"
