,method,stmtLineNumber,stmt
0,<edu.mit.clone.MainActivity: void onCreate(android.os.Bundle)>,-1,$r5 = virtualinvoke r4.<android.telephony.TelephonyManager: java.lang.String getDeviceId()>()
1,<edu.mit.clone.MainActivity: void onCreate(android.os.Bundle)>,-1,virtualinvoke r2.<java.util.LinkedList: boolean add(java.lang.Object)>($r5)
2,<edu.mit.clone.MainActivity: void onCreate(android.os.Bundle)>,-1,$r3 = virtualinvoke r2.<java.util.LinkedList: java.lang.Object clone()>()
3,<edu.mit.clone.MainActivity: void onCreate(android.os.Bundle)>,-1,r2 = (java.util.LinkedList) $r3
4,<edu.mit.clone.MainActivity: void onCreate(android.os.Bundle)>,-1,$r3 = virtualinvoke r2.<java.util.LinkedList: java.lang.Object get(int)>(0)
5,<edu.mit.clone.MainActivity: void onCreate(android.os.Bundle)>,-1,$r5 = (java.lang.String) $r3
6,<edu.mit.clone.MainActivity: void onCreate(android.os.Bundle)>,-1,"staticinvoke <android.util.Log: int i(java.lang.String,java.lang.String)>(""DroidBench"", $r5)"
