,method,stmtLineNumber,stmt
0,<edu.wayne.cs.MainActivity: void onCreate(android.os.Bundle)>,-1,$r6 = virtualinvoke r5.<android.telephony.TelephonyManager: java.lang.String getDeviceId()>()
1,<edu.wayne.cs.MainActivity: void onCreate(android.os.Bundle)>,-1,r4.<edu.wayne.cs.BaseClass: java.lang.String imei> = $r6
2,<edu.wayne.cs.MainActivity: void onCreate(android.os.Bundle)>,-1,$r6 = r4.<edu.wayne.cs.BaseClass: java.lang.String imei>
3,<edu.wayne.cs.MainActivity: void onCreate(android.os.Bundle)>,-1,$r9[0] = $r6
4,<edu.wayne.cs.MainActivity: void onCreate(android.os.Bundle)>,-1,"virtualinvoke $r8.<java.lang.reflect.Method: java.lang.Object invoke(java.lang.Object,java.lang.Object[])>(r4, $r9)"
5,<edu.wayne.cs.ConcreteClass: void foo(java.lang.String)>,-1,"staticinvoke <android.util.Log: int d(java.lang.String,java.lang.String)>(""DroidBench"", $r1)"
