,method,stmtLineNumber,stmt
0,<edu.mit.pattern_matcher.MainActivity: void onCreate(android.os.Bundle)>,-1,$r4 = virtualinvoke r3.<android.telephony.TelephonyManager: java.lang.String getDeviceId()>()
1,<edu.mit.pattern_matcher.MainActivity: void onCreate(android.os.Bundle)>,-1,$r6 = virtualinvoke $r5.<java.util.regex.Pattern: java.util.regex.Matcher matcher(java.lang.CharSequence)>($r4)
2,<edu.mit.pattern_matcher.MainActivity: void onCreate(android.os.Bundle)>,-1,$r4 = virtualinvoke $r6.<java.util.regex.Matcher: java.lang.String group(int)>(1)
3,<edu.mit.pattern_matcher.MainActivity: void onCreate(android.os.Bundle)>,-1,"staticinvoke <android.util.Log: int i(java.lang.String,java.lang.String)>(""DroidBench"", $r4)"
