{"tool": {"decomposition": {"3": [{"id": "PetClinicApplication"}], "0": [{"id": "OwnerController"}, {"id": "Owner"}, {"id": "Person"}, {"id": "BaseEntity"}, {"id": "Vet"}], "2": [{"id": "Pet"}, {"id": "NamedEntity"}, {"id": "PetType"}, {"id": "PetController"}, {"id": "PetTypeFormatter"}, {"id": "PetValidator"}, {"id": "Specialty"}], "4": [{"id": "Visit"}, {"id": "VisitController"}], "1": [{"id": "VetController"}, {"id": "Vets"}], "5": [{"id": "PetClinicRuntimeHints"}, {"id": "CacheConfiguration"}, {"id": "WelcomeController"}, {"id": "CrashController"}]}}}