{
    "tool": {
        "decomposition": {
            "partition4": [
                {
                    "id": "PetClinicApplication"
                }
            ],
            "partition1": [
                {
                    "id": "Owner"
                },
                {
                    "id": "Person"
                },
                {
                    "id": "OwnerController"
                },
                {
                    "id": "Vet"
                },
                {
                    "id": "BaseEntity"
                }
            ],
            "partition0": [
                {
                    "id": "Specialty"
                },
                {
                    "id": "PetTypeFormatter"
                },
                {
                    "id": "Pet"
                },
                {
                    "id": "PetType"
                },
                {
                    "id": "PetController"
                },
                {
                    "id": "PetValidator"
                },
                {
                    "id": "NamedEntity"
                }
            ],
            "partition2": [
                {
                    "id": "VisitController"
                },
                {
                    "id": "Visit"
                }
            ],
            "partition3": [
                {
                    "id": "Vets"
                },
                {
                    "id": "VetController"
                }
            ],
            "UNOBSERVED": [
                {
                    "id": "VetRepository"
                },
                {
                    "id": "PetClinicRuntimeHints"
                },
                {
                    "id": "WelcomeController"
                },
                {
                    "id": "CacheConfiguration"
                },
                {
                    "id": "OwnerRepository"
                },
                {
                    "id": "CrashController"
                }
            ]
        }
    }
}