{
    "tool": {
        "decomposition": {
            "1": [
                {
                    "id": "CartesianProduct.CartesianProduct"
                },
                {
                    "id": "CartesianProduct.calculate"
                }
            ],
            "2": [
                {
                    "id": "WebAppListener.contextDestroyed"
                },
                {
                    "id": "DbServlet.DbServlet"
                },
                {
                    "id": "DbServlet.doGet"
                },
                {
                    "id": "WebAppListener.WebAppListener"
                },
                {
                    "id": "WebAppListener.contextInitialized"
                }
            ],
            "5": [
                {
                    "id": "AckServlet.forwardToResult"
                },
                {
                    "id": "LibraryRegisterBookServlet.doPost"
                },
                {
                    "id": "ParameterObject.hashCode"
                },
                {
                    "id": "Borrower.equals"
                },
                {
                    "id": "AckServlet.AckServlet"
                },
                {
                    "id": "Borrower.toOutputString"
                },
                {
                    "id": "RegistrationStatusEnums.RegistrationStatusEnums"
                },
                {
                    "id": "RegistrationResult.isEmpty"
                },
                {
                    "id": "LibraryActionResults.values"
                },
                {
                    "id": "EmptyDataSource.getLogWriter"
                },
                {
                    "id": "Book.isEmpty"
                },
                {
                    "id": "FibServlet.doPost"
                },
                {
                    "id": "SqlData.SqlData"
                },
                {
                    "id": "User.User"
                },
                {
                    "id": "IPersistenceLayer.deleteBorrower"
                },
                {
                    "id": "CheckUtils.StringMustNotBeNullOrEmpty"
                },
                {
                    "id": "User.toString"
                },
                {
                    "id": "User.createEmpty"
                },
                {
                    "id": "PersistenceLayer.cleanAndMigrateDatabase"
                },
                {
                    "id": "IPersistenceLayer.searchBorrowersById"
                },
                {
                    "id": "IPersistenceLayer.listAllBooks"
                },
                {
                    "id": "PersistenceLayer.executeUpdateTemplate"
                },
                {
                    "id": "AckermannIterative.number2"
                },
                {
                    "id": "LibraryRegisterBorrowerServlet.doPost"
                },
                {
                    "id": "Loan.hashCode"
                },
                {
                    "id": "Ackermann.calculate"
                },
                {
                    "id": "IPersistenceLayer.searchForLoanByBook"
                },
                {
                    "id": "FibServlet.putNumberInRequest"
                },
                {
                    "id": "PersistenceLayer.createHashedValueFromPassword"
                },
                {
                    "id": "Book.equals"
                },
                {
                    "id": "Loan.toString"
                },
                {
                    "id": "RegistrationResult.toString"
                },
                {
                    "id": "EmptyDataSource.setLoginTimeout"
                },
                {
                    "id": "LibraryBorrowerListSearchServlet.doGet"
                },
                {
                    "id": "RegistrationUtils.saveToDatabase"
                },
                {
                    "id": "MathServlet.doPost"
                },
                {
                    "id": "RegistrationResult.equals"
                },
                {
                    "id": "RegistrationResult.createEmpty"
                },
                {
                    "id": "AlcoholResult.AlcoholResult"
                },
                {
                    "id": "RegistrationUtils.processRegistration"
                },
                {
                    "id": "StringUtils.escapeForJson"
                },
                {
                    "id": "AckermannIterative.stack"
                },
                {
                    "id": "PersistenceLayer.searchBooksById"
                },
                {
                    "id": "LibraryLendServlet.LibraryLendServlet"
                },
                {
                    "id": "IPersistenceLayer.searchForLoanByBorrower"
                },
                {
                    "id": "LibraryBookListAvailableServlet.doGet"
                },
                {
                    "id": "Book.Book"
                },
                {
                    "id": "ParameterObject.equals"
                },
                {
                    "id": "PersistenceLayer.searchForUserByName"
                },
                {
                    "id": "LibraryUtils.searchForLoanByBook"
                },
                {
                    "id": "Loan.Loan"
                },
                {
                    "id": "LibraryBookListSearchServlet.searchById"
                },
                {
                    "id": "StringUtils.makeNotNullable"
                },
                {
                    "id": "AckServlet.doPost"
                },
                {
                    "id": "Ackermann.Ackermann"
                },
                {
                    "id": "ParameterObject.toString"
                },
                {
                    "id": "PersistenceLayer.createEmpty"
                },
                {
                    "id": "PersistenceLayer.isEmpty"
                },
                {
                    "id": "PersistenceLayer.createExtractor"
                },
                {
                    "id": "RegistrationResult.RegistrationResult"
                },
                {
                    "id": "PersistenceLayer.areCredentialsValid"
                },
                {
                    "id": "PersistenceLayer.configureFlyway"
                },
                {
                    "id": "PersistenceLayer.PersistenceLayer"
                },
                {
                    "id": "IPersistenceLayer.getBorrowerName"
                },
                {
                    "id": "PersistenceLayer.listBooks"
                },
                {
                    "id": "PersistenceLayer.runRestore"
                },
                {
                    "id": "PasswordResult.hashCode"
                },
                {
                    "id": "LoginServlet.LoginServlet"
                },
                {
                    "id": "PasswordResult.PasswordResult"
                },
                {
                    "id": "AlcoholResult.returnEmpty"
                },
                {
                    "id": "LibraryUtils.searchForBorrowerByName"
                },
                {
                    "id": "FibServlet.tailRecursiveAlgo2Calc"
                },
                {
                    "id": "PersistenceLayer.cleanDatabase"
                },
                {
                    "id": "MathServlet.MathServlet"
                },
                {
                    "id": "Ackermann.ack"
                },
                {
                    "id": "LibraryBookListSearchServlet.listAllBooks"
                },
                {
                    "id": "PersistenceLayer.deleteBook"
                },
                {
                    "id": "PasswordResult.createEmpty"
                },
                {
                    "id": "PasswordResult.equals"
                },
                {
                    "id": "LibraryBookListSearchServlet.LibraryBookListSearchServlet"
                },
                {
                    "id": "LibraryUtils.searchForBookById"
                },
                {
                    "id": "Book.toString"
                },
                {
                    "id": "PersistenceLayer.searchBorrowerDataByName"
                },
                {
                    "id": "RegistrationResult.toPrettyString"
                },
                {
                    "id": "LoginUtils.LoginUtils"
                },
                {
                    "id": "Fibonacci.calculate"
                },
                {
                    "id": "CheckUtils.IntParameterMustBePositive"
                },
                {
                    "id": "AckermannIterative.number1"
                },
                {
                    "id": "LibraryUtils.listAllBorrowers"
                },
                {
                    "id": "EmptyDataSource.getConnection"
                },
                {
                    "id": "PersistenceLayer.updateBorrower"
                },
                {
                    "id": "PersistenceLayer.listAllBooks"
                },
                {
                    "id": "Book.toOutputString"
                },
                {
                    "id": "Borrower.toString"
                },
                {
                    "id": "NotImplementedException.NotImplementedException"
                },
                {
                    "id": "Borrower.isEmpty"
                },
                {
                    "id": "PersistenceLayer.executeInsertTemplate"
                },
                {
                    "id": "LoginServlet.doPost"
                },
                {
                    "id": "LibraryBorrowerListSearchServlet.searchById"
                },
                {
                    "id": "FibServlet.FibServlet"
                },
                {
                    "id": "IPersistenceLayer.runBackup"
                },
                {
                    "id": "EmptyDataSource.EmptyDataSource"
                },
                {
                    "id": "LibraryUtils.deleteBook"
                },
                {
                    "id": "Loan.equals"
                },
                {
                    "id": "AckermannIterative.calculate"
                },
                {
                    "id": "PersistenceLayer.listAllBorrowers"
                },
                {
                    "id": "PersistenceLayer.searchBooksByTitle"
                },
                {
                    "id": "IPersistenceLayer.isEmpty"
                },
                {
                    "id": "StringUtils.StringUtils"
                },
                {
                    "id": "RegisterServlet.RegisterServlet"
                },
                {
                    "id": "LibraryUtils.isEmpty"
                },
                {
                    "id": "IPersistenceLayer.saveNewUser"
                },
                {
                    "id": "IPersistenceLayer.areCredentialsValid"
                },
                {
                    "id": "LibraryLendServlet.doPost"
                },
                {
                    "id": "Borrower.createEmpty"
                },
                {
                    "id": "IPersistenceLayer.saveNewBook"
                },
                {
                    "id": "IPersistenceLayer.cleanAndMigrateDatabase"
                },
                {
                    "id": "ParameterObject.isEmpty"
                },
                {
                    "id": "FibServlet.tailRecursiveAlgo1Calc"
                },
                {
                    "id": "LibraryUtils.createEmpty"
                },
                {
                    "id": "IPersistenceLayer.searchBooksByTitle"
                },
                {
                    "id": "PasswordResult.isEmpty"
                },
                {
                    "id": "RegistrationUtils.createEmpty"
                },
                {
                    "id": "PersistenceLayer.saveNewBorrower"
                },
                {
                    "id": "User.hashCode"
                },
                {
                    "id": "SqlData.hashCode"
                },
                {
                    "id": "LoginUtils.isEmpty"
                },
                {
                    "id": "PasswordResultEnums.values"
                },
                {
                    "id": "Fibonacci.Fibonacci"
                },
                {
                    "id": "SqlData.addParameter"
                },
                {
                    "id": "LoginUtils.isUserRegistered"
                },
                {
                    "id": "SqlData.generateParams"
                },
                {
                    "id": "PersistenceLayer.listAvailableBooks"
                },
                {
                    "id": "IPersistenceLayer.createLoan"
                },
                {
                    "id": "LibraryBorrowerListSearchServlet.LibraryBorrowerListSearchServlet"
                },
                {
                    "id": "LibraryRegisterBorrowerServlet.LibraryRegisterBorrowerServlet"
                },
                {
                    "id": "LibraryBorrowerListSearchServlet.listAllBorrowers"
                },
                {
                    "id": "SqlData.toString"
                },
                {
                    "id": "LibraryUtils.LibraryUtils"
                },
                {
                    "id": "User.equals"
                },
                {
                    "id": "Book.createEmpty"
                },
                {
                    "id": "RegisterServlet.forwardToResult"
                },
                {
                    "id": "Loan.isEmpty"
                },
                {
                    "id": "AckServlet.tailRecursive"
                },
                {
                    "id": "EmptyDataSource.setLogWriter"
                },
                {
                    "id": "RegistrationUtils.isUserInDatabase"
                },
                {
                    "id": "AckServlet.putNumberInRequest"
                },
                {
                    "id": "LoginUtils.createEmpty"
                },
                {
                    "id": "CheckUtils.CheckUtils"
                },
                {
                    "id": "PersistenceLayer.deleteBorrower"
                },
                {
                    "id": "SqlData.equals"
                },
                {
                    "id": "SqlRuntimeException.SqlRuntimeException"
                },
                {
                    "id": "IPersistenceLayer.updateBorrower"
                },
                {
                    "id": "PersistenceLayer.throwingFunctionWrapper"
                },
                {
                    "id": "LibraryActionResults.LibraryActionResults"
                },
                {
                    "id": "SqlData.isEmpty"
                },
                {
                    "id": "EmptyDataSource.isWrapperFor"
                },
                {
                    "id": "AlcoholCalculator.AlcoholCalculator"
                },
                {
                    "id": "PasswordResult.toPrettyString"
                },
                {
                    "id": "EmptyDataSource.getLoginTimeout"
                },
                {
                    "id": "LibraryUtils.listAllBooks"
                },
                {
                    "id": "LibraryUtils.searchForBorrowerById"
                },
                {
                    "id": "IPersistenceLayer.searchBorrowerDataByName"
                },
                {
                    "id": "LibraryBookListSearchServlet.searchByTitle"
                },
                {
                    "id": "IPersistenceLayer.deleteBook"
                },
                {
                    "id": "SqlData.applyParametersToPreparedStatement"
                },
                {
                    "id": "RegistrationResult.hashCode"
                },
                {
                    "id": "AckServlet.regularRecursive"
                },
                {
                    "id": "IPersistenceLayer.runRestore"
                },
                {
                    "id": "FibonacciIterative.fibAlgo2"
                },
                {
                    "id": "User.isEmpty"
                },
                {
                    "id": "PersistenceLayer.obtainConnectionPool"
                },
                {
                    "id": "FunctionalField.untypedField"
                },
                {
                    "id": "AssertionException.AssertionException"
                },
                {
                    "id": "LibraryBookListAvailableServlet.LibraryBookListAvailableServlet"
                },
                {
                    "id": "PersistenceLayer.bytesToHex"
                },
                {
                    "id": "Borrower.hashCode"
                },
                {
                    "id": "LibraryUtils.searchForLoanByBorrower"
                },
                {
                    "id": "IPersistenceLayer.migrateDatabase"
                },
                {
                    "id": "PersistenceLayer.getBorrowerName"
                },
                {
                    "id": "LibraryActionResults.valueOf"
                },
                {
                    "id": "LibraryUtils.registerBook"
                },
                {
                    "id": "PersistenceLayer.saveNewUser"
                },
                {
                    "id": "PersistenceLayer.runBackup"
                },
                {
                    "id": "PersistenceLayer.executeUpdateOnPreparedStatement"
                },
                {
                    "id": "PasswordResultEnums.PasswordResultEnums"
                },
                {
                    "id": "IPersistenceLayer.searchBooksById"
                },
                {
                    "id": "LibraryBorrowerListSearchServlet.searchByName"
                },
                {
                    "id": "FibServlet.defaultRecursiveCalculation"
                },
                {
                    "id": "PersistenceLayer.searchForLoanByBook"
                },
                {
                    "id": "IPersistenceLayer.listAllBorrowers"
                },
                {
                    "id": "RegistrationUtils.RegistrationUtils"
                },
                {
                    "id": "RegistrationStatusEnums.valueOf"
                },
                {
                    "id": "IPersistenceLayer.updateUserWithPassword"
                },
                {
                    "id": "EmptyDataSource.getParentLogger"
                },
                {
                    "id": "FunctionalField.field"
                },
                {
                    "id": "LibraryLendServlet.getDateNow"
                },
                {
                    "id": "EmptyDataSource.unwrap"
                },
                {
                    "id": "ParameterObject.ParameterObject"
                },
                {
                    "id": "LibraryActionResults.toString"
                },
                {
                    "id": "MathServlet.setResultToSum"
                },
                {
                    "id": "RegistrationUtils.isEmpty"
                },
                {
                    "id": "PasswordResult.toString"
                },
                {
                    "id": "IPersistenceLayer.searchForUserByName"
                },
                {
                    "id": "FibonacciIterative.fibAlgo1"
                },
                {
                    "id": "PersistenceLayer.executeInsertOnPreparedStatement"
                },
                {
                    "id": "RegistrationUtils.isPasswordGood"
                },
                {
                    "id": "LibraryUtils.deleteBorrower"
                },
                {
                    "id": "FibonacciIterative.FibonacciIterative"
                },
                {
                    "id": "LibraryUtils.searchForBookByTitle"
                },
                {
                    "id": "Book.hashCode"
                },
                {
                    "id": "FibServlet.forwardToResult"
                },
                {
                    "id": "IPersistenceLayer.cleanDatabase"
                },
                {
                    "id": "LibraryUtils.saveNewBorrower"
                },
                {
                    "id": "IPersistenceLayer.listAvailableBooks"
                },
                {
                    "id": "LibraryUtils.lendBook"
                },
                {
                    "id": "LibraryUtils.saveNewBook"
                },
                {
                    "id": "ParameterObject.createEmpty"
                },
                {
                    "id": "PersistenceLayer.updateUserWithPassword"
                },
                {
                    "id": "AckermannIterative.flag"
                },
                {
                    "id": "PersistenceLayer.searchBorrowersById"
                },
                {
                    "id": "CheckUtils.mustBeTrueAtThisPoint"
                },
                {
                    "id": "Borrower.Borrower"
                },
                {
                    "id": "MathServlet.forwardToResult"
                },
                {
                    "id": "LibraryRegisterBookServlet.LibraryRegisterBookServlet"
                },
                {
                    "id": "PersistenceLayer.runQuery"
                },
                {
                    "id": "PasswordResult.createDefault"
                },
                {
                    "id": "MathServlet.putNumberInRequest"
                },
                {
                    "id": "IPersistenceLayer.saveNewBorrower"
                },
                {
                    "id": "AlcoholCalculator.calculate"
                },
                {
                    "id": "PersistenceLayer.prepareStatementWithKeys"
                },
                {
                    "id": "PersistenceLayer.migrateDatabase"
                },
                {
                    "id": "SqlData.createEmpty"
                },
                {
                    "id": "PersistenceLayer.createLoan"
                },
                {
                    "id": "Loan.createEmpty"
                },
                {
                    "id": "LibraryUtils.registerBorrower"
                },
                {
                    "id": "PersistenceLayer.searchForLoanByBorrower"
                },
                {
                    "id": "PasswordResultEnums.valueOf"
                },
                {
                    "id": "LibraryUtils.createLoan"
                },
                {
                    "id": "LibraryBookListSearchServlet.doGet"
                },
                {
                    "id": "LibraryUtils.listAvailableBooks"
                },
                {
                    "id": "RegisterServlet.doPost"
                },
                {
                    "id": "PersistenceLayer.saveNewBook"
                },
                {
                    "id": "RegistrationStatusEnums.values"
                }
            ],
            "UNOBSERVED": [
                {
                    "id": "AckermannIterative$$$FunctionalAckermann.field"
                },
                {
                    "id": "TailRecursive$$.epsilon"
                },
                {
                    "id": "AckermannIterative$$.AckermannIterative$$"
                },
                {
                    "id": "TailRecursive$$.TailRecursive$$"
                },
                {
                    "id": "AckermannIterative$$[].clone"
                },
                {
                    "id": "AckermannIterative$$$FunctionalAckermann.stack"
                },
                {
                    "id": "AckermannIterative$$$FunctionalAckermann.number1"
                },
                {
                    "id": "TailRecursive$$.valueOf"
                },
                {
                    "id": "AckermannIterative$$.main"
                },
                {
                    "id": "Calculator$Baz.Calculator$Baz"
                },
                {
                    "id": "PersistenceLayer$ThrowingFunction.apply"
                },
                {
                    "id": "AckermannIterative$$.valueOf"
                },
                {
                    "id": "AckermannIterative$$$Field.valueOf"
                },
                {
                    "id": "Calculator$Baz.doThirdPartyThing"
                },
                {
                    "id": "TailRecursive$$.values"
                },
                {
                    "id": "Calculator$Foo.doComplexThing"
                },
                {
                    "id": "AckermannIterative$$$Field.values"
                },
                {
                    "id": "Calculator$Foo.Calculator$Foo"
                },
                {
                    "id": "AckermannIterative$$$Field[].clone"
                },
                {
                    "id": "PasswordResultEnums[].clone"
                },
                {
                    "id": "AckermannIterative$$$FunctionalAckermann.flag"
                },
                {
                    "id": "Calculator$Bar.doOtherComplexThing"
                },
                {
                    "id": "Calculator$iBar.doOtherComplexThing"
                },
                {
                    "id": "AckermannIterative$$$Field.AckermannIterative$$$Field"
                },
                {
                    "id": "Calculator$iFoo.doComplexThing"
                },
                {
                    "id": "Calculator$Bar.Calculator$Bar"
                },
                {
                    "id": "AckermannIterative$$.values"
                },
                {
                    "id": "LibraryActionResults[].clone"
                },
                {
                    "id": "AckermannIterative$$$FunctionalAckermann.number2"
                },
                {
                    "id": "RegistrationStatusEnums[].clone"
                },
                {
                    "id": "AckermannIterative$$$Field.ordinal"
                },
                {
                    "id": "AckermannIterative$$.tail"
                },
                {
                    "id": "TailRecursive$$[].clone"
                }
            ]
        }
    }
}