partitionID,className,classID
0,package-info.java,src/main/java/com/coveros/training/authentication/package-info.java
0,package-info.java,src/main/java/com/coveros/training/authentication/domainobjects/package-info.java
1,CartesianProductStepDefs.java,src/bdd_test/java/com/coveros/training/cartesianproduct/CartesianProductStepDefs.java
1,CartesianProduct.java,src/main/java/com/coveros/training/cartesianproduct/CartesianProduct.java
2,DbServletTests.java,src/test/java/com/coveros/training/persistence/DbServletTests.java
2,DbServlet.java,src/main/java/com/coveros/training/persistence/DbServlet.java
2,WebAppListener.java,src/main/java/com/coveros/training/tomcat/WebAppListener.java
2,WebAppListenerTests.java,src/test/java/com/coveros/training/tomcat/WebAppListenerTests.java
3,AutoInsuranceScriptClient.java,desktop_app/src/test/java/com/coveros/training/autoinsurance/AutoInsuranceScriptClient.java
3,ExecutionDataClient.java,desktop_app/src/test/java/com/coveros/training/autoinsurance/ExecutionDataClient.java
4,package-info.java,src/main/java/com/coveros/training/library/package-info.java
4,package-info.java,src/main/java/com/coveros/training/library/domainobjects/package-info.java
5,basic_test.py,src/ui_tests/python/basic_test.py
5,WarningLetterEnum.java,desktop_app/src/main/java/com/coveros/training/autoinsurance/WarningLetterEnum.java
5,AutoInsuranceProcessorTests.java,desktop_app/src/test/java/com/coveros/training/autoinsurance/AutoInsuranceProcessorTests.java
5,AutoInsuranceAction.java,desktop_app/src/main/java/com/coveros/training/autoinsurance/AutoInsuranceAction.java
5,AutoInsuranceProcessor.java,desktop_app/src/main/java/com/coveros/training/autoinsurance/AutoInsuranceProcessor.java
5,AutoInsuranceUI.java,desktop_app/src/main/java/com/coveros/training/autoinsurance/AutoInsuranceUI.java
5,DesktopTester.java,desktop_app/src/test/java/com/coveros/training/autoinsurance/DesktopTester.java
5,AutoInsuranceActionTests.java,desktop_app/src/test/java/com/coveros/training/autoinsurance/AutoInsuranceActionTests.java
5,DesktopUiTests.java,desktop_app/src/test/java/com/coveros/training/autoinsurance/DesktopUiTests.java
5,authenticationStepDefs.py,src/ui_tests/behave/features/steps/authenticationStepDefs.py
5,environment.py,src/ui_tests/behave/features/environment.py
5,fibonacciStepDefs.py,src/ui_tests/behave/features/steps/fibonacciStepDefs.py
5,Fibonacci.java,src/main/java/com/coveros/training/mathematics/Fibonacci.java
5,FibonacciStepDefs.java,src/bdd_test/java/com/coveros/training/math/FibonacciStepDefs.java
5,MathStepDefs.java,src/bdd_test/java/com/coveros/training/math/MathStepDefs.java
5,AckermannStepDefs.java,src/bdd_test/java/com/coveros/training/math/AckermannStepDefs.java
5,package-info.java,src/main/java/com/coveros/training/mathematics/package-info.java
5,FunctionalField.java,src/main/java/com/coveros/training/mathematics/FunctionalField.java
5,FibonacciIterative.java,src/main/java/com/coveros/training/mathematics/FibonacciIterative.java
5,AckermannParameterizedTests.java,src/test/java/com/coveros/training/mathematics/AckermannParameterizedTests.java
5,AckermannIterativeParameterizedTests.java,src/test/java/com/coveros/training/mathematics/AckermannIterativeParameterizedTests.java
5,FibonacciParameterizedTests.java,src/test/java/com/coveros/training/mathematics/FibonacciParameterizedTests.java
5,FibonacciTests.java,src/test/java/com/coveros/training/mathematics/FibonacciTests.java
5,FibServlet.java,src/main/java/com/coveros/training/mathematics/FibServlet.java
5,AckServlet.java,src/main/java/com/coveros/training/mathematics/AckServlet.java
5,MathServlet.java,src/main/java/com/coveros/training/mathematics/MathServlet.java
5,AckermannIterative.java,src/main/java/com/coveros/training/mathematics/AckermannIterative.java
5,Ackermann.java,src/main/java/com/coveros/training/mathematics/Ackermann.java
5,ackermannStepDefs.py,src/ui_tests/behave/features/steps/ackermannStepDefs.py
5,librarianStepDefs.py,src/ui_tests/behave/features/steps/librarianStepDefs.py
5,LibraryUtils.java,src/main/java/com/coveros/training/library/LibraryUtils.java
5,LibraryActionResults.java,src/main/java/com/coveros/training/library/domainobjects/LibraryActionResults.java
5,LibraryLendServlet.java,src/main/java/com/coveros/training/library/LibraryLendServlet.java
5,LibraryLendServletTests.java,src/test/java/com/coveros/training/library/LibraryLendServletTests.java
5,DateUtilsTests.java,src/test/java/com/coveros/training/helpers/DateUtilsTests.java
5,LoanTests.java,src/test/java/com/coveros/training/library/domainobjects/LoanTests.java
5,BorrowerTests.java,src/test/java/com/coveros/training/library/domainobjects/BorrowerTests.java
5,DateUtils.java,src/test/java/com/coveros/training/helpers/DateUtils.java
5,LibraryRegisterBorrowerServlet.java,src/main/java/com/coveros/training/library/LibraryRegisterBorrowerServlet.java
5,LibraryRegisterBookServlet.java,src/main/java/com/coveros/training/library/LibraryRegisterBookServlet.java
5,BookCheckOutStepDefs.java,src/bdd_test/java/com/coveros/training/library/BookCheckOutStepDefs.java
5,BookTests.java,src/test/java/com/coveros/training/library/domainobjects/BookTests.java
5,LibraryBookListAvailableServletTests.java,src/test/java/com/coveros/training/library/LibraryBookListAvailableServletTests.java
5,LibraryBookListAvailableServlet.java,src/main/java/com/coveros/training/library/LibraryBookListAvailableServlet.java
5,LibraryBookListSearchServletTests.java,src/test/java/com/coveros/training/library/LibraryBookListSearchServletTests.java
5,LibraryBorrowerListSearchServletTests.java,src/test/java/com/coveros/training/library/LibraryBorrowerListSearchServletTests.java
5,LibraryRegisterBorrowerServletTests.java,src/test/java/com/coveros/training/library/LibraryRegisterBorrowerServletTests.java
5,LibraryRegisterBookServletTests.java,src/test/java/com/coveros/training/library/LibraryRegisterBookServletTests.java
5,RegisterServletTests.java,src/test/java/com/coveros/training/authentication/RegisterServletTests.java
5,LoginServletTests.java,src/test/java/com/coveros/training/authentication/LoginServletTests.java
5,LoginServlet.java,src/main/java/com/coveros/training/authentication/LoginServlet.java
5,LoginStepDefs.java,src/bdd_test/java/com/coveros/training/authentication/LoginStepDefs.java
5,StringUtils.java,src/main/java/com/coveros/training/helpers/StringUtils.java
5,CheckUtils.java,src/main/java/com/coveros/training/helpers/CheckUtils.java
5,LoginUtilsTests.java,src/test/java/com/coveros/training/authentication/LoginUtilsTests.java
5,LoginUtils.java,src/main/java/com/coveros/training/authentication/LoginUtils.java
5,RegisterServlet.java,src/main/java/com/coveros/training/authentication/RegisterServlet.java
5,RegistrationStepDefs.java,src/bdd_test/java/com/coveros/training/authentication/RegistrationStepDefs.java
5,RegistrationUtils.java,src/main/java/com/coveros/training/authentication/RegistrationUtils.java
5,RegistrationUtilsTests.java,src/test/java/com/coveros/training/authentication/RegistrationUtilsTests.java
5,RegistrationStatusEnums.java,src/main/java/com/coveros/training/authentication/domainobjects/RegistrationStatusEnums.java
5,RegistrationResult.java,src/main/java/com/coveros/training/authentication/domainobjects/RegistrationResult.java
5,RegistrationResultTests.java,src/test/java/com/coveros/training/authentication/domainobjects/RegistrationResultTests.java
5,StringUtilsTests.java,src/test/java/com/coveros/training/helpers/StringUtilsTests.java
5,CheckUtilsTests.java,src/test/java/com/coveros/training/helpers/CheckUtilsTests.java
5,ParameterObjectTests.java,src/test/java/com/coveros/training/persistence/ParameterObjectTests.java
5,ParameterObject.java,src/main/java/com/coveros/training/persistence/ParameterObject.java
5,CalculatorTests.java,src/test/java/com/coveros/training/mathematics/CalculatorTests.java
5,AlcoholCalculator.java,src/main/java/com/coveros/training/expenses/AlcoholCalculator.java
5,AlcoholStepDefs.java,src/bdd_test/java/com/coveros/training/expenses/AlcoholStepDefs.java
5,AlcoholResult.java,src/main/java/com/coveros/training/expenses/AlcoholResult.java
5,PasswordResultTests.java,src/test/java/com/coveros/training/authentication/domainobjects/PasswordResultTests.java
5,PasswordResult.java,src/main/java/com/coveros/training/authentication/domainobjects/PasswordResult.java
5,PasswordResultEnums.java,src/main/java/com/coveros/training/authentication/domainobjects/PasswordResultEnums.java
5,LendingTests.java,src/test/java/com/coveros/training/library/LendingTests.java
5,LibraryUtilsTests.java,src/test/java/com/coveros/training/library/LibraryUtilsTests.java
5,PersistenceLayerTests.java,src/integration_test/java/com/coveros/training/persistence/PersistenceLayerTests.java
5,AddDeleteListSearchBooksAndBorrowersStepDefs.java,src/bdd_test/java/com/coveros/training/library/AddDeleteListSearchBooksAndBorrowersStepDefs.java
5,Loan.java,src/main/java/com/coveros/training/library/domainobjects/Loan.java
5,IPersistenceLayer.java,src/main/java/com/coveros/training/persistence/IPersistenceLayer.java
5,LibraryBorrowerListSearchServlet.java,src/main/java/com/coveros/training/library/LibraryBorrowerListSearchServlet.java
5,LibraryBookListSearchServlet.java,src/main/java/com/coveros/training/library/LibraryBookListSearchServlet.java
5,Book.java,src/main/java/com/coveros/training/library/domainobjects/Book.java
5,Borrower.java,src/main/java/com/coveros/training/library/domainobjects/Borrower.java
5,User.java,src/main/java/com/coveros/training/authentication/domainobjects/User.java
5,UserTests.java,src/test/java/com/coveros/training/authentication/domainobjects/UserTests.java
5,PersistenceLayer.java,src/main/java/com/coveros/training/persistence/PersistenceLayer.java
5,SqlDataTests.java,src/test/java/com/coveros/training/persistence/SqlDataTests.java
5,EmptyDataSourceTests.java,src/test/java/com/coveros/training/persistence/EmptyDataSourceTests.java
5,EmptyDataSource.java,src/main/java/com/coveros/training/persistence/EmptyDataSource.java
5,NotImplementedException.java,src/main/java/com/coveros/training/persistence/NotImplementedException.java
5,SqlRuntimeException.java,src/main/java/com/coveros/training/persistence/SqlRuntimeException.java
5,AssertionException.java,src/main/java/com/coveros/training/helpers/AssertionException.java
5,InvalidClaimsException.java,desktop_app/src/main/java/com/coveros/training/autoinsurance/InvalidClaimsException.java
5,SqlData.java,src/main/java/com/coveros/training/persistence/SqlData.java
5,SeleniumTests.java,src/ui_tests/java/src/test/java/com/coveros/training/SeleniumTests.java
5,HtmlUnitTests.java,src/ui_tests/java/src/test/java/com/coveros/training/HtmlUnitTests.java
5,SelenifiedSample.java,src/selenified_tests/java/com/coveros/training/selenified/SelenifiedSample.java
5,test_api.py,src/api_tests/test_api.py
5,ApiCalls.java,src/ui_tests/java/src/test/java/com/coveros/training/ApiCalls.java
