{
    "MEM": {
        "decomposition": {
            "0": [
                {
                    "id": "NamedEntity"
                },
                {
                    "id": "Person"
                }
            ],
            "1": [
                {
                    "id": "Pet"
                },
                {
                    "id": "Visit"
                }
            ],
            "2": [
                {
                    "id": "WelcomeController"
                },
                {
                    "id": "package-info"
                },
                {
                    "id": "PetType"
                },
                {
                    "id": "Specialty"
                },
                {
                    "id": "Vet"
                },
                {
                    "id": "PetClinicIntegrationTests"
                },
                {
                    "id": "CrashControllerTests"
                },
                {
                    "id": "VetControllerTests"
                },
                {
                    "id": "VetController"
                },
                {
                    "id": "VetRepository"
                },
                {
                    "id": "Vets"
                },
                {
                    "id": "VisitControllerTests"
                },
                {
                    "id": "VisitController"
                },
                {
                    "id": "PetController"
                },
                {
                    "id": "ClinicServiceTests"
                },
                {
                    "id": "OwnerController"
                },
                {
                    "id": "OwnerRepository"
                },
                {
                    "id": "Owner"
                },
                {
                    "id": "PetTypeFormatterTests"
                },
                {
                    "id": "PetTypeFormatter"
                },
                {
                    "id": "PetValidator"
                },
                {
                    "id": "PetControllerTests"
                },
                {
                    "id": "OwnerControllerTests"
                },
                {
                    "id": "CrashController"
                }
            ]
        }
    }
}