,method,stmtLineNumber,stmt
0,<de.ecspride.AnnonymousClass1$1: void onLocationChanged(android.location.Location)>,-1,$d0 = virtualinvoke $r1.<android.location.Location: double getLatitude()>()
1,<de.ecspride.AnnonymousClass1$1: void onLocationChanged(android.location.Location)>,-1,staticinvoke <de.ecspride.AnnonymousClass1: void access$0(double)>($d0)
2,<de.ecspride.AnnonymousClass1: void access$0(double)>,-1,<de.ecspride.AnnonymousClass1: double latitude> = $d0
3,<de.ecspride.AnnonymousClass1: void access$0(double)>,-1,return
4,<de.ecspride.AnnonymousClass1$1: void onLocationChanged(android.location.Location)>,-1,return
5,<dummyMainClass: de.ecspride.AnnonymousClass1 dummyMainMethod_de_ecspride_AnnonymousClass1(android.content.Intent)>,-1,virtualinvoke $r0.<de.ecspride.AnnonymousClass1: void onResume()>()
6,<de.ecspride.AnnonymousClass1: void onResume()>,-1,$d0 = <de.ecspride.AnnonymousClass1: double latitude>
7,<de.ecspride.AnnonymousClass1: void onResume()>,-1,$r1 = virtualinvoke $r1.<java.lang.StringBuilder: java.lang.StringBuilder append(double)>($d0)
8,<de.ecspride.AnnonymousClass1: void onResume()>,-1,$r2 = virtualinvoke $r1.<java.lang.StringBuilder: java.lang.String toString()>()
9,<de.ecspride.AnnonymousClass1: void onResume()>,-1,"staticinvoke <android.util.Log: int i(java.lang.String,java.lang.String)>(""LOG"", $r2)"
