,method,stmtLineNumber,stmt
0,<de.ecspride.MyApplication$ApplicationCallbacks: void onActivityStarted(android.app.Activity)>,-1,$r5 = virtualinvoke r4.<android.telephony.TelephonyManager: java.lang.String getDeviceId()>()
1,<de.ecspride.MyApplication$ApplicationCallbacks: void onActivityStarted(android.app.Activity)>,-1,r0.<de.ecspride.MyApplication$ApplicationCallbacks: java.lang.String imei> = $r5
2,<de.ecspride.MyApplication$ApplicationCallbacks: void onActivityStarted(android.app.Activity)>,-1,return
3,<dummyMainClass: de.ecspride.MainActivity dummyMainMethod_de_ecspride_MainActivity(android.content.Intent)>,-1,virtualinvoke $r2.<de.ecspride.MyApplication$ApplicationCallbacks: void onActivityPaused(android.app.Activity)>($r0)
4,<de.ecspride.MyApplication$ApplicationCallbacks: void onActivityPaused(android.app.Activity)>,-1,$r2 = r0.<de.ecspride.MyApplication$ApplicationCallbacks: java.lang.String imei>
5,<de.ecspride.MyApplication$ApplicationCallbacks: void onActivityPaused(android.app.Activity)>,-1,"virtualinvoke $r3.<android.telephony.SmsManager: void sendTextMessage(java.lang.String,java.lang.String,java.lang.String,android.app.PendingIntent,android.app.PendingIntent)>(""+49"", null, $r2, null, null)"
