{
    "all-groups": {
        "group0": [
            "include/shmbchar", 
            "lib/sh/shmbchar"
        ], 
        "group1": [
            "lib/glob/glob", 
            "lib/glob/glob_loop"
        ], 
        "group2": [
            "builtins", 
            "builtins/builtins"
        ], 
        "group3": [
            "lib/intl/plural-exp", 
            "lib/intl/plural"
        ], 
        "group4": [
            "include/shtty", 
            "lib/sh/shtty"
        ], 
        "group5": [
            "include/posixselect", 
            "lib/readline/posixselect"
        ], 
        "group6": [
            "lib/intl/gettextP", 
            "lib/intl/gettext"
        ]
    }, 
    "groups-not-in-ground-truth": {
        "group0": [
            "include/shmbchar", 
            "lib/sh/shmbchar"
        ], 
        "group1": [
            "include/shtty", 
            "lib/sh/shtty"
        ], 
        "group2": [
            "include/posixselect", 
            "lib/readline/posixselect"
        ]
    }, 
    "groups-in-gt-split-by-union": {
        "group0": [
            "lib/intl/gettextP", 
            "lib/intl/gettext"
        ]
    }
}
