partitionID,className,classID
0,WelcomeController.java,src/main/java/org/springframework/samples/petclinic/system/WelcomeController.java
0,VetController.java,src/main/java/org/springframework/samples/petclinic/vet/VetController.java
0,VetRepository.java,src/main/java/org/springframework/samples/petclinic/vet/VetRepository.java
0,VetControllerTests.java,src/test/java/org/springframework/samples/petclinic/vet/VetControllerTests.java
0,OwnerController.java,src/main/java/org/springframework/samples/petclinic/owner/OwnerController.java
0,PetController.java,src/main/java/org/springframework/samples/petclinic/owner/PetController.java
0,VisitController.java,src/main/java/org/springframework/samples/petclinic/owner/VisitController.java
0,Owner.java,src/main/java/org/springframework/samples/petclinic/owner/Owner.java
0,Pet.java,src/main/java/org/springframework/samples/petclinic/owner/Pet.java
0,Vet.java,src/main/java/org/springframework/samples/petclinic/vet/Vet.java
0,OwnerControllerTests.java,src/test/java/org/springframework/samples/petclinic/owner/OwnerControllerTests.java
0,CrashControllerTests.java,src/test/java/org/springframework/samples/petclinic/system/CrashControllerTests.java
0,PetControllerTests.java,src/test/java/org/springframework/samples/petclinic/owner/PetControllerTests.java
0,VisitControllerTests.java,src/test/java/org/springframework/samples/petclinic/owner/VisitControllerTests.java
0,ClinicServiceTests.java,src/test/java/org/springframework/samples/petclinic/service/ClinicServiceTests.java
0,PetTypeFormatterTests.java,src/test/java/org/springframework/samples/petclinic/owner/PetTypeFormatterTests.java
0,ValidatorTests.java,src/test/java/org/springframework/samples/petclinic/model/ValidatorTests.java
0,package-info.java,src/main/java/org/springframework/samples/petclinic/model/package-info.java
0,BaseEntity.java,src/main/java/org/springframework/samples/petclinic/model/BaseEntity.java
0,Person.java,src/main/java/org/springframework/samples/petclinic/model/Person.java
0,NamedEntity.java,src/main/java/org/springframework/samples/petclinic/model/NamedEntity.java
0,CrashController.java,src/main/java/org/springframework/samples/petclinic/system/CrashController.java
1,PetTypeFormatter.java,src/main/java/org/springframework/samples/petclinic/owner/PetTypeFormatter.java
1,OwnerRepository.java,src/main/java/org/springframework/samples/petclinic/owner/OwnerRepository.java
