{"tool": {"decomposition": {"partition0": [{"id": "Account"}, {"id": "AccountActionBean"}, {"id": "AccountMapper"}, {"id": "AccountService"}], "partition1": [{"id": "OrderService"}, {"id": "CartItem"}, {"id": "LineItemMapper"}, {"id": "LineItem"}, {"id": "Sequence"}, {"id": "SequenceMapper"}, {"id": "Cart"}, {"id": "Order"}, {"id": "OrderActionBean"}, {"id": "OrderMapper"}], "partition2": [{"id": "CartActionBean"}, {"id": "CatalogActionBean"}, {"id": "CatalogService"}, {"id": "Category"}, {"id": "CategoryMapper"}, {"id": "Item"}, {"id": "ItemMapper"}, {"id": "Product"}, {"id": "ProductMapper"}, {"id": "AbstractActionBean"}]}}}