<?xml version="1.0"?>
<!--
  ~ Copyright (C) 2016-2019 ActionTech.
  ~ License: http://www.gnu.org/licenses/gpl.html GPL version 2 or higher.
  -->

<!DOCTYPE dble:schema SYSTEM "schema.dtd">
<dble:schema xmlns:dble="http://dble.cloud/" version="1.0">

    <schema name="testdb">
        <table name="tb_enum_sharding" primaryKey="ID" dataNode="dn1,dn2" rule="rule_enum"/>

        <table name="tb_range_sharding" dataNode="dn1,dn2,dn3" rule="rule_range"/>

        <!--er tables-->
        <table name="tb_hash_sharding" dataNode="dn1,dn2" rule="rule_common_hash"/>
        <table name="tb_hash_sharding_er1" dataNode="dn1,dn2" rule="rule_common_hash"/>
        <table name="tb_hash_sharding_er2" primaryKey="ID" autoIncrement="true" dataNode="dn1,dn2" rule="rule_common_hash2"/>
        <table name="tb_hash_sharding_er3" autoIncrement="true" incrementColumn="id2" dataNode="dn1,dn2" rule="rule_common_hash"/>

        <table name="tb_uneven_hash" dataNode="dn1,dn2,dn3" rule="rule_uneven_hash"/>

        <table name="tb_mod" dataNode="dn1,dn2,dn3,dn4" rule="rule_mod"/>

        <table name="tb_jump_hash" dataNode="dn1,dn2" rule="rule_jumpHash"/>

        <table name="tb_hash_string" dataNode="dn1,dn2,dn3,dn4" rule="rule_hashString"/>

        <table name="tb_date" dataNode="dn1,dn2,dn3,dn4" rule="rule_date"/>

        <table name="tb_pattern" dataNode="dn1,dn2" rule="rule_pattern"/>

        <!--global  tables-->

        <table name="tb_global1" type="global" dataNode="dn1,dn2"/>
        <table name="tb_global2" type="global" dataNode="dn1,dn2,dn3,dn4"/>

        <!--single node table-->
        <table name="tb_single" dataNode="dn6"/>


        <!--er tables-->
        <table name="tb_parent" dataNode="dn1,dn2" rule="rule_common_hash">
            <childTable name="tb_child1" joinKey="child1_id" parentKey="id">
                <childTable name="tb_grandson1" joinKey="grandson1_id" parentKey="child1_id"/>
                <childTable name="tb_grandson2" joinKey="grandson2_id" parentKey="child1_id2"/>
            </childTable>
            <childTable name="tb_child2" joinKey="child2_id" parentKey="id"/>
            <childTable name="tb_child3" joinKey="child3_id" parentKey="id2"/>
        </table>

    </schema>


    <!-- schema testdb2 route to database named dn5 in localhost2  -->
    <schema name="testdb2" dataNode="dn5">
    </schema>

    <!-- <dataNode name="dn1$0-743" dataHost="dataHost1" database="db$0-743" /> -->
    <dataNode name="dn1" dataHost="dataHost1" database="db_1"/>
    <dataNode name="dn2" dataHost="dataHost2" database="db_2"/>
    <dataNode name="dn3" dataHost="dataHost1" database="db_3"/>
    <dataNode name="dn4" dataHost="dataHost2" database="db_4"/>
    <dataNode name="dn5" dataHost="dataHost1" database="db_5"/>
    <dataNode name="dn6" dataHost="dataHost2" database="db_6"/>


    <dataHost name="dataHost1" maxCon="1000" minCon="10" balance="0" switchType="-1" slaveThreshold="100">
        <heartbeat>show slave status</heartbeat>
        <!-- can have multi write hosts -->
        <writeHost host="hostM1" url="ip1:3306" user="your_user" password="your_psw">
            <!-- can have multi read hosts -->
            <readHost host="hostS1" url="ip2:3306" user="your_user" password="your_psw"/>
        </writeHost>
        <!--<writeHost host="hostM3" url="ip3:3306" user="your_user" password="your_psw"/>-->
    </dataHost>
    <dataHost name="dataHost2" maxCon="1000" minCon="10" balance="0" switchType="-1" slaveThreshold="100">
        <heartbeat>show slave status</heartbeat>
        <!-- can have multi write hosts -->
        <writeHost host="hostM2" url="ip4:3306" user="your_user" password="your_psw">
            <!-- can have multi read hosts -->
            <readHost host="hostS2" url="ip5:3306" user="your_user" password="your_psw"/>
        </writeHost>
    </dataHost>
</dble:schema>