,method,stmtLineNumber,stmt
0,<de.ecspride.MyLocationListener: void onLocationChanged(android.location.Location)>,-1,$d0 = virtualinvoke $r1.<android.location.Location: double getLatitude()>()
1,<de.ecspride.MyLocationListener: void onLocationChanged(android.location.Location)>,-1,$r3 = virtualinvoke $r3.<java.lang.StringBuilder: java.lang.StringBuilder append(double)>($d0)
2,<de.ecspride.MyLocationListener: void onLocationChanged(android.location.Location)>,-1,$r4 = virtualinvoke $r3.<java.lang.StringBuilder: java.lang.String toString()>()
3,<de.ecspride.MyLocationListener: void onLocationChanged(android.location.Location)>,-1,interfaceinvoke $r2.<de.ecspride.IDataProvider: void setData(java.lang.String)>($r4)
4,<de.ecspride.LocationLeak3: void setData(java.lang.String)>,-1,r0.<de.ecspride.LocationLeak3: java.lang.String data> = $r1
5,<de.ecspride.LocationLeak3: void setData(java.lang.String)>,-1,r0 := @this: de.ecspride.LocationLeak3
6,<de.ecspride.MyLocationListener: void onLocationChanged(android.location.Location)>,-1,$r2 = r0.<de.ecspride.MyLocationListener: de.ecspride.IDataProvider dataProvider>
7,<de.ecspride.MyLocationListener: void onLocationChanged(android.location.Location)>,-1,r0 := @this: de.ecspride.MyLocationListener
8,<dummyMainClass: de.ecspride.LocationLeak3 dummyMainMethod_de_ecspride_LocationLeak3(android.content.Intent)>,-1,specialinvoke $r1.<de.ecspride.MyLocationListener: void <init>(de.ecspride.IDataProvider)>($r0)
9,<de.ecspride.MyLocationListener: void <init>(de.ecspride.IDataProvider)>,-1,r0.<de.ecspride.MyLocationListener: de.ecspride.IDataProvider dataProvider> = $r1
10,<de.ecspride.MyLocationListener: void <init>(de.ecspride.IDataProvider)>,-1,return
11,<dummyMainClass: de.ecspride.LocationLeak3 dummyMainMethod_de_ecspride_LocationLeak3(android.content.Intent)>,-1,virtualinvoke $r0.<de.ecspride.LocationLeak3: void onResume()>()
12,<de.ecspride.LocationLeak3: void onResume()>,-1,$r2 = r0.<de.ecspride.LocationLeak3: java.lang.String data>
13,<de.ecspride.LocationLeak3: void onResume()>,-1,$r1 = virtualinvoke $r1.<java.lang.StringBuilder: java.lang.StringBuilder append(java.lang.String)>($r2)
14,<de.ecspride.LocationLeak3: void onResume()>,-1,$r2 = virtualinvoke $r1.<java.lang.StringBuilder: java.lang.String toString()>()
15,<de.ecspride.LocationLeak3: void onResume()>,-1,"staticinvoke <android.util.Log: int d(java.lang.String,java.lang.String)>(""Location"", $r2)"
