,method,stmtLineNumber,stmt
0,<de.ecspride.MainActivity: void aliasFlowTest()>,-1,$r7 = virtualinvoke r6.<android.telephony.TelephonyManager: java.lang.String getDeviceId()>()
1,<de.ecspride.MainActivity: void aliasFlowTest()>,-1,r4.<de.ecspride.MainActivity$A: java.lang.String b> = $r7
2,<de.ecspride.MainActivity: void aliasFlowTest()>,-1,r2 = r4
3,<de.ecspride.MainActivity: void aliasFlowTest()>,-1,r3.<de.ecspride.MainActivity$B: de.ecspride.MainActivity$A attr> = r2
4,<de.ecspride.MainActivity: void aliasFlowTest()>,-1,r3 = r1
5,<de.ecspride.MainActivity: void aliasFlowTest()>,-1,r2 = r1.<de.ecspride.MainActivity$B: de.ecspride.MainActivity$A attr>
6,<de.ecspride.MainActivity: void aliasFlowTest()>,-1,$r7 = r2.<de.ecspride.MainActivity$A: java.lang.String b>
7,<de.ecspride.MainActivity: void aliasFlowTest()>,-1,"virtualinvoke $r8.<android.telephony.SmsManager: void sendTextMessage(java.lang.String,java.lang.String,java.lang.String,android.app.PendingIntent,android.app.PendingIntent)>(""+49 1234"", null, $r7, null, null)"
