{"onClick(Landroid\/view\/View;)V":{"1":"    iget-object p1, p0, Lde\/ecspride\/ListAccess1$1;->this$0:Lde\/ecspride\/ListAccess1;","2":"    new-instance v0, Ljava\/util\/LinkedList;","3":"    invoke-direct {v0}, Ljava\/util\/LinkedList;-><init>()V","4":"    iput-object v0, p1, Lde\/ecspride\/ListAccess1;->listData:Ljava\/util\/List;","5":"    iget-object p1, p0, Lde\/ecspride\/ListAccess1$1;->this$0:Lde\/ecspride\/ListAccess1;","6":"    iget-object p1, p1, Lde\/ecspride\/ListAccess1;->listData:Ljava\/util\/List;","7":"    const-string v0, \"not tainted\"","8":"    invoke-interface {p1, v0}, Ljava\/util\/List;->add(Ljava\/lang\/Object;)Z","9":"    iget-object p1, p0, Lde\/ecspride\/ListAccess1$1;->this$0:Lde\/ecspride\/ListAccess1;","10":"    iget-object p1, p1, Lde\/ecspride\/ListAccess1;->listData:Ljava\/util\/List;","11":"    iget-object v0, p0, Lde\/ecspride\/ListAccess1$1;->this$0:Lde\/ecspride\/ListAccess1;","12":"    const-string v1, \"phone\"","13":"    invoke-virtual {v0, v1}, Lde\/ecspride\/ListAccess1;->getSystemService(Ljava\/lang\/String;)Ljava\/lang\/Object;","14":"    move-result-object v0","15":"    check-cast v0, Landroid\/telephony\/TelephonyManager;","16":"    invoke-virtual {v0}, Landroid\/telephony\/TelephonyManager;->getDeviceId()Ljava\/lang\/String;","17":"    move-result-object v0","18":"    invoke-interface {p1, v0}, Ljava\/util\/List;->add(Ljava\/lang\/Object;)Z","19":"    iget-object p1, p0, Lde\/ecspride\/ListAccess1$1;->this$0:Lde\/ecspride\/ListAccess1;","20":"    iget-object p1, p1, Lde\/ecspride\/ListAccess1;->listData:Ljava\/util\/List;","21":"    const-string v0, \"neutral text\"","22":"    invoke-interface {p1, v0}, Ljava\/util\/List;->add(Ljava\/lang\/Object;)Z","23":"    invoke-static {}, Landroid\/telephony\/SmsManager;->getDefault()Landroid\/telephony\/SmsManager;","24":"    move-result-object v1","25":"    iget-object p1, p0, Lde\/ecspride\/ListAccess1$1;->this$0:Lde\/ecspride\/ListAccess1;","26":"    iget-object p1, p1, Lde\/ecspride\/ListAccess1;->listData:Ljava\/util\/List;","27":"    const\/4 v0, 0x0","28":"    invoke-interface {p1, v0}, Ljava\/util\/List;->get(I)Ljava\/lang\/Object;","29":"    move-result-object p1","30":"    move-object v4, p1","31":"    check-cast v4, Ljava\/lang\/String;","32":"    const-string v2, \"+49 1234\"","33":"    const\/4 v3, 0x0","34":"    const\/4 v5, 0x0","35":"    const\/4 v6, 0x0","36":"    invoke-virtual\/range {v1 .. v6}, Landroid\/telephony\/SmsManager;->sendTextMessage(Ljava\/lang\/String;Ljava\/lang\/String;Ljava\/lang\/String;Landroid\/app\/PendingIntent;Landroid\/app\/PendingIntent;)V","37":"    return-void"},"<init>(Lde\/ecspride\/ListAccess1;)V":{"1":"    iput-object p1, p0, Lde\/ecspride\/ListAccess1$1;->this$0:Lde\/ecspride\/ListAccess1;","2":"    invoke-direct {p0}, Ljava\/lang\/Object;-><init>()V","3":"    return-void"}}