{
    "tool": {
        "decomposition": {
            "partition0": [
                {
                    "id": "Borrower.Borrower"
                },
                {
                    "id": "Borrower.createEmpty"
                },
                {
                    "id": "Borrower.equals"
                },
                {
                    "id": "Borrower.hashCode"
                },
                {
                    "id": "Borrower.isEmpty"
                },
                {
                    "id": "Borrower.toOutputString"
                },
                {
                    "id": "Borrower.toString"
                },
                {
                    "id": "Loan.Loan"
                },
                {
                    "id": "Loan.createEmpty"
                },
                {
                    "id": "Loan.equals"
                },
                {
                    "id": "Loan.hashCode"
                },
                {
                    "id": "Loan.isEmpty"
                },
                {
                    "id": "Loan.toString"
                },
                {
                    "id": "Book.Book"
                },
                {
                    "id": "Book.createEmpty"
                },
                {
                    "id": "Book.equals"
                },
                {
                    "id": "Book.hashCode"
                },
                {
                    "id": "Book.isEmpty"
                },
                {
                    "id": "Book.toOutputString"
                },
                {
                    "id": "Book.toString"
                },
                {
                    "id": "LibraryRegisterBorrowerServlet.LibraryRegisterBorrowerServlet"
                },
                {
                    "id": "LibraryRegisterBorrowerServlet.doPost"
                },
                {
                    "id": "LibraryBookListSearchServlet.LibraryBookListSearchServlet"
                },
                {
                    "id": "LibraryBookListSearchServlet.doGet"
                },
                {
                    "id": "LibraryBookListSearchServlet.listAllBooks"
                },
                {
                    "id": "LibraryBookListSearchServlet.searchById"
                },
                {
                    "id": "LibraryBookListSearchServlet.searchByTitle"
                },
                {
                    "id": "LibraryLendServlet.LibraryLendServlet"
                },
                {
                    "id": "LibraryLendServlet.doPost"
                },
                {
                    "id": "LibraryLendServlet.getDateNow"
                },
                {
                    "id": "LibraryBorrowerListSearchServlet.LibraryBorrowerListSearchServlet"
                },
                {
                    "id": "LibraryBorrowerListSearchServlet.doGet"
                },
                {
                    "id": "LibraryBorrowerListSearchServlet.listAllBorrowers"
                },
                {
                    "id": "LibraryBorrowerListSearchServlet.searchById"
                },
                {
                    "id": "LibraryBorrowerListSearchServlet.searchByName"
                },
                {
                    "id": "LibraryRegisterBookServlet.LibraryRegisterBookServlet"
                },
                {
                    "id": "LibraryRegisterBookServlet.doPost"
                },
                {
                    "id": "LibraryUtils.lendBook"
                },
                {
                    "id": "LibraryUtils.createLoan"
                },
                {
                    "id": "LibraryUtils.registerBorrower"
                },
                {
                    "id": "LibraryUtils.saveNewBorrower"
                },
                {
                    "id": "LibraryUtils.registerBook"
                },
                {
                    "id": "LibraryUtils.saveNewBook"
                },
                {
                    "id": "LibraryUtils.searchForLoanByBook"
                },
                {
                    "id": "LibraryUtils.searchForLoanByBorrower"
                },
                {
                    "id": "LibraryUtils.searchForBorrowerByName"
                },
                {
                    "id": "LibraryUtils.searchForBookByTitle"
                },
                {
                    "id": "LibraryUtils.searchForBookById"
                },
                {
                    "id": "LibraryUtils.searchForBorrowerById"
                },
                {
                    "id": "LibraryUtils.deleteBook"
                },
                {
                    "id": "LibraryUtils.deleteBorrower"
                },
                {
                    "id": "LibraryUtils.listAllBooks"
                },
                {
                    "id": "LibraryUtils.listAllBorrowers"
                },
                {
                    "id": "LibraryUtils.listAvailableBooks"
                },
                {
                    "id": "LibraryBookListAvailableServlet.LibraryBookListAvailableServlet"
                },
                {
                    "id": "LibraryBookListAvailableServlet.doGet"
                },
                {
                    "id": "PersistenceLayer.saveNewBorrower"
                },
                {
                    "id": "PersistenceLayer.createLoan"
                },
                {
                    "id": "PersistenceLayer.saveNewBook"
                },
                {
                    "id": "PersistenceLayer.updateBorrower"
                },
                {
                    "id": "PersistenceLayer.deleteBook"
                },
                {
                    "id": "PersistenceLayer.deleteBorrower"
                },
                {
                    "id": "PersistenceLayer.getBorrowerName"
                },
                {
                    "id": "PersistenceLayer.searchBorrowerDataByName"
                },
                {
                    "id": "PersistenceLayer.searchBooksByTitle"
                },
                {
                    "id": "PersistenceLayer.searchBooksById"
                },
                {
                    "id": "PersistenceLayer.searchBorrowersById"
                },
                {
                    "id": "PersistenceLayer.listAllBooks"
                },
                {
                    "id": "PersistenceLayer.listAvailableBooks"
                },
                {
                    "id": "PersistenceLayer.listBooks"
                },
                {
                    "id": "PersistenceLayer.listAllBorrowers"
                },
                {
                    "id": "PersistenceLayer.searchForLoanByBorrower"
                },
                {
                    "id": "PersistenceLayer.searchForLoanByBook"
                }
            ],
            "partition1": [
                {
                    "id": "User.User"
                },
                {
                    "id": "User.createEmpty"
                },
                {
                    "id": "User.equals"
                },
                {
                    "id": "User.hashCode"
                },
                {
                    "id": "User.isEmpty"
                },
                {
                    "id": "User.toString"
                },
                {
                    "id": "PasswordResult.PasswordResult"
                },
                {
                    "id": "PasswordResult.createDefault"
                },
                {
                    "id": "PasswordResult.createEmpty"
                },
                {
                    "id": "PasswordResult.equals"
                },
                {
                    "id": "PasswordResult.hashCode"
                },
                {
                    "id": "PasswordResult.isEmpty"
                },
                {
                    "id": "PasswordResult.toPrettyString"
                },
                {
                    "id": "PasswordResult.toString"
                },
                {
                    "id": "RegistrationResult.RegistrationResult"
                },
                {
                    "id": "RegistrationResult.RegistrationResult"
                },
                {
                    "id": "RegistrationResult.createEmpty"
                },
                {
                    "id": "RegistrationResult.equals"
                },
                {
                    "id": "RegistrationResult.hashCode"
                },
                {
                    "id": "RegistrationResult.isEmpty"
                },
                {
                    "id": "RegistrationResult.toPrettyString"
                },
                {
                    "id": "RegistrationResult.toString"
                },
                {
                    "id": "PersistenceLayer.saveNewUser"
                },
                {
                    "id": "PersistenceLayer.searchForUserByName"
                },
                {
                    "id": "PersistenceLayer.areCredentialsValid"
                },
                {
                    "id": "PersistenceLayer.updateUserWithPassword"
                },
                {
                    "id": "PersistenceLayer.createHashedValueFromPassword"
                },
                {
                    "id": "PersistenceLayer.bytesToHex"
                },
                {
                    "id": "LibraryUtils.isEmpty"
                },
                {
                    "id": "LoginUtils.LoginUtils"
                },
                {
                    "id": "LoginUtils.LoginUtils"
                },
                {
                    "id": "LoginUtils.createEmpty"
                },
                {
                    "id": "LoginUtils.isEmpty"
                },
                {
                    "id": "LoginUtils.isUserRegistered"
                },
                {
                    "id": "RegistrationUtils.RegistrationUtils"
                },
                {
                    "id": "RegistrationUtils.RegistrationUtils"
                },
                {
                    "id": "RegistrationUtils.createEmpty"
                },
                {
                    "id": "RegistrationUtils.isEmpty"
                },
                {
                    "id": "RegistrationUtils.isPasswordGood"
                },
                {
                    "id": "RegistrationUtils.isUserInDatabase"
                },
                {
                    "id": "RegistrationUtils.processRegistration"
                },
                {
                    "id": "RegistrationUtils.saveToDatabase"
                },
                {
                    "id": "RegisterServlet.RegisterServlet"
                },
                {
                    "id": "RegisterServlet.doPost"
                },
                {
                    "id": "RegisterServlet.forwardToResult"
                },
                {
                    "id": "LoginServlet.LoginServlet"
                },
                {
                    "id": "LoginServlet.doPost"
                }
            ],
            "partition2": [
                {
                    "id": "PersistenceLayer.cleanAndMigrateDatabase"
                },
                {
                    "id": "PersistenceLayer.cleanDatabase"
                },
                {
                    "id": "PersistenceLayer.configureFlyway"
                },
                {
                    "id": "PersistenceLayer.migrateDatabase"
                },
                {
                    "id": "DbServlet.DbServlet"
                },
                {
                    "id": "DbServlet.DbServlet"
                },
                {
                    "id": "DbServlet.doGet"
                }
            ],
            "partition3": [
                {
                    "id": "DinnerPrices.DinnerPrices"
                },
                {
                    "id": "AlcoholResult.AlcoholResult"
                },
                {
                    "id": "AlcoholResult.returnEmpty"
                },
                {
                    "id": "MathServlet.MathServlet"
                },
                {
                    "id": "MathServlet.doPost"
                },
                {
                    "id": "MathServlet.forwardToResult"
                },
                {
                    "id": "MathServlet.putNumberInRequest"
                },
                {
                    "id": "MathServlet.setResultToSum"
                },
                {
                    "id": "AckServlet.AckServlet"
                },
                {
                    "id": "AckServlet.doPost"
                },
                {
                    "id": "AckServlet.forwardToResult"
                },
                {
                    "id": "AckServlet.putNumberInRequest"
                },
                {
                    "id": "AckServlet.regularRecursive"
                },
                {
                    "id": "AckServlet.tailRecursive"
                },
                {
                    "id": "FibServlet.FibServlet"
                },
                {
                    "id": "FibServlet.defaultRecursiveCalculation"
                },
                {
                    "id": "FibServlet.doPost"
                },
                {
                    "id": "FibServlet.forwardToResult"
                },
                {
                    "id": "FibServlet.putNumberInRequest"
                },
                {
                    "id": "FibServlet.tailRecursiveAlgo1Calc"
                },
                {
                    "id": "FibServlet.tailRecursiveAlgo2Calc"
                },
                {
                    "id": "AlcoholCalculator.AlcoholCalculator"
                },
                {
                    "id": "AlcoholCalculator.calculate"
                },
                {
                    "id": "Ackermann.Ackermann"
                },
                {
                    "id": "Ackermann.ack"
                },
                {
                    "id": "Ackermann.calculate"
                },
                {
                    "id": "Fibonacci.Fibonacci"
                },
                {
                    "id": "Fibonacci.calculate"
                }
            ]
        }
    }
}