,method,stmtLineNumber,stmt
0,<edu.mit.parcel.MainActivity: void onCreate(android.os.Bundle)>,-1,$r4 = virtualinvoke r3.<android.telephony.TelephonyManager: java.lang.String getDeviceId()>()
1,<edu.mit.parcel.MainActivity: void onCreate(android.os.Bundle)>,-1,virtualinvoke r0.<edu.mit.parcel.MainActivity: void writeParcel(java.lang.String)>($r4)
2,<edu.mit.parcel.MainActivity: void writeParcel(java.lang.String)>,-1,specialinvoke r2.<edu.mit.parcel.MainActivity$Foo: void <init>(java.lang.String)>($r1)
3,<edu.mit.parcel.MainActivity$Foo: void <init>(java.lang.String)>,-1,r0.<edu.mit.parcel.MainActivity$Foo: java.lang.String str> = $r1
4,<edu.mit.parcel.MainActivity$Foo: void <init>(java.lang.String)>,-1,return
5,<edu.mit.parcel.MainActivity: void writeParcel(java.lang.String)>,-1,virtualinvoke $r3.<android.os.Parcel: void writeValue(java.lang.Object)>(r2)
6,<edu.mit.parcel.MainActivity: void writeParcel(java.lang.String)>,-1,$r6 = virtualinvoke $r3.<android.os.Parcel: byte[] marshall()>()
7,<edu.mit.parcel.MainActivity: void writeParcel(java.lang.String)>,-1,$i0 = lengthof $r6
8,<edu.mit.parcel.MainActivity: void writeParcel(java.lang.String)>,-1,"virtualinvoke $r4.<android.os.Parcel: void unmarshall(byte[],int,int)>($r6, 0, $i0)"
9,<edu.mit.parcel.MainActivity: void writeParcel(java.lang.String)>,-1,$r9 = virtualinvoke $r4.<android.os.Parcel: java.lang.Object readValue(java.lang.ClassLoader)>($r8)
10,<edu.mit.parcel.MainActivity: void writeParcel(java.lang.String)>,-1,r2 = (edu.mit.parcel.MainActivity$Foo) $r9
11,<edu.mit.parcel.MainActivity: void writeParcel(java.lang.String)>,-1,$r1 = r2.<edu.mit.parcel.MainActivity$Foo: java.lang.String str>
12,<edu.mit.parcel.MainActivity: void writeParcel(java.lang.String)>,-1,"virtualinvoke $r5.<android.telephony.SmsManager: void sendTextMessage(java.lang.String,java.lang.String,java.lang.String,android.app.PendingIntent,android.app.PendingIntent)>(""+49 1234"", null, $r1, null, null)"
