{"customerName":"The Little Inn by the Bay",
  "dealerName":"BigJoe",
  "comments":"Here is your quote for our top-of-the-line fridge unit.",
  "terms":"60 days",
  "validUntil":"12/1/14",
  "unitDescription":"CoolnessExtreme",
  "additionalItems":[
    {"skuNumber":"ACC-0001", "shouldPreInstall":false,"amount":100.0},
    {"skuNumber":"ACC-0002", "shouldPreInstall":false,"amount":2.0}
  ],
  "unitCost":12000.0,
  "totalCost":18050.0,
  "discount":1500.0,
  "height":2.5,
  "width":5.0,
  "depth":8.0,
  "unit":"meters",
  "purpose":"Refrigerator",
  "ambientPeak":25.0,
  "ambientAverage":21.0,
  "buildOnSite":true,
  "city":"Wellfleet",
  "postalCode":"02667",
  "state":"MA"}
