,method,stmtLineNumber,stmt
0,<de.ecspride.MainActivity: void onCreate(android.os.Bundle)>,-1,$r7 = virtualinvoke r4.<android.telephony.TelephonyManager: java.lang.String getDeviceId()>()
1,<de.ecspride.MainActivity: void onCreate(android.os.Bundle)>,-1,"specialinvoke $r6.<de.ecspride.MainActivity$MyRunnable: void <init>(de.ecspride.MainActivity,java.lang.String)>(r0, $r7)"
2,"<de.ecspride.MainActivity$MyRunnable: void <init>(de.ecspride.MainActivity,java.lang.String)>",-1,r0.<de.ecspride.MainActivity$MyRunnable: java.lang.String deviceId> = $r2
3,"<de.ecspride.MainActivity$MyRunnable: void <init>(de.ecspride.MainActivity,java.lang.String)>",-1,return
4,<de.ecspride.MainActivity: void onCreate(android.os.Bundle)>,-1,interfaceinvoke $r5.<java.util.concurrent.ExecutorService: void execute(java.lang.Runnable)>($r6)
5,<de.ecspride.MainActivity$MyRunnable: void run()>,-1,$r1 = r0.<de.ecspride.MainActivity$MyRunnable: java.lang.String deviceId>
6,<de.ecspride.MainActivity$MyRunnable: void run()>,-1,"staticinvoke <android.util.Log: int d(java.lang.String,java.lang.String)>(""DroidBench"", $r1)"
