,method,stmtLineNumber,stmt
0,<de.ecspride.MainActivity: void onCreate(android.os.Bundle)>,-1,$r9 = virtualinvoke r8.<android.telephony.TelephonyManager: java.lang.String getDeviceId()>()
1,<de.ecspride.MainActivity: void onCreate(android.os.Bundle)>,-1,r0.<de.ecspride.MainActivity: java.lang.String imei> = $r9
2,<de.ecspride.MainActivity: void onCreate(android.os.Bundle)>,-1,r0 := @this: de.ecspride.MainActivity
3,<dummyMainClass: de.ecspride.MainActivity dummyMainMethod_de_ecspride_MainActivity(android.content.Intent)>,-1,specialinvoke $r0.<de.ecspride.MainActivity: void <init>()>()
4,<de.ecspride.MainActivity: void <init>()>,-1,r0 := @this: de.ecspride.MainActivity
5,<dummyMainClass: de.ecspride.MainActivity dummyMainMethod_de_ecspride_MainActivity(android.content.Intent)>,-1,virtualinvoke $r0.<de.ecspride.MainActivity: void onCreate(android.os.Bundle)>(null)
6,<de.ecspride.MainActivity: void onCreate(android.os.Bundle)>,-1,"specialinvoke $r10.<de.ecspride.MainActivity$MyTask: void <init>(de.ecspride.MainActivity,de.ecspride.MainActivity$MyTask)>(r0, null)"
7,"<de.ecspride.MainActivity$MyTask: void <init>(de.ecspride.MainActivity,de.ecspride.MainActivity$MyTask)>",-1,specialinvoke r0.<de.ecspride.MainActivity$MyTask: void <init>(de.ecspride.MainActivity)>($r1)
8,<de.ecspride.MainActivity$MyTask: void <init>(de.ecspride.MainActivity)>,-1,r0.<de.ecspride.MainActivity$MyTask: de.ecspride.MainActivity this$0> = $r1
9,<de.ecspride.MainActivity$MyTask: void <init>(de.ecspride.MainActivity)>,-1,r0 := @this: de.ecspride.MainActivity$MyTask
10,"<de.ecspride.MainActivity$MyTask: void <init>(de.ecspride.MainActivity,de.ecspride.MainActivity$MyTask)>",-1,r0 := @this: de.ecspride.MainActivity$MyTask
11,<de.ecspride.MainActivity: void onCreate(android.os.Bundle)>,-1,"virtualinvoke r2.<java.util.Timer: void schedule(java.util.TimerTask,long)>($r10, 2000L)"
12,"<java.util.Timer: void schedule(java.util.TimerTask,long)>",-1,virtualinvoke param0.<java.util.TimerTask: void run()>()
13,<de.ecspride.MainActivity$MyTask: void run()>,-1,$r2 = r0.<de.ecspride.MainActivity$MyTask: de.ecspride.MainActivity this$0>
14,<de.ecspride.MainActivity$MyTask: void run()>,-1,$r3 = staticinvoke <de.ecspride.MainActivity: java.lang.String access$0(de.ecspride.MainActivity)>($r2)
15,<de.ecspride.MainActivity: java.lang.String access$0(de.ecspride.MainActivity)>,-1,r1 = $r0.<de.ecspride.MainActivity: java.lang.String imei>
16,<de.ecspride.MainActivity: java.lang.String access$0(de.ecspride.MainActivity)>,-1,return r1
17,<de.ecspride.MainActivity$MyTask: void run()>,-1,"virtualinvoke $r1.<android.telephony.SmsManager: void sendTextMessage(java.lang.String,java.lang.String,java.lang.String,android.app.PendingIntent,android.app.PendingIntent)>(""+49 1234"", null, $r3, null, null)"
