,method,stmtLineNumber,stmt
0,<edu.mit.public_api_field.MainActivity: void onCreate(android.os.Bundle)>,-1,$r5 = virtualinvoke r4.<android.telephony.TelephonyManager: java.lang.String getDeviceId()>()
1,<edu.mit.public_api_field.MainActivity: void onCreate(android.os.Bundle)>,-1,"$r6 = virtualinvoke $r5.<java.lang.String: java.lang.String substring(int,int)>(0, 8)"
2,<edu.mit.public_api_field.MainActivity: void onCreate(android.os.Bundle)>,-1,$r7 = staticinvoke <java.lang.Float: java.lang.Float valueOf(java.lang.String)>($r6)
3,<edu.mit.public_api_field.MainActivity: void onCreate(android.os.Bundle)>,-1,$f0 = virtualinvoke $r7.<java.lang.Float: float floatValue()>()
4,<edu.mit.public_api_field.MainActivity: void onCreate(android.os.Bundle)>,-1,"specialinvoke r2.<android.graphics.PointF: void <init>(float,float)>($f0, $f1)"
5,<edu.mit.public_api_field.MainActivity: void onCreate(android.os.Bundle)>,-1,$f0 = r2.<android.graphics.PointF: float x>
6,<edu.mit.public_api_field.MainActivity: void onCreate(android.os.Bundle)>,-1,$r8 = virtualinvoke $r8.<java.lang.StringBuilder: java.lang.StringBuilder append(float)>($f0)
7,<edu.mit.public_api_field.MainActivity: void onCreate(android.os.Bundle)>,-1,$r5 = virtualinvoke $r8.<java.lang.StringBuilder: java.lang.String toString()>()
8,<edu.mit.public_api_field.MainActivity: void onCreate(android.os.Bundle)>,-1,"staticinvoke <android.util.Log: int i(java.lang.String,java.lang.String)>(""DroidBench"", $r5)"
