,method,stmtLineNumber,stmt
0,<edu.mit.array_slice.MainActivity: void onCreate(android.os.Bundle)>,-1,$r5 = virtualinvoke r4.<android.telephony.TelephonyManager: java.lang.String getDeviceId()>()
1,<edu.mit.array_slice.MainActivity: void onCreate(android.os.Bundle)>,-1,r2[0] = $r5
2,<edu.mit.array_slice.MainActivity: void onCreate(android.os.Bundle)>,-1,r2 = r7[0]
3,<edu.mit.array_slice.MainActivity: void onCreate(android.os.Bundle)>,-1,r2 = r7[0]
4,<edu.mit.array_slice.MainActivity: void onCreate(android.os.Bundle)>,-1,$r5 = r2[0]
5,<edu.mit.array_slice.MainActivity: void onCreate(android.os.Bundle)>,-1,"staticinvoke <android.util.Log: int i(java.lang.String,java.lang.String)>(""DroidBench"", $r5)"
