{"tool": {"decomposition": {"uncounted": [{"id": "AppInsightsFilter"}, {"id": "PingController"}, {"id": "MongoDBProperties"}, {"id": "OrderingInitializer"}, {"id": "OrderingServiceProperties"}, {"id": "PostgresqlProperties"}, {"id": "PropertyHelper"}, {"id": "MockDealersRepository"}, {"id": "Dealer"}, {"id": "MongoOperationsWithRetry"}, {"id": "MongoDealersRepository"}], "order": [{"id": "BadRequestException"}, {"id": "ConflictingRequestException"}, {"id": "OrderController"}, {"id": "Order"}, {"id": "OrderEventInfo"}, {"id": "OrderStatus"}, {"id": "OrderUpdateInfo"}, {"id": "OrderingConfiguration"}, {"id": "MockOrderRepository"}, {"id": "OrderDetails"}, {"id": "MongoOrderRepository"}, {"id": "OrderRepository"}, {"id": "RepositoryFactory"}, {"id": "SimpleCORSFilter"}, {"id": "TestPath"}, {"id": "Utility"}], "quote": [{"id": "BadRequestException"}, {"id": "QuoteController"}, {"id": "Quote"}, {"id": "QuoteItemInfo"}, {"id": "OrderingConfiguration"}, {"id": "MockQuoteRepository"}, {"id": "QuoteDetails"}, {"id": "MongoQuoteRepository"}, {"id": "QuoteRepository"}, {"id": "RepositoryFactory"}, {"id": "SimpleCORSFilter"}, {"id": "TestPath"}, {"id": "Utility"}], "shipment": [{"id": "BadRequestException"}, {"id": "ConflictingRequestException"}, {"id": "ShipmentController"}, {"id": "Delivery"}, {"id": "DeliveryAddress"}, {"id": "PhoneInfo"}, {"id": "ShipmentEventInfo"}, {"id": "ShipmentRecord"}, {"id": "OrderingConfiguration"}, {"id": "MockShipmentRepository"}, {"id": "ShipmentDetails"}, {"id": "MongoShipmentRepository"}, {"id": "RepositoryFactory"}, {"id": "ShipmentRepository"}, {"id": "SimpleCORSFilter"}, {"id": "TestPath"}, {"id": "Utility"}], "catalog": [{"id": "CatalogController"}, {"id": "CatalogItem"}, {"id": "OrderingConfiguration"}, {"id": "CatalogItemsRepository"}, {"id": "MockCatalogItemsRepository"}, {"id": "CatalogItem1"}, {"id": "MongoCatalogItemsRepository"}, {"id": "RepositoryFactory"}, {"id": "SimpleCORSFilter"}, {"id": "TestPath"}, {"id": "Utility"}], "dealer": [{"id": "DealerController"}, {"id": "DealerInfo"}, {"id": "OrderingConfiguration"}, {"id": "DealersRepository"}, {"id": "MongoDealsRepository"}, {"id": "Utility"}]}}}