{
    "1_structural_static": {
        "decomposition": {
            "catalog": [
                {
                    "id": "[duplicate (catalog)] TestPath"
                },
                {
                    "id": "CatalogItem"
                },
                {
                    "id": "MongoCatalogItemsRepository"
                },
                {
                    "id": "CatalogItemsRepository"
                },
                {
                    "id": "MockCatalogItemsRepository"
                },
                {
                    "id": "[duplicate (catalog)] RepositoryFactory"
                },
                {
                    "id": "CatalogItem1"
                },
                {
                    "id": "CatalogController"
                },
                {
                    "id": "[duplicate (catalog)] Utility"
                },
                {
                    "id": "[duplicate (catalog)] SimpleCORSFilter"
                },
                {
                    "id": "[duplicate (catalog)] OrderingConfiguration"
                }
            ],
            "dealer": [
                {
                    "id": "DealerController"
                },
                {
                    "id": "DealersRepository"
                },
                {
                    "id": "[duplicate (dealer)] Utility"
                },
                {
                    "id": "DealerInfo"
                },
                {
                    "id": "[duplicate (dealer)] OrderingConfiguration"
                }
            ],
            "order": [
                {
                    "id": "MockOrderRepository"
                },
                {
                    "id": "MongoOrderRepository"
                },
                {
                    "id": "OrderStatus"
                },
                {
                    "id": "[duplicate (order)] TestPath"
                },
                {
                    "id": "[duplicate (order)] ConflictingRequestException"
                },
                {
                    "id": "[duplicate (order)] RepositoryFactory"
                },
                {
                    "id": "OrderDetails"
                },
                {
                    "id": "Order"
                },
                {
                    "id": "OrderRepository"
                },
                {
                    "id": "[duplicate (order)] OrderingConfiguration"
                },
                {
                    "id": "[duplicate (order)] BadRequestException"
                },
                {
                    "id": "OrderController"
                },
                {
                    "id": "[duplicate (order)] Utility"
                },
                {
                    "id": "OrderEventInfo"
                },
                {
                    "id": "[duplicate (order)] SimpleCORSFilter"
                },
                {
                    "id": "OrderUpdateInfo"
                }
            ],
            "quote": [
                {
                    "id": "[duplicate (quote)] TestPath"
                },
                {
                    "id": "MongoQuoteRepository"
                },
                {
                    "id": "[duplicate (quote)] RepositoryFactory"
                },
                {
                    "id": "QuoteController"
                },
                {
                    "id": "MockQuoteRepository"
                },
                {
                    "id": "QuoteRepository"
                },
                {
                    "id": "QuoteDetails"
                },
                {
                    "id": "[duplicate (quote)] BadRequestException"
                },
                {
                    "id": "[duplicate (quote)] Utility"
                },
                {
                    "id": "QuoteItemInfo"
                },
                {
                    "id": "Quote"
                },
                {
                    "id": "[duplicate (quote)] SimpleCORSFilter"
                },
                {
                    "id": "[duplicate (quote)] OrderingConfiguration"
                }
            ],
            "shipment": [
                {
                    "id": "[duplicate (shipment)] TestPath"
                },
                {
                    "id": "MockShipmentRepository"
                },
                {
                    "id": "ShipmentRecord"
                },
                {
                    "id": "[duplicate (shipment)] ConflictingRequestException"
                },
                {
                    "id": "MongoShipmentRepository"
                },
                {
                    "id": "DeliveryAddress"
                },
                {
                    "id": "[duplicate (shipment)] RepositoryFactory"
                },
                {
                    "id": "Delivery"
                },
                {
                    "id": "ShipmentEventInfo"
                },
                {
                    "id": "ShipmentDetails"
                },
                {
                    "id": "PhoneInfo"
                },
                {
                    "id": "ShipmentRepository"
                },
                {
                    "id": "[duplicate (shipment)] BadRequestException"
                },
                {
                    "id": "[duplicate (shipment)] Utility"
                },
                {
                    "id": "ShipmentController"
                },
                {
                    "id": "[duplicate (shipment)] SimpleCORSFilter"
                },
                {
                    "id": "[duplicate (shipment)] OrderingConfiguration"
                }
            ]
        },
        "links": [
            {
                "source": "[duplicate (order)] ConflictingRequestException",
                "target": "[duplicate (order)] BadRequestException",
                "weight": "1"
            },
            {
                "source": "[duplicate (shipment)] ConflictingRequestException",
                "target": "[duplicate (shipment)] BadRequestException",
                "weight": "1"
            },
            {
                "source": "[duplicate (order)] OrderingConfiguration",
                "target": "[duplicate (order)] Utility",
                "weight": "2"
            },
            {
                "source": "[duplicate (quote)] OrderingConfiguration",
                "target": "[duplicate (quote)] Utility",
                "weight": "2"
            },
            {
                "source": "[duplicate (shipment)] OrderingConfiguration",
                "target": "[duplicate (shipment)] Utility",
                "weight": "2"
            },
            {
                "source": "[duplicate (catalog)] OrderingConfiguration",
                "target": "[duplicate (catalog)] Utility",
                "weight": "2"
            },
            {
                "source": "[duplicate (dealer)] OrderingConfiguration",
                "target": "[duplicate (dealer)] Utility",
                "weight": "2"
            },
            {
                "source": "[duplicate (order)] OrderingConfiguration",
                "target": "[duplicate (order)] RepositoryFactory",
                "weight": "2"
            },
            {
                "source": "[duplicate (quote)] OrderingConfiguration",
                "target": "[duplicate (quote)] RepositoryFactory",
                "weight": "2"
            },
            {
                "source": "[duplicate (shipment)] OrderingConfiguration",
                "target": "[duplicate (shipment)] RepositoryFactory",
                "weight": "2"
            },
            {
                "source": "[duplicate (catalog)] OrderingConfiguration",
                "target": "[duplicate (catalog)] RepositoryFactory",
                "weight": "2"
            },
            {
                "source": "[duplicate (order)] Utility",
                "target": "[duplicate (order)] OrderingConfiguration",
                "weight": "1"
            },
            {
                "source": "[duplicate (quote)] Utility",
                "target": "[duplicate (quote)] OrderingConfiguration",
                "weight": "1"
            },
            {
                "source": "[duplicate (shipment)] Utility",
                "target": "[duplicate (shipment)] OrderingConfiguration",
                "weight": "1"
            },
            {
                "source": "[duplicate (catalog)] Utility",
                "target": "[duplicate (catalog)] OrderingConfiguration",
                "weight": "1"
            },
            {
                "source": "[duplicate (dealer)] Utility",
                "target": "[duplicate (dealer)] OrderingConfiguration",
                "weight": "1"
            },
            {
                "source": "CatalogController",
                "target": "[duplicate (catalog)] Utility",
                "weight": "5"
            },
            {
                "source": "CatalogController",
                "target": "CatalogItem",
                "weight": "3"
            },
            {
                "source": "CatalogController",
                "target": "CatalogItemsRepository",
                "weight": "7"
            },
            {
                "source": "CatalogController",
                "target": "[duplicate (catalog)] RepositoryFactory",
                "weight": "1"
            },
            {
                "source": "DealerController",
                "target": "[duplicate (dealer)] Utility",
                "weight": "5"
            },
            {
                "source": "DealerController",
                "target": "DealerInfo",
                "weight": "3"
            },
            {
                "source": "DealerController",
                "target": "DealersRepository",
                "weight": "7"
            },
            {
                "source": "OrderController",
                "target": "[duplicate (order)] Utility",
                "weight": "7"
            },
            {
                "source": "OrderController",
                "target": "Order",
                "weight": "4"
            },
            {
                "source": "OrderController",
                "target": "OrderEventInfo",
                "weight": "2"
            },
            {
                "source": "OrderController",
                "target": "OrderRepository",
                "weight": "10"
            },
            {
                "source": "OrderController",
                "target": "[duplicate (order)] BadRequestException",
                "weight": "2"
            },
            {
                "source": "OrderController",
                "target": "[duplicate (order)] ConflictingRequestException",
                "weight": "1"
            },
            {
                "source": "OrderController",
                "target": "QuoteRepository",
                "weight": "1"
            },
            {
                "source": "OrderController",
                "target": "[duplicate (order)] RepositoryFactory",
                "weight": "2"
            },
            {
                "source": "OrderController",
                "target": "OrderUpdateInfo",
                "weight": "1"
            },
            {
                "source": "QuoteController",
                "target": "[duplicate (quote)] BadRequestException",
                "weight": "1"
            },
            {
                "source": "QuoteController",
                "target": "[duplicate (quote)] Utility",
                "weight": "5"
            },
            {
                "source": "QuoteController",
                "target": "Quote",
                "weight": "3"
            },
            {
                "source": "QuoteController",
                "target": "QuoteRepository",
                "weight": "5"
            },
            {
                "source": "QuoteController",
                "target": "[duplicate (quote)] RepositoryFactory",
                "weight": "1"
            },
            {
                "source": "ShipmentController",
                "target": "[duplicate (shipment)] Utility",
                "weight": "6"
            },
            {
                "source": "ShipmentController",
                "target": "ShipmentEventInfo",
                "weight": "2"
            },
            {
                "source": "ShipmentController",
                "target": "ShipmentRepository",
                "weight": "10"
            },
            {
                "source": "ShipmentController",
                "target": "[duplicate (shipment)] BadRequestException",
                "weight": "1"
            },
            {
                "source": "ShipmentController",
                "target": "ShipmentRecord",
                "weight": "5"
            },
            {
                "source": "ShipmentController",
                "target": "Delivery",
                "weight": "4"
            },
            {
                "source": "ShipmentController",
                "target": "Order",
                "weight": "1"
            },
            {
                "source": "ShipmentController",
                "target": "OrderStatus",
                "weight": "1"
            },
            {
                "source": "ShipmentController",
                "target": "OrderRepository",
                "weight": "1"
            },
            {
                "source": "ShipmentController",
                "target": "QuoteRepository",
                "weight": "1"
            },
            {
                "source": "ShipmentController",
                "target": "[duplicate (shipment)] RepositoryFactory",
                "weight": "3"
            },
            {
                "source": "CatalogItem",
                "target": "[duplicate (catalog)] Utility",
                "weight": "1"
            },
            {
                "source": "DealerInfo",
                "target": "[duplicate (dealer)] Utility",
                "weight": "1"
            },
            {
                "source": "Order",
                "target": "OrderStatus",
                "weight": "2"
            },
            {
                "source": "Order",
                "target": "[duplicate (order)] Utility",
                "weight": "1"
            },
            {
                "source": "OrderUpdateInfo",
                "target": "OrderEventInfo",
                "weight": "1"
            },
            {
                "source": "Quote",
                "target": "QuoteItemInfo",
                "weight": "1"
            },
            {
                "source": "Quote",
                "target": "[duplicate (quote)] Utility",
                "weight": "1"
            },
            {
                "source": "ShipmentRecord",
                "target": "ShipmentEventInfo",
                "weight": "4"
            },
            {
                "source": "ShipmentRecord",
                "target": "DeliveryAddress",
                "weight": "1"
            },
            {
                "source": "[duplicate (order)] RepositoryFactory",
                "target": "[duplicate (order)] OrderingConfiguration",
                "weight": "1"
            },
            {
                "source": "[duplicate (quote)] RepositoryFactory",
                "target": "[duplicate (quote)] OrderingConfiguration",
                "weight": "1"
            },
            {
                "source": "[duplicate (shipment)] RepositoryFactory",
                "target": "[duplicate (shipment)] OrderingConfiguration",
                "weight": "1"
            },
            {
                "source": "[duplicate (catalog)] RepositoryFactory",
                "target": "[duplicate (catalog)] OrderingConfiguration",
                "weight": "1"
            },
            {
                "source": "[duplicate (catalog)] RepositoryFactory",
                "target": "MockCatalogItemsRepository",
                "weight": "1"
            },
            {
                "source": "[duplicate (order)] RepositoryFactory",
                "target": "MockOrderRepository",
                "weight": "1"
            },
            {
                "source": "[duplicate (quote)] RepositoryFactory",
                "target": "MockQuoteRepository",
                "weight": "1"
            },
            {
                "source": "[duplicate (shipment)] RepositoryFactory",
                "target": "MockShipmentRepository",
                "weight": "1"
            },
            {
                "source": "[duplicate (catalog)] RepositoryFactory",
                "target": "MongoCatalogItemsRepository",
                "weight": "1"
            },
            {
                "source": "[duplicate (order)] RepositoryFactory",
                "target": "MongoOrderRepository",
                "weight": "1"
            },
            {
                "source": "[duplicate (quote)] RepositoryFactory",
                "target": "MongoQuoteRepository",
                "weight": "1"
            },
            {
                "source": "[duplicate (shipment)] RepositoryFactory",
                "target": "MongoShipmentRepository",
                "weight": "1"
            },
            {
                "source": "MockCatalogItemsRepository",
                "target": "CatalogItem",
                "weight": "4"
            },
            {
                "source": "MockOrderRepository",
                "target": "[duplicate (order)] BadRequestException",
                "weight": "2"
            },
            {
                "source": "MockOrderRepository",
                "target": "[duplicate (order)] ConflictingRequestException",
                "weight": "1"
            },
            {
                "source": "MockOrderRepository",
                "target": "Order",
                "weight": "14"
            },
            {
                "source": "MockOrderRepository",
                "target": "OrderStatus",
                "weight": "3"
            },
            {
                "source": "MockOrderRepository",
                "target": "QuoteRepository",
                "weight": "2"
            },
            {
                "source": "MockOrderRepository",
                "target": "Quote",
                "weight": "1"
            },
            {
                "source": "MockOrderRepository",
                "target": "OrderUpdateInfo",
                "weight": "2"
            },
            {
                "source": "MockQuoteRepository",
                "target": "[duplicate (quote)] BadRequestException",
                "weight": "1"
            },
            {
                "source": "MockQuoteRepository",
                "target": "DealerInfo",
                "weight": "2"
            },
            {
                "source": "MockQuoteRepository",
                "target": "Quote",
                "weight": "9"
            },
            {
                "source": "MockQuoteRepository",
                "target": "DealersRepository",
                "weight": "4"
            },
            {
                "source": "MockShipmentRepository",
                "target": "ShipmentEventInfo",
                "weight": "3"
            },
            {
                "source": "MockShipmentRepository",
                "target": "ShipmentRecord",
                "weight": "10"
            },
            {
                "source": "MockShipmentRepository",
                "target": "[duplicate (shipment)] BadRequestException",
                "weight": "1"
            },
            {
                "source": "MockShipmentRepository",
                "target": "OrderRepository",
                "weight": "2"
            },
            {
                "source": "MockShipmentRepository",
                "target": "Order",
                "weight": "1"
            },
            {
                "source": "MockShipmentRepository",
                "target": "OrderStatus",
                "weight": "1"
            },
            {
                "source": "MongoCatalogItemsRepository",
                "target": "CatalogItem",
                "weight": "5"
            },
            {
                "source": "MongoOrderRepository",
                "target": "[duplicate (order)] BadRequestException",
                "weight": "1"
            },
            {
                "source": "MongoOrderRepository",
                "target": "[duplicate (order)] ConflictingRequestException",
                "weight": "1"
            },
            {
                "source": "MongoOrderRepository",
                "target": "Order",
                "weight": "9"
            },
            {
                "source": "MongoOrderRepository",
                "target": "OrderStatus",
                "weight": "3"
            },
            {
                "source": "MongoOrderRepository",
                "target": "QuoteRepository",
                "weight": "2"
            },
            {
                "source": "MongoOrderRepository",
                "target": "OrderDetails",
                "weight": "9"
            },
            {
                "source": "MongoOrderRepository",
                "target": "OrderUpdateInfo",
                "weight": "2"
            },
            {
                "source": "MongoQuoteRepository",
                "target": "[duplicate (quote)] BadRequestException",
                "weight": "1"
            },
            {
                "source": "MongoQuoteRepository",
                "target": "DealerInfo",
                "weight": "2"
            },
            {
                "source": "MongoQuoteRepository",
                "target": "Quote",
                "weight": "6"
            },
            {
                "source": "MongoQuoteRepository",
                "target": "DealersRepository",
                "weight": "4"
            },
            {
                "source": "MongoQuoteRepository",
                "target": "QuoteDetails",
                "weight": "8"
            },
            {
                "source": "MongoShipmentRepository",
                "target": "ShipmentRecord",
                "weight": "4"
            },
            {
                "source": "MongoShipmentRepository",
                "target": "ShipmentDetails",
                "weight": "7"
            },
            {
                "source": "MongoShipmentRepository",
                "target": "[duplicate (shipment)] BadRequestException",
                "weight": "1"
            },
            {
                "source": "MongoShipmentRepository",
                "target": "[duplicate (shipment)] ConflictingRequestException",
                "weight": "1"
            },
            {
                "source": "MongoShipmentRepository",
                "target": "OrderRepository",
                "weight": "2"
            },
            {
                "source": "MongoShipmentRepository",
                "target": "Order",
                "weight": "1"
            },
            {
                "source": "CatalogItem",
                "target": "CatalogItem",
                "weight": "11"
            },
            {
                "source": "OrderDetails",
                "target": "Order",
                "weight": "11"
            },
            {
                "source": "QuoteDetails",
                "target": "Quote",
                "weight": "21"
            },
            {
                "source": "QuoteDetails",
                "target": "QuoteItemInfo",
                "weight": "2"
            },
            {
                "source": "ShipmentDetails",
                "target": "ShipmentRecord",
                "weight": "13"
            }
        ]
    },
    "3_business_use_cases": {
        "decomposition": {
            "Catalog USE CASE": [
                {
                    "id": "CATALOG USE CASE"
                }
            ],
            "Dealer USE CASE": [
                {
                    "id": "DEALER USE CASE"
                }
            ],
            "Order USE CASE": [
                {
                    "id": "ORDER USE CASE"
                }
            ],
            "Quote USE CASE": [
                {
                    "id": "QUOTE USE CASE"
                }
            ],
            "Shipment USE CASE": [
                {
                    "id": "SHIPMENT USE CASE"
                }
            ],
            "catalog": [
                {
                    "id": "[duplicate (catalog)] TestPath"
                },
                {
                    "id": "CatalogItem"
                },
                {
                    "id": "MongoCatalogItemsRepository"
                },
                {
                    "id": "CatalogItemsRepository"
                },
                {
                    "id": "MockCatalogItemsRepository"
                },
                {
                    "id": "[duplicate (catalog)] RepositoryFactory"
                },
                {
                    "id": "CatalogItem1"
                },
                {
                    "id": "CatalogController"
                },
                {
                    "id": "[duplicate (catalog)] Utility"
                },
                {
                    "id": "[duplicate (catalog)] SimpleCORSFilter"
                },
                {
                    "id": "[duplicate (catalog)] OrderingConfiguration"
                }
            ],
            "dealer": [
                {
                    "id": "DealerController"
                },
                {
                    "id": "DealersRepository"
                },
                {
                    "id": "[duplicate (dealer)] Utility"
                },
                {
                    "id": "DealerInfo"
                },
                {
                    "id": "[duplicate (dealer)] OrderingConfiguration"
                }
            ],
            "order": [
                {
                    "id": "MockOrderRepository"
                },
                {
                    "id": "MongoOrderRepository"
                },
                {
                    "id": "OrderStatus"
                },
                {
                    "id": "[duplicate (order)] TestPath"
                },
                {
                    "id": "[duplicate (order)] ConflictingRequestException"
                },
                {
                    "id": "[duplicate (order)] RepositoryFactory"
                },
                {
                    "id": "OrderDetails"
                },
                {
                    "id": "Order"
                },
                {
                    "id": "OrderRepository"
                },
                {
                    "id": "[duplicate (order)] OrderingConfiguration"
                },
                {
                    "id": "[duplicate (order)] BadRequestException"
                },
                {
                    "id": "OrderController"
                },
                {
                    "id": "[duplicate (order)] Utility"
                },
                {
                    "id": "OrderEventInfo"
                },
                {
                    "id": "[duplicate (order)] SimpleCORSFilter"
                },
                {
                    "id": "OrderUpdateInfo"
                }
            ],
            "quote": [
                {
                    "id": "[duplicate (quote)] TestPath"
                },
                {
                    "id": "MongoQuoteRepository"
                },
                {
                    "id": "[duplicate (quote)] RepositoryFactory"
                },
                {
                    "id": "QuoteController"
                },
                {
                    "id": "MockQuoteRepository"
                },
                {
                    "id": "QuoteRepository"
                },
                {
                    "id": "QuoteDetails"
                },
                {
                    "id": "[duplicate (quote)] BadRequestException"
                },
                {
                    "id": "[duplicate (quote)] Utility"
                },
                {
                    "id": "QuoteItemInfo"
                },
                {
                    "id": "Quote"
                },
                {
                    "id": "[duplicate (quote)] SimpleCORSFilter"
                },
                {
                    "id": "[duplicate (quote)] OrderingConfiguration"
                }
            ],
            "shipment": [
                {
                    "id": "[duplicate (shipment)] TestPath"
                },
                {
                    "id": "MockShipmentRepository"
                },
                {
                    "id": "ShipmentRecord"
                },
                {
                    "id": "[duplicate (shipment)] ConflictingRequestException"
                },
                {
                    "id": "MongoShipmentRepository"
                },
                {
                    "id": "DeliveryAddress"
                },
                {
                    "id": "[duplicate (shipment)] RepositoryFactory"
                },
                {
                    "id": "Delivery"
                },
                {
                    "id": "ShipmentEventInfo"
                },
                {
                    "id": "ShipmentDetails"
                },
                {
                    "id": "PhoneInfo"
                },
                {
                    "id": "ShipmentRepository"
                },
                {
                    "id": "[duplicate (shipment)] BadRequestException"
                },
                {
                    "id": "[duplicate (shipment)] Utility"
                },
                {
                    "id": "ShipmentController"
                },
                {
                    "id": "[duplicate (shipment)] SimpleCORSFilter"
                },
                {
                    "id": "[duplicate (shipment)] OrderingConfiguration"
                }
            ]
        },
        "links": [
            {
                "source": "CATALOG USE CASE",
                "target": "CatalogController",
                "weight": "49"
            },
            {
                "source": "CATALOG USE CASE",
                "target": "CatalogItem",
                "weight": "98"
            },
            {
                "source": "CATALOG USE CASE",
                "target": "MockCatalogItemsRepository",
                "weight": "53"
            },
            {
                "source": "CATALOG USE CASE",
                "target": "OrderingConfiguration",
                "weight": "5"
            },
            {
                "source": "CATALOG USE CASE",
                "target": "OrderingInitializer",
                "weight": "9"
            },
            {
                "source": "CATALOG USE CASE",
                "target": "RepositoryFactory",
                "weight": "44"
            },
            {
                "source": "CATALOG USE CASE",
                "target": "Utility",
                "weight": "52"
            },
            {
                "source": "DEALER USE CASE",
                "target": "DealerController",
                "weight": "69"
            },
            {
                "source": "DEALER USE CASE",
                "target": "DealerInfo",
                "weight": "208"
            },
            {
                "source": "DEALER USE CASE",
                "target": "DealersRepositoryTest",
                "weight": "19"
            },
            {
                "source": "DEALER USE CASE",
                "target": "MockDealersRepository",
                "weight": "88"
            },
            {
                "source": "DEALER USE CASE",
                "target": "OrderingConfiguration",
                "weight": "5"
            },
            {
                "source": "DEALER USE CASE",
                "target": "OrderingInitializer",
                "weight": "14"
            },
            {
                "source": "DEALER USE CASE",
                "target": "RepositoryFactory",
                "weight": "55"
            },
            {
                "source": "DEALER USE CASE",
                "target": "Utility",
                "weight": "42"
            },
            {
                "source": "ORDER USE CASE",
                "target": "DealerInfo",
                "weight": "5"
            },
            {
                "source": "ORDER USE CASE",
                "target": "MockCatalogItemsRepository",
                "weight": "5"
            },
            {
                "source": "ORDER USE CASE",
                "target": "MockDealersRepository",
                "weight": "15"
            },
            {
                "source": "ORDER USE CASE",
                "target": "MockOrderRepository",
                "weight": "46"
            },
            {
                "source": "ORDER USE CASE",
                "target": "MockQuoteRepository",
                "weight": "27"
            },
            {
                "source": "ORDER USE CASE",
                "target": "Order",
                "weight": "108"
            },
            {
                "source": "ORDER USE CASE",
                "target": "OrderController",
                "weight": "56"
            },
            {
                "source": "ORDER USE CASE",
                "target": "OrderEventInfo",
                "weight": "35"
            },
            {
                "source": "ORDER USE CASE",
                "target": "OrderUpdateInfo",
                "weight": "12"
            },
            {
                "source": "ORDER USE CASE",
                "target": "OrderingConfiguration",
                "weight": "5"
            },
            {
                "source": "ORDER USE CASE",
                "target": "OrderingInitializer",
                "weight": "10"
            },
            {
                "source": "ORDER USE CASE",
                "target": "Quote",
                "weight": "64"
            },
            {
                "source": "ORDER USE CASE",
                "target": "QuoteController",
                "weight": "10"
            },
            {
                "source": "ORDER USE CASE",
                "target": "QuoteRepositoryTest",
                "weight": "5"
            },
            {
                "source": "ORDER USE CASE",
                "target": "RepositoryFactory",
                "weight": "69"
            },
            {
                "source": "ORDER USE CASE",
                "target": "Utility",
                "weight": "20"
            },
            {
                "source": "QUOTE USE CASE",
                "target": "DealerInfo",
                "weight": "10"
            },
            {
                "source": "QUOTE USE CASE",
                "target": "MockCatalogItemsRepository",
                "weight": "5"
            },
            {
                "source": "QUOTE USE CASE",
                "target": "MockDealersRepository",
                "weight": "25"
            },
            {
                "source": "QUOTE USE CASE",
                "target": "MockQuoteRepository",
                "weight": "37"
            },
            {
                "source": "QUOTE USE CASE",
                "target": "OrderingConfiguration",
                "weight": "5"
            },
            {
                "source": "QUOTE USE CASE",
                "target": "OrderingInitializer",
                "weight": "8"
            },
            {
                "source": "QUOTE USE CASE",
                "target": "Quote",
                "weight": "109"
            },
            {
                "source": "QUOTE USE CASE",
                "target": "QuoteController",
                "weight": "42"
            },
            {
                "source": "QUOTE USE CASE",
                "target": "QuoteRepositoryTest",
                "weight": "9"
            },
            {
                "source": "QUOTE USE CASE",
                "target": "RepositoryFactory",
                "weight": "46"
            },
            {
                "source": "QUOTE USE CASE",
                "target": "Utility",
                "weight": "44"
            },
            {
                "source": "SHIPMENT USE CASE",
                "target": "DealerInfo",
                "weight": "5"
            },
            {
                "source": "SHIPMENT USE CASE",
                "target": "DeliveryAddress",
                "weight": "21"
            },
            {
                "source": "SHIPMENT USE CASE",
                "target": "MockCatalogItemsRepository",
                "weight": "5"
            },
            {
                "source": "SHIPMENT USE CASE",
                "target": "MockDealersRepository",
                "weight": "15"
            },
            {
                "source": "SHIPMENT USE CASE",
                "target": "MockOrderRepository",
                "weight": "27"
            },
            {
                "source": "SHIPMENT USE CASE",
                "target": "MockQuoteRepository",
                "weight": "25"
            },
            {
                "source": "SHIPMENT USE CASE",
                "target": "MockShipmentRepository",
                "weight": "34"
            },
            {
                "source": "SHIPMENT USE CASE",
                "target": "Order",
                "weight": "50"
            },
            {
                "source": "SHIPMENT USE CASE",
                "target": "OrderController",
                "weight": "18"
            },
            {
                "source": "SHIPMENT USE CASE",
                "target": "OrderEventInfo",
                "weight": "3"
            },
            {
                "source": "SHIPMENT USE CASE",
                "target": "OrderUpdateInfo",
                "weight": "3"
            },
            {
                "source": "SHIPMENT USE CASE",
                "target": "OrderingConfiguration",
                "weight": "5"
            },
            {
                "source": "SHIPMENT USE CASE",
                "target": "OrderingInitializer",
                "weight": "15"
            },
            {
                "source": "SHIPMENT USE CASE",
                "target": "Quote",
                "weight": "60"
            },
            {
                "source": "SHIPMENT USE CASE",
                "target": "QuoteController",
                "weight": "10"
            },
            {
                "source": "SHIPMENT USE CASE",
                "target": "QuoteRepositoryTest",
                "weight": "5"
            },
            {
                "source": "SHIPMENT USE CASE",
                "target": "RepositoryFactory",
                "weight": "76"
            },
            {
                "source": "SHIPMENT USE CASE",
                "target": "ShipmentController",
                "weight": "40"
            },
            {
                "source": "SHIPMENT USE CASE",
                "target": "ShipmentEventInfo",
                "weight": "7"
            },
            {
                "source": "SHIPMENT USE CASE",
                "target": "ShipmentRecord",
                "weight": "95"
            },
            {
                "source": "SHIPMENT USE CASE",
                "target": "ShipmentRepositoryTest",
                "weight": "5"
            },
            {
                "source": "SHIPMENT USE CASE",
                "target": "Utility",
                "weight": "20"
            }
        ]
    },
    "4_database_access": {
        "decomposition": {
            "CATALOG TABLE": [
                {
                    "id": "CATALOG TABLE"
                }
            ],
            "DEALERS TABLE": [
                {
                    "id": "DEALERS TABLE"
                }
            ],
            "ORDERS TABLE": [
                {
                    "id": "ORDERS TABLE"
                }
            ],
            "QUOTES TABLE": [
                {
                    "id": "QUOTES TABLE"
                }
            ],
            "SHIPMENTS TABLE": [
                {
                    "id": "SHIPMENTS TABLE"
                }
            ],
            "catalog": [
                {
                    "id": "[duplicate (catalog)] TestPath"
                },
                {
                    "id": "CatalogItem"
                },
                {
                    "id": "MongoCatalogItemsRepository"
                },
                {
                    "id": "CatalogItemsRepository"
                },
                {
                    "id": "MockCatalogItemsRepository"
                },
                {
                    "id": "[duplicate (catalog)] RepositoryFactory"
                },
                {
                    "id": "CatalogItem1"
                },
                {
                    "id": "CatalogController"
                },
                {
                    "id": "[duplicate (catalog)] Utility"
                },
                {
                    "id": "[duplicate (catalog)] SimpleCORSFilter"
                },
                {
                    "id": "[duplicate (catalog)] OrderingConfiguration"
                }
            ],
            "dealer": [
                {
                    "id": "DealerController"
                },
                {
                    "id": "DealersRepository"
                },
                {
                    "id": "[duplicate (dealer)] Utility"
                },
                {
                    "id": "DealerInfo"
                },
                {
                    "id": "[duplicate (dealer)] OrderingConfiguration"
                }
            ],
            "order": [
                {
                    "id": "MockOrderRepository"
                },
                {
                    "id": "MongoOrderRepository"
                },
                {
                    "id": "OrderStatus"
                },
                {
                    "id": "[duplicate (order)] TestPath"
                },
                {
                    "id": "[duplicate (order)] ConflictingRequestException"
                },
                {
                    "id": "[duplicate (order)] RepositoryFactory"
                },
                {
                    "id": "OrderDetails"
                },
                {
                    "id": "Order"
                },
                {
                    "id": "OrderRepository"
                },
                {
                    "id": "[duplicate (order)] OrderingConfiguration"
                },
                {
                    "id": "[duplicate (order)] BadRequestException"
                },
                {
                    "id": "OrderController"
                },
                {
                    "id": "[duplicate (order)] Utility"
                },
                {
                    "id": "OrderEventInfo"
                },
                {
                    "id": "[duplicate (order)] SimpleCORSFilter"
                },
                {
                    "id": "OrderUpdateInfo"
                }
            ],
            "quote": [
                {
                    "id": "[duplicate (quote)] TestPath"
                },
                {
                    "id": "MongoQuoteRepository"
                },
                {
                    "id": "[duplicate (quote)] RepositoryFactory"
                },
                {
                    "id": "QuoteController"
                },
                {
                    "id": "MockQuoteRepository"
                },
                {
                    "id": "QuoteRepository"
                },
                {
                    "id": "QuoteDetails"
                },
                {
                    "id": "[duplicate (quote)] BadRequestException"
                },
                {
                    "id": "[duplicate (quote)] Utility"
                },
                {
                    "id": "QuoteItemInfo"
                },
                {
                    "id": "Quote"
                },
                {
                    "id": "[duplicate (quote)] SimpleCORSFilter"
                },
                {
                    "id": "[duplicate (quote)] OrderingConfiguration"
                }
            ],
            "shipment": [
                {
                    "id": "[duplicate (shipment)] TestPath"
                },
                {
                    "id": "MockShipmentRepository"
                },
                {
                    "id": "ShipmentRecord"
                },
                {
                    "id": "[duplicate (shipment)] ConflictingRequestException"
                },
                {
                    "id": "MongoShipmentRepository"
                },
                {
                    "id": "DeliveryAddress"
                },
                {
                    "id": "[duplicate (shipment)] RepositoryFactory"
                },
                {
                    "id": "Delivery"
                },
                {
                    "id": "ShipmentEventInfo"
                },
                {
                    "id": "ShipmentDetails"
                },
                {
                    "id": "PhoneInfo"
                },
                {
                    "id": "ShipmentRepository"
                },
                {
                    "id": "[duplicate (shipment)] BadRequestException"
                },
                {
                    "id": "[duplicate (shipment)] Utility"
                },
                {
                    "id": "ShipmentController"
                },
                {
                    "id": "[duplicate (shipment)] SimpleCORSFilter"
                },
                {
                    "id": "[duplicate (shipment)] OrderingConfiguration"
                }
            ]
        },
        "links": [
            {
                "source": "CatalogController",
                "target": "CATALOG TABLE",
                "weight": "4"
            },
            {
                "source": "CatalogItemsRepository",
                "target": "CATALOG TABLE",
                "weight": "5"
            },
            {
                "source": "MongoCatalogItemsRepository",
                "target": "CATALOG TABLE",
                "weight": "6"
            },
            {
                "source": "DealerController",
                "target": "DEALERS TABLE",
                "weight": "5"
            },
            {
                "source": "DealersRepository",
                "target": "DEALERS TABLE",
                "weight": "5"
            },
            {
                "source": "MockQuoteRepository",
                "target": "DEALERS TABLE",
                "weight": "2"
            },
            {
                "source": "MongoDealersRepository",
                "target": "DEALERS TABLE",
                "weight": "5"
            },
            {
                "source": "MongoQuoteRepository",
                "target": "DEALERS TABLE",
                "weight": "2"
            },
            {
                "source": "MongoOrderRepository",
                "target": "ORDERS TABLE",
                "weight": "11"
            },
            {
                "source": "MongoShipmentRepository",
                "target": "ORDERS TABLE",
                "weight": "1"
            },
            {
                "source": "OrderController",
                "target": "ORDERS TABLE",
                "weight": "6"
            },
            {
                "source": "OrderRepository",
                "target": "ORDERS TABLE",
                "weight": "10"
            },
            {
                "source": "MongoOrderRepository",
                "target": "QUOTES TABLE",
                "weight": "1"
            },
            {
                "source": "MongoQuoteRepository",
                "target": "QUOTES TABLE",
                "weight": "8"
            },
            {
                "source": "QuoteController",
                "target": "QUOTES TABLE",
                "weight": "4"
            },
            {
                "source": "QuoteRepository",
                "target": "QUOTES TABLE",
                "weight": "7"
            },
            {
                "source": "MongoShipmentRepository",
                "target": "SHIPMENTS TABLE",
                "weight": "9"
            },
            {
                "source": "ShipmentController",
                "target": "SHIPMENTS TABLE",
                "weight": "7"
            },
            {
                "source": "ShipmentRepository",
                "target": "SHIPMENTS TABLE",
                "weight": "9"
            }
        ]
    }
}