{"tool": {"decomposition": {"CatalogService.ss": [{"id": "CatalogController"}, {"id": "MockCatalogItemsRepository"}, {"id": "CatalogItem"}, {"id": "Prometheus"}, {"id": "Catalog"}, {"id": "MongoCatalogItemsRepository"}, {"id": "CatalogItemsRepository"}, {"id": "RepositoryFactory"}, {"id": "TestPath"}, {"id": "CatalogServiceApplication"}, {"id": "SimpleCORSFilter"}, {"id": "Utility"}], "DealerService.ss": [{"id": "DealerController"}, {"id": "Dealer"}, {"id": "MockDealersRepository"}, {"id": "MongoDealersRepository"}, {"id": "Utility"}], "OrderService.ss": [{"id": "Order"}, {"id": "OrderController"}, {"id": "MockOrderRepository"}, {"id": "OrderUpdateInfo"}, {"id": "OrderEventInfo"}, {"id": "OrderNotFoundException"}, {"id": "Prometheus"}, {"id": "OrderStatus"}, {"id": "OrderDetails"}, {"id": "MongoOrderRepository"}, {"id": "OrderRepository"}, {"id": "RepositoryFactory"}, {"id": "TestPath"}, {"id": "BadRequestException"}, {"id": "ConflictingRequestException"}, {"id": "OrderServiceApplication"}, {"id": "SimpleCORSFilter"}, {"id": "Utility"}, {"id": "OrdersControllerTest"}, {"id": "SpringConfig"}], "QuoteService.ss": [{"id": "MockQuoteRepository"}, {"id": "Quote"}, {"id": "QuoteController"}, {"id": "Prometheus"}, {"id": "QuoteNotFoundException"}, {"id": "QuoteItemInfo"}, {"id": "QuoteDetails"}, {"id": "MongoQuoteRepository"}, {"id": "QuoteRepository"}, {"id": "RepositoryFactory"}, {"id": "TestPath"}, {"id": "BadRequestException"}, {"id": "QuoteServiceApplication"}, {"id": "SimpleCORSFilter"}, {"id": "Utility"}, {"id": "QuotesControllerTest"}, {"id": "SpringConfig"}], "ShipmentService.ss": [{"id": "MockShipmentRepository"}, {"id": "ShipmentRecord"}, {"id": "Utility"}, {"id": "ShipmentEventInfo"}, {"id": "ShipmentController"}, {"id": "DeliveryAddress"}, {"id": "Prometheus"}, {"id": "Delivery"}, {"id": "OrderStatus"}, {"id": "PhoneInfo"}, {"id": "ShipmentDetails"}, {"id": "MongoShipmentRepository"}, {"id": "RepositoryFactory"}, {"id": "ShipmentRepository"}, {"id": "TestPath"}, {"id": "BadRequestException"}, {"id": "ConflictingRequestException"}, {"id": "ShipmentServiceApplication"}, {"id": "SimpleCORSFilter"}]}}}