{"tool": {"decomposition": {"catalog": [{"id": "OrderingConfiguration.getApplicationContext"}, {"id": "OrderingConfiguration.getTelemetryClient"}, {"id": "OrderingConfiguration.main"}, {"id": "OrderingConfiguration.mongoTemplate"}, {"id": "OrderingConfiguration.OrderingConfiguration"}, {"id": "OrderingConfiguration.orderingServiceProperties"}, {"id": "OrderingConfiguration.repositoryFactory"}, {"id": "OrderingConfiguration.setApplicationContext"}, {"id": "RepositoryFactory.getFactory"}, {"id": "RepositoryFactory.init"}, {"id": "RepositoryFactory.RepositoryFactory"}, {"id": "RepositoryFactory.reset"}, {"id": "SimpleCORSFilter.destroy"}, {"id": "SimpleCORSFilter.doFilter"}, {"id": "SimpleCORSFilter.init"}, {"id": "TestPath.reset"}, {"id": "Utility.getTelemetryClient"}, {"id": "Utility.isNullOrEmpty"}, {"id": "Utility.validateStringField"}, {"id": "CatalogController.addCatalogItem"}, {"id": "CatalogController.getCatalogItem"}, {"id": "CatalogController.getCatalogItems"}, {"id": "CatalogController.getRepository"}, {"id": "CatalogController.removeCatalogItem"}, {"id": "CatalogController.upsertCatalogItem"}, {"id": "CatalogItem.CatalogItem"}, {"id": "CatalogItem.CatalogItem"}, {"id": "CatalogItem.CatalogItem"}, {"id": "CatalogItem.getDescription"}, {"id": "CatalogItem.getInventory"}, {"id": "CatalogItem.getLeadTime"}, {"id": "CatalogItem.getPrice"}, {"id": "CatalogItem.getSkuNumber"}, {"id": "CatalogItem.setDescription"}, {"id": "CatalogItem.setInventory"}, {"id": "CatalogItem.setLeadTime"}, {"id": "CatalogItem.setPrice"}, {"id": "CatalogItem.setSkuNumber"}, {"id": "CatalogItem.validate"}, {"id": "CatalogItemsRepository.getCatalogItem"}, {"id": "CatalogItemsRepository.getCatalogItems"}, {"id": "CatalogItemsRepository.removeCatalogItem"}, {"id": "CatalogItemsRepository.upsertCatalogItem"}, {"id": "MockCatalogItemsRepository.compareSkuNumbers"}, {"id": "MockCatalogItemsRepository.getCatalogItem"}, {"id": "MockCatalogItemsRepository.getCatalogItems"}, {"id": "MockCatalogItemsRepository.MockCatalogItemsRepository"}, {"id": "MockCatalogItemsRepository.removeCatalogItem"}, {"id": "MockCatalogItemsRepository.reset"}, {"id": "MockCatalogItemsRepository.upsertCatalogItem"}, {"id": "CatalogItem.CatalogItem"}, {"id": "CatalogItem.CatalogItem"}, {"id": "CatalogItem.getId"}, {"id": "CatalogItem.setId"}, {"id": "CatalogItem.toCatalogItem"}, {"id": "MongoCatalogItemsRepository.findExistingCatalogItem"}, {"id": "MongoCatalogItemsRepository.getCatalogItem"}, {"id": "MongoCatalogItemsRepository.getCatalogItems"}, {"id": "MongoCatalogItemsRepository.MongoCatalogItemsRepository"}, {"id": "MongoCatalogItemsRepository.removeCatalogItem"}, {"id": "MongoCatalogItemsRepository.reset"}, {"id": "MongoCatalogItemsRepository.upsertCatalogItem"}, {"id": "RepositoryFactory.getCatalogItemsRepository"}, {"id": "CatalogController.CatalogController"}, {"id": "Utility.Utility"}, {"id": "RepositoryFactory$Repositories.RepositoryFactory$Repositories"}, {"id": "SimpleCORSFilter.SimpleCORSFilter"}], "dealer": [{"id": "OrderingConfiguration.getApplicationContext"}, {"id": "OrderingConfiguration.getTelemetryClient"}, {"id": "OrderingConfiguration.main"}, {"id": "OrderingConfiguration.mongoTemplate"}, {"id": "OrderingConfiguration.OrderingConfiguration"}, {"id": "OrderingConfiguration.orderingServiceProperties"}, {"id": "OrderingConfiguration.repositoryFactory"}, {"id": "OrderingConfiguration.setApplicationContext"}, {"id": "Utility.getTelemetryClient"}, {"id": "Utility.isNullOrEmpty"}, {"id": "Utility.validateStringField"}, {"id": "DealerController.addDealer"}, {"id": "DealerController.getDealer"}, {"id": "DealerController.getDealers"}, {"id": "DealerController.getRepository"}, {"id": "DealerController.removeDealer"}, {"id": "DealerController.updateDealer"}, {"id": "DealerInfo.DealerInfo"}, {"id": "DealerInfo.DealerInfo"}, {"id": "DealerInfo.DealerInfo"}, {"id": "DealerInfo.getAddress"}, {"id": "DealerInfo.getContact"}, {"id": "DealerInfo.getEmail"}, {"id": "DealerInfo.getName"}, {"id": "DealerInfo.getPhone"}, {"id": "DealerInfo.setAddress"}, {"id": "DealerInfo.setContact"}, {"id": "DealerInfo.setEmail"}, {"id": "DealerInfo.setName"}, {"id": "DealerInfo.setPhone"}, {"id": "DealerInfo.validate"}, {"id": "DealersRepository.getDealer"}, {"id": "DealersRepository.getDealers"}, {"id": "DealersRepository.removeDealer"}, {"id": "DealersRepository.upsertDealer"}, {"id": "MongoDealersRepository.getDealer"}, {"id": "MongoDealersRepository.getDealers"}, {"id": "MongoDealersRepository.MongoDealersRepository"}, {"id": "MongoDealersRepository.removeDealer"}, {"id": "MongoDealersRepository.reset"}, {"id": "MongoDealersRepository.upsertDealer"}, {"id": "RepositoryFactory.getDealersRepository"}, {"id": "Utility.Utility"}, {"id": "DealerController.DealerController"}], "order": [{"id": "OrderingConfiguration.getApplicationContext"}, {"id": "OrderingConfiguration.getTelemetryClient"}, {"id": "OrderingConfiguration.main"}, {"id": "OrderingConfiguration.mongoTemplate"}, {"id": "OrderingConfiguration.OrderingConfiguration"}, {"id": "OrderingConfiguration.orderingServiceProperties"}, {"id": "OrderingConfiguration.repositoryFactory"}, {"id": "OrderingConfiguration.setApplicationContext"}, {"id": "RepositoryFactory.getFactory"}, {"id": "RepositoryFactory.init"}, {"id": "RepositoryFactory.RepositoryFactory"}, {"id": "RepositoryFactory.reset"}, {"id": "SimpleCORSFilter.destroy"}, {"id": "SimpleCORSFilter.doFilter"}, {"id": "SimpleCORSFilter.init"}, {"id": "TestPath.reset"}, {"id": "Utility.getTelemetryClient"}, {"id": "Utility.isNullOrEmpty"}, {"id": "Utility.validateStringField"}, {"id": "BadRequestException.BadRequestException"}, {"id": "ConflictingRequestException.ConflictingRequestException"}, {"id": "OrderController.addEvent"}, {"id": "OrderController.createOrder"}, {"id": "OrderController.deleteOrder"}, {"id": "OrderController.getOrderById"}, {"id": "OrderController.getOrders"}, {"id": "OrderController.getOrdersByDealerName"}, {"id": "OrderController.getQuotes"}, {"id": "OrderController.updateOrder"}, {"id": "OrderController.updateStatus"}, {"id": "Order.addEvent"}, {"id": "Order.equals"}, {"id": "Order.getEvents"}, {"id": "Order.getOrderDate"}, {"id": "Order.getOrderId"}, {"id": "Order.getQuoteId"}, {"id": "Order.getStatus"}, {"id": "Order.hashCode"}, {"id": "Order.Order"}, {"id": "Order.setEvents"}, {"id": "Order.setOrderDate"}, {"id": "Order.setOrderId"}, {"id": "Order.setQuoteId"}, {"id": "Order.setStatus"}, {"id": "Order.validate"}, {"id": "OrderEventInfo.getComments"}, {"id": "OrderEventInfo.getDate"}, {"id": "OrderEventInfo.OrderEventInfo"}, {"id": "OrderEventInfo.OrderEventInfo"}, {"id": "OrderEventInfo.OrderEventInfo"}, {"id": "OrderEventInfo.setComments"}, {"id": "OrderEventInfo.setDate"}, {"id": "OrderUpdateInfo.getEventInfo"}, {"id": "OrderUpdateInfo.getStatus"}, {"id": "OrderUpdateInfo.OrderUpdateInfo"}, {"id": "OrderUpdateInfo.OrderUpdateInfo"}, {"id": "OrderUpdateInfo.setEventInfo"}, {"id": "OrderUpdateInfo.setStatus"}, {"id": "MockOrderRepository.createOrder"}, {"id": "MockOrderRepository.getOrder"}, {"id": "MockOrderRepository.getOrderByQuoteId"}, {"id": "MockOrderRepository.getOrdersByDealerName"}, {"id": "MockOrderRepository.getOrdersByStatus"}, {"id": "MockOrderRepository.hasOrder"}, {"id": "MockOrderRepository.MockOrderRepository"}, {"id": "MockOrderRepository.removeOrder"}, {"id": "MockOrderRepository.reset"}, {"id": "MockOrderRepository.updateOrder"}, {"id": "MockOrderRepository.updateOrder"}, {"id": "OrderDetails.getId"}, {"id": "OrderDetails.OrderDetails"}, {"id": "OrderDetails.OrderDetails"}, {"id": "OrderDetails.setId"}, {"id": "MongoOrderRepository.createOrder"}, {"id": "MongoOrderRepository.findExistingOrder"}, {"id": "MongoOrderRepository.getOrder"}, {"id": "MongoOrderRepository.getOrderByQuoteId"}, {"id": "MongoOrderRepository.getOrdersByDealerName"}, {"id": "MongoOrderRepository.getOrdersByStatus"}, {"id": "MongoOrderRepository.hasOrder"}, {"id": "MongoOrderRepository.MongoOrderRepository"}, {"id": "MongoOrderRepository.removeOrder"}, {"id": "MongoOrderRepository.reset"}, {"id": "MongoOrderRepository.saveOrder"}, {"id": "MongoOrderRepository.updateOrder"}, {"id": "MongoOrderRepository.updateOrder"}, {"id": "OrderRepository.createOrder"}, {"id": "OrderRepository.getOrder"}, {"id": "OrderRepository.getOrderByQuoteId"}, {"id": "OrderRepository.getOrdersByDealerName"}, {"id": "OrderRepository.getOrdersByStatus"}, {"id": "OrderRepository.hasOrder"}, {"id": "OrderRepository.removeOrder"}, {"id": "OrderRepository.updateOrder"}, {"id": "OrderRepository.updateOrder"}, {"id": "RepositoryFactory.getOrderRepository"}, {"id": "OrderStatus.hashCode"}, {"id": "OrderController.OrderController"}, {"id": "BadRequestException.getMessage"}, {"id": "OrderStatus.valueOf"}, {"id": "Utility.Utility"}, {"id": "OrderStatus.OrderStatus"}, {"id": "ConflictingRequestException.getMessage"}, {"id": "OrderStatus[].clone"}, {"id": "RepositoryFactory$Repositories.RepositoryFactory$Repositories"}, {"id": "OrderStatus.values"}, {"id": "SimpleCORSFilter.SimpleCORSFilter"}], "quote": [{"id": "OrderingConfiguration.getApplicationContext"}, {"id": "OrderingConfiguration.getTelemetryClient"}, {"id": "OrderingConfiguration.main"}, {"id": "OrderingConfiguration.mongoTemplate"}, {"id": "OrderingConfiguration.OrderingConfiguration"}, {"id": "OrderingConfiguration.orderingServiceProperties"}, {"id": "OrderingConfiguration.repositoryFactory"}, {"id": "OrderingConfiguration.setApplicationContext"}, {"id": "RepositoryFactory.getFactory"}, {"id": "RepositoryFactory.init"}, {"id": "RepositoryFactory.RepositoryFactory"}, {"id": "RepositoryFactory.reset"}, {"id": "SimpleCORSFilter.destroy"}, {"id": "SimpleCORSFilter.doFilter"}, {"id": "SimpleCORSFilter.init"}, {"id": "TestPath.reset"}, {"id": "Utility.getTelemetryClient"}, {"id": "Utility.isNullOrEmpty"}, {"id": "Utility.validateStringField"}, {"id": "QuoteController.createQuote"}, {"id": "QuoteController.deleteQuote"}, {"id": "QuoteController.getQuoteById"}, {"id": "QuoteController.getQuotesByCustomerName"}, {"id": "QuoteController.getRepository"}, {"id": "QuoteController.updateQuote"}, {"id": "Quote.addQuoteItem"}, {"id": "Quote.equals"}, {"id": "Quote.getCity"}, {"id": "Quote.getCustomerName"}, {"id": "Quote.getDealerName"}, {"id": "Quote.getDiscount"}, {"id": "Quote.getPostalCode"}, {"id": "Quote.getQuoteId"}, {"id": "Quote.getQuoteItems"}, {"id": "Quote.getState"}, {"id": "Quote.getTotalCost"}, {"id": "Quote.getValidUntil"}, {"id": "Quote.hashCode"}, {"id": "Quote.Quote"}, {"id": "Quote.Quote"}, {"id": "Quote.setCity"}, {"id": "Quote.setCustomerName"}, {"id": "Quote.setDealerName"}, {"id": "Quote.setDiscount"}, {"id": "Quote.setPostalCode"}, {"id": "Quote.setQuoteId"}, {"id": "Quote.setQuoteItems"}, {"id": "Quote.setState"}, {"id": "Quote.setTotalCost"}, {"id": "Quote.setValidUntil"}, {"id": "Quote.validate"}, {"id": "QuoteItemInfo.compareTo"}, {"id": "QuoteItemInfo.equals"}, {"id": "QuoteItemInfo.getAmount"}, {"id": "QuoteItemInfo.getSkuNumber"}, {"id": "QuoteItemInfo.hashCode"}, {"id": "QuoteItemInfo.QuoteItemInfo"}, {"id": "QuoteItemInfo.QuoteItemInfo"}, {"id": "QuoteItemInfo.setAmount"}, {"id": "QuoteItemInfo.setSkuNumber"}, {"id": "MockQuoteRepository.createQuote"}, {"id": "MockQuoteRepository.getQuote"}, {"id": "MockQuoteRepository.getQuoteIdsByDealerName"}, {"id": "MockQuoteRepository.getQuotesByCustomerName"}, {"id": "MockQuoteRepository.MockQuoteRepository"}, {"id": "MockQuoteRepository.removeQuote"}, {"id": "MockQuoteRepository.reset"}, {"id": "MockQuoteRepository.updateQuote"}, {"id": "OrderDetails.toOrder"}, {"id": "QuoteDetails.getCustomerName"}, {"id": "QuoteDetails.getDealerName"}, {"id": "QuoteDetails.getId"}, {"id": "QuoteDetails.getQuoteId"}, {"id": "QuoteDetails.QuoteDetails"}, {"id": "QuoteDetails.QuoteDetails"}, {"id": "QuoteDetails.setId"}, {"id": "QuoteDetails.toQuote"}, {"id": "MongoQuoteRepository.createQuote"}, {"id": "MongoQuoteRepository.findExistingQuote"}, {"id": "MongoQuoteRepository.getQuote"}, {"id": "MongoQuoteRepository.getQuoteIdsByDealerName"}, {"id": "MongoQuoteRepository.getQuotesByCustomerName"}, {"id": "MongoQuoteRepository.MongoQuoteRepository"}, {"id": "MongoQuoteRepository.removeQuote"}, {"id": "MongoQuoteRepository.reset"}, {"id": "MongoQuoteRepository.updateQuote"}, {"id": "QuoteRepository.createQuote"}, {"id": "QuoteRepository.getQuote"}, {"id": "QuoteRepository.getQuoteIdsByDealerName"}, {"id": "QuoteRepository.getQuotesByCustomerName"}, {"id": "QuoteRepository.removeQuote"}, {"id": "QuoteRepository.updateQuote"}, {"id": "RepositoryFactory.getQuoteRepository"}, {"id": "BadRequestException.getMessage"}, {"id": "Utility.Utility"}, {"id": "QuoteController.QuoteController"}, {"id": "RepositoryFactory$Repositories.RepositoryFactory$Repositories"}, {"id": "SimpleCORSFilter.SimpleCORSFilter"}], "shipment": [{"id": "OrderingConfiguration.getApplicationContext"}, {"id": "OrderingConfiguration.getTelemetryClient"}, {"id": "OrderingConfiguration.main"}, {"id": "OrderingConfiguration.mongoTemplate"}, {"id": "OrderingConfiguration.OrderingConfiguration"}, {"id": "OrderingConfiguration.orderingServiceProperties"}, {"id": "OrderingConfiguration.repositoryFactory"}, {"id": "OrderingConfiguration.setApplicationContext"}, {"id": "RepositoryFactory.getFactory"}, {"id": "RepositoryFactory.init"}, {"id": "RepositoryFactory.RepositoryFactory"}, {"id": "RepositoryFactory.reset"}, {"id": "SimpleCORSFilter.destroy"}, {"id": "SimpleCORSFilter.doFilter"}, {"id": "SimpleCORSFilter.init"}, {"id": "TestPath.reset"}, {"id": "Utility.getTelemetryClient"}, {"id": "Utility.isNullOrEmpty"}, {"id": "Utility.validateStringField"}, {"id": "ShipmentController.addEvent"}, {"id": "ShipmentController.createShipmentRecord"}, {"id": "ShipmentController.deleteShipment"}, {"id": "ShipmentController.getDeliveries"}, {"id": "ShipmentController.getOrderRepository"}, {"id": "ShipmentController.getQuoteRepository"}, {"id": "ShipmentController.getShipment"}, {"id": "ShipmentController.getShipmentRepository"}, {"id": "ShipmentController.getShipments"}, {"id": "ShipmentController.updateShipment"}, {"id": "Delivery.getOrder"}, {"id": "Delivery.getQuote"}, {"id": "Delivery.getShipmentRecord"}, {"id": "Delivery.setOrder"}, {"id": "Delivery.setQuote"}, {"id": "Delivery.setShipmentRecord"}, {"id": "DeliveryAddress.DeliveryAddress"}, {"id": "DeliveryAddress.DeliveryAddress"}, {"id": "DeliveryAddress.getCity"}, {"id": "DeliveryAddress.getPostalCode"}, {"id": "DeliveryAddress.getSpecialInstructions"}, {"id": "DeliveryAddress.getState"}, {"id": "DeliveryAddress.getStreet"}, {"id": "DeliveryAddress.isNotEmpty"}, {"id": "DeliveryAddress.setCity"}, {"id": "DeliveryAddress.setPostalCode"}, {"id": "DeliveryAddress.setSpecialInstructions"}, {"id": "DeliveryAddress.setState"}, {"id": "DeliveryAddress.setStreet"}, {"id": "DeliveryAddress.validate"}, {"id": "PhoneInfo.getKind"}, {"id": "PhoneInfo.getPhoneNumber"}, {"id": "PhoneInfo.PhoneInfo"}, {"id": "PhoneInfo.PhoneInfo"}, {"id": "PhoneInfo.setKind"}, {"id": "PhoneInfo.setPhoneNumber"}, {"id": "ShipmentEventInfo.getComments"}, {"id": "ShipmentEventInfo.getDate"}, {"id": "ShipmentEventInfo.setComments"}, {"id": "ShipmentEventInfo.setDate"}, {"id": "ShipmentEventInfo.ShipmentEventInfo"}, {"id": "ShipmentEventInfo.ShipmentEventInfo"}, {"id": "ShipmentEventInfo.validate"}, {"id": "ShipmentRecord.addEvent"}, {"id": "ShipmentRecord.addEvent"}, {"id": "ShipmentRecord.getAlternateContactPhone"}, {"id": "ShipmentRecord.getContactName"}, {"id": "ShipmentRecord.getDeliveryAddress"}, {"id": "ShipmentRecord.getDeliveryDate"}, {"id": "ShipmentRecord.getEvents"}, {"id": "ShipmentRecord.getOrderId"}, {"id": "ShipmentRecord.getPrimaryContactPhone"}, {"id": "ShipmentRecord.setAlternateContactPhone"}, {"id": "ShipmentRecord.setContactName"}, {"id": "ShipmentRecord.setDeliveryAddress"}, {"id": "ShipmentRecord.setDeliveryDate"}, {"id": "ShipmentRecord.setOrderId"}, {"id": "ShipmentRecord.setPrimaryContactPhone"}, {"id": "ShipmentRecord.ShipmentRecord"}, {"id": "ShipmentRecord.ShipmentRecord"}, {"id": "ShipmentRecord.validate"}, {"id": "MockShipmentRepository.addEvent"}, {"id": "MockShipmentRepository.createShipment"}, {"id": "MockShipmentRepository.getShipmentById"}, {"id": "MockShipmentRepository.getShipments"}, {"id": "MockShipmentRepository.MockShipmentRepository"}, {"id": "MockShipmentRepository.removeShipment"}, {"id": "MockShipmentRepository.reset"}, {"id": "MockShipmentRepository.updateShipment"}, {"id": "ShipmentDetails.getId"}, {"id": "ShipmentDetails.setId"}, {"id": "ShipmentDetails.ShipmentDetails"}, {"id": "ShipmentDetails.ShipmentDetails"}, {"id": "ShipmentDetails.toShipmentRecord"}, {"id": "MongoShipmentRepository.addEvent"}, {"id": "MongoShipmentRepository.createShipment"}, {"id": "MongoShipmentRepository.findExistingShipmentDetails"}, {"id": "MongoShipmentRepository.getShipmentById"}, {"id": "MongoShipmentRepository.getShipments"}, {"id": "MongoShipmentRepository.MongoShipmentRepository"}, {"id": "MongoShipmentRepository.removeShipment"}, {"id": "MongoShipmentRepository.reset"}, {"id": "MongoShipmentRepository.saveUpdates"}, {"id": "MongoShipmentRepository.updateShipment"}, {"id": "RepositoryFactory.getShipmentRepository"}, {"id": "ShipmentRepository.addEvent"}, {"id": "ShipmentRepository.createShipment"}, {"id": "ShipmentRepository.getShipmentById"}, {"id": "ShipmentRepository.getShipments"}, {"id": "ShipmentRepository.removeShipment"}, {"id": "ShipmentRepository.updateShipment"}, {"id": "Delivery.Delivery"}, {"id": "BadRequestException.getMessage"}, {"id": "Utility.Utility"}, {"id": "ConflictingRequestException.getMessage"}, {"id": "RepositoryFactory$Repositories.RepositoryFactory$Repositories"}, {"id": "SimpleCORSFilter.SimpleCORSFilter"}, {"id": "ShipmentController.ShipmentController"}], "uncounted": [{"id": "AppInsightsFilter.destroy"}, {"id": "AppInsightsFilter.doFilter"}, {"id": "AppInsightsFilter.init"}, {"id": "PingController.getStatus"}, {"id": "PingController.ping"}, {"id": "MongoDBProperties.getDatabase"}, {"id": "MongoDBProperties.getHost"}, {"id": "MongoDBProperties.setDatabase"}, {"id": "MongoDBProperties.setHost"}, {"id": "OrderingInitializer.configure"}, {"id": "OrderingInitializer.getApplicationPath"}, {"id": "OrderingInitializer.onStartup"}, {"id": "OrderingServiceProperties.getInstrumentationKey"}, {"id": "OrderingServiceProperties.getPingMessage"}, {"id": "OrderingServiceProperties.getStorage"}, {"id": "OrderingServiceProperties.getValidationMessage"}, {"id": "OrderingServiceProperties.setInstrumentationKey"}, {"id": "OrderingServiceProperties.setPingMessage"}, {"id": "OrderingServiceProperties.setStorage"}, {"id": "OrderingServiceProperties.setValidationMessage"}, {"id": "PostgresqlProperties.getDriverClass"}, {"id": "PostgresqlProperties.getPassword"}, {"id": "PostgresqlProperties.getUrl"}, {"id": "PostgresqlProperties.getUsername"}, {"id": "PostgresqlProperties.setDriverClass"}, {"id": "PostgresqlProperties.setPassword"}, {"id": "PostgresqlProperties.setUrl"}, {"id": "PostgresqlProperties.setUsername"}, {"id": "PropertyHelper.getProperties"}, {"id": "PropertyHelper.getPropValues"}, {"id": "MockDealersRepository.compareDealerNames"}, {"id": "MockDealersRepository.getDealer"}, {"id": "MockDealersRepository.getDealers"}, {"id": "MockDealersRepository.MockDealersRepository"}, {"id": "MockDealersRepository.removeDealer"}, {"id": "MockDealersRepository.reset"}, {"id": "MockDealersRepository.upsertDealer"}, {"id": "Dealer.Dealer"}, {"id": "Dealer.Dealer"}, {"id": "Dealer.getId"}, {"id": "Dealer.setId"}, {"id": "Dealer.toDealerInfo"}, {"id": "MongoOperationsWithRetry.aggregate"}, {"id": "MongoOperationsWithRetry.aggregate"}, {"id": "MongoOperationsWithRetry.aggregate"}, {"id": "MongoOperationsWithRetry.aggregate"}, {"id": "MongoOperationsWithRetry.collectionExists"}, {"id": "MongoOperationsWithRetry.collectionExists"}, {"id": "MongoOperationsWithRetry.count"}, {"id": "MongoOperationsWithRetry.count"}, {"id": "MongoOperationsWithRetry.createCollection"}, {"id": "MongoOperationsWithRetry.createCollection"}, {"id": "MongoOperationsWithRetry.createCollection"}, {"id": "MongoOperationsWithRetry.createCollection"}, {"id": "MongoOperationsWithRetry.dropCollection"}, {"id": "MongoOperationsWithRetry.dropCollection"}, {"id": "MongoOperationsWithRetry.execute"}, {"id": "MongoOperationsWithRetry.execute"}, {"id": "MongoOperationsWithRetry.execute"}, {"id": "MongoOperationsWithRetry.executeCommand"}, {"id": "MongoOperationsWithRetry.executeCommand"}, {"id": "MongoOperationsWithRetry.executeCommand"}, {"id": "MongoOperationsWithRetry.executeInSession"}, {"id": "MongoOperationsWithRetry.executeQuery"}, {"id": "MongoOperationsWithRetry.exists"}, {"id": "MongoOperationsWithRetry.exists"}, {"id": "MongoOperationsWithRetry.exists"}, {"id": "MongoOperationsWithRetry.find"}, {"id": "MongoOperationsWithRetry.find"}, {"id": "MongoOperationsWithRetry.findAll"}, {"id": "MongoOperationsWithRetry.findAll"}, {"id": "MongoOperationsWithRetry.findAllAndRemove"}, {"id": "MongoOperationsWithRetry.findAllAndRemove"}, {"id": "MongoOperationsWithRetry.findAllAndRemove"}, {"id": "MongoOperationsWithRetry.findAndModify"}, {"id": "MongoOperationsWithRetry.findAndModify"}, {"id": "MongoOperationsWithRetry.findAndModify"}, {"id": "MongoOperationsWithRetry.findAndModify"}, {"id": "MongoOperationsWithRetry.findAndRemove"}, {"id": "MongoOperationsWithRetry.findAndRemove"}, {"id": "MongoOperationsWithRetry.findById"}, {"id": "MongoOperationsWithRetry.findById"}, {"id": "MongoOperationsWithRetry.findOne"}, {"id": "MongoOperationsWithRetry.findOne"}, {"id": "MongoOperationsWithRetry.geoNear"}, {"id": "MongoOperationsWithRetry.geoNear"}, {"id": "MongoOperationsWithRetry.getCollection"}, {"id": "MongoOperationsWithRetry.getCollectionName"}, {"id": "MongoOperationsWithRetry.getCollectionNames"}, {"id": "MongoOperationsWithRetry.getConverter"}, {"id": "MongoOperationsWithRetry.group"}, {"id": "MongoOperationsWithRetry.group"}, {"id": "MongoOperationsWithRetry.indexOps"}, {"id": "MongoOperationsWithRetry.indexOps"}, {"id": "MongoOperationsWithRetry.insert"}, {"id": "MongoOperationsWithRetry.insert"}, {"id": "MongoOperationsWithRetry.insert"}, {"id": "MongoOperationsWithRetry.insert"}, {"id": "MongoOperationsWithRetry.insertAll"}, {"id": "MongoOperationsWithRetry.mapReduce"}, {"id": "MongoOperationsWithRetry.mapReduce"}, {"id": "MongoOperationsWithRetry.mapReduce"}, {"id": "MongoOperationsWithRetry.mapReduce"}, {"id": "MongoOperationsWithRetry.MongoOperationsWithRetry"}, {"id": "MongoOperationsWithRetry.remove"}, {"id": "MongoOperationsWithRetry.remove"}, {"id": "MongoOperationsWithRetry.remove"}, {"id": "MongoOperationsWithRetry.remove"}, {"id": "MongoOperationsWithRetry.remove"}, {"id": "MongoOperationsWithRetry.save"}, {"id": "MongoOperationsWithRetry.save"}, {"id": "MongoOperationsWithRetry.sendTelemetry"}, {"id": "MongoOperationsWithRetry.updateFirst"}, {"id": "MongoOperationsWithRetry.updateFirst"}, {"id": "MongoOperationsWithRetry.updateFirst"}, {"id": "MongoOperationsWithRetry.updateMulti"}, {"id": "MongoOperationsWithRetry.updateMulti"}, {"id": "MongoOperationsWithRetry.updateMulti"}, {"id": "MongoOperationsWithRetry.upsert"}, {"id": "MongoOperationsWithRetry.upsert"}, {"id": "MongoOperationsWithRetry.upsert"}, {"id": "PropertyHelper.PropertyHelper"}, {"id": "PingController.PingController"}, {"id": "OrderingInitializer.OrderingInitializer"}, {"id": "OrderingServiceProperties.OrderingServiceProperties"}, {"id": "PostgresqlProperties.PostgresqlProperties"}, {"id": "AppInsightsFilter.AppInsightsFilter"}, {"id": "MongoDBProperties.MongoDBProperties"}]}}}