,method,stmtLineNumber,stmt
0,<de.ecspride.MainActivity: void onCreate(android.os.Bundle)>,-1,$r4 = virtualinvoke r3.<android.telephony.TelephonyManager: java.lang.String getDeviceId()>()
1,<de.ecspride.MainActivity: void onCreate(android.os.Bundle)>,-1,<de.ecspride.MyView: java.lang.String deviceID> = $r4
2,<de.ecspride.MainActivity: void onCreate(android.os.Bundle)>,-1,return
3,<dummyMainClass: de.ecspride.MainActivity dummyMainMethod_de_ecspride_MainActivity(android.content.Intent)>,-1,virtualinvoke $r1.<de.ecspride.MyView: void onDraw(android.graphics.Canvas)>(null)
4,<de.ecspride.MyView: void onDraw(android.graphics.Canvas)>,-1,$r4 = <de.ecspride.MyView: java.lang.String deviceID>
5,<de.ecspride.MyView: void onDraw(android.graphics.Canvas)>,-1,"virtualinvoke $r3.<android.telephony.SmsManager: void sendTextMessage(java.lang.String,java.lang.String,java.lang.String,android.app.PendingIntent,android.app.PendingIntent)>(""+49 1234"", null, $r4, null, null)"
