,method,stmtLineNumber,stmt
0,<de.ecspride.MainActivity: void onCreate(android.os.Bundle)>,-1,$r4 = virtualinvoke r3.<android.telephony.TelephonyManager: java.lang.String getDeviceId()>()
1,<de.ecspride.MainActivity: void onCreate(android.os.Bundle)>,-1,$r8[0] = $r4
2,<de.ecspride.MainActivity: void onCreate(android.os.Bundle)>,-1,"virtualinvoke $r7.<java.lang.reflect.Method: java.lang.Object invoke(java.lang.Object,java.lang.Object[])>($r2, $r8)"
3,<de.ecspride.ReflectiveClass: void setImei(java.lang.String)>,-1,r0.<de.ecspride.ReflectiveClass: java.lang.String imei> = $r1
4,<de.ecspride.ReflectiveClass: void setImei(java.lang.String)>,-1,return
5,<de.ecspride.MainActivity: void onCreate(android.os.Bundle)>,-1,"$r2 = virtualinvoke $r7.<java.lang.reflect.Method: java.lang.Object invoke(java.lang.Object,java.lang.Object[])>($r2, $r8)"
6,<de.ecspride.ReflectiveClass: java.lang.String getImei()>,-1,r1 = r0.<de.ecspride.ReflectiveClass: java.lang.String imei>
7,<de.ecspride.ReflectiveClass: java.lang.String getImei()>,-1,return r1
8,<de.ecspride.MainActivity: void onCreate(android.os.Bundle)>,-1,$r4 = (java.lang.String) $r2
9,<de.ecspride.MainActivity: void onCreate(android.os.Bundle)>,-1,"virtualinvoke $r9.<android.telephony.SmsManager: void sendTextMessage(java.lang.String,java.lang.String,java.lang.String,android.app.PendingIntent,android.app.PendingIntent)>(""+49 1234"", null, $r4, null, null)"
