{
  "tool": {
    "decomposition": {
      "partition2": [
        {
          "id": "RepositoryFactory"
        },
        {
          "id": "OrderingConfiguration"
        },
        {
          "id": "MongoCatalogItemsRepository"
        },
        {
          "id": "MongoOperationsWithRetry"
        },
        {
          "id": "MongoDealersRepository"
        },
        {
          "id": "MongoQuoteRepository"
        },
        {
          "id": "MongoOrderRepository"
        },
        {
          "id": "MongoShipmentRepository"
        }
      ],
      "partition0": [
        {
          "id": "MockCatalogItemsRepository"
        },
        {
          "id": "CatalogItem [Duplicate_#001]"
        },
        {
          "id": "MockDealersRepository"
        },
        {
          "id": "MockQuoteRepository"
        },
        {
          "id": "CatalogController"
        },
        {
          "id": "Utility"
        },
        {
          "id": "OrderingInitializer"
        },
        {
          "id": "DealerController"
        },
        {
          "id": "DealerInfo"
        },
        {
          "id": "QuoteController"
        },
        {
          "id": "BadRequestException"
        }
      ],
      "partition1": [
        {
          "id": "MockOrderRepository"
        },
        {
          "id": "OrderController"
        },
        {
          "id": "Quote"
        },
        {
          "id": "QuoteItemInfo"
        },
        {
          "id": "Order"
        },
        {
          "id": "OrderEventInfo"
        },
        {
          "id": "OrderUpdateInfo"
        }
      ],
      "partition3": [
        {
          "id": "MockShipmentRepository"
        },
        {
          "id": "ShipmentController"
        },
        {
          "id": "ShipmentRecord"
        },
        {
          "id": "DeliveryAddress"
        },
        {
          "id": "ShipmentEventInfo"
        }
      ],
      "partition4": [
        {
          "id": "PhoneInfo"
        }
      ]
    }
  }
}
