{"partition2": [{"id": "OrderingConfiguration.OrderingConfiguration"}, {"id": "OrderingConfiguration.getApplicationContext"}, {"id": "OrderingConfiguration.getTelemetryClient"}, {"id": "OrderingConfiguration.main"}, {"id": "OrderingConfiguration.mongoTemplate"}, {"id": "OrderingConfiguration.orderingServiceProperties"}, {"id": "OrderingConfiguration.repositoryFactory"}, {"id": "OrderingConfiguration.setApplicationContext"}, {"id": "RepositoryFactory.RepositoryFactory"}, {"id": "RepositoryFactory.getCatalogItemsRepository"}, {"id": "RepositoryFactory.getDealersRepository"}, {"id": "RepositoryFactory.getFactory"}, {"id": "RepositoryFactory.getOrderRepository"}, {"id": "RepositoryFactory.getQuoteRepository"}, {"id": "RepositoryFactory.getShipmentRepository"}, {"id": "RepositoryFactory.init"}, {"id": "RepositoryFactory.reset"}, {"id": "MongoCatalogItemsRepository.MongoCatalogItemsRepository"}, {"id": "MongoCatalogItemsRepository.findExistingCatalogItem"}, {"id": "MongoCatalogItemsRepository.getCatalogItem"}, {"id": "MongoCatalogItemsRepository.getCatalogItems"}, {"id": "MongoCatalogItemsRepository.removeCatalogItem"}, {"id": "MongoCatalogItemsRepository.reset"}, {"id": "MongoCatalogItemsRepository.upsertCatalogItem"}, {"id": "MongoDealersRepository.MongoDealersRepository"}, {"id": "MongoDealersRepository.getDealer"}, {"id": "MongoDealersRepository.getDealers"}, {"id": "MongoDealersRepository.removeDealer"}, {"id": "MongoDealersRepository.reset"}, {"id": "MongoDealersRepository.upsertDealer"}, {"id": "MongoOperationsWithRetry.MongoOperationsWithRetry"}, {"id": "MongoOperationsWithRetry.aggregate"}, {"id": "MongoOperationsWithRetry.collectionExists"}, {"id": "MongoOperationsWithRetry.count"}, {"id": "MongoOperationsWithRetry.createCollection"}, {"id": "MongoOperationsWithRetry.dropCollection"}, {"id": "MongoOperationsWithRetry.execute"}, {"id": "MongoOperationsWithRetry.executeCommand"}, {"id": "MongoOperationsWithRetry.executeInSession"}, {"id": "MongoOperationsWithRetry.executeQuery"}, {"id": "MongoOperationsWithRetry.exists"}, {"id": "MongoOperationsWithRetry.find"}, {"id": "MongoOperationsWithRetry.findAll"}, {"id": "MongoOperationsWithRetry.findAllAndRemove"}, {"id": "MongoOperationsWithRetry.findAndModify"}, {"id": "MongoOperationsWithRetry.findAndRemove"}, {"id": "MongoOperationsWithRetry.findById"}, {"id": "MongoOperationsWithRetry.findOne"}, {"id": "MongoOperationsWithRetry.geoNear"}, {"id": "MongoOperationsWithRetry.getCollection"}, {"id": "MongoOperationsWithRetry.getCollectionName"}, {"id": "MongoOperationsWithRetry.getCollectionNames"}, {"id": "MongoOperationsWithRetry.getConverter"}, {"id": "MongoOperationsWithRetry.group"}, {"id": "MongoOperationsWithRetry.indexOps"}, {"id": "MongoOperationsWithRetry.insert"}, {"id": "MongoOperationsWithRetry.insertAll"}, {"id": "MongoOperationsWithRetry.mapReduce"}, {"id": "MongoOperationsWithRetry.remove"}, {"id": "MongoOperationsWithRetry.save"}, {"id": "MongoOperationsWithRetry.sendTelemetry"}, {"id": "MongoOperationsWithRetry.updateFirst"}, {"id": "MongoOperationsWithRetry.updateMulti"}, {"id": "MongoOperationsWithRetry.upsert"}, {"id": "MongoOrderRepository.MongoOrderRepository"}, {"id": "MongoOrderRepository.createOrder"}, {"id": "MongoOrderRepository.findExistingOrder"}, {"id": "MongoOrderRepository.getOrder"}, {"id": "MongoOrderRepository.getOrderByQuoteId"}, {"id": "MongoOrderRepository.getOrdersByDealerName"}, {"id": "MongoOrderRepository.getOrdersByStatus"}, {"id": "MongoOrderRepository.hasOrder"}, {"id": "MongoOrderRepository.removeOrder"}, {"id": "MongoOrderRepository.reset"}, {"id": "MongoOrderRepository.saveOrder"}, {"id": "MongoOrderRepository.updateOrder"}, {"id": "MongoQuoteRepository.MongoQuoteRepository"}, {"id": "MongoQuoteRepository.createQuote"}, {"id": "MongoQuoteRepository.findExistingQuote"}, {"id": "MongoQuoteRepository.getQuote"}, {"id": "MongoQuoteRepository.getQuoteIdsByDealerName"}, {"id": "MongoQuoteRepository.getQuotesByCustomerName"}, {"id": "MongoQuoteRepository.removeQuote"}, {"id": "MongoQuoteRepository.reset"}, {"id": "MongoQuoteRepository.updateQuote"}, {"id": "MongoShipmentRepository.MongoShipmentRepository"}, {"id": "MongoShipmentRepository.addEvent"}, {"id": "MongoShipmentRepository.createShipment"}, {"id": "MongoShipmentRepository.findExistingShipmentDetails"}, {"id": "MongoShipmentRepository.getShipmentById"}, {"id": "MongoShipmentRepository.getShipments"}, {"id": "MongoShipmentRepository.removeShipment"}, {"id": "MongoShipmentRepository.reset"}, {"id": "MongoShipmentRepository.saveUpdates"}, {"id": "MongoShipmentRepository.updateShipment"}], "partition0": [{"id": "BadRequestException.BadRequestException"}, {"id": "BadRequestException.getMessage"}, {"id": "OrderingInitializer.OrderingInitializer"}, {"id": "OrderingInitializer.configure"}, {"id": "OrderingInitializer.getApplicationPath"}, {"id": "OrderingInitializer.onStartup"}, {"id": "Utility.Utility"}, {"id": "Utility.getTelemetryClient"}, {"id": "Utility.isNullOrEmpty"}, {"id": "Utility.validateStringField"}, {"id": "CatalogController.CatalogController"}, {"id": "CatalogController.addCatalogItem"}, {"id": "CatalogController.getCatalogItem"}, {"id": "CatalogController.getCatalogItems"}, {"id": "CatalogController.getRepository"}, {"id": "CatalogController.removeCatalogItem"}, {"id": "CatalogController.upsertCatalogItem"}, {"id": "DealerController.DealerController"}, {"id": "DealerController.addDealer"}, {"id": "DealerController.getDealer"}, {"id": "DealerController.getDealers"}, {"id": "DealerController.getRepository"}, {"id": "DealerController.removeDealer"}, {"id": "DealerController.updateDealer"}, {"id": "QuoteController.QuoteController"}, {"id": "QuoteController.createQuote"}, {"id": "QuoteController.deleteQuote"}, {"id": "QuoteController.getQuoteById"}, {"id": "QuoteController.getQuotesByCustomerName"}, {"id": "QuoteController.getRepository"}, {"id": "QuoteController.updateQuote"}, {"id": "DealerInfo.DealerInfo"}, {"id": "DealerInfo.getAddress"}, {"id": "DealerInfo.getContact"}, {"id": "DealerInfo.getEmail"}, {"id": "DealerInfo.getName"}, {"id": "DealerInfo.getPhone"}, {"id": "DealerInfo.setAddress"}, {"id": "DealerInfo.setContact"}, {"id": "DealerInfo.setEmail"}, {"id": "DealerInfo.setName"}, {"id": "DealerInfo.setPhone"}, {"id": "DealerInfo.validate"}, {"id": "MockCatalogItemsRepository.MockCatalogItemsRepository"}, {"id": "MockCatalogItemsRepository.compareSkuNumbers"}, {"id": "MockCatalogItemsRepository.getCatalogItem"}, {"id": "MockCatalogItemsRepository.getCatalogItems"}, {"id": "MockCatalogItemsRepository.removeCatalogItem"}, {"id": "MockCatalogItemsRepository.reset"}, {"id": "MockCatalogItemsRepository.upsertCatalogItem"}, {"id": "MockDealersRepository.MockDealersRepository"}, {"id": "MockDealersRepository.compareDealerNames"}, {"id": "MockDealersRepository.getDealer"}, {"id": "MockDealersRepository.getDealers"}, {"id": "MockDealersRepository.removeDealer"}, {"id": "MockDealersRepository.reset"}, {"id": "MockDealersRepository.upsertDealer"}, {"id": "MockQuoteRepository.MockQuoteRepository"}, {"id": "MockQuoteRepository.createQuote"}, {"id": "MockQuoteRepository.getQuote"}, {"id": "MockQuoteRepository.getQuoteIdsByDealerName"}, {"id": "MockQuoteRepository.getQuotesByCustomerName"}, {"id": "MockQuoteRepository.removeQuote"}, {"id": "MockQuoteRepository.reset"}, {"id": "MockQuoteRepository.updateQuote"}], "partition1": [{"id": "OrderController.OrderController"}, {"id": "OrderController.addEvent"}, {"id": "OrderController.createOrder"}, {"id": "OrderController.deleteOrder"}, {"id": "OrderController.getOrderById"}, {"id": "OrderController.getOrders"}, {"id": "OrderController.getOrdersByDealerName"}, {"id": "OrderController.getQuotes"}, {"id": "OrderController.updateOrder"}, {"id": "OrderController.updateStatus"}, {"id": "Order.Order"}, {"id": "Order.addEvent"}, {"id": "Order.equals"}, {"id": "Order.getEvents"}, {"id": "Order.getOrderDate"}, {"id": "Order.getOrderId"}, {"id": "Order.getQuoteId"}, {"id": "Order.getStatus"}, {"id": "Order.hashCode"}, {"id": "Order.setEvents"}, {"id": "Order.setOrderDate"}, {"id": "Order.setOrderId"}, {"id": "Order.setQuoteId"}, {"id": "Order.setStatus"}, {"id": "Order.validate"}, {"id": "OrderEventInfo.OrderEventInfo"}, {"id": "OrderEventInfo.getComments"}, {"id": "OrderEventInfo.getDate"}, {"id": "OrderEventInfo.setComments"}, {"id": "OrderEventInfo.setDate"}, {"id": "OrderUpdateInfo.OrderUpdateInfo"}, {"id": "OrderUpdateInfo.getEventInfo"}, {"id": "OrderUpdateInfo.getStatus"}, {"id": "OrderUpdateInfo.setEventInfo"}, {"id": "OrderUpdateInfo.setStatus"}, {"id": "Quote.Quote"}, {"id": "Quote.addQuoteItem"}, {"id": "Quote.equals"}, {"id": "Quote.getCity"}, {"id": "Quote.getCustomerName"}, {"id": "Quote.getDealerName"}, {"id": "Quote.getDiscount"}, {"id": "Quote.getPostalCode"}, {"id": "Quote.getQuoteId"}, {"id": "Quote.getQuoteItems"}, {"id": "Quote.getState"}, {"id": "Quote.getTotalCost"}, {"id": "Quote.getValidUntil"}, {"id": "Quote.hashCode"}, {"id": "Quote.setCity"}, {"id": "Quote.setCustomerName"}, {"id": "Quote.setDealerName"}, {"id": "Quote.setDiscount"}, {"id": "Quote.setPostalCode"}, {"id": "Quote.setQuoteId"}, {"id": "Quote.setQuoteItems"}, {"id": "Quote.setState"}, {"id": "Quote.setTotalCost"}, {"id": "Quote.setValidUntil"}, {"id": "Quote.validate"}, {"id": "QuoteItemInfo.QuoteItemInfo"}, {"id": "QuoteItemInfo.compareTo"}, {"id": "QuoteItemInfo.equals"}, {"id": "QuoteItemInfo.getAmount"}, {"id": "QuoteItemInfo.getSkuNumber"}, {"id": "QuoteItemInfo.hashCode"}, {"id": "QuoteItemInfo.setAmount"}, {"id": "QuoteItemInfo.setSkuNumber"}, {"id": "MockOrderRepository.MockOrderRepository"}, {"id": "MockOrderRepository.createOrder"}, {"id": "MockOrderRepository.getOrder"}, {"id": "MockOrderRepository.getOrderByQuoteId"}, {"id": "MockOrderRepository.getOrdersByDealerName"}, {"id": "MockOrderRepository.getOrdersByStatus"}, {"id": "MockOrderRepository.hasOrder"}, {"id": "MockOrderRepository.removeOrder"}, {"id": "MockOrderRepository.reset"}, {"id": "MockOrderRepository.updateOrder"}], "partition3": [{"id": "ShipmentController.ShipmentController"}, {"id": "ShipmentController.addEvent"}, {"id": "ShipmentController.createShipmentRecord"}, {"id": "ShipmentController.deleteShipment"}, {"id": "ShipmentController.getDeliveries"}, {"id": "ShipmentController.getOrderRepository"}, {"id": "ShipmentController.getQuoteRepository"}, {"id": "ShipmentController.getShipment"}, {"id": "ShipmentController.getShipmentRepository"}, {"id": "ShipmentController.getShipments"}, {"id": "ShipmentController.updateShipment"}, {"id": "DeliveryAddress.DeliveryAddress"}, {"id": "DeliveryAddress.getCity"}, {"id": "DeliveryAddress.getPostalCode"}, {"id": "DeliveryAddress.getSpecialInstructions"}, {"id": "DeliveryAddress.getState"}, {"id": "DeliveryAddress.getStreet"}, {"id": "DeliveryAddress.isNotEmpty"}, {"id": "DeliveryAddress.setCity"}, {"id": "DeliveryAddress.setPostalCode"}, {"id": "DeliveryAddress.setSpecialInstructions"}, {"id": "DeliveryAddress.setState"}, {"id": "DeliveryAddress.setStreet"}, {"id": "DeliveryAddress.validate"}, {"id": "ShipmentEventInfo.ShipmentEventInfo"}, {"id": "ShipmentEventInfo.getComments"}, {"id": "ShipmentEventInfo.getDate"}, {"id": "ShipmentEventInfo.setComments"}, {"id": "ShipmentEventInfo.setDate"}, {"id": "ShipmentEventInfo.validate"}, {"id": "ShipmentRecord.ShipmentRecord"}, {"id": "ShipmentRecord.addEvent"}, {"id": "ShipmentRecord.getAlternateContactPhone"}, {"id": "ShipmentRecord.getContactName"}, {"id": "ShipmentRecord.getDeliveryAddress"}, {"id": "ShipmentRecord.getDeliveryDate"}, {"id": "ShipmentRecord.getEvents"}, {"id": "ShipmentRecord.getOrderId"}, {"id": "ShipmentRecord.getPrimaryContactPhone"}, {"id": "ShipmentRecord.setAlternateContactPhone"}, {"id": "ShipmentRecord.setContactName"}, {"id": "ShipmentRecord.setDeliveryAddress"}, {"id": "ShipmentRecord.setDeliveryDate"}, {"id": "ShipmentRecord.setOrderId"}, {"id": "ShipmentRecord.setPrimaryContactPhone"}, {"id": "ShipmentRecord.validate"}, {"id": "MockShipmentRepository.MockShipmentRepository"}, {"id": "MockShipmentRepository.addEvent"}, {"id": "MockShipmentRepository.createShipment"}, {"id": "MockShipmentRepository.getShipmentById"}, {"id": "MockShipmentRepository.getShipments"}, {"id": "MockShipmentRepository.removeShipment"}, {"id": "MockShipmentRepository.reset"}, {"id": "MockShipmentRepository.updateShipment"}], "partition4": [{"id": "PhoneInfo.PhoneInfo"}, {"id": "PhoneInfo.getKind"}, {"id": "PhoneInfo.getPhoneNumber"}, {"id": "PhoneInfo.setKind"}, {"id": "PhoneInfo.setPhoneNumber"}]}