Application,Tool,Partition Count,Variant,Granularity,Database Entropy,Use Case Entropy, M2M Use Case Entropy, Our BCP
spring-petclinic,mem,3,3600_10_LC_TS,method_level,78.61058381,29.65520078,50,50
spring-petclinic,mem,3,3600_10_LC_TS,class_level,73.7805217,26.7876502,50,50
spring-petclinic,mem,3,3600_10_TS_SS,method_level,56.45917715,29.2083289,32.67132049,37.48993941
spring-petclinic,mem,3,3600_10_TS_SS,class_level,60.63021788,24.42978676,32.67132049,37.48993941
spring-petclinic,mem,3,3600_10_SS,method_level,68.6961509,8.174708325,40,40
spring-petclinic,mem,3,3600_10_SS,class_level,69.47262012,9.087145793,40,40
spring-petclinic,mem,3,3600_100_LC,method_level,81.52846673,95.92440926,50,50
spring-petclinic,mem,3,3600_100_LC,class_level,76.51270267,89.74709204,50,50
spring-petclinic,mem,3,3600_100_LC_TS_SS,method_level,81.52846673,95.92440926,50,50
spring-petclinic,mem,3,3600_100_LC_TS_SS,class_level,76.51270267,89.74709204,50,50
spring-petclinic,mem,3,3600_10_LC_SS,method_level,64.5141439,17.14715997,60,60
spring-petclinic,mem,3,3600_10_LC_SS,class_level,57.07885971,17.59265317,60,60
spring-petclinic,mem,3,3600_10_LC_TS_SS,method_level,81.52846673,34.46716554,33.33333333,33.33333333
spring-petclinic,mem,3,3600_10_LC_TS_SS,class_level,76.51270267,26.28426236,33.33333333,33.33333333
spring-petclinic,mem,3,3600_10_TS,method_level,63.30682209,25,0,0
spring-petclinic,mem,3,3600_10_TS,class_level,62.26033305,28.72970956,0,0
spring-petclinic,mem,3,3600_100_TS,method_level,81.52846673,95.92440926,50,50
spring-petclinic,mem,3,3600_100_TS,class_level,76.51270267,89.74709204,50,50
spring-petclinic,mem,3,3600_100_LC_SS,method_level,81.76565119,34.61864605,33.33333333,33.33333333
spring-petclinic,mem,3,3600_100_LC_SS,class_level,77.37813702,24.67143427,33.33333333,33.33333333
spring-petclinic,mem,3,3600_10_LC,method_level,51.78615819,0,40,40
spring-petclinic,mem,3,3600_10_LC,class_level,48.53300449,1.243236519,40,40
spring-petclinic,mem,3,3600_100_SS,method_level,74.85790299,11.47964981,0,0
spring-petclinic,mem,3,3600_100_SS,class_level,77.80250418,9.282211047,0,0
spring-petclinic,mem,3,3600_100_TS_SS,method_level,100,100,0,0
spring-petclinic,mem,3,3600_100_TS_SS,class_level,100,100,0,0
spring-petclinic,mem,3,3600_100_LC_TS,method_level,81.52846673,95.92440926,50,50
spring-petclinic,mem,3,3600_100_LC_TS,class_level,76.51270267,89.74709204,50,50
spring-petclinic,cargo,3,default,method_level,100,100,0,0
spring-petclinic,cargo,3,default,class_level,100,100,0,0
spring-petclinic,cargo,n,default,method_level,100,100,0,0
spring-petclinic,cargo,n,default,class_level,100,100,0,0
spring-petclinic,datacentric,n,default,method_level,84.68424973,39.4671598,10.22842731,12.97118993
spring-petclinic,datacentric,n,default,class_level,77.09048682,30.86760348,10.22842731,12.97118993
spring-petclinic,hydec,n,default,method_level,51.07990611,42.75830588,33.33333333,34.44417232
spring-petclinic,hydec,n,default,class_level,47.24075456,40.41485743,33.33333333,34.44417232
spring-petclinic,log2ms,n,default,method_level,66.27043782,3.782861057,6.137056389,9.768226712
spring-petclinic,log2ms,n,default,class_level,57.14285714,3.310919288,6.137056389,9.768226712
spring-petclinic,mono2micro,3,business,method_level,66.57925706,34.74387711,33.33333333,33.33333333
spring-petclinic,mono2micro,3,business,class_level,64.93811946,28.54743962,33.33333333,33.33333333
spring-petclinic,mono2micro,3,natural,method_level,66.57925706,34.74387711,33.33333333,33.33333333
spring-petclinic,mono2micro,3,natural,class_level,64.93811946,28.54743962,33.33333333,33.33333333
spring-petclinic,mono2micro,5,business,method_level,56.4274487,17.77501492,32.67132049,34.72839245
spring-petclinic,mono2micro,5,business,class_level,48.0497976,9.568421768,32.67132049,34.72839245
spring-petclinic,mono2micro,5,natural,method_level,56.4274487,17.77501492,32.67132049,34.72839245
spring-petclinic,mono2micro,5,natural,class_level,48.0497976,9.568421768,32.67132049,34.72839245
spring-petclinic,tomicroservices,3,overhead,method_level,68.5092592,49.16983532,10.22842731,23.97390452
spring-petclinic,tomicroservices,3,functionality,method_level,68.08180916,55.51611038,33.33333333,33.50254558
spring-petclinic,tomicroservices,3,coupling,method_level,72.98876929,55.45842196,33.33333333,33.33333333
spring-petclinic,tomicroservices,3,cohesion,method_level,59.35599126,43.9647491,33.33333333,33.33333333
spring-petclinic,tomicroservices,5,overhead,method_level,29.99634212,11.94570399,16.66666667,16.66666667
spring-petclinic,tomicroservices,5,functionality,method_level,39.84025405,13.2274968,5.114213657,16.87268558
spring-petclinic,tomicroservices,5,coupling,method_level,28.57142857,14.16291607,16.66666667,18.32906581
spring-petclinic,tomicroservices,5,cohesion,method_level,28.57142857,14.16291607,16.66666667,18.32906581
spring-petclinic,ground_truth,n,default,method_level,73.01936142,65.28497768,32.67132049,48.90689976
spring-petclinic,ground_truth,n,default,class_level,70.65389812,65.3710983,32.67132049,48.90689976
spring-petclinic,mosaic,n,default,method_level,100,100,43.56176065,59.79359831
jpetstore,mem,3,3600_100-6_TS,method_level,88.78313888,100,0,14.75668642
jpetstore,mem,3,3600_100-6_TS,class_level,89.39143053,100,0,14.75668642
jpetstore,mem,3,3600_10-6_LC,method_level,66.92911754,54.14188057,0,46.40457433
jpetstore,mem,3,3600_10-6_LC,class_level,65.34264097,33.2442328,0,46.40457433
jpetstore,mem,3,3600_100-6_LC_TS_SS,method_level,100,100,0,17.50805274
jpetstore,mem,3,3600_100-6_LC_TS_SS,class_level,100,100,0,17.50805274
jpetstore,mem,3,3600_10-6_LC_TS_SS,method_level,33.27876382,33.12955231,10.22842731,17.60619807
jpetstore,mem,3,3600_10-6_LC_TS_SS,class_level,30.85307789,13.39530831,10.22842731,17.60619807
jpetstore,mem,3,3600_100-6_SS,method_level,72.61729425,58.58106804,0,25.42790036
jpetstore,mem,3,3600_100-6_SS,class_level,72.33617647,40.94387736,0,25.42790036
jpetstore,mem,3,3600_10-6_TS,method_level,40.29371533,7.183742525,32.27411278,37.08908393
jpetstore,mem,3,3600_10-6_TS,class_level,39.67330122,4.414559051,32.27411278,37.08908393
jpetstore,mem,3,3600_10-6_LC_SS,method_level,33.27876382,62.17570742,0,8.908691201
jpetstore,mem,3,3600_10-6_LC_SS,class_level,30.85307789,36.81738488,0,8.908691201
jpetstore,mem,3,3600_100-6_LC,method_level,100,45.79697183,10.22842731,20.72725535
jpetstore,mem,3,3600_100-6_LC,class_level,100,32.37045015,10.22842731,20.72725535
jpetstore,mem,3,3600_100-6_LC_SS,method_level,100,100,0,24.22419572
jpetstore,mem,3,3600_100-6_LC_SS,class_level,100,100,0,24.22419572
jpetstore,mem,3,3600_100-6_TS_SS,method_level,81.45987295,51.50366967,0,25.78344528
jpetstore,mem,3,3600_100-6_TS_SS,class_level,82.12905636,39.49126723,0,25.78344528
jpetstore,mem,3,3600_100-6_LC_TS,method_level,100,100,0,17.50805274
jpetstore,mem,3,3600_100-6_LC_TS,class_level,100,100,0,17.50805274
jpetstore,mem,3,3600_10-6_TS_SS,method_level,52.64890644,17.35622206,15.34264097,26.30192429
jpetstore,mem,3,3600_10-6_TS_SS,class_level,52.17696467,1.657648692,15.34264097,26.30192429
jpetstore,mem,3,3600_10-6_SS,method_level,70.68107012,36.4741091,32.67132049,46.24848511
jpetstore,mem,3,3600_10-6_SS,class_level,55.86802612,14.58882851,32.67132049,46.24848511
jpetstore,mem,3,3600_10-6_LC_TS,method_level,28.0290486,18.4021583,32.67132049,44.38154699
jpetstore,mem,3,3600_10-6_LC_TS,class_level,27.55710683,10.22842731,32.67132049,44.38154699
jpetstore,cargo,3,default,method_level,83.40646177,52.00168693,32.67132049,43.99414278
jpetstore,cargo,3,default,class_level,80.11421366,31.3727802,32.67132049,43.99414278
jpetstore,cargo,5,default,method_level,48.76044701,23.59406453,26.13705639,35.90276129
jpetstore,cargo,5,default,class_level,80.11421366,12.11619439,26.13705639,35.90276129
jpetstore,cargo,n,default,method_level,80.58615543,36.45078799,51.62436627,59.43509153
jpetstore,cargo,n,default,class_level,80.11421366,12.11619439,51.62436627,59.43509153
jpetstore,datacentric,n,default,method_level,90.46909675,53.83210122,33.33333333,49.80820458
jpetstore,datacentric,n,default,class_level,79.71974454,30.43082076,33.33333333,49.80820458
jpetstore,hydec,n,default,method_level,63.2917773,19.24303041,52.84264097,55.33968989
jpetstore,hydec,n,default,class_level,59.08714579,10.22842731,52.84264097,55.33968989
jpetstore,log2ms,n,default,method_level,96.24532326,56.75902963,43.56176065,48.87110617
jpetstore,log2ms,n,default,class_level,85.02402927,43.56176065,43.56176065,48.87110617
jpetstore,mono2micro,3,business,method_level,61.92532295,33.61939288,10.22842731,33.6217932
jpetstore,mono2micro,3,business,class_level,57.00930764,16.53075344,10.22842731,33.6217932
jpetstore,mono2micro,3,natural,method_level,100,100,0,14.75668642
jpetstore,mono2micro,3,natural,class_level,100,100,0,14.75668642
jpetstore,mono2micro,5,business,method_level,61.92532295,29.4631106,32.27411278,46.09216801
jpetstore,mono2micro,5,business,class_level,57.00930764,12.11619439,32.27411278,46.09216801
jpetstore,mono2micro,5,natural,method_level,100,96.91473916,50,57.08663935
jpetstore,mono2micro,5,natural,class_level,100,92.5427308,50,57.08663935
jpetstore,tomicroservices,3,overhead,method_level,79.87794161,93.29354707,57.67132049,61.07755188
jpetstore,tomicroservices,3,functionality,method_level,59.73726246,95.09045593,57.67132049,61.18940457
jpetstore,tomicroservices,3,coupling,method_level,59.73726246,95.09045593,57.67132049,61.18940457
jpetstore,tomicroservices,3,cohesion,method_level,91.59678411,83.93797502,23.01396146,42.20387655
jpetstore,tomicroservices,5,overhead,method_level,44.14739032,82.58505947,66.66666667,68.57549094
jpetstore,tomicroservices,5,functionality,method_level,44.14739032,82.58505947,66.66666667,68.57549094
jpetstore,tomicroservices,5,coupling,method_level,45.43405041,75.12840137,38.44754699,49.10151775
jpetstore,tomicroservices,5,cohesion,method_level,46.53769017,77.93571275,55.11421366,60.35150468
jpetstore,ground_truth,n,default,method_level,96.24532326,59.79359831,43.56176065,50.45627509
jpetstore,ground_truth,n,default,class_level,85.02402927,45.44952772,43.56176065,50.45627509
jpetstore,mosaic,n,default,method_level,96.24532326,58.75407339,32.67132049,40.19212096
partsunlimited,mem,5,3600_10_LC,method_level,100,69.44398321,0,2.486473038
partsunlimited,mem,5,3600_10_LC,class_level,100,59.54382941,0,2.486473038
partsunlimited,mem,5,3600_1000_LC,method_level,100,100,0,0
partsunlimited,mem,5,3600_1000_LC,class_level,100,100,0,0
partsunlimited,mem,5,3600_1000_LC_SS,method_level,100,86.60657627,0,0
partsunlimited,mem,5,3600_1000_LC_SS,class_level,100,65.7306959,0,0
partsunlimited,mem,5,3600_1000_TS_SS,method_level,100,100,0,0
partsunlimited,mem,5,3600_1000_TS_SS,class_level,100,100,0,0
partsunlimited,mem,5,3600_1000_LC_TS,method_level,100,100,0,0
partsunlimited,mem,5,3600_1000_LC_TS,class_level,100,100,0,0
partsunlimited,mem,5,3600_10_TS,method_level,10.96611539,0,12.5,12.82106559
partsunlimited,mem,5,3600_10_TS,class_level,8.753297108,0,12.5,12.82106559
partsunlimited,mem,5,3600_10_LC_SS,method_level,66.80921836,4.784894815,30.11421366,32.72465029
partsunlimited,mem,5,3600_10_LC_SS,class_level,54.8903535,0,30.11421366,32.72465029
partsunlimited,mem,5,3600_1000_LC_TS_SS,method_level,100,100,0,0
partsunlimited,mem,5,3600_1000_LC_TS_SS,class_level,100,100,0,0
partsunlimited,mem,5,3600_1000_TS,method_level,100,95.95453996,50,50
partsunlimited,mem,5,3600_1000_TS,class_level,100,100,50,50
partsunlimited,mem,5,3600_10_TS_SS,method_level,59.357721,5.844282269,29.04117377,34.22246649
partsunlimited,mem,5,3600_10_TS_SS,class_level,47.26971663,0,29.04117377,34.22246649
partsunlimited,mem,5,3600_10_SS,method_level,65.90178516,11.15541084,29.04117377,29.41203239
partsunlimited,mem,5,3600_10_SS,class_level,54.8903535,0,29.04117377,29.41203239
partsunlimited,mem,5,3600_10_LC_TS_SS,method_level,66.80921836,3.687398288,17.93006265,23.11135538
partsunlimited,mem,5,3600_10_LC_TS_SS,class_level,54.8903535,0,17.93006265,23.11135538
partsunlimited,mem,5,3600_1000_SS,method_level,100,100,0,0
partsunlimited,mem,5,3600_1000_SS,class_level,100,100,0,0
partsunlimited,mem,5,3600_10_LC_TS,method_level,10.78966908,0,18.18181818,18.18181818
partsunlimited,mem,5,3600_10_LC_TS,class_level,8.753297108,0,18.18181818,18.18181818
partsunlimited,cargo,5,default,method_level,58.77365453,26.54902262,5.114213657,6.058097195
partsunlimited,cargo,5,default,class_level,73.40677302,26.96238981,5.114213657,6.058097195
partsunlimited,cargo,n,default,method_level,58.77365453,26.54902262,5.114213657,6.058097195
partsunlimited,cargo,n,default,class_level,73.40677302,26.96238981,5.114213657,6.058097195
partsunlimited,datacentric,n,default,method_level,85.11469292,20.39770435,0,1.516508485
partsunlimited,datacentric,n,default,class_level,75.29306377,8.034608228,0,1.516508485
partsunlimited,hydec,n,default,method_level,86.19628648,73.13830972,0,14.4313023
partsunlimited,hydec,n,default,class_level,87.26971663,37.03791197,0,14.4313023
partsunlimited,mono2micro,5,business,method_level,33.89542014,24.77610865,25,25.83113768
partsunlimited,mono2micro,5,business,class_level,32.95060243,19.45124608,25,25.83113768
partsunlimited,mono2micro,5,natural,method_level,33.89542014,29.54803372,0,3.025821802
partsunlimited,mono2micro,5,natural,class_level,32.95060243,20.92111402,0,3.025821802
partsunlimited,tomicroservices,5,overhead,method_level,12.29337787,81.91685312,46.13705639,48.75329711
partsunlimited,tomicroservices,5,functionality,method_level,2.750262779,79.22870161,80,80
partsunlimited,tomicroservices,5,coupling,method_level,4.31943772,83.20831848,80,80
partsunlimited,tomicroservices,5,cohesion,method_level,39.537824,72.99277521,38.41116917,46.53170823
partsunlimited,ground_truth,n,default,method_level,81.75580996,24.15762118,21.78088032,29.70692508
partsunlimited,ground_truth,n,default,class_level,57.50659422,12.68367581,21.78088032,29.70692508
partsunlimited,mosaic,n,default,method_level,78.05766198,49.07005345,21.78088032,29.30664511
demo,mem,4,3600_100000_TS_SS,method_level,100,87.3758098,43.56176065,43.56176065
demo,mem,4,3600_100000_TS_SS,class_level,100,85.749675,43.56176065,43.56176065
demo,mem,4,3600_10_TS,method_level,10.24686008,0,57.95587767,61.39579348
demo,mem,4,3600_10_TS,class_level,0,0,57.95587767,61.39579348
demo,mem,4,3600_100_SS,method_level,84.60364978,88.73596978,66.66666667,66.66666667
demo,mem,4,3600_100_SS,class_level,57.56486947,84.08714579,66.66666667,66.66666667
demo,mem,4,3600_100000_LC_TS,method_level,100,76.37045105,75,75
demo,mem,4,3600_100000_LC_TS,class_level,100,78.77072181,75,75
demo,mem,4,3600_10_TS_SS,method_level,43.00947769,30.72511106,75.51684381,77.07690754
demo,mem,4,3600_10_TS_SS,class_level,0,8.914557005,75.51684381,77.07690754
demo,mem,4,3600_10_LC_TS,method_level,2.860646211,0,53.06852819,60.07847453
demo,mem,4,3600_10_LC_TS,class_level,0,0,53.06852819,60.07847453
demo,mem,4,3600_100000_LC,method_level,100,100,50,50
demo,mem,4,3600_100000_LC,class_level,100,100,50,50
demo,mem,4,3600_10_LC_SS,method_level,29.372336,21.14001971,60.22842731,65.74823043
demo,mem,4,3600_10_LC_SS,class_level,0,9.087145793,60.22842731,65.74823043
demo,mem,4,3600_10_SS,method_level,44.22221438,29.59113233,80,82.06644087
demo,mem,4,3600_10_SS,class_level,0,10.94162138,80,82.06644087
demo,mem,4,3600_100_LC_TS_SS,method_level,52.08073259,32.17625116,54.67287176,67.03619406
demo,mem,4,3600_100_LC_TS_SS,class_level,17.58214841,19.13040608,54.67287176,67.03619406
demo,mem,4,3600_100_TS,method_level,7.927297382,31.94916052,32.27411278,40.67196639
demo,mem,4,3600_100_TS,class_level,17.49027408,19.76129969,32.27411278,40.67196639
demo,mem,4,3600_100000_LC_SS,method_level,100,87.3758098,43.56176065,43.56176065
demo,mem,4,3600_100000_LC_SS,class_level,100,85.749675,43.56176065,43.56176065
demo,mem,4,3600_100_LC_SS,method_level,52.08073259,35.07567511,54.67287176,67.03619406
demo,mem,4,3600_100_LC_SS,class_level,17.58214841,22.82311557,54.67287176,67.03619406
demo,mem,4,3600_100000_SS,method_level,100,100,50,50
demo,mem,4,3600_100000_SS,class_level,100,100,50,50
demo,mem,4,3600_10_LC_TS_SS,method_level,29.372336,17.57784374,60.22842731,65.74823043
demo,mem,4,3600_10_LC_TS_SS,class_level,0,7.671320486,60.22842731,65.74823043
demo,mem,4,3600_10_LC,method_level,38.76498519,47.80420947,71.78088032,72.72476386
demo,mem,4,3600_10_LC,class_level,15.34264097,32.67132049,71.78088032,72.72476386
demo,mem,4,3600_100_LC,method_level,100,100,50,50
demo,mem,4,3600_100_LC,class_level,100,100,50,50
demo,mem,4,3600_100000_LC_TS_SS,method_level,100,87.3758098,43.56176065,43.56176065
demo,mem,4,3600_100000_LC_TS_SS,class_level,100,85.749675,43.56176065,43.56176065
demo,mem,4,3600_100_LC_TS,method_level,46.4589373,23.22210905,66.33566024,68.74496971
demo,mem,4,3600_100_LC_TS,class_level,12.48993941,19.83930104,66.33566024,68.74496971
demo,mem,4,3600_100000_TS,method_level,32.08816203,71.3023161,57.67132049,62.48993941
demo,mem,4,3600_100000_TS,class_level,48.511829,74.38175761,57.67132049,62.48993941
demo,mem,4,3600_100_TS_SS,method_level,100,68.33431354,32.67132049,44.05692151
demo,mem,4,3600_100_TS_SS,class_level,100,56.72079646,32.67132049,44.05692151
demo,cargo,n,default,method_level,38.60436462,32.67729561,72.80372306,76.66075224
demo,cargo,n,default,class_level,0,0,72.80372306,76.66075224
demo,cargo,5,default,method_level,82.69980088,60.09959373,26.13705639,29.86265358
demo,cargo,5,default,class_level,0,19.96582489,26.13705639,29.86265358
demo,datacentric,n,default,method_level,35.20044759,58.32817523,66.13705639,77.21878403
demo,datacentric,n,default,class_level,43.90668204,51.38923658,66.13705639,77.21878403
demo,hydec,n,default,method_level,0,38.21958327,66.66666667,77.09823688
demo,hydec,n,default,class_level,8.403128284,37.15783117,66.66666667,77.09823688
demo,mono2micro,2,business,method_level,85.94162138,82.02333085,43.56176065,52.89909332
demo,mono2micro,2,business,class_level,84.08714579,75.30913842,43.56176065,52.89909332
demo,mono2micro,2,natural,method_level,85.94162138,82.02333085,43.56176065,52.89909332
demo,mono2micro,2,natural,class_level,84.08714579,75.30913842,43.56176065,52.89909332
demo,mono2micro,3,business,method_level,85.94162138,82.02333085,75,78.73269861
demo,mono2micro,3,business,class_level,84.08714579,75.30913842,75,78.73269861
demo,mono2micro,3,natural,method_level,85.94162138,82.02333085,75,78.73269861
demo,mono2micro,3,natural,class_level,84.08714579,75.30913842,75,78.73269861
demo,mono2micro,4,business,method_level,85.94162138,65.72666017,80,82.98615889
demo,mono2micro,4,business,class_level,84.08714579,60.37052363,80,82.98615889
demo,mono2micro,4,natural,method_level,85.94162138,65.72666017,80,82.98615889
demo,mono2micro,4,natural,class_level,84.08714579,60.37052363,80,82.98615889
demo,mono2micro,5,business,method_level,85.94162138,61.64601583,83.33333333,85.82179907
demo,mono2micro,5,business,class_level,84.08714579,59.72839245,83.33333333,85.82179907
demo,mono2micro,5,natural,method_level,85.94162138,61.64601583,83.33333333,85.82179907
demo,mono2micro,5,natural,class_level,84.08714579,59.72839245,83.33333333,85.82179907
demo,mono2micro,6,business,method_level,29.27065958,22.77677149,71.42857143,79.68183521
demo,mono2micro,6,business,class_level,39.42468321,23.4315608,71.42857143,79.68183521
demo,mono2micro,6,natural,method_level,29.27065958,22.77677149,71.42857143,79.68183521
demo,mono2micro,6,natural,class_level,39.42468321,23.4315608,71.42857143,79.68183521
demo,mono2micro,7,business,method_level,13.87592684,16.15181557,75,76.01155198
demo,mono2micro,7,business,class_level,1.107502722,10.94162138,75,76.01155198
demo,mono2micro,7,natural,method_level,29.27065958,22.77677149,71.42857143,79.68183521
demo,mono2micro,7,natural,class_level,39.42468321,23.4315608,71.42857143,79.68183521
demo,mono2micro,8,business,method_level,11.39980955,14.02164903,77.77777778,78.6769351
demo,mono2micro,8,business,class_level,1.107502722,10.94162138,77.77777778,78.6769351
demo,mono2micro,8,natural,method_level,29.27065958,22.77677149,71.42857143,79.68183521
demo,mono2micro,8,natural,class_level,39.42468321,23.4315608,71.42857143,79.68183521
demo,mono2micro,9,business,method_level,11.39980955,6.083875043,70,70.80924159
demo,mono2micro,9,business,class_level,1.107502722,0,70,70.80924159
demo,mono2micro,9,natural,method_level,29.27065958,22.77677149,71.42857143,79.68183521
demo,mono2micro,9,natural,class_level,39.42468321,23.4315608,71.42857143,79.68183521
demo,tomicroservices,2,overhead,method_level,77.0859012,92.96083335,43.56176065,45.44952772
demo,tomicroservices,2,functionality,method_level,87.48993941,87.71681379,66.66666667,66.66666667
demo,tomicroservices,2,coupling,method_level,66.87220888,92.05158049,66.66666667,66.66666667
demo,tomicroservices,2,cohesion,method_level,87.48993941,87.71681379,66.66666667,66.66666667
demo,tomicroservices,3,overhead,method_level,39.5249797,78.13156183,57.67132049,63.73596978
demo,tomicroservices,3,functionality,method_level,49.58762669,83.73101116,57.67132049,63.73596978
demo,tomicroservices,3,coupling,method_level,51.30896496,84.8218231,57.67132049,63.73596978
demo,tomicroservices,3,cohesion,method_level,65.77796171,77.98134486,57.67132049,66.2791976
demo,tomicroservices,4,overhead,method_level,30.60994606,71.41335628,52.27411278,58.60165316
demo,tomicroservices,4,functionality,method_level,44.39075564,68.39306549,66.13705639,72.46459677
demo,tomicroservices,4,coupling,method_level,30.86590083,71.97493969,66.13705639,70.98877582
demo,tomicroservices,4,cohesion,method_level,68.82310029,56.38379597,46.13705639,60.24272089
demo,tomicroservices,5,overhead,method_level,7.17822975,44.38270612,52.27411278,52.88160457
demo,tomicroservices,5,functionality,method_level,25.50298565,56.34702355,66.13705639,71.79767363
demo,tomicroservices,5,coupling,method_level,15.96860828,53.78280934,52.27411278,56.12900792
demo,tomicroservices,5,cohesion,method_level,35.59736163,44.64731258,26.13705639,39.93628886
demo,tomicroservices,6,overhead,method_level,0,1.107502722,8.767223413,19.82311059
demo,tomicroservices,6,functionality,method_level,0,8.161040001,51.62436627,53.608879
demo,tomicroservices,6,coupling,method_level,0,7.927297382,27.4365494,34.71796571
demo,tomicroservices,6,cohesion,method_level,0.229115339,14.62480186,41.72226369,47.86556397
demo,tomicroservices,7,overhead,method_level,0,1.107502722,28.83566024,32.70388855
demo,tomicroservices,7,functionality,method_level,0,5.092208996,36.50698073,42.57405819
demo,tomicroservices,7,coupling,method_level,0,0,11.50698073,22.71147224
demo,tomicroservices,7,cohesion,method_level,0,1.107502722,15.34264097,24.79528769
demo,tomicroservices,8,overhead,method_level,0,3.531477175,24.7490142,38.27840699
demo,tomicroservices,8,functionality,method_level,0,10.04326029,39.26960108,48.14229335
demo,tomicroservices,8,coupling,method_level,0.7471054,16.0039677,46.97123642,57.53804418
demo,tomicroservices,8,cohesion,method_level,0,2.953421716,24.7490142,39.7828502
demo,tomicroservices,9,overhead,method_level,0,0,19.20558458,31.05816275
demo,tomicroservices,9,functionality,method_level,0,14.74709204,29.20558458,38.67595529
demo,tomicroservices,9,coupling,method_level,0,0,19.20558458,31.05816275
demo,tomicroservices,9,cohesion,method_level,0,0,16.13705639,30.60862445
demo,tomicroservices,10,overhead,method_level,0,1.107502722,37.70881578,46.8120573
demo,tomicroservices,10,functionality,method_level,0,0,32.12967361,44.50165611
demo,tomicroservices,10,coupling,method_level,0,7.927297382,28.61790669,39.43773794
demo,tomicroservices,10,cohesion,method_level,0,7.927297382,37.70881578,44.86446292
demo,ground_truth,n,default,method_level,37.54054645,77.92196796,7.671320486,53.28903409
demo,ground_truth,n,default,class_level,57.56486947,93.87674933,7.671320486,53.28903409
demo,mosaic,n,default,method_level,43.72053542,100,80,80
