Application,Tool,Partition Count,Decomposition Type,Commits,Contributors,Class Names,Static Structural,Granularity,SMQ,CMQ,CDP,TurboMQ_commits,TurbomMQ_contributors
spring-petclinic,mem,3_partitions,3600_10_LC_TS,X,X,X,78.75,method_level,-1,X,0.0,33.888900942788084,27.8061774219433
spring-petclinic,mem,3_partitions,3600_10_LC_TS,X,X,X,74.62121212121212,class_level,-1,X,0.0,33.888900942788084,27.8061774219433
spring-petclinic,mem,3_partitions,3600_10_TS_SS,X,X,X,60.56277056277056,method_level,-1,X,0.0,29.886322910793528,23.23223046114908
spring-petclinic,mem,3_partitions,3600_10_TS_SS,X,X,X,52.25,class_level,-1,X,0.0,29.886322910793528,23.23223046114908
spring-petclinic,mem,3_partitions,3600_10_SS,X,X,X,38.23641823641823,method_level,-1,X,0.0,28.885945115479096,22.893194078381445
spring-petclinic,mem,3_partitions,3600_10_SS,X,X,X,15.757575757575756,class_level,-1,X,0.0,28.885945115479096,22.893194078381445
spring-petclinic,mem,3_partitions,3600_100_LC,X,X,X,51.11111111111111,method_level,-1,X,0.0,51.48798145892732,50.214014708695565
spring-petclinic,mem,3_partitions,3600_100_LC,X,X,X,48.83534136546185,class_level,-1,X,0.0,51.48798145892732,50.214014708695565
spring-petclinic,mem,3_partitions,3600_100_LC_TS_SS,X,X,X,50.91445427728614,method_level,-1,X,0.0,51.62088716749359,50.25913130905346
spring-petclinic,mem,3_partitions,3600_100_LC_TS_SS,X,X,X,48.438818565400844,class_level,-1,X,0.0,51.62088716749359,50.25913130905346
spring-petclinic,mem,3_partitions,3600_10_LC_SS,X,X,X,46.890410958904106,method_level,-1,X,0.0,22.784133085316853,20.81925262693767
spring-petclinic,mem,3_partitions,3600_10_LC_SS,X,X,X,27.972789115646258,class_level,-1,X,0.0,22.784133085316853,20.81925262693767
spring-petclinic,mem,3_partitions,3600_10_LC_TS_SS,X,X,X,40.833333333333336,method_level,-1,X,0.0,27.55631777477773,25.86112407320553
spring-petclinic,mem,3_partitions,3600_10_LC_TS_SS,X,X,X,36.73669467787114,class_level,-1,X,0.0,27.55631777477773,25.86112407320553
spring-petclinic,mem,3_partitions,3600_10_TS,X,X,X,36.59188034188035,method_level,-1,X,0.0,38.969923659021056,29.557867041386153
spring-petclinic,mem,3_partitions,3600_10_TS,X,X,X,14.285714285714285,class_level,-1,X,0.0,38.969923659021056,29.557867041386153
spring-petclinic,mem,3_partitions,3600_100_TS,X,X,X,50.476190476190474,method_level,-1,X,0.0,51.81598837767438,50.29419266321317
spring-petclinic,mem,3_partitions,3600_100_TS,X,X,X,48.22510822510823,class_level,-1,X,0.0,51.81598837767438,50.29419266321317
spring-petclinic,mem,3_partitions,3600_100_LC_SS,X,X,X,50.87485019688409,method_level,-1,X,0.0,35.99739650800964,34.55638705741288
spring-petclinic,mem,3_partitions,3600_100_LC_SS,X,X,X,45.61584840654607,class_level,-1,X,0.0,35.99739650800964,34.55638705741288
spring-petclinic,mem,3_partitions,3600_10_LC,X,X,X,63.324278438030554,method_level,-1,X,0.0,29.838450700469977,21.9485905360907
spring-petclinic,mem,3_partitions,3600_10_LC,X,X,X,45.33333333333333,class_level,-1,X,0.0,29.838450700469977,21.9485905360907
spring-petclinic,mem,3_partitions,3600_100_SS,X,X,X,41.074909495962125,method_level,-1,X,0.0,40.324695657305824,34.94564689501096
spring-petclinic,mem,3_partitions,3600_100_SS,X,X,X,26.38888888888889,class_level,-1,X,0.0,40.324695657305824,34.94564689501096
spring-petclinic,mem,3_partitions,3600_100_TS_SS,X,X,X,50.0,method_level,-1,X,0.0,49.89381440417605,49.5951943365508
spring-petclinic,mem,3_partitions,3600_100_TS_SS,X,X,X,50.0,class_level,-1,X,0.0,49.89381440417605,49.5951943365508
spring-petclinic,mem,3_partitions,3600_100_LC_TS,X,X,X,50.476190476190474,method_level,-1,X,0.0,51.768004827316936,50.27019945632594
spring-petclinic,mem,3_partitions,3600_100_LC_TS,X,X,X,48.22510822510823,class_level,-1,X,0.0,51.768004827316936,50.27019945632594
spring-petclinic,cargo,3_partitions,default,X,X,X,0,method_level,-1,X,0,0,0
spring-petclinic,cargo,3_partitions,default,X,X,X,0,class_level,-1,X,0,0,0
spring-petclinic,cargo,n_partitions,default,X,X,X,0,method_level,-1,X,0,0,0
spring-petclinic,cargo,n_partitions,default,X,X,X,0,class_level,-1,X,0,0,0
spring-petclinic,datacentric,n_partitions,default,X,X,X,67.77777777777777,method_level,-1,X,33.33333333333333,36.11821523400698,33.45724889893978
spring-petclinic,datacentric,n_partitions,default,X,X,X,64.1912320483749,class_level,-1,X,33.33333333333333,36.11821523400698,33.45724889893978
spring-petclinic,hydec,n_partitions,default,X,X,X,49.30555555555555,method_level,-1,X,0.0,43.18968485214681,35.96557582998146
spring-petclinic,hydec,n_partitions,default,X,X,X,42.34848484848485,class_level,-1,X,0.0,43.18968485214681,35.96557582998146
spring-petclinic,log2ms,n_partitions,default,X,X,X,39.38525242873069,method_level,-1,X,14.285714285714285,16.879902618203833,14.057227973714454
spring-petclinic,log2ms,n_partitions,default,X,X,X,29.190179190179187,class_level,-1,X,14.285714285714285,16.879902618203833,14.057227973714454
spring-petclinic,mono2micro,3_partitions,business,X,X,X,82.9923273657289,method_level,-1,X,33.33333333333333,39.270629334393156,34.62791126540797
spring-petclinic,mono2micro,3_partitions,business,X,X,X,77.77777777777777,class_level,-1,X,33.33333333333333,39.270629334393156,34.62791126540797
spring-petclinic,mono2micro,3_partitions,natural,X,X,X,82.9923273657289,method_level,-1,X,33.33333333333333,39.270629334393156,34.62791126540797
spring-petclinic,mono2micro,3_partitions,natural,X,X,X,77.77777777777777,class_level,-1,X,33.33333333333333,39.270629334393156,34.62791126540797
spring-petclinic,mono2micro,5_partitions,business,X,X,X,55.418419822346884,method_level,-1,X,10.0,24.18994990711333,20.412236971609765
spring-petclinic,mono2micro,5_partitions,business,X,X,X,51.11111111111111,class_level,-1,X,10.0,24.18994990711333,20.412236971609765
spring-petclinic,mono2micro,5_partitions,natural,X,X,X,55.418419822346884,method_level,-1,X,10.0,24.18994990711333,20.412236971609765
spring-petclinic,mono2micro,5_partitions,natural,X,X,X,51.11111111111111,class_level,-1,X,10.0,24.18994990711333,20.412236971609765
spring-petclinic,tomicroservices,3_partitions,overhead,X,X,X,57.125819916517585,method_level,-1,X,0.0,36.31541311359443,33.3601849893348
spring-petclinic,tomicroservices,3_partitions,functionality,X,X,X,60.317460317460316,method_level,-1,X,0.0,33.90472315112723,32.72672727762202
spring-petclinic,tomicroservices,3_partitions,coupling,X,X,X,66.66666666666666,method_level,-1,X,33.33333333333333,33.42607830868525,32.62418652478481
spring-petclinic,tomicroservices,3_partitions,cohesion,X,X,X,63.452157598499056,method_level,-1,X,33.33333333333333,34.72593082379379,32.880238904525164
spring-petclinic,tomicroservices,5_partitions,overhead,X,X,X,24.636015325670503,method_level,-1,X,20.0,21.9300163808325,19.465606004849427
spring-petclinic,tomicroservices,5_partitions,functionality,X,X,X,33.48888888888889,method_level,-1,X,10.0,22.48000226898343,19.552048784302777
spring-petclinic,tomicroservices,5_partitions,coupling,X,X,X,35.84761904761905,method_level,-1,X,30.0,20.416138611965234,19.3155177774391
spring-petclinic,tomicroservices,5_partitions,cohesion,X,X,X,35.84761904761905,method_level,-1,X,30.0,20.416138611965234,19.3155177774391
spring-petclinic,ground_truth,n_partitions,default,X,X,X,79.76068376068376,method_level,-1,X,33.33333333333333,36.84645360286915,34.01079301857426
spring-petclinic,ground_truth,n_partitions,default,X,X,X,85.38737248414668,class_level,-1,X,0.0,38.05680768006188,34.415372436205764
spring-petclinic,mosaic,n_partitions,default,X,X,X,100.0,method_level,-1,X,0.0,53.66093823768738,50.79991932236232
jpetstore,mem,3_partitions,3600_100-6_TS,X,X,X,49.275362318840585,method_level,-1,X,0.0,50.0,50.0
jpetstore,mem,3_partitions,3600_100-6_TS,X,X,X,49.21259842519685,class_level,-1,X,0.0,50.0,50.0
jpetstore,mem,3_partitions,3600_10-6_LC,X,X,X,23.174603174603174,method_level,-1,X,0.0,33.187101396646284,33.22284547800763
jpetstore,mem,3_partitions,3600_10-6_LC,X,X,X,13.978494623655916,class_level,-1,X,0.0,33.187101396646284,33.22284547800763
jpetstore,mem,3_partitions,3600_100-6_LC_TS_SS,X,X,X,100.0,method_level,-1,X,0,100.0,100.0
jpetstore,mem,3_partitions,3600_100-6_LC_TS_SS,X,X,X,100.0,class_level,-1,X,0,100.0,100.0
jpetstore,mem,3_partitions,3600_10-6_LC_TS_SS,X,X,X,53.86093640810622,method_level,-1,X,66.66666666666666,33.21228032266064,33.439720299487526
jpetstore,mem,3_partitions,3600_10-6_LC_TS_SS,X,X,X,30.476190476190474,class_level,-1,X,66.66666666666666,33.21228032266064,33.439720299487526
jpetstore,mem,3_partitions,3600_100-6_SS,X,X,X,58.31643002028398,method_level,-1,X,33.33333333333333,33.13691301007016,33.148740100205565
jpetstore,mem,3_partitions,3600_100-6_SS,X,X,X,56.21345029239766,class_level,-1,X,33.33333333333333,33.13691301007016,33.148740100205565
jpetstore,mem,3_partitions,3600_10-6_TS,X,X,X,38.87579887579887,method_level,-1,X,20.0,19.70997833425889,19.713955085138984
jpetstore,mem,3_partitions,3600_10-6_TS,X,X,X,19.435028248587567,class_level,-1,X,20.0,19.70997833425889,19.713955085138984
jpetstore,mem,3_partitions,3600_10-6_LC_SS,X,X,X,43.38235294117647,method_level,-1,X,100.0,50.123741687308375,50.562273226364375
jpetstore,mem,3_partitions,3600_10-6_LC_SS,X,X,X,33.33333333333333,class_level,-1,X,100.0,50.123741687308375,50.562273226364375
jpetstore,mem,3_partitions,3600_100-6_LC,X,X,X,54.99525706697022,method_level,-1,X,0.0,33.093962451037775,33.08791991570633
jpetstore,mem,3_partitions,3600_100-6_LC,X,X,X,31.71806167400881,class_level,-1,X,0.0,33.093962451037775,33.08791991570633
jpetstore,mem,3_partitions,3600_100-6_LC_SS,X,X,X,100.0,method_level,-1,X,0,100.0,100.0
jpetstore,mem,3_partitions,3600_100-6_LC_SS,X,X,X,100.0,class_level,-1,X,0,100.0,100.0
jpetstore,mem,3_partitions,3600_100-6_TS_SS,X,X,X,66.09042553191489,method_level,-1,X,100.0,49.81139426167463,49.83759936737837
jpetstore,mem,3_partitions,3600_100-6_TS_SS,X,X,X,47.05882352941176,class_level,-1,X,100.0,49.81139426167463,49.83759936737837
jpetstore,mem,3_partitions,3600_100-6_LC_TS,X,X,X,100.0,method_level,-1,X,0,100.0,100.0
jpetstore,mem,3_partitions,3600_100-6_LC_TS,X,X,X,100.0,class_level,-1,X,0,100.0,100.0
jpetstore,mem,3_partitions,3600_10-6_TS_SS,X,X,X,56.875,method_level,-1,X,33.33333333333333,24.676790609927686,24.808617749738136
jpetstore,mem,3_partitions,3600_10-6_TS_SS,X,X,X,29.583333333333332,class_level,-1,X,33.33333333333333,24.676790609927686,24.808617749738136
jpetstore,mem,3_partitions,3600_10-6_SS,X,X,X,57.34314381270903,method_level,-1,X,10.0,19.55215155263851,19.57192575340991
jpetstore,mem,3_partitions,3600_10-6_SS,X,X,X,35.58297097785418,class_level,-1,X,10.0,19.55215155263851,19.57192575340991
jpetstore,mem,3_partitions,3600_10-6_LC_TS,X,X,X,18.153393496256285,method_level,-1,X,6.666666666666667,16.46873485030744,16.49039161346442
jpetstore,mem,3_partitions,3600_10-6_LC_TS,X,X,X,5.9405940594059405,class_level,-1,X,6.666666666666667,16.46873485030744,16.49039161346442
jpetstore,cargo,3_partitions,default,X,X,X,52.14646464646465,method_level,-1,X,33.33333333333333,32.36889289119691,32.37737806620629
jpetstore,cargo,3_partitions,default,X,X,X,47.00352526439484,class_level,-1,X,66.66666666666666,33.07538163507531,33.07361685007183
jpetstore,cargo,5_partitions,default,X,X,X,34.82142857142857,method_level,-1,X,33.33333333333333,23.886796659723338,23.9359252453485
jpetstore,cargo,5_partitions,default,X,X,X,35.46473302570864,class_level,-1,X,0.0,24.69466283484144,24.69234112057645
jpetstore,cargo,n_partitions,default,X,X,X,54.69244149272612,method_level,-1,X,6.666666666666667,15.513663130077068,15.526012219431815
jpetstore,cargo,n_partitions,default,X,X,X,36.99134199134199,class_level,-1,X,30.0,19.721086575445362,19.71992718768635
jpetstore,datacentric,n_partitions,default,X,X,X,79.74038395846144,method_level,-1,X,33.33333333333333,33.074521529125164,33.08274685119709
jpetstore,datacentric,n_partitions,default,X,X,X,70.81185888525337,class_level,-1,X,33.33333333333333,33.074521529125164,33.08274685119709
jpetstore,hydec,n_partitions,default,X,X,X,52.83249771100154,method_level,-1,X,3.571428571428571,12.099436665507007,12.115700526384352
jpetstore,hydec,n_partitions,default,X,X,X,32.00916467045499,class_level,-1,X,3.571428571428571,12.099436665507007,12.115700526384352
jpetstore,log2ms,n_partitions,default,X,X,X,76.0443178220956,method_level,-1,X,33.33333333333333,33.1206497248518,33.102951463230355
jpetstore,log2ms,n_partitions,default,X,X,X,69.86965545869656,class_level,-1,X,33.33333333333333,33.1206497248518,33.102951463230355
jpetstore,mono2micro,3_partitions,business,X,X,X,73.6445185361594,method_level,-1,X,100.0,33.12464662430204,33.10704882172313
jpetstore,mono2micro,3_partitions,business,X,X,X,67.95454545454545,class_level,-1,X,100.0,33.12464662430204,33.10704882172313
jpetstore,mono2micro,3_partitions,natural,X,X,X,100.0,method_level,-1,X,0,100.0,100.0
jpetstore,mono2micro,3_partitions,natural,X,X,X,100.0,class_level,-1,X,0,100.0,100.0
jpetstore,mono2micro,5_partitions,business,X,X,X,63.23529411764706,method_level,-1,X,30.0,19.70364563760045,19.716053880624013
jpetstore,mono2micro,5_partitions,business,X,X,X,40.31481481481482,class_level,-1,X,30.0,19.70364563760045,19.716053880624013
jpetstore,mono2micro,5_partitions,natural,X,X,X,49.583333333333336,method_level,-1,X,0.0,49.75277612170294,49.81363152289669
jpetstore,mono2micro,5_partitions,natural,X,X,X,49.519230769230774,class_level,-1,X,0.0,49.75277612170294,49.81363152289669
jpetstore,tomicroservices,3_partitions,overhead,X,X,X,40.73260073260074,method_level,-1,X,66.66666666666666,32.97918350939672,33.02503874041934
jpetstore,tomicroservices,3_partitions,functionality,X,X,X,34.64285714285714,method_level,-1,X,33.33333333333333,32.978149103870855,33.023675938286154
jpetstore,tomicroservices,3_partitions,coupling,X,X,X,34.64285714285714,method_level,-1,X,33.33333333333333,32.978149103870855,33.023675938286154
jpetstore,tomicroservices,3_partitions,cohesion,X,X,X,60.02415458937197,method_level,-1,X,66.66666666666666,33.00877015460592,33.00329574892656
jpetstore,tomicroservices,5_partitions,overhead,X,X,X,24.119858469703672,method_level,-1,X,40.0,19.609049845580543,19.620067877016144
jpetstore,tomicroservices,5_partitions,functionality,X,X,X,24.119858469703672,method_level,-1,X,40.0,19.609049845580543,19.620067877016144
jpetstore,tomicroservices,5_partitions,coupling,X,X,X,28.724137931034488,method_level,-1,X,30.0,19.58693188791846,19.618075485900416
jpetstore,tomicroservices,5_partitions,cohesion,X,X,X,34.88888888888889,method_level,-1,X,30.0,19.607062687477956,19.625636312903904
jpetstore,ground_truth,n_partitions,default,X,X,X,77.54123489159183,method_level,-1,X,33.33333333333333,33.11756806293985,33.09948717263762
jpetstore,ground_truth,n_partitions,default,X,X,X,71.43884956384956,class_level,-1,X,33.33333333333333,33.11756806293985,33.09948717263762
jpetstore,mosaic,n_partitions,default,X,X,X,80.32436162870947,method_level,-1,X,0.0,33.06288437532552,33.06915068310831
partsunlimited,mem,5_partitions,3600_10_LC,X,X,X,81.31868131868131,method_level,-1,X,0.0,50.0,50.0
partsunlimited,mem,5_partitions,3600_10_LC,X,X,X,0.0,class_level,-1,X,0.0,50.0,50.0
partsunlimited,mem,5_partitions,3600_1000_LC,X,X,X,100.0,method_level,-1,X,0,100.0,100.0
partsunlimited,mem,5_partitions,3600_1000_LC,X,X,X,0.0,class_level,-1,X,0,100.0,100.0
partsunlimited,mem,5_partitions,3600_1000_LC_SS,X,X,X,36.470588235294116,method_level,-1,X,0.0,32.68218858398273,32.65914416006999
partsunlimited,mem,5_partitions,3600_1000_LC_SS,X,X,X,36.2802430913886,class_level,-1,X,0.0,32.68218858398273,32.65914416006999
partsunlimited,mem,5_partitions,3600_1000_TS_SS,X,X,X,100.0,method_level,-1,X,0,100.0,100.0
partsunlimited,mem,5_partitions,3600_1000_TS_SS,X,X,X,100.0,class_level,-1,X,0,100.0,100.0
partsunlimited,mem,5_partitions,3600_1000_LC_TS,X,X,X,100.0,method_level,-1,X,0,100.0,100.0
partsunlimited,mem,5_partitions,3600_1000_LC_TS,X,X,X,50.0,class_level,-1,X,0.0,50.0,50.0
partsunlimited,mem,5_partitions,3600_10_TS,X,X,X,22.267001377852644,method_level,-1,X,10.606060606060606,8.092728410808768,8.124572357061728
partsunlimited,mem,5_partitions,3600_10_TS,X,X,X,10.845970722870922,class_level,-1,X,10.606060606060606,8.296447262807668,8.308672966221794
partsunlimited,mem,5_partitions,3600_10_LC_SS,X,X,X,42.3354173596695,method_level,-1,X,2.197802197802198,6.643921061968712,6.687966043908536
partsunlimited,mem,5_partitions,3600_10_LC_SS,X,X,X,28.889021317041376,class_level,-1,X,2.197802197802198,6.643921061968712,6.687966043908536
partsunlimited,mem,5_partitions,3600_1000_LC_TS_SS,X,X,X,100.0,method_level,-1,X,0,100.0,100.0
partsunlimited,mem,5_partitions,3600_1000_LC_TS_SS,X,X,X,100.0,class_level,-1,X,0,100.0,100.0
partsunlimited,mem,5_partitions,3600_1000_TS,X,X,X,49.504950495049506,method_level,-1,X,0.0,50.0,50.0
partsunlimited,mem,5_partitions,3600_1000_TS,X,X,X,50.0,class_level,-1,X,0.0,50.0,50.0
partsunlimited,mem,5_partitions,3600_10_TS_SS,X,X,X,35.73791482012735,method_level,-1,X,6.666666666666667,6.250884048805968,6.2793808834900116
partsunlimited,mem,5_partitions,3600_10_TS_SS,X,X,X,27.061450448833995,class_level,-1,X,4.761904761904762,6.250884048805968,6.2793808834900116
partsunlimited,mem,5_partitions,3600_10_SS,X,X,X,46.59821919737838,method_level,-1,X,1.282051282051282,7.174999921118327,7.203256767814642
partsunlimited,mem,5_partitions,3600_10_SS,X,X,X,32.915751088382514,class_level,-1,X,1.282051282051282,7.174999921118327,7.203256767814642
partsunlimited,mem,5_partitions,3600_10_LC_TS_SS,X,X,X,38.575088105198496,method_level,-1,X,9.090909090909092,7.872720766836679,7.917905594936124
partsunlimited,mem,5_partitions,3600_10_LC_TS_SS,X,X,X,37.4344392894164,class_level,-1,X,9.090909090909092,7.872720766836679,7.917905594936124
partsunlimited,mem,5_partitions,3600_1000_SS,X,X,X,87.14622641509435,method_level,-1,X,100.0,49.550081713824405,49.54205943194064
partsunlimited,mem,5_partitions,3600_1000_SS,X,X,X,49.57142857142857,class_level,-1,X,100.0,49.550081713824405,49.54205943194064
partsunlimited,mem,5_partitions,3600_10_LC_TS,X,X,X,23.90542869852404,method_level,-1,X,12.087912087912088,7.007608285778834,7.043213224978047
partsunlimited,mem,5_partitions,3600_10_LC_TS,X,X,X,14.717459926519162,class_level,-1,X,8.791208791208792,7.110854262749565,7.1291289898103765
partsunlimited,cargo,5_partitions,default,X,X,X,35.10833635423799,method_level,-1,X,40.0,18.74780611696023,18.89907407532075
partsunlimited,cargo,5_partitions,default,X,X,X,39.79132577911946,class_level,-1,X,30.0,19.828928300935974,19.899500662461435
partsunlimited,cargo,n_partitions,default,X,X,X,35.10833635423799,method_level,-1,X,40.0,18.74780611696023,18.89907407532075
partsunlimited,cargo,n_partitions,default,X,X,X,39.79132577911946,class_level,-1,X,30.0,19.828928300935974,19.899500662461435
partsunlimited,datacentric,n_partitions,default,X,X,X,77.79128644298329,method_level,-1,X,66.66666666666666,24.851440970938484,24.908838369574895
partsunlimited,datacentric,n_partitions,default,X,X,X,71.71248553088499,class_level,-1,X,66.66666666666666,24.851440970938484,24.908838369574895
partsunlimited,hydec,n_partitions,default,X,X,X,91.96516974109338,method_level,-1,X,66.66666666666666,32.81443200388619,32.89519570845753
partsunlimited,hydec,n_partitions,default,X,X,X,89.43515165659593,class_level,-1,X,66.66666666666666,32.81443200388619,32.89519570845753
partsunlimited,mono2micro,5_partitions,business,X,X,X,55.93484670336755,method_level,-1,X,40.0,21.128017872611604,21.15778474399164
partsunlimited,mono2micro,5_partitions,business,X,X,X,42.924537798941344,class_level,-1,X,40.0,21.128017872611604,21.15778474399164
partsunlimited,mono2micro,5_partitions,natural,X,X,X,68.9241979231868,method_level,-1,X,100.0,34.97297930742291,35.01501501501501
partsunlimited,mono2micro,5_partitions,natural,X,X,X,51.00890451346126,class_level,-1,X,100.0,34.97297930742291,35.01501501501501
partsunlimited,tomicroservices,5_partitions,overhead,X,X,X,35.32452981192476,method_level,-1,X,50.0,17.69173435260392,18.528986872683877
partsunlimited,tomicroservices,5_partitions,functionality,X,X,X,29.51158940397351,method_level,-1,X,40.0,18.455828368920447,19.06538734896944
partsunlimited,tomicroservices,5_partitions,coupling,X,X,X,35.37310037310037,method_level,-1,X,50.0,17.74994601597927,18.589196872778963
partsunlimited,tomicroservices,5_partitions,cohesion,X,X,X,34.40582347588717,method_level,-1,X,70.0,18.645866328793158,18.593322386425832
partsunlimited,ground_truth,n_partitions,default,X,X,X,89.7326761347814,method_level,-1,X,10.0,18.976864533020507,19.065527065527064
partsunlimited,ground_truth,n_partitions,default,X,X,X,90.20001860222855,class_level,-1,X,0.0,19.17285880201462,19.276018099547514
partsunlimited,mosaic,n_partitions,default,X,X,X,90.76263961561352,method_level,-1,X,10.0,19.124962491500476,19.224966251091878
demo,mem,4_partitions,3600_100000_TS_SS,X,X,X,78.49212402988147,method_level,-1,X,0.0,33.32184589875418,24.642857142857142
demo,mem,4_partitions,3600_100000_TS_SS,X,X,X,47.399163797343824,class_level,-1,X,0.0,33.32184589875418,24.642857142857142
demo,mem,4_partitions,3600_10_TS,X,X,X,40.012062241164415,method_level,-1,X,0.0,14.016540843768412,5.091448344043499
demo,mem,4_partitions,3600_10_TS,X,X,X,1.3574660633484164,class_level,-1,X,0.7352941176470588,14.016540843768412,5.091448344043499
demo,mem,4_partitions,3600_100_SS,X,X,X,32.88375080282594,method_level,-1,X,0.0,36.63965856108196,33.0
demo,mem,4_partitions,3600_100_SS,X,X,X,32.82498184458969,class_level,-1,X,0.0,36.63965856108196,33.0
demo,mem,4_partitions,3600_100000_LC_TS,X,X,X,65.16287982480154,method_level,-1,X,66.66666666666666,43.1863571639482,32.860520094562645
demo,mem,4_partitions,3600_100000_LC_TS,X,X,X,30.476190476190474,class_level,-1,X,66.66666666666666,43.1863571639482,32.860520094562645
demo,mem,4_partitions,3600_10_TS_SS,X,X,X,50.50420488419826,method_level,-1,X,0.0,14.932650372246941,6.075949367088607
demo,mem,4_partitions,3600_10_TS_SS,X,X,X,11.773980405559351,class_level,-1,X,0.0,14.932650372246941,6.075949367088607
demo,mem,4_partitions,3600_10_LC_TS,X,X,X,24.30705790573677,method_level,-1,X,5.4945054945054945,15.2579787638705,6.250000000000002
demo,mem,4_partitions,3600_10_LC_TS,X,X,X,2.928571428571429,class_level,-1,X,6.593406593406594,15.2579787638705,6.250000000000002
demo,mem,4_partitions,3600_100000_LC,X,X,X,100.0,method_level,-1,X,0,100.0,100.0
demo,mem,4_partitions,3600_100000_LC,X,X,X,100.0,class_level,-1,X,0,100.0,100.0
demo,mem,4_partitions,3600_10_LC_SS,X,X,X,39.000469805173054,method_level,-1,X,0.0,22.554116468034337,6.044444444444444
demo,mem,4_partitions,3600_10_LC_SS,X,X,X,7.883597883597885,class_level,-1,X,0.0,22.554116468034337,6.044444444444444
demo,mem,4_partitions,3600_10_SS,X,X,X,48.166022926458496,method_level,-1,X,0.0,15.893140201327041,7.046799354491664
demo,mem,4_partitions,3600_10_SS,X,X,X,14.381561137987086,class_level,-1,X,0.0,15.893140201327041,7.046799354491664
demo,mem,4_partitions,3600_100_LC_TS_SS,X,X,X,39.956589910280165,method_level,-1,X,1.5151515151515151,19.126293938378254,7.875
demo,mem,4_partitions,3600_100_LC_TS_SS,X,X,X,19.343257583757936,class_level,-1,X,1.5151515151515151,19.126293938378254,7.875
demo,mem,4_partitions,3600_100_TS,X,X,X,42.528988050630666,method_level,-1,X,66.66666666666666,35.0136219629742,24.489795918367346
demo,mem,4_partitions,3600_100_TS,X,X,X,12.951807228915662,class_level,-1,X,66.66666666666666,35.0136219629742,24.489795918367346
demo,mem,4_partitions,3600_100000_LC_SS,X,X,X,66.12637362637362,method_level,-1,X,100.0,55.54835570203264,49.75369458128079
demo,mem,4_partitions,3600_100000_LC_SS,X,X,X,47.31182795698925,class_level,-1,X,100.0,55.54835570203264,49.75369458128079
demo,mem,4_partitions,3600_100_LC_SS,X,X,X,35.920468002082124,method_level,-1,X,5.555555555555555,19.611652041009723,10.650546919976971
demo,mem,4_partitions,3600_100_LC_SS,X,X,X,16.154249487582824,class_level,-1,X,5.555555555555555,19.611652041009723,10.650546919976971
demo,mem,4_partitions,3600_100000_SS,X,X,X,50.0,method_level,-1,X,0.0,49.92583436341162,49.75369458128079
demo,mem,4_partitions,3600_100000_SS,X,X,X,50.0,class_level,-1,X,0.0,49.92583436341162,49.75369458128079
demo,mem,4_partitions,3600_10_LC_TS_SS,X,X,X,46.03728589011155,method_level,-1,X,0.0,21.965676169695108,5.282877482203072
demo,mem,4_partitions,3600_10_LC_TS_SS,X,X,X,8.840729274165806,class_level,-1,X,0.0,21.965676169695108,5.282877482203072
demo,mem,4_partitions,3600_10_LC,X,X,X,44.26929392446634,method_level,-1,X,0.0,43.01853280210845,12.987012987012985
demo,mem,4_partitions,3600_10_LC,X,X,X,18.21428571428571,class_level,-1,X,0.0,43.01853280210845,12.987012987012985
demo,mem,4_partitions,3600_100_LC,X,X,X,100.0,method_level,-1,X,0,100.0,100.0
demo,mem,4_partitions,3600_100_LC,X,X,X,100.0,class_level,-1,X,0,100.0,100.0
demo,mem,4_partitions,3600_100000_LC_TS_SS,X,X,X,78.49212402988147,method_level,-1,X,0.0,33.32184589875418,24.642857142857142
demo,mem,4_partitions,3600_100000_LC_TS_SS,X,X,X,47.399163797343824,class_level,-1,X,0.0,33.32184589875418,24.642857142857142
demo,mem,4_partitions,3600_100_LC_TS,X,X,X,38.442543384977604,method_level,-1,X,7.142857142857142,19.837930353587506,11.800000000000002
demo,mem,4_partitions,3600_100_LC_TS,X,X,X,9.398699891657639,class_level,-1,X,7.142857142857142,19.837930353587506,11.800000000000002
demo,mem,4_partitions,3600_100000_TS,X,X,X,44.20717538804722,method_level,-1,X,16.666666666666664,32.87091108024093,24.48630136986301
demo,mem,4_partitions,3600_100000_TS,X,X,X,19.094488188976378,class_level,-1,X,33.33333333333333,32.87091108024093,24.48630136986301
demo,mem,4_partitions,3600_100_TS_SS,X,X,X,75.0064587536129,method_level,-1,X,6.666666666666667,30.68780728387768,16.254125412541253
demo,mem,4_partitions,3600_100_TS_SS,X,X,X,40.420915301953514,class_level,-1,X,6.666666666666667,30.68780728387768,16.254125412541253
demo,cargo,n_partitions,default,X,X,X,22.219304388422035,method_level,-1,X,3.3333333333333335,11.55676446247781,5.424528301886792
demo,cargo,n_partitions,default,X,X,X,6.747299584592045,class_level,-1,X,0.7905138339920948,10.789573106941285,3.8390379278445885
demo,cargo,5_partitions,default,X,X,X,40.55237525632263,method_level,-1,X,50.0,31.539606249507397,24.29245283018868
demo,cargo,5_partitions,default,X,X,X,19.526774595267742,class_level,-1,X,30.0,27.425994427583532,19.574468085106382
demo,datacentric,n_partitions,default,X,X,X,63.43652949198382,method_level,-1,X,50.0,38.90158994425823,24.639423076923077
demo,datacentric,n_partitions,default,X,X,X,37.98825096236294,class_level,-1,X,66.66666666666666,38.90158994425823,24.639423076923077
demo,hydec,n_partitions,default,X,X,X,59.84242261484861,method_level,-1,X,0.0,34.8394315519625,12.039473684210526
demo,hydec,n_partitions,default,X,X,X,47.131422363111945,class_level,-1,X,3.571428571428571,34.8394315519625,12.039473684210526
demo,mono2micro,2_partitions,business,X,X,X,92.65097100292631,method_level,-1,X,0.0,61.74064435613983,49.717514124293785
demo,mono2micro,2_partitions,business,X,X,X,85.15291607396871,class_level,-1,X,0.0,61.74064435613983,49.717514124293785
demo,mono2micro,2_partitions,natural,X,X,X,92.65097100292631,method_level,-1,X,0.0,61.74064435613983,49.717514124293785
demo,mono2micro,2_partitions,natural,X,X,X,85.15291607396871,class_level,-1,X,0.0,61.74064435613983,49.717514124293785
demo,mono2micro,3_partitions,business,X,X,X,91.31961355425044,method_level,-1,X,0.0,53.18456883861019,32.95668549905838
demo,mono2micro,3_partitions,business,X,X,X,81.84823284823285,class_level,-1,X,0.0,53.18456883861019,32.95668549905838
demo,mono2micro,3_partitions,natural,X,X,X,91.31961355425044,method_level,-1,X,0.0,53.18456883861019,32.95668549905838
demo,mono2micro,3_partitions,natural,X,X,X,81.84823284823285,class_level,-1,X,0.0,53.18456883861019,32.95668549905838
demo,mono2micro,4_partitions,business,X,X,X,91.66947158074335,method_level,-1,X,0.0,48.411738802859006,24.576271186440678
demo,mono2micro,4_partitions,business,X,X,X,80.25064350064349,class_level,-1,X,0.0,48.411738802859006,24.576271186440678
demo,mono2micro,4_partitions,natural,X,X,X,91.66947158074335,method_level,-1,X,0.0,48.411738802859006,24.576271186440678
demo,mono2micro,4_partitions,natural,X,X,X,80.25064350064349,class_level,-1,X,0.0,48.411738802859006,24.576271186440678
demo,mono2micro,5_partitions,business,X,X,X,91.39307532209273,method_level,-1,X,0.0,45.4523999605556,19.54802259887006
demo,mono2micro,5_partitions,business,X,X,X,77.53384813384812,class_level,-1,X,0.0,45.4523999605556,19.54802259887006
demo,mono2micro,5_partitions,natural,X,X,X,91.39307532209273,method_level,-1,X,0.0,45.4523999605556,19.54802259887006
demo,mono2micro,5_partitions,natural,X,X,X,77.53384813384812,class_level,-1,X,0.0,45.4523999605556,19.54802259887006
demo,mono2micro,6_partitions,business,X,X,X,91.42104049682894,method_level,-1,X,6.666666666666667,40.60329975979229,16.195856873822976
demo,mono2micro,6_partitions,business,X,X,X,74.36652236652237,class_level,-1,X,6.666666666666667,40.60329975979229,16.195856873822976
demo,mono2micro,6_partitions,natural,X,X,X,91.42104049682894,method_level,-1,X,6.666666666666667,40.60329975979229,16.195856873822976
demo,mono2micro,6_partitions,natural,X,X,X,74.36652236652237,class_level,-1,X,6.666666666666667,40.60329975979229,16.195856873822976
demo,mono2micro,7_partitions,business,X,X,X,83.37576959374873,method_level,-1,X,9.523809523809524,35.26220142513045,13.801452784503635
demo,mono2micro,7_partitions,business,X,X,X,67.45253765462824,class_level,-1,X,14.285714285714285,35.26220142513045,13.801452784503635
demo,mono2micro,7_partitions,natural,X,X,X,91.42104049682894,method_level,-1,X,6.666666666666667,40.60329975979229,16.195856873822976
demo,mono2micro,7_partitions,natural,X,X,X,74.36652236652237,class_level,-1,X,6.666666666666667,40.60329975979229,16.195856873822976
demo,mono2micro,8_partitions,business,X,X,X,78.95270689343863,method_level,-1,X,10.714285714285714,31.272226562719744,12.005649717514125
demo,mono2micro,8_partitions,business,X,X,X,59.17834976847529,class_level,-1,X,14.285714285714285,31.272226562719744,12.005649717514125
demo,mono2micro,8_partitions,natural,X,X,X,91.42104049682894,method_level,-1,X,6.666666666666667,40.60329975979229,16.195856873822976
demo,mono2micro,8_partitions,natural,X,X,X,74.36652236652237,class_level,-1,X,6.666666666666667,40.60329975979229,16.195856873822976
demo,mono2micro,9_partitions,business,X,X,X,70.13836789572083,method_level,-1,X,13.88888888888889,27.518925546015303,10.608913998744507
demo,mono2micro,9_partitions,business,X,X,X,52.517611718319515,class_level,-1,X,16.666666666666664,27.518925546015303,10.608913998744507
demo,mono2micro,9_partitions,natural,X,X,X,91.42104049682894,method_level,-1,X,6.666666666666667,40.60329975979229,16.195856873822976
demo,mono2micro,9_partitions,natural,X,X,X,74.36652236652237,class_level,-1,X,6.666666666666667,40.60329975979229,16.195856873822976
demo,tomicroservices,2_partitions,overhead,X,X,X,55.219780219780226,method_level,-1,X,100.0,49.62480413734387,49.565217391304344
demo,tomicroservices,2_partitions,functionality,X,X,X,66.91647150663545,method_level,-1,X,100.0,51.13237708873268,49.565217391304344
demo,tomicroservices,2_partitions,coupling,X,X,X,61.556603773584904,method_level,-1,X,100.0,50.36951629250026,49.56521739130435
demo,tomicroservices,2_partitions,cohesion,X,X,X,66.91647150663545,method_level,-1,X,100.0,51.13237708873268,49.565217391304344
demo,tomicroservices,3_partitions,overhead,X,X,X,48.595744102804446,method_level,-1,X,66.66666666666666,33.90121361736829,32.748538011695906
demo,tomicroservices,3_partitions,functionality,X,X,X,50.69873997709049,method_level,-1,X,66.66666666666666,34.52454759592199,32.748538011695906
demo,tomicroservices,3_partitions,coupling,X,X,X,51.45683844313981,method_level,-1,X,66.66666666666666,34.22954877534674,32.748538011695906
demo,tomicroservices,3_partitions,cohesion,X,X,X,46.16161616161616,method_level,-1,X,66.66666666666666,36.4443618894543,32.74853801169591
demo,tomicroservices,4_partitions,overhead,X,X,X,38.51650268648385,method_level,-1,X,50.0,27.429419818035853,24.347826086956523
demo,tomicroservices,4_partitions,functionality,X,X,X,34.99870525021039,method_level,-1,X,50.0,27.57602999685897,24.34782608695652
demo,tomicroservices,4_partitions,coupling,X,X,X,46.321040505176924,method_level,-1,X,50.0,29.102380403649093,24.347826086956523
demo,tomicroservices,4_partitions,cohesion,X,X,X,40.296387945409734,method_level,-1,X,50.0,26.218625951581743,24.347826086956527
demo,tomicroservices,5_partitions,overhead,X,X,X,44.68650296599154,method_level,-1,X,30.0,30.3188728389206,19.310344827586206
demo,tomicroservices,5_partitions,functionality,X,X,X,41.48419007242537,method_level,-1,X,30.0,29.36358692389387,19.310344827586206
demo,tomicroservices,5_partitions,coupling,X,X,X,46.65355953702235,method_level,-1,X,30.0,31.610392694854074,19.310344827586206
demo,tomicroservices,5_partitions,cohesion,X,X,X,36.71909789556848,method_level,-1,X,40.0,24.968651762875112,19.310344827586206
demo,tomicroservices,6_partitions,overhead,X,X,X,29.04392764857881,method_level,-1,X,53.333333333333336,20.665986696720626,15.92261904761905
demo,tomicroservices,6_partitions,functionality,X,X,X,49.52430285763619,method_level,-1,X,40.0,23.105761011588942,15.92261904761905
demo,tomicroservices,6_partitions,coupling,X,X,X,36.47332132480648,method_level,-1,X,46.666666666666664,24.24178875077829,15.92261904761905
demo,tomicroservices,6_partitions,cohesion,X,X,X,33.73268219759447,method_level,-1,X,60.0,23.664298756869606,15.92261904761905
demo,tomicroservices,7_partitions,overhead,X,X,X,32.84973909027001,method_level,-1,X,42.857142857142854,16.3864298499618,13.513513513513514
demo,tomicroservices,7_partitions,functionality,X,X,X,26.082799397076332,method_level,-1,X,61.904761904761905,14.776469780629476,13.513513513513514
demo,tomicroservices,7_partitions,coupling,X,X,X,36.356004491678114,method_level,-1,X,61.904761904761905,16.781056953360718,13.513513513513512
demo,tomicroservices,7_partitions,cohesion,X,X,X,25.448719453528707,method_level,-1,X,47.61904761904761,15.418265598295905,13.513513513513514
demo,tomicroservices,8_partitions,overhead,X,X,X,30.30669085816145,method_level,-1,X,39.285714285714285,17.220809103577956,11.718750000000002
demo,tomicroservices,8_partitions,functionality,X,X,X,29.911518661518667,method_level,-1,X,25.0,14.67004784681276,11.71875
demo,tomicroservices,8_partitions,coupling,X,X,X,37.50067334626158,method_level,-1,X,32.142857142857146,19.947573541084612,11.718750000000002
demo,tomicroservices,8_partitions,cohesion,X,X,X,36.30783800541945,method_level,-1,X,35.714285714285715,19.804204438685915,11.71875
demo,tomicroservices,9_partitions,overhead,X,X,X,43.00278652442995,method_level,-1,X,36.11111111111111,18.16485513343861,10.295616717635067
demo,tomicroservices,9_partitions,functionality,X,X,X,28.649872308064396,method_level,-1,X,41.66666666666667,14.946545494521768,10.295616717635065
demo,tomicroservices,9_partitions,coupling,X,X,X,43.79517626829455,method_level,-1,X,36.11111111111111,18.161787545278575,10.295616717635067
demo,tomicroservices,9_partitions,cohesion,X,X,X,35.4494851823546,method_level,-1,X,36.11111111111111,17.698126829641332,10.295616717635067
demo,tomicroservices,10_partitions,overhead,X,X,X,31.322584927076324,method_level,-1,X,22.22222222222222,15.37155974872227,9.19642857142857
demo,tomicroservices,10_partitions,functionality,X,X,X,30.945078202221065,method_level,-1,X,35.55555555555556,13.023416023518802,9.19642857142857
demo,tomicroservices,10_partitions,coupling,X,X,X,33.54843609411052,method_level,-1,X,31.11111111111111,16.218820763037392,9.196428571428571
demo,tomicroservices,10_partitions,cohesion,X,X,X,32.12147192152487,method_level,-1,X,31.11111111111111,16.410030746239126,9.196428571428571
demo,ground_truth,n_partitions,default,X,X,X,96.51439472457683,method_level,-1,X,0.0,47.13354820421579,24.571428571428573
demo,ground_truth,n_partitions,default,X,X,X,100.0,class_level,-1,X,0.0,44.6030743249047,24.436090225563913
demo,mosaic,n_partitions,default,X,X,X,100.0,method_level,-1,X,0.0,45.67511278378107,24.456521739130434
