Application,Tool,Partition Count,Decomposition Type,Granularity,Mojo-D,Mojo,C2C 50,C2C 33,C2C 10
demo,mem,4_partitions,class,3600_100000_TS_SS,X,27.91,0.0,20.0,40.0
demo,mem,4_partitions,method,3600_100000_TS_SS,X,48.36,0.0,40.0,80.0
demo,mem,4_partitions,class,3600_10_TS,X,20.93,0.0,5.555555555555555,16.666666666666664
demo,mem,4_partitions,method,3600_10_TS,X,58.88,0.0,5.555555555555555,16.666666666666664
demo,mem,4_partitions,class,3600_100_SS,X,27.91,0.0,25.0,75.0
demo,mem,4_partitions,method,3600_100_SS,X,45.72,25.0,50.0,50.0
demo,mem,4_partitions,class,3600_100000_LC_TS,X,34.88,0.0,50.0,75.0
demo,mem,4_partitions,method,3600_100000_LC_TS,X,55.26,0.0,50.0,75.0
demo,mem,4_partitions,class,3600_10_TS_SS,X,39.53,0.0,0.0,56.25
demo,mem,4_partitions,method,3600_10_TS_SS,X,65.46,0.0,12.5,43.75
demo,mem,4_partitions,class,3600_10_LC_TS,X,23.26,6.666666666666667,6.666666666666667,26.666666666666668
demo,mem,4_partitions,method,3600_10_LC_TS,X,57.57,0.0,6.666666666666667,26.666666666666668
demo,mem,4_partitions,class,3600_100000_LC,X,30.23,100.0,100.0,100.0
demo,mem,4_partitions,method,3600_100000_LC,X,45.72,50.0,100.0,100.0
demo,mem,4_partitions,class,3600_10_LC_SS,X,51.16,6.25,6.25,56.25
demo,mem,4_partitions,method,3600_10_LC_SS,X,62.17,0.0,12.5,43.75
demo,mem,4_partitions,class,3600_10_SS,X,44.19,0.0,7.142857142857142,71.42857142857143
demo,mem,4_partitions,method,3600_10_SS,X,63.16,0.0,14.285714285714285,42.857142857142854
demo,mem,4_partitions,class,3600_100_LC_TS_SS,X,55.81,7.6923076923076925,15.384615384615385,61.53846153846154
demo,mem,4_partitions,method,3600_100_LC_TS_SS,X,69.08,7.6923076923076925,23.076923076923077,53.84615384615385
demo,mem,4_partitions,class,3600_100_TS,X,37.21,0.0,40.0,100.0
demo,mem,4_partitions,method,3600_100_TS,X,56.58,0.0,40.0,80.0
demo,mem,4_partitions,class,3600_100000_LC_SS,X,25.58,0.0,33.33333333333333,66.66666666666666
demo,mem,4_partitions,method,3600_100000_LC_SS,X,47.04,33.33333333333333,66.66666666666666,100.0
demo,mem,4_partitions,class,3600_100_LC_SS,X,53.49,20.0,20.0,60.0
demo,mem,4_partitions,method,3600_100_LC_SS,X,65.13,10.0,30.0,60.0
demo,mem,4_partitions,class,3600_100000_SS,X,27.91,0.0,33.33333333333333,66.66666666666666
demo,mem,4_partitions,method,3600_100000_SS,X,44.08,33.33333333333333,66.66666666666666,66.66666666666666
demo,mem,4_partitions,class,3600_10_LC_TS_SS,X,44.19,0.0,5.555555555555555,61.111111111111114
demo,mem,4_partitions,method,3600_10_LC_TS_SS,X,64.14,0.0,11.11111111111111,38.88888888888889
demo,mem,4_partitions,class,3600_10_LC,X,32.56,12.5,12.5,62.5
demo,mem,4_partitions,method,3600_10_LC,X,49.01,0.0,12.5,25.0
demo,mem,4_partitions,class,3600_100_LC,X,30.23,100.0,100.0,100.0
demo,mem,4_partitions,method,3600_100_LC,X,45.72,0.0,100.0,100.0
demo,mem,4_partitions,class,3600_100000_LC_TS_SS,X,27.91,0.0,20.0,40.0
demo,mem,4_partitions,method,3600_100000_LC_TS_SS,X,48.36,0.0,40.0,80.0
demo,mem,4_partitions,class,3600_100_LC_TS,X,37.21,0.0,22.22222222222222,33.33333333333333
demo,mem,4_partitions,method,3600_100_LC_TS,X,54.28,0.0,22.22222222222222,22.22222222222222
demo,mem,4_partitions,class,3600_100000_TS,X,34.88,0.0,40.0,60.0
demo,mem,4_partitions,method,3600_100000_TS,X,56.58,0.0,40.0,60.0
demo,mem,4_partitions,class,3600_100_TS_SS,X,48.84,28.57142857142857,28.57142857142857,71.42857142857143
demo,mem,4_partitions,method,3600_100_TS_SS,X,66.45,14.285714285714285,42.857142857142854,85.71428571428571
demo,cargo,n_partitions,class,default,X,25.58,0.0,4.166666666666666,20.833333333333336
demo,cargo,n_partitions,method,default,X,45.07,0.0,5.88235294117647,17.647058823529413
demo,cargo,5_partitions,class,default,X,37.21,16.666666666666664,33.33333333333333,100.0
demo,cargo,5_partitions,method,default,X,36.18,0.0,40.0,60.0
demo,datacentric,n_partitions,class,default,X,62.79,40.0,60.0,60.0
demo,datacentric,n_partitions,method,default,X,66.45,20.0,60.0,80.0
demo,hydec,n_partitions,class,default,X,69.77,11.11111111111111,22.22222222222222,88.88888888888889
demo,hydec,n_partitions,method,default,X,78.62,11.11111111111111,44.44444444444444,66.66666666666666
demo,mono2micro,2_partitions,class,business,X,44.19,33.33333333333333,100.0,100.0
demo,mono2micro,2_partitions,method,business,X,51.32,33.33333333333333,100.0,100.0
demo,mono2micro,2_partitions,class,natural,X,44.19,33.33333333333333,100.0,100.0
demo,mono2micro,2_partitions,method,natural,X,51.32,33.33333333333333,100.0,100.0
demo,mono2micro,3_partitions,class,business,X,53.49,25.0,75.0,100.0
demo,mono2micro,3_partitions,method,business,X,59.54,25.0,75.0,100.0
demo,mono2micro,3_partitions,class,natural,X,53.49,25.0,75.0,100.0
demo,mono2micro,3_partitions,method,natural,X,59.54,25.0,75.0,100.0
demo,mono2micro,4_partitions,class,business,X,51.16,20.0,40.0,100.0
demo,mono2micro,4_partitions,method,business,X,59.21,20.0,40.0,100.0
demo,mono2micro,4_partitions,class,natural,X,51.16,20.0,40.0,100.0
demo,mono2micro,4_partitions,method,natural,X,59.21,20.0,40.0,100.0
demo,mono2micro,5_partitions,class,business,X,48.84,16.666666666666664,33.33333333333333,100.0
demo,mono2micro,5_partitions,method,business,X,58.88,16.666666666666664,33.33333333333333,100.0
demo,mono2micro,5_partitions,class,natural,X,48.84,16.666666666666664,33.33333333333333,100.0
demo,mono2micro,5_partitions,method,natural,X,58.88,16.666666666666664,33.33333333333333,100.0
demo,mono2micro,6_partitions,class,business,X,58.14,14.285714285714285,28.57142857142857,100.0
demo,mono2micro,6_partitions,method,business,X,70.72,14.285714285714285,42.857142857142854,100.0
demo,mono2micro,6_partitions,class,natural,X,58.14,14.285714285714285,28.57142857142857,100.0
demo,mono2micro,6_partitions,method,natural,X,70.72,14.285714285714285,42.857142857142854,100.0
demo,mono2micro,7_partitions,class,business,X,58.14,0.0,25.0,100.0
demo,mono2micro,7_partitions,method,business,X,71.71,12.5,37.5,100.0
demo,mono2micro,7_partitions,class,natural,X,58.14,14.285714285714285,28.57142857142857,100.0
demo,mono2micro,7_partitions,method,natural,X,70.72,14.285714285714285,42.857142857142854,100.0
demo,mono2micro,8_partitions,class,business,X,55.81,0.0,11.11111111111111,100.0
demo,mono2micro,8_partitions,method,business,X,71.38,11.11111111111111,22.22222222222222,100.0
demo,mono2micro,8_partitions,class,natural,X,58.14,14.285714285714285,28.57142857142857,100.0
demo,mono2micro,8_partitions,method,natural,X,70.72,14.285714285714285,42.857142857142854,100.0
demo,mono2micro,9_partitions,class,business,X,53.49,0.0,10.0,90.0
demo,mono2micro,9_partitions,method,business,X,71.05,10.0,20.0,80.0
demo,mono2micro,9_partitions,class,natural,X,58.14,14.285714285714285,28.57142857142857,100.0
demo,mono2micro,9_partitions,method,natural,X,70.72,14.285714285714285,42.857142857142854,100.0
demo,tomicroservices,2_partitions,method,overhead,X,35.86,0.0,66.66666666666666,66.66666666666666
demo,tomicroservices,2_partitions,method,functionality,X,37.5,0.0,66.66666666666666,66.66666666666666
demo,tomicroservices,2_partitions,method,coupling,X,35.86,0.0,66.66666666666666,66.66666666666666
demo,tomicroservices,2_partitions,method,cohesion,X,37.5,0.0,66.66666666666666,66.66666666666666
demo,tomicroservices,3_partitions,method,overhead,X,35.2,0.0,50.0,50.0
demo,tomicroservices,3_partitions,method,functionality,X,35.2,0.0,50.0,50.0
demo,tomicroservices,3_partitions,method,coupling,X,35.2,0.0,50.0,50.0
demo,tomicroservices,3_partitions,method,cohesion,X,35.2,0.0,50.0,50.0
demo,tomicroservices,4_partitions,method,overhead,X,35.2,0.0,40.0,40.0
demo,tomicroservices,4_partitions,method,functionality,X,36.18,0.0,40.0,40.0
demo,tomicroservices,4_partitions,method,coupling,X,35.86,0.0,40.0,40.0
demo,tomicroservices,4_partitions,method,cohesion,X,38.16,0.0,40.0,40.0
demo,tomicroservices,5_partitions,method,overhead,X,38.49,0.0,33.33333333333333,50.0
demo,tomicroservices,5_partitions,method,functionality,X,39.8,0.0,33.33333333333333,50.0
demo,tomicroservices,5_partitions,method,coupling,X,38.49,0.0,33.33333333333333,50.0
demo,tomicroservices,5_partitions,method,cohesion,X,37.83,0.0,16.666666666666664,50.0
demo,tomicroservices,6_partitions,method,overhead,X,38.16,0.0,14.285714285714285,42.857142857142854
demo,tomicroservices,6_partitions,method,functionality,X,38.16,0.0,14.285714285714285,42.857142857142854
demo,tomicroservices,6_partitions,method,coupling,X,38.49,0.0,14.285714285714285,57.14285714285714
demo,tomicroservices,6_partitions,method,cohesion,X,39.14,0.0,14.285714285714285,57.14285714285714
demo,tomicroservices,7_partitions,method,overhead,X,36.51,0.0,12.5,50.0
demo,tomicroservices,7_partitions,method,functionality,X,38.49,0.0,12.5,50.0
demo,tomicroservices,7_partitions,method,coupling,X,37.83,0.0,12.5,50.0
demo,tomicroservices,7_partitions,method,cohesion,X,35.2,0.0,12.5,25.0
demo,tomicroservices,8_partitions,method,overhead,X,38.82,0.0,11.11111111111111,33.33333333333333
demo,tomicroservices,8_partitions,method,functionality,X,39.8,0.0,11.11111111111111,22.22222222222222
demo,tomicroservices,8_partitions,method,coupling,X,41.12,0.0,11.11111111111111,33.33333333333333
demo,tomicroservices,8_partitions,method,cohesion,X,37.83,0.0,11.11111111111111,33.33333333333333
demo,tomicroservices,9_partitions,method,overhead,X,41.78,0.0,10.0,50.0
demo,tomicroservices,9_partitions,method,functionality,X,42.11,0.0,10.0,40.0
demo,tomicroservices,9_partitions,method,coupling,X,41.78,0.0,10.0,50.0
demo,tomicroservices,9_partitions,method,cohesion,X,42.43,0.0,10.0,50.0
demo,tomicroservices,10_partitions,method,overhead,X,40.46,0.0,9.090909090909092,27.27272727272727
demo,tomicroservices,10_partitions,method,functionality,X,39.14,0.0,9.090909090909092,27.27272727272727
demo,tomicroservices,10_partitions,method,coupling,X,39.47,0.0,9.090909090909092,36.36363636363637
demo,tomicroservices,10_partitions,method,cohesion,X,39.47,0.0,9.090909090909092,36.36363636363637
demo,ground_truth,n_partitions,class,default,X,100.0,100.0,100.0,100.0
demo,ground_truth,n_partitions,method,default,X,84.21,100.0,100.0,100.0
demo,mosaic,n_partitions,method,default,X,64.47,0.0,80.0,80.0
jpetstore,mem,3_partitions,class,3600_100-6_TS,X,33.33,0.0,33.33333333333333,33.33333333333333
jpetstore,mem,3_partitions,method,3600_100-6_TS,X,42.76,0.0,50.0,50.0
jpetstore,mem,3_partitions,class,3600_10-6_LC,X,47.62,25.0,50.0,100.0
jpetstore,mem,3_partitions,method,3600_10-6_LC,X,71.71,66.66666666666666,66.66666666666666,100.0
jpetstore,mem,3_partitions,class,3600_100-6_LC_TS_SS,X,38.1,0.0,50.0,100.0
jpetstore,mem,3_partitions,method,3600_100-6_LC_TS_SS,X,46.05,0.0,100.0,100.0
jpetstore,mem,3_partitions,class,3600_10-6_LC_TS_SS,X,28.57,25.0,25.0,75.0
jpetstore,mem,3_partitions,method,3600_10-6_LC_TS_SS,X,54.93,0.0,33.33333333333333,66.66666666666666
jpetstore,mem,3_partitions,class,3600_100-6_SS,X,42.86,25.0,50.0,75.0
jpetstore,mem,3_partitions,method,3600_100-6_SS,X,53.62,33.33333333333333,66.66666666666666,66.66666666666666
jpetstore,mem,3_partitions,class,3600_10-6_TS,X,33.33,16.666666666666664,33.33333333333333,83.33333333333334
jpetstore,mem,3_partitions,method,3600_10-6_TS,X,70.39,20.0,60.0,100.0
jpetstore,mem,3_partitions,class,3600_10-6_LC_SS,X,33.33,33.33333333333333,33.33333333333333,100.0
jpetstore,mem,3_partitions,method,3600_10-6_LC_SS,X,51.64,0.0,50.0,50.0
jpetstore,mem,3_partitions,class,3600_100-6_LC,X,38.1,0.0,25.0,75.0
jpetstore,mem,3_partitions,method,3600_100-6_LC,X,54.61,0.0,33.33333333333333,100.0
jpetstore,mem,3_partitions,class,3600_100-6_LC_SS,X,42.86,0.0,100.0,100.0
jpetstore,mem,3_partitions,method,3600_100-6_LC_SS,X,54.61,0.0,100.0,100.0
jpetstore,mem,3_partitions,class,3600_100-6_TS_SS,X,38.1,0.0,66.66666666666666,100.0
jpetstore,mem,3_partitions,method,3600_100-6_TS_SS,X,65.13,50.0,100.0,100.0
jpetstore,mem,3_partitions,class,3600_100-6_LC_TS,X,38.1,0.0,50.0,100.0
jpetstore,mem,3_partitions,method,3600_100-6_LC_TS,X,46.05,0.0,100.0,100.0
jpetstore,mem,3_partitions,class,3600_10-6_TS_SS,X,42.86,40.0,40.0,60.0
jpetstore,mem,3_partitions,method,3600_10-6_TS_SS,X,64.8,0.0,50.0,75.0
jpetstore,mem,3_partitions,class,3600_10-6_SS,X,57.14,33.33333333333333,50.0,83.33333333333334
jpetstore,mem,3_partitions,method,3600_10-6_SS,X,65.13,0.0,40.0,80.0
jpetstore,mem,3_partitions,class,3600_10-6_LC_TS,X,33.33,0.0,28.57142857142857,85.71428571428571
jpetstore,mem,3_partitions,method,3600_10-6_LC_TS,X,62.17,33.33333333333333,33.33333333333333,83.33333333333334
jpetstore,cargo,3_partitions,class,default,X,33.33,0.0,50.0,75.0
jpetstore,cargo,3_partitions,method,default,X,46.71,0.0,25.0,75.0
jpetstore,cargo,5_partitions,class,default,X,38.1,0.0,40.0,80.0
jpetstore,cargo,5_partitions,method,default,X,47.37,0.0,20.0,60.0
jpetstore,cargo,n_partitions,class,default,X,47.62,0.0,50.0,83.33333333333334
jpetstore,cargo,n_partitions,method,default,X,52.3,0.0,14.285714285714285,57.14285714285714
jpetstore,datacentric,n_partitions,class,default,X,76.19,100.0,100.0,100.0
jpetstore,datacentric,n_partitions,method,default,X,85.53,100.0,100.0,100.0
jpetstore,hydec,n_partitions,class,default,X,57.14,11.11111111111111,33.33333333333333,100.0
jpetstore,hydec,n_partitions,method,default,X,89.14,12.5,50.0,75.0
jpetstore,log2ms,n_partitions,class,default,X,100.0,100.0,100.0,100.0
jpetstore,log2ms,n_partitions,method,default,X,99.34,100.0,100.0,100.0
jpetstore,mono2micro,3_partitions,class,business,X,57.14,50.0,75.0,100.0
jpetstore,mono2micro,3_partitions,method,business,X,74.67,100.0,100.0,100.0
jpetstore,mono2micro,3_partitions,class,natural,X,33.33,0.0,50.0,100.0
jpetstore,mono2micro,3_partitions,method,natural,X,42.43,0.0,100.0,100.0
jpetstore,mono2micro,5_partitions,class,business,X,47.62,16.666666666666664,33.33333333333333,66.66666666666666
jpetstore,mono2micro,5_partitions,method,business,X,74.01,40.0,60.0,60.0
jpetstore,mono2micro,5_partitions,class,natural,X,33.33,0.0,33.33333333333333,66.66666666666666
jpetstore,mono2micro,5_partitions,method,natural,X,42.11,0.0,50.0,50.0
jpetstore,tomicroservices,3_partitions,method,overhead,X,51.64,0.0,50.0,50.0
jpetstore,tomicroservices,3_partitions,method,functionality,X,51.32,0.0,50.0,50.0
jpetstore,tomicroservices,3_partitions,method,coupling,X,51.64,0.0,50.0,50.0
jpetstore,tomicroservices,3_partitions,method,cohesion,X,50.99,0.0,50.0,50.0
jpetstore,tomicroservices,5_partitions,method,overhead,X,50.33,0.0,33.33333333333333,33.33333333333333
jpetstore,tomicroservices,5_partitions,method,functionality,X,50.33,0.0,33.33333333333333,33.33333333333333
jpetstore,tomicroservices,5_partitions,method,coupling,X,50.33,0.0,33.33333333333333,33.33333333333333
jpetstore,tomicroservices,5_partitions,method,cohesion,X,50.33,0.0,33.33333333333333,33.33333333333333
jpetstore,ground_truth,n_partitions,class,default,X,100.0,100.0,100.0,100.0
jpetstore,ground_truth,n_partitions,method,default,X,100.0,100.0,100.0,100.0
jpetstore,mosaic,n_partitions,method,default,X,89.47,75.0,75.0,100.0
partsunlimited,mem,5_partitions,class,3600_10_LC,X,25.0,0.0,0.0,33.33333333333333
partsunlimited,mem,5_partitions,method,3600_10_LC,X,30.05,0.0,0.0,66.66666666666666
partsunlimited,mem,5_partitions,class,3600_1000_LC,X,27.08,0.0,50.0,100.0
partsunlimited,mem,5_partitions,method,3600_1000_LC,X,33.25,50.0,50.0,50.0
partsunlimited,mem,5_partitions,class,3600_1000_LC_SS,X,20.83,0.0,0.0,75.0
partsunlimited,mem,5_partitions,method,3600_1000_LC_SS,X,26.11,0.0,0.0,25.0
partsunlimited,mem,5_partitions,class,3600_1000_TS_SS,X,25.0,0.0,0.0,50.0
partsunlimited,mem,5_partitions,method,3600_1000_TS_SS,X,25.62,0.0,0.0,50.0
partsunlimited,mem,5_partitions,class,3600_1000_LC_TS,X,22.92,0.0,0.0,66.66666666666666
partsunlimited,mem,5_partitions,method,3600_1000_LC_TS,X,25.62,0.0,0.0,50.0
partsunlimited,mem,5_partitions,class,3600_10_TS,X,20.83,0.0,7.6923076923076925,61.53846153846154
partsunlimited,mem,5_partitions,method,3600_10_TS,X,48.52,0.0,15.384615384615385,53.84615384615385
partsunlimited,mem,5_partitions,class,3600_10_LC_SS,X,45.83,0.0,20.0,73.33333333333333
partsunlimited,mem,5_partitions,method,3600_10_LC_SS,X,68.72,6.666666666666667,20.0,66.66666666666666
partsunlimited,mem,5_partitions,class,3600_1000_LC_TS_SS,X,25.0,0.0,0.0,50.0
partsunlimited,mem,5_partitions,method,3600_1000_LC_TS_SS,X,25.62,0.0,0.0,50.0
partsunlimited,mem,5_partitions,class,3600_1000_TS,X,25.0,0.0,0.0,66.66666666666666
partsunlimited,mem,5_partitions,method,3600_1000_TS,X,25.37,0.0,0.0,33.33333333333333
partsunlimited,mem,5_partitions,class,3600_10_TS_SS,X,43.75,0.0,18.75,62.5
partsunlimited,mem,5_partitions,method,3600_10_TS_SS,X,66.01,18.75,18.75,62.5
partsunlimited,mem,5_partitions,class,3600_10_SS,X,47.92,7.142857142857142,28.57142857142857,71.42857142857143
partsunlimited,mem,5_partitions,method,3600_10_SS,X,71.18,21.428571428571427,28.57142857142857,71.42857142857143
partsunlimited,mem,5_partitions,class,3600_10_LC_TS_SS,X,47.92,0.0,30.76923076923077,69.23076923076923
partsunlimited,mem,5_partitions,method,3600_10_LC_TS_SS,X,68.47,23.076923076923077,23.076923076923077,61.53846153846154
partsunlimited,mem,5_partitions,class,3600_1000_SS,X,25.0,0.0,0.0,100.0
partsunlimited,mem,5_partitions,method,3600_1000_SS,X,35.96,33.33333333333333,33.33333333333333,66.66666666666666
partsunlimited,mem,5_partitions,class,3600_10_LC_TS,X,18.75,0.0,0.0,66.66666666666666
partsunlimited,mem,5_partitions,method,3600_10_LC_TS,X,51.48,0.0,6.666666666666667,73.33333333333333
partsunlimited,cargo,5_partitions,class,default,X,27.08,0.0,16.666666666666664,83.33333333333334
partsunlimited,cargo,5_partitions,method,default,X,36.7,0.0,16.666666666666664,83.33333333333334
partsunlimited,cargo,n_partitions,class,default,X,27.08,0.0,16.666666666666664,83.33333333333334
partsunlimited,cargo,n_partitions,method,default,X,36.7,0.0,16.666666666666664,83.33333333333334
partsunlimited,datacentric,n_partitions,class,default,X,50.0,40.0,80.0,80.0
partsunlimited,datacentric,n_partitions,method,default,X,58.13,80.0,80.0,80.0
partsunlimited,hydec,n_partitions,class,default,X,37.5,0.0,75.0,100.0
partsunlimited,hydec,n_partitions,method,default,X,38.67,25.0,25.0,75.0
partsunlimited,mono2micro,5_partitions,class,business,X,33.33,0.0,0.0,83.33333333333334
partsunlimited,mono2micro,5_partitions,method,business,X,46.06,0.0,66.66666666666666,66.66666666666666
partsunlimited,mono2micro,5_partitions,class,natural,X,25.0,0.0,25.0,100.0
partsunlimited,mono2micro,5_partitions,method,natural,X,35.47,0.0,75.0,75.0
partsunlimited,tomicroservices,5_partitions,method,overhead,X,28.57,0.0,0.0,33.33333333333333
partsunlimited,tomicroservices,5_partitions,method,functionality,X,29.31,0.0,0.0,33.33333333333333
partsunlimited,tomicroservices,5_partitions,method,coupling,X,28.57,0.0,0.0,33.33333333333333
partsunlimited,tomicroservices,5_partitions,method,cohesion,X,31.03,0.0,16.666666666666664,33.33333333333333
partsunlimited,ground_truth,n_partitions,class,default,X,89.58,100.0,100.0,100.0
partsunlimited,ground_truth,n_partitions,method,default,X,99.75,100.0,100.0,100.0
partsunlimited,mosaic,n_partitions,method,default,X,86.21,100.0,100.0,100.0
spring-petclinic,mem,3_partitions,class,3600_10_LC_TS,X,31.58,0.0,40.0,100.0
spring-petclinic,mem,3_partitions,method,3600_10_LC_TS,X,64.81,0.0,75.0,100.0
spring-petclinic,mem,3_partitions,class,3600_10_TS_SS,X,42.11,16.666666666666664,50.0,83.33333333333334
spring-petclinic,mem,3_partitions,method,3600_10_TS_SS,X,65.74,0.0,40.0,100.0
spring-petclinic,mem,3_partitions,class,3600_10_SS,X,42.11,16.666666666666664,33.33333333333333,100.0
spring-petclinic,mem,3_partitions,method,3600_10_SS,X,65.74,0.0,60.0,100.0
spring-petclinic,mem,3_partitions,class,3600_100_LC,X,26.32,0.0,66.66666666666666,100.0
spring-petclinic,mem,3_partitions,method,3600_100_LC,X,51.85,50.0,100.0,100.0
spring-petclinic,mem,3_partitions,class,3600_100_LC_TS_SS,X,26.32,33.33333333333333,66.66666666666666,100.0
spring-petclinic,mem,3_partitions,method,3600_100_LC_TS_SS,X,52.78,50.0,100.0,100.0
spring-petclinic,mem,3_partitions,class,3600_10_LC_SS,X,31.58,0.0,16.666666666666664,83.33333333333334
spring-petclinic,mem,3_partitions,method,3600_10_LC_SS,X,66.67,20.0,60.0,80.0
spring-petclinic,mem,3_partitions,class,3600_10_LC_TS_SS,X,47.37,20.0,80.0,100.0
spring-petclinic,mem,3_partitions,method,3600_10_LC_TS_SS,X,70.37,25.0,100.0,100.0
spring-petclinic,mem,3_partitions,class,3600_10_TS,X,36.84,0.0,40.0,80.0
spring-petclinic,mem,3_partitions,method,3600_10_TS,X,66.67,25.0,25.0,100.0
spring-petclinic,mem,3_partitions,class,3600_100_TS,X,26.32,33.33333333333333,66.66666666666666,100.0
spring-petclinic,mem,3_partitions,method,3600_100_TS,X,57.41,50.0,100.0,100.0
spring-petclinic,mem,3_partitions,class,3600_100_LC_SS,X,31.58,0.0,50.0,100.0
spring-petclinic,mem,3_partitions,method,3600_100_LC_SS,X,64.81,33.33333333333333,100.0,100.0
spring-petclinic,mem,3_partitions,class,3600_10_LC,X,31.58,0.0,33.33333333333333,100.0
spring-petclinic,mem,3_partitions,method,3600_10_LC,X,63.89,0.0,40.0,100.0
spring-petclinic,mem,3_partitions,class,3600_100_SS,X,31.58,0.0,75.0,100.0
spring-petclinic,mem,3_partitions,method,3600_100_SS,X,62.96,33.33333333333333,66.66666666666666,100.0
spring-petclinic,mem,3_partitions,class,3600_100_TS_SS,X,47.37,33.33333333333333,100.0,100.0
spring-petclinic,mem,3_partitions,method,3600_100_TS_SS,X,59.26,50.0,100.0,100.0
spring-petclinic,mem,3_partitions,class,3600_100_LC_TS,X,26.32,33.33333333333333,66.66666666666666,100.0
spring-petclinic,mem,3_partitions,method,3600_100_LC_TS,X,57.41,50.0,100.0,100.0
spring-petclinic,cargo,3_partitions,class,default,X,26.32,0.0,100.0,100.0
spring-petclinic,cargo,3_partitions,method,default,X,51.85,100.0,100.0,100.0
spring-petclinic,cargo,n_partitions,class,default,X,26.32,0.0,100.0,100.0
spring-petclinic,cargo,n_partitions,method,default,X,51.85,100.0,100.0,100.0
spring-petclinic,datacentric,n_partitions,class,default,X,57.89,66.66666666666666,100.0,100.0
spring-petclinic,datacentric,n_partitions,method,default,X,73.15,66.66666666666666,100.0,100.0
spring-petclinic,hydec,n_partitions,class,default,X,36.84,25.0,75.0,100.0
spring-petclinic,hydec,n_partitions,method,default,X,50.93,33.33333333333333,66.66666666666666,100.0
spring-petclinic,log2ms,n_partitions,class,default,X,52.63,0.0,37.5,100.0
spring-petclinic,log2ms,n_partitions,method,default,X,76.85,14.285714285714285,57.14285714285714,100.0
spring-petclinic,mono2micro,3_partitions,class,business,X,36.84,25.0,75.0,100.0
spring-petclinic,mono2micro,3_partitions,method,business,X,56.48,33.33333333333333,66.66666666666666,100.0
spring-petclinic,mono2micro,3_partitions,class,natural,X,36.84,25.0,75.0,100.0
spring-petclinic,mono2micro,3_partitions,method,natural,X,56.48,33.33333333333333,66.66666666666666,100.0
spring-petclinic,mono2micro,5_partitions,class,business,X,47.37,0.0,66.66666666666666,100.0
spring-petclinic,mono2micro,5_partitions,method,business,X,66.67,20.0,60.0,80.0
spring-petclinic,mono2micro,5_partitions,class,natural,X,47.37,0.0,66.66666666666666,100.0
spring-petclinic,mono2micro,5_partitions,method,natural,X,66.67,20.0,60.0,80.0
spring-petclinic,tomicroservices,3_partitions,method,overhead,X,55.56,25.0,50.0,75.0
spring-petclinic,tomicroservices,3_partitions,method,functionality,X,56.48,25.0,50.0,100.0
spring-petclinic,tomicroservices,3_partitions,method,coupling,X,56.48,25.0,50.0,100.0
spring-petclinic,tomicroservices,3_partitions,method,cohesion,X,55.56,25.0,50.0,100.0
spring-petclinic,tomicroservices,5_partitions,method,overhead,X,54.63,0.0,33.33333333333333,100.0
spring-petclinic,tomicroservices,5_partitions,method,functionality,X,58.33,0.0,33.33333333333333,100.0
spring-petclinic,tomicroservices,5_partitions,method,coupling,X,50.93,0.0,33.33333333333333,83.33333333333334
spring-petclinic,tomicroservices,5_partitions,method,cohesion,X,50.93,0.0,33.33333333333333,83.33333333333334
spring-petclinic,ground_truth,n_partitions,class,default,X,84.21,100.0,100.0,100.0
spring-petclinic,ground_truth,n_partitions,method,default,X,99.07,100.0,100.0,100.0
spring-petclinic,mosaic,n_partitions,method,default,X,69.44,100.0,100.0,100.0
